<?xml version='1.0' encoding='utf-8'?>
<gpx xmlns="http://www.topografix.com/GPX/1/1" version="1.1" creator="DesertDash stage split"><trk><name>Stage 2: CP1 - Kuiseb / Superspar to CP2 - Hollard</name><trkseg><trkpt lat="-23.025011401623487" lon="16.343617429956794">
        <ele>1155.8</ele>
        <time>2024-11-25T16:15:40Z</time>
      </trkpt>
      <trkpt lat="-23.025017101317644" lon="16.343604773283005">
        <ele>1156</ele>
        <time>2024-11-25T16:15:47Z</time>
      </trkpt>
      <trkpt lat="-23.025021376088262" lon="16.343594463542104">
        <ele>1156</ele>
        <time>2024-11-25T16:15:53Z</time>
      </trkpt>
      <trkpt lat="-23.025027243420482" lon="16.343582309782505">
        <ele>1156.2</ele>
        <time>2024-11-25T16:16:00Z</time>
      </trkpt>
      <trkpt lat="-23.025036295875907" lon="16.343571078032255">
        <ele>1156.4000000000001</ele>
        <time>2024-11-25T16:16:06Z</time>
      </trkpt>
      <trkpt lat="-23.025037217885256" lon="16.34355716407299">
        <ele>1156.4000000000001</ele>
        <time>2024-11-25T16:16:12Z</time>
      </trkpt>
      <trkpt lat="-23.025040235370398" lon="16.343545345589519">
        <ele>1156.5999999999999</ele>
        <time>2024-11-25T16:16:19Z</time>
      </trkpt>
      <trkpt lat="-23.025047611445189" lon="16.343528917059302">
        <ele>1156.5999999999999</ele>
        <time>2024-11-25T16:16:25Z</time>
      </trkpt>
      <trkpt lat="-23.025055909529328" lon="16.343511817976832">
        <ele>1156.5999999999999</ele>
        <time>2024-11-25T16:16:32Z</time>
      </trkpt>
      <trkpt lat="-23.025063034147024" lon="16.343497820198536">
        <ele>1156.8</ele>
        <time>2024-11-25T16:16:38Z</time>
      </trkpt>
      <trkpt lat="-23.02507066167891" lon="16.343483822420239">
        <ele>1156.8</ele>
        <time>2024-11-25T16:16:44Z</time>
      </trkpt>
      <trkpt lat="-23.025076361373067" lon="16.343474267050624">
        <ele>1156.8</ele>
        <time>2024-11-25T16:16:51Z</time>
      </trkpt>
      <trkpt lat="-23.025083402171731" lon="16.343465801328421">
        <ele>1156.8</ele>
        <time>2024-11-25T16:16:57Z</time>
      </trkpt>
      <trkpt lat="-23.025090275332332" lon="16.343454569578171">
        <ele>1156.8</ele>
        <time>2024-11-25T16:17:04Z</time>
      </trkpt>
      <trkpt lat="-23.02510972134769" lon="16.343385335057974">
        <ele>1156.8</ele>
        <time>2024-11-25T16:17:10Z</time>
      </trkpt>
      <trkpt lat="-23.025136459618807" lon="16.343327416107059">
        <ele>1156.4000000000001</ele>
        <time>2024-11-25T16:17:17Z</time>
      </trkpt>
      <trkpt lat="-23.025144003331661" lon="16.343311322852969">
        <ele>1156.4000000000001</ele>
        <time>2024-11-25T16:17:23Z</time>
      </trkpt>
      <trkpt lat="-23.025157498195767" lon="16.343286009505391">
        <ele>1156.4000000000001</ele>
        <time>2024-11-25T16:17:29Z</time>
      </trkpt>
      <trkpt lat="-23.02516252733767" lon="16.343274107202888">
        <ele>1156.2</ele>
        <time>2024-11-25T16:17:36Z</time>
      </trkpt>
      <trkpt lat="-23.025167053565383" lon="16.343262959271669">
        <ele>1156</ele>
        <time>2024-11-25T16:17:42Z</time>
      </trkpt>
      <trkpt lat="-23.025179207324982" lon="16.343249967321754">
        <ele>1156</ele>
        <time>2024-11-25T16:17:49Z</time>
      </trkpt>
      <trkpt lat="-23.02518256008625" lon="16.343227755278349">
        <ele>1155.8</ele>
        <time>2024-11-25T16:17:55Z</time>
      </trkpt>
      <trkpt lat="-23.025188008323312" lon="16.34321509860456">
        <ele>1155.8</ele>
        <time>2024-11-25T16:18:01Z</time>
      </trkpt>
      <trkpt lat="-23.025193121284246" lon="16.343204285949469">
        <ele>1155.5999999999999</ele>
        <time>2024-11-25T16:18:08Z</time>
      </trkpt>
      <trkpt lat="-23.025198150426149" lon="16.343195233494043">
        <ele>1155.5999999999999</ele>
        <time>2024-11-25T16:18:14Z</time>
      </trkpt>
      <trkpt lat="-23.025199910625815" lon="16.343184756115079">
        <ele>1155.4000000000001</ele>
        <time>2024-11-25T16:18:21Z</time>
      </trkpt>
      <trkpt lat="-23.025205275043845" lon="16.343170590698719">
        <ele>1155.4000000000001</ele>
        <time>2024-11-25T16:18:27Z</time>
      </trkpt>
      <trkpt lat="-23.025213656947017" lon="16.343160951510072">
        <ele>1155.2</ele>
        <time>2024-11-25T16:18:34Z</time>
      </trkpt>
      <trkpt lat="-23.025217680260539" lon="16.343151396140456">
        <ele>1155.2</ele>
        <time>2024-11-25T16:18:40Z</time>
      </trkpt>
      <trkpt lat="-23.025217931717634" lon="16.343138320371509">
        <ele>1155</ele>
        <time>2024-11-25T16:18:46Z</time>
      </trkpt>
      <trkpt lat="-23.02522262558341" lon="16.343126501888037">
        <ele>1155</ele>
        <time>2024-11-25T16:18:53Z</time>
      </trkpt>
      <trkpt lat="-23.025237796828151" lon="16.343104457482696">
        <ele>1154.8</ele>
        <time>2024-11-25T16:18:59Z</time>
      </trkpt>
      <trkpt lat="-23.025246681645513" lon="16.343093058094382">
        <ele>1154.8</ele>
        <time>2024-11-25T16:19:06Z</time>
      </trkpt>
      <trkpt lat="-23.025251291692257" lon="16.343084424734116">
        <ele>1154.8</ele>
        <time>2024-11-25T16:19:12Z</time>
      </trkpt>
      <trkpt lat="-23.025255063548684" lon="16.343076461926103">
        <ele>1154.5999999999999</ele>
        <time>2024-11-25T16:19:18Z</time>
      </trkpt>
      <trkpt lat="-23.025260679423809" lon="16.343066236004233">
        <ele>1154.5999999999999</ele>
        <time>2024-11-25T16:19:25Z</time>
      </trkpt>
      <trkpt lat="-23.025268390774727" lon="16.343042515218258">
        <ele>1154.2</ele>
        <time>2024-11-25T16:19:31Z</time>
      </trkpt>
      <trkpt lat="-23.025294039398432" lon="16.343008149415255">
        <ele>1154</ele>
        <time>2024-11-25T16:19:38Z</time>
      </trkpt>
      <trkpt lat="-23.025301164016128" lon="16.342995576560497">
        <ele>1154</ele>
        <time>2024-11-25T16:19:44Z</time>
      </trkpt>
      <trkpt lat="-23.025314155966043" lon="16.342973532155156">
        <ele>1153.8</ele>
        <time>2024-11-25T16:19:51Z</time>
      </trkpt>
      <trkpt lat="-23.025326728820801" lon="16.34294587187469">
        <ele>1153.8</ele>
        <time>2024-11-25T16:19:57Z</time>
      </trkpt>
      <trkpt lat="-23.025332763791084" lon="16.342933299019933">
        <ele>1153.8</ele>
        <time>2024-11-25T16:20:03Z</time>
      </trkpt>
      <trkpt lat="-23.025348773226142" lon="16.342914858832955">
        <ele>1153.8</ele>
        <time>2024-11-25T16:20:10Z</time>
      </trkpt>
      <trkpt lat="-23.025355059653521" lon="16.342909578233957">
        <ele>1153.5999999999999</ele>
        <time>2024-11-25T16:20:16Z</time>
      </trkpt>
      <trkpt lat="-23.025357825681567" lon="16.342909829691052">
        <ele>1153.4000000000001</ele>
        <time>2024-11-25T16:20:23Z</time>
      </trkpt>
      <trkpt lat="-23.025355646386743" lon="16.342906476929784">
        <ele>1154</ele>
        <time>2024-11-25T16:20:29Z</time>
      </trkpt>
      <trkpt lat="-23.025347432121634" lon="16.34291703812778">
        <ele>1154</ele>
        <time>2024-11-25T16:20:36Z</time>
      </trkpt>
      <trkpt lat="-23.025344330817461" lon="16.342903040349483">
        <ele>1154.4000000000001</ele>
        <time>2024-11-25T16:20:42Z</time>
      </trkpt>
      <trkpt lat="-23.025337876752019" lon="16.342902956530452">
        <ele>1154.4000000000001</ele>
        <time>2024-11-25T16:20:48Z</time>
      </trkpt>
      <trkpt lat="-23.025372074916959" lon="16.342842942103744">
        <ele>1154.2</ele>
        <time>2024-11-25T16:20:55Z</time>
      </trkpt>
      <trkpt lat="-23.025460839271545" lon="16.342660970985889">
        <ele>1154.5999999999999</ele>
        <time>2024-11-25T16:21:01Z</time>
      </trkpt>
      <trkpt lat="-23.02554658614099" lon="16.342474306002259">
        <ele>1155.4000000000001</ele>
        <time>2024-11-25T16:21:08Z</time>
      </trkpt>
      <trkpt lat="-23.025600481778383" lon="16.342322258278728">
        <ele>1156.2</ele>
        <time>2024-11-25T16:21:14Z</time>
      </trkpt>
      <trkpt lat="-23.025620263069868" lon="16.342238858342171">
        <ele>1156.4000000000001</ele>
        <time>2024-11-25T16:21:21Z</time>
      </trkpt>
      <trkpt lat="-23.025644570589066" lon="16.341952448710799">
        <ele>1157.5999999999999</ele>
        <time>2024-11-25T16:21:27Z</time>
      </trkpt>
      <trkpt lat="-23.02564674988389" lon="16.341617926955223">
        <ele>1158.4000000000001</ele>
        <time>2024-11-25T16:21:33Z</time>
      </trkpt>
      <trkpt lat="-23.025660999119282" lon="16.341498987749219">
        <ele>1158.4000000000001</ele>
        <time>2024-11-25T16:21:40Z</time>
      </trkpt>
      <trkpt lat="-23.025683714076877" lon="16.341384071856737">
        <ele>1158.8</ele>
        <time>2024-11-25T16:21:46Z</time>
      </trkpt>
      <trkpt lat="-23.025703327730298" lon="16.34127477183938">
        <ele>1159.2</ele>
        <time>2024-11-25T16:21:53Z</time>
      </trkpt>
      <trkpt lat="-23.025708524510264" lon="16.341162705793977">
        <ele>1159.5999999999999</ele>
        <time>2024-11-25T16:21:59Z</time>
      </trkpt>
      <trkpt lat="-23.025694442912936" lon="16.341054914519191">
        <ele>1159.8</ele>
        <time>2024-11-25T16:22:06Z</time>
      </trkpt>
      <trkpt lat="-23.025655383244157" lon="16.340970676392317">
        <ele>1160.8</ele>
        <time>2024-11-25T16:22:12Z</time>
      </trkpt>
      <trkpt lat="-23.025606349110603" lon="16.340890042483807">
        <ele>1161.2</ele>
        <time>2024-11-25T16:22:18Z</time>
      </trkpt>
      <trkpt lat="-23.025541808456182" lon="16.340819131582975">
        <ele>1162.4000000000001</ele>
        <time>2024-11-25T16:22:25Z</time>
      </trkpt>
      <trkpt lat="-23.025458743795753" lon="16.340750986710191">
        <ele>1163.2</ele>
        <time>2024-11-25T16:22:31Z</time>
      </trkpt>
      <trkpt lat="-23.025360675528646" lon="16.340700862929225">
        <ele>1163.5999999999999</ele>
        <time>2024-11-25T16:22:38Z</time>
      </trkpt>
      <trkpt lat="-23.025253638625145" lon="16.340661887079477">
        <ele>1163.5999999999999</ele>
        <time>2024-11-25T16:22:44Z</time>
      </trkpt>
      <trkpt lat="-23.02514492534101" lon="16.340626599267125">
        <ele>1163.8</ele>
        <time>2024-11-25T16:22:51Z</time>
      </trkpt>
      <trkpt lat="-23.025038726627827" lon="16.340589299798012">
        <ele>1163.8</ele>
        <time>2024-11-25T16:22:57Z</time>
      </trkpt>
      <trkpt lat="-23.0249382276088" lon="16.340543115511537">
        <ele>1164</ele>
        <time>2024-11-25T16:23:03Z</time>
      </trkpt>
      <trkpt lat="-23.024849547073245" lon="16.340473461896181">
        <ele>1164.2</ele>
        <time>2024-11-25T16:23:10Z</time>
      </trkpt>
      <trkpt lat="-23.024782575666904" lon="16.340382602065802">
        <ele>1164.2</ele>
        <time>2024-11-25T16:23:16Z</time>
      </trkpt>
      <trkpt lat="-23.024741169065237" lon="16.340284617617726">
        <ele>1164.4000000000001</ele>
        <time>2024-11-25T16:23:23Z</time>
      </trkpt>
      <trkpt lat="-23.024719879031181" lon="16.340185878798366">
        <ele>1164.5999999999999</ele>
        <time>2024-11-25T16:23:29Z</time>
      </trkpt>
      <trkpt lat="-23.024714514613152" lon="16.340084876865149">
        <ele>1165.2</ele>
        <time>2024-11-25T16:23:36Z</time>
      </trkpt>
      <trkpt lat="-23.024725997820497" lon="16.339959902688861">
        <ele>1165.4000000000001</ele>
        <time>2024-11-25T16:23:42Z</time>
      </trkpt>
      <trkpt lat="-23.024727087467909" lon="16.339839035645127">
        <ele>1165.8</ele>
        <time>2024-11-25T16:23:49Z</time>
      </trkpt>
      <trkpt lat="-23.024732116609812" lon="16.339712804183364">
        <ele>1166</ele>
        <time>2024-11-25T16:23:55Z</time>
      </trkpt>
      <trkpt lat="-23.024738905951381" lon="16.339591685682535">
        <ele>1166.2</ele>
        <time>2024-11-25T16:24:01Z</time>
      </trkpt>
      <trkpt lat="-23.024749299511313" lon="16.339465286582708">
        <ele>1166.5999999999999</ele>
        <time>2024-11-25T16:24:08Z</time>
      </trkpt>
      <trkpt lat="-23.024765979498625" lon="16.339339222759008">
        <ele>1167</ele>
        <time>2024-11-25T16:24:14Z</time>
      </trkpt>
      <trkpt lat="-23.024792214855552" lon="16.339210392907262">
        <ele>1167.2</ele>
        <time>2024-11-25T16:24:21Z</time>
      </trkpt>
      <trkpt lat="-23.024824820458889" lon="16.339085418730974">
        <ele>1167.8</ele>
        <time>2024-11-25T16:24:27Z</time>
      </trkpt>
      <trkpt lat="-23.02487033419311" lon="16.338961198925972">
        <ele>1168.4000000000001</ele>
        <time>2024-11-25T16:24:34Z</time>
      </trkpt>
      <trkpt lat="-23.024920038878918" lon="16.338837901130319">
        <ele>1168.5999999999999</ele>
        <time>2024-11-25T16:24:40Z</time>
      </trkpt>
      <trkpt lat="-23.024972090497613" lon="16.338711082935333">
        <ele>1169</ele>
        <time>2024-11-25T16:24:47Z</time>
      </trkpt>
      <trkpt lat="-23.025014000013471" lon="16.338579738512635">
        <ele>1169.4000000000001</ele>
        <time>2024-11-25T16:24:53Z</time>
      </trkpt>
      <trkpt lat="-23.025053897872567" lon="16.338456692174077">
        <ele>1169.5999999999999</ele>
        <time>2024-11-25T16:25:00Z</time>
      </trkpt>
      <trkpt lat="-23.025090442970395" lon="16.33834445849061">
        <ele>1169.8</ele>
        <time>2024-11-25T16:25:06Z</time>
      </trkpt>
      <trkpt lat="-23.025120617821813" lon="16.33825452066958">
        <ele>1170.4000000000001</ele>
        <time>2024-11-25T16:25:12Z</time>
      </trkpt>
      <trkpt lat="-23.025150205940008" lon="16.338175311684608">
        <ele>1170.8</ele>
        <time>2024-11-25T16:25:19Z</time>
      </trkpt>
      <trkpt lat="-23.025173172354698" lon="16.338108591735363">
        <ele>1170.8</ele>
        <time>2024-11-25T16:25:25Z</time>
      </trkpt>
      <trkpt lat="-23.025193540379405" lon="16.338035250082612">
        <ele>1171</ele>
        <time>2024-11-25T16:25:32Z</time>
      </trkpt>
      <trkpt lat="-23.025210471823812" lon="16.337951347231865">
        <ele>1171.8</ele>
        <time>2024-11-25T16:25:38Z</time>
      </trkpt>
      <trkpt lat="-23.025225726887584" lon="16.337865851819515">
        <ele>1172.5999999999999</ele>
        <time>2024-11-25T16:25:45Z</time>
      </trkpt>
      <trkpt lat="-23.025239976122975" lon="16.337771220132709">
        <ele>1173.2</ele>
        <time>2024-11-25T16:25:51Z</time>
      </trkpt>
      <trkpt lat="-23.025254728272557" lon="16.33767357096076">
        <ele>1173.8</ele>
        <time>2024-11-25T16:25:58Z</time>
      </trkpt>
      <trkpt lat="-23.025272665545344" lon="16.337570054456592">
        <ele>1174</ele>
        <time>2024-11-25T16:26:04Z</time>
      </trkpt>
      <trkpt lat="-23.025297056883574" lon="16.337468381971121">
        <ele>1174.4000000000001</ele>
        <time>2024-11-25T16:26:11Z</time>
      </trkpt>
      <trkpt lat="-23.02532865665853" lon="16.337373750284314">
        <ele>1175.2</ele>
        <time>2024-11-25T16:26:17Z</time>
      </trkpt>
      <trkpt lat="-23.025373667478561" lon="16.337281130254269">
        <ele>1176.4000000000001</ele>
        <time>2024-11-25T16:26:23Z</time>
      </trkpt>
      <trkpt lat="-23.025432759895921" lon="16.337192365899682">
        <ele>1177</ele>
        <time>2024-11-25T16:26:30Z</time>
      </trkpt>
      <trkpt lat="-23.025492187589407" lon="16.337098823860288">
        <ele>1178.5999999999999</ele>
        <time>2024-11-25T16:26:36Z</time>
      </trkpt>
      <trkpt lat="-23.025550022721291" lon="16.337003102526069">
        <ele>1179</ele>
        <time>2024-11-25T16:26:43Z</time>
      </trkpt>
      <trkpt lat="-23.025605343282223" lon="16.336906375363469">
        <ele>1179.2</ele>
        <time>2024-11-25T16:26:49Z</time>
      </trkpt>
      <trkpt lat="-23.025656053796411" lon="16.336804702877998">
        <ele>1179.5999999999999</ele>
        <time>2024-11-25T16:26:56Z</time>
      </trkpt>
      <trkpt lat="-23.02570978179574" lon="16.336706047877669">
        <ele>1180.4000000000001</ele>
        <time>2024-11-25T16:27:02Z</time>
      </trkpt>
      <trkpt lat="-23.025772394612432" lon="16.336611164733768">
        <ele>1180.8</ele>
        <time>2024-11-25T16:27:09Z</time>
      </trkpt>
      <trkpt lat="-23.025839030742645" lon="16.336518544703722">
        <ele>1182</ele>
        <time>2024-11-25T16:27:15Z</time>
      </trkpt>
      <trkpt lat="-23.025906002148986" lon="16.336417878046632">
        <ele>1183.5999999999999</ele>
        <time>2024-11-25T16:27:22Z</time>
      </trkpt>
      <trkpt lat="-23.025972219184041" lon="16.336304303258657">
        <ele>1184.4000000000001</ele>
        <time>2024-11-25T16:27:28Z</time>
      </trkpt>
      <trkpt lat="-23.02603080868721" lon="16.336181592196226">
        <ele>1184.8</ele>
        <time>2024-11-25T16:27:35Z</time>
      </trkpt>
      <trkpt lat="-23.026082189753652" lon="16.336044715717435">
        <ele>1185</ele>
        <time>2024-11-25T16:27:41Z</time>
      </trkpt>
      <trkpt lat="-23.026127452030778" lon="16.335891745984554">
        <ele>1185.4000000000001</ele>
        <time>2024-11-25T16:27:48Z</time>
      </trkpt>
      <trkpt lat="-23.026165841147304" lon="16.335726538673043">
        <ele>1186</ele>
        <time>2024-11-25T16:27:54Z</time>
      </trkpt>
      <trkpt lat="-23.026197608560324" lon="16.335557140409946">
        <ele>1187</ele>
        <time>2024-11-25T16:28:01Z</time>
      </trkpt>
      <trkpt lat="-23.026220826432109" lon="16.335379360243678">
        <ele>1188.2</ele>
        <time>2024-11-25T16:28:07Z</time>
      </trkpt>
      <trkpt lat="-23.026240272447467" lon="16.335196886211634">
        <ele>1189.4000000000001</ele>
        <time>2024-11-25T16:28:13Z</time>
      </trkpt>
      <trkpt lat="-23.026253180578351" lon="16.335019776597619">
        <ele>1190.2</ele>
        <time>2024-11-25T16:28:20Z</time>
      </trkpt>
      <trkpt lat="-23.026261394843459" lon="16.334843505173922">
        <ele>1191.5999999999999</ele>
        <time>2024-11-25T16:28:26Z</time>
      </trkpt>
      <trkpt lat="-23.026266675442457" lon="16.334677878767252">
        <ele>1192.8</ele>
        <time>2024-11-25T16:28:33Z</time>
      </trkpt>
      <trkpt lat="-23.026276146993041" lon="16.334520550444722">
        <ele>1194.4000000000001</ele>
        <time>2024-11-25T16:28:39Z</time>
      </trkpt>
      <trkpt lat="-23.02627170458436" lon="16.334378561004996">
        <ele>1195.4000000000001</ele>
        <time>2024-11-25T16:28:46Z</time>
      </trkpt>
      <trkpt lat="-23.02627706900239" lon="16.334228357300162">
        <ele>1196.8</ele>
        <time>2024-11-25T16:28:52Z</time>
      </trkpt>
      <trkpt lat="-23.026287127286196" lon="16.334091983735561">
        <ele>1196.8</ele>
        <time>2024-11-25T16:28:59Z</time>
      </trkpt>
      <trkpt lat="-23.026296766474843" lon="16.333939768373966">
        <ele>1196.8</ele>
        <time>2024-11-25T16:29:05Z</time>
      </trkpt>
      <trkpt lat="-23.026315709576011" lon="16.333771292120218">
        <ele>1196.8</ele>
        <time>2024-11-25T16:29:12Z</time>
      </trkpt>
      <trkpt lat="-23.026333143934608" lon="16.333600385114551">
        <ele>1196</ele>
        <time>2024-11-25T16:29:18Z</time>
      </trkpt>
      <trkpt lat="-23.026345381513238" lon="16.333428304642439">
        <ele>1195</ele>
        <time>2024-11-25T16:29:25Z</time>
      </trkpt>
      <trkpt lat="-23.026353176683187" lon="16.333253039047122">
        <ele>1194.2</ele>
        <time>2024-11-25T16:29:31Z</time>
      </trkpt>
      <trkpt lat="-23.026364324614406" lon="16.333073582500219">
        <ele>1193</ele>
        <time>2024-11-25T16:29:38Z</time>
      </trkpt>
      <trkpt lat="-23.026372622698545" lon="16.332885911688209">
        <ele>1192.2</ele>
        <time>2024-11-25T16:29:44Z</time>
      </trkpt>
      <trkpt lat="-23.026380250230432" lon="16.332696815952659">
        <ele>1191.4000000000001</ele>
        <time>2024-11-25T16:29:51Z</time>
      </trkpt>
      <trkpt lat="-23.026385949924588" lon="16.332508055493236">
        <ele>1189.8</ele>
        <time>2024-11-25T16:29:57Z</time>
      </trkpt>
      <trkpt lat="-23.026393577456474" lon="16.332320971414447">
        <ele>1189</ele>
        <time>2024-11-25T16:30:04Z</time>
      </trkpt>
      <trkpt lat="-23.02639969624579" lon="16.332133887335658">
        <ele>1188.5999999999999</ele>
        <time>2024-11-25T16:30:10Z</time>
      </trkpt>
      <trkpt lat="-23.026402462273836" lon="16.331940684467554">
        <ele>1187.5999999999999</ele>
        <time>2024-11-25T16:30:17Z</time>
      </trkpt>
      <trkpt lat="-23.026407575234771" lon="16.33174748159945">
        <ele>1187.4000000000001</ele>
        <time>2024-11-25T16:30:23Z</time>
      </trkpt>
      <trkpt lat="-23.026416627690196" lon="16.331555200740695">
        <ele>1187.4000000000001</ele>
        <time>2024-11-25T16:30:30Z</time>
      </trkpt>
      <trkpt lat="-23.026431128382683" lon="16.331366943195462">
        <ele>1186.8</ele>
        <time>2024-11-25T16:30:36Z</time>
      </trkpt>
      <trkpt lat="-23.026455938816071" lon="16.331189246848226">
        <ele>1186</ele>
        <time>2024-11-25T16:30:43Z</time>
      </trkpt>
      <trkpt lat="-23.026496674865484" lon="16.331009957939386">
        <ele>1185</ele>
        <time>2024-11-25T16:30:49Z</time>
      </trkpt>
      <trkpt lat="-23.026550570502877" lon="16.330842236056924">
        <ele>1184</ele>
        <time>2024-11-25T16:30:56Z</time>
      </trkpt>
      <trkpt lat="-23.026614775881171" lon="16.330678202211857">
        <ele>1183.5999999999999</ele>
        <time>2024-11-25T16:31:02Z</time>
      </trkpt>
      <trkpt lat="-23.0266806576401" lon="16.330512994900346">
        <ele>1183.5999999999999</ele>
        <time>2024-11-25T16:31:09Z</time>
      </trkpt>
      <trkpt lat="-23.026814851909876" lon="16.330184508115053">
        <ele>1183.5999999999999</ele>
        <time>2024-11-25T16:31:15Z</time>
      </trkpt>
      <trkpt lat="-23.026982322335243" lon="16.329689892008901">
        <ele>1184.4000000000001</ele>
        <time>2024-11-25T16:31:22Z</time>
      </trkpt>
      <trkpt lat="-23.027015514671803" lon="16.329528875648975">
        <ele>1184.5999999999999</ele>
        <time>2024-11-25T16:31:28Z</time>
      </trkpt>
      <trkpt lat="-23.027041079476476" lon="16.329378671944141">
        <ele>1184.5999999999999</ele>
        <time>2024-11-25T16:31:35Z</time>
      </trkpt>
      <trkpt lat="-23.027057927101851" lon="16.329244393855333">
        <ele>1184.5999999999999</ele>
        <time>2024-11-25T16:31:41Z</time>
      </trkpt>
      <trkpt lat="-23.027067147195339" lon="16.32912109605968">
        <ele>1184.2</ele>
        <time>2024-11-25T16:31:48Z</time>
      </trkpt>
      <trkpt lat="-23.027067901566625" lon="16.329004252329469">
        <ele>1182.2</ele>
        <time>2024-11-25T16:31:54Z</time>
      </trkpt>
      <trkpt lat="-23.0270657222718" lon="16.32889436557889">
        <ele>1181.5999999999999</ele>
        <time>2024-11-25T16:32:01Z</time>
      </trkpt>
      <trkpt lat="-23.027062704786658" lon="16.32880006916821">
        <ele>1179.8</ele>
        <time>2024-11-25T16:32:07Z</time>
      </trkpt>
      <trkpt lat="-23.027053819969296" lon="16.328714406117797">
        <ele>1178</ele>
        <time>2024-11-25T16:32:14Z</time>
      </trkpt>
      <trkpt lat="-23.02704225294292" lon="16.328622791916132">
        <ele>1176</ele>
        <time>2024-11-25T16:32:20Z</time>
      </trkpt>
      <trkpt lat="-23.027028925716877" lon="16.328516425564885">
        <ele>1174.4000000000001</ele>
        <time>2024-11-25T16:32:27Z</time>
      </trkpt>
      <trkpt lat="-23.027017191052437" lon="16.328267650678754">
        <ele>1172.2</ele>
        <time>2024-11-25T16:32:33Z</time>
      </trkpt>
      <trkpt lat="-23.027018615975976" lon="16.328142508864403">
        <ele>1170.8</ele>
        <time>2024-11-25T16:32:40Z</time>
      </trkpt>
      <trkpt lat="-23.027024567127228" lon="16.328015942126513">
        <ele>1170.8</ele>
        <time>2024-11-25T16:32:46Z</time>
      </trkpt>
      <trkpt lat="-23.027057591825724" lon="16.327775465324521">
        <ele>1170.8</ele>
        <time>2024-11-25T16:32:53Z</time>
      </trkpt>
      <trkpt lat="-23.027084916830063" lon="16.327653843909502">
        <ele>1172.2</ele>
        <time>2024-11-25T16:33:00Z</time>
      </trkpt>
      <trkpt lat="-23.027117103338242" lon="16.32753792218864">
        <ele>1173.4000000000001</ele>
        <time>2024-11-25T16:33:06Z</time>
      </trkpt>
      <trkpt lat="-23.027131855487823" lon="16.327423173934221">
        <ele>1174.4000000000001</ele>
        <time>2024-11-25T16:33:13Z</time>
      </trkpt>
      <trkpt lat="-23.02712338976562" lon="16.327316639944911">
        <ele>1176</ele>
        <time>2024-11-25T16:33:19Z</time>
      </trkpt>
      <trkpt lat="-23.027101093903184" lon="16.327212285250425">
        <ele>1176.4000000000001</ele>
        <time>2024-11-25T16:33:26Z</time>
      </trkpt>
      <trkpt lat="-23.027063878253102" lon="16.327110109850764">
        <ele>1177.8</ele>
        <time>2024-11-25T16:33:32Z</time>
      </trkpt>
      <trkpt lat="-23.027015011757612" lon="16.32701413705945">
        <ele>1178.4000000000001</ele>
        <time>2024-11-25T16:33:39Z</time>
      </trkpt>
      <trkpt lat="-23.026948543265462" lon="16.32692277431488">
        <ele>1179.2</ele>
        <time>2024-11-25T16:33:45Z</time>
      </trkpt>
      <trkpt lat="-23.02686782553792" lon="16.326840044930577">
        <ele>1180</ele>
        <time>2024-11-25T16:33:52Z</time>
      </trkpt>
      <trkpt lat="-23.026775289326906" lon="16.326764523983002">
        <ele>1181.2</ele>
        <time>2024-11-25T16:33:58Z</time>
      </trkpt>
      <trkpt lat="-23.026676801964641" lon="16.326695205643773">
        <ele>1182.2</ele>
        <time>2024-11-25T16:34:05Z</time>
      </trkpt>
      <trkpt lat="-23.026473540812731" lon="16.326558412984014">
        <ele>1184</ele>
        <time>2024-11-25T16:34:11Z</time>
      </trkpt>
      <trkpt lat="-23.02636943757534" lon="16.326495883986354">
        <ele>1185.4000000000001</ele>
        <time>2024-11-25T16:34:18Z</time>
      </trkpt>
      <trkpt lat="-23.026259634643793" lon="16.326437713578343">
        <ele>1187</ele>
        <time>2024-11-25T16:34:24Z</time>
      </trkpt>
      <trkpt lat="-23.026145473122597" lon="16.326378704980016">
        <ele>1188</ele>
        <time>2024-11-25T16:34:31Z</time>
      </trkpt>
      <trkpt lat="-23.026027707383037" lon="16.326317097991705">
        <ele>1189.5999999999999</ele>
        <time>2024-11-25T16:34:38Z</time>
      </trkpt>
      <trkpt lat="-23.025908265262842" lon="16.326251635327935">
        <ele>1190.4000000000001</ele>
        <time>2024-11-25T16:34:44Z</time>
      </trkpt>
      <trkpt lat="-23.025780776515603" lon="16.326180389150977">
        <ele>1191.8</ele>
        <time>2024-11-25T16:34:51Z</time>
      </trkpt>
      <trkpt lat="-23.025644738227129" lon="16.326102269813418">
        <ele>1192.4000000000001</ele>
        <time>2024-11-25T16:34:57Z</time>
      </trkpt>
      <trkpt lat="-23.025506269186735" lon="16.326026665046811">
        <ele>1193</ele>
        <time>2024-11-25T16:35:04Z</time>
      </trkpt>
      <trkpt lat="-23.025360926985741" lon="16.325948880985379">
        <ele>1193</ele>
        <time>2024-11-25T16:35:10Z</time>
      </trkpt>
      <trkpt lat="-23.025212902575731" lon="16.325866905972362">
        <ele>1193.4000000000001</ele>
        <time>2024-11-25T16:35:17Z</time>
      </trkpt>
      <trkpt lat="-23.02505892701447" lon="16.325778812170029">
        <ele>1193.5999999999999</ele>
        <time>2024-11-25T16:35:23Z</time>
      </trkpt>
      <trkpt lat="-23.024903442710638" lon="16.325692646205425">
        <ele>1194.2</ele>
        <time>2024-11-25T16:35:30Z</time>
      </trkpt>
      <trkpt lat="-23.024751394987106" lon="16.325609581544995">
        <ele>1194.5999999999999</ele>
        <time>2024-11-25T16:35:36Z</time>
      </trkpt>
      <trkpt lat="-23.024600185453892" lon="16.325525511056185">
        <ele>1195.4000000000001</ele>
        <time>2024-11-25T16:35:43Z</time>
      </trkpt>
      <trkpt lat="-23.024445623159409" lon="16.325440434738994">
        <ele>1196.2</ele>
        <time>2024-11-25T16:35:49Z</time>
      </trkpt>
      <trkpt lat="-23.024292821064591" lon="16.325359465554357">
        <ele>1197.2</ele>
        <time>2024-11-25T16:35:56Z</time>
      </trkpt>
      <trkpt lat="-23.024144880473614" lon="16.325277406722307">
        <ele>1197.4000000000001</ele>
        <time>2024-11-25T16:36:03Z</time>
      </trkpt>
      <trkpt lat="-23.024001298472285" lon="16.325195096433163">
        <ele>1198.2</ele>
        <time>2024-11-25T16:36:09Z</time>
      </trkpt>
      <trkpt lat="-23.023860901594162" lon="16.325114965438843">
        <ele>1199.4000000000001</ele>
        <time>2024-11-25T16:36:16Z</time>
      </trkpt>
      <trkpt lat="-23.023723438382149" lon="16.325037265196443">
        <ele>1200.5999999999999</ele>
        <time>2024-11-25T16:36:22Z</time>
      </trkpt>
      <trkpt lat="-23.023580024018884" lon="16.324962079524994">
        <ele>1201.4000000000001</ele>
        <time>2024-11-25T16:36:29Z</time>
      </trkpt>
      <trkpt lat="-23.023434514179826" lon="16.32488077506423">
        <ele>1202.5999999999999</ele>
        <time>2024-11-25T16:36:35Z</time>
      </trkpt>
      <trkpt lat="-23.023287914693356" lon="16.324794022366405">
        <ele>1203.4000000000001</ele>
        <time>2024-11-25T16:36:42Z</time>
      </trkpt>
      <trkpt lat="-23.023139219731092" lon="16.324708610773087">
        <ele>1203.8</ele>
        <time>2024-11-25T16:36:48Z</time>
      </trkpt>
      <trkpt lat="-23.022984573617578" lon="16.324627641588449">
        <ele>1203.8</ele>
        <time>2024-11-25T16:36:55Z</time>
      </trkpt>
      <trkpt lat="-23.022820204496384" lon="16.324549689888954">
        <ele>1204</ele>
        <time>2024-11-25T16:37:02Z</time>
      </trkpt>
      <trkpt lat="-23.022651812061667" lon="16.324477102607489">
        <ele>1204.8</ele>
        <time>2024-11-25T16:37:08Z</time>
      </trkpt>
      <trkpt lat="-23.022480318322778" lon="16.324412310495973">
        <ele>1205.5999999999999</ele>
        <time>2024-11-25T16:37:15Z</time>
      </trkpt>
      <trkpt lat="-23.022301783785224" lon="16.324358666315675">
        <ele>1206.5999999999999</ele>
        <time>2024-11-25T16:37:21Z</time>
      </trkpt>
      <trkpt lat="-23.022121489048004" lon="16.324315583333373">
        <ele>1207.4000000000001</ele>
        <time>2024-11-25T16:37:28Z</time>
      </trkpt>
      <trkpt lat="-23.021936668083072" lon="16.324275685474277">
        <ele>1207.8</ele>
        <time>2024-11-25T16:37:34Z</time>
      </trkpt>
      <trkpt lat="-23.02174991928041" lon="16.324237966910005">
        <ele>1208.5999999999999</ele>
        <time>2024-11-25T16:37:41Z</time>
      </trkpt>
      <trkpt lat="-23.021565098315477" lon="16.324199745431542">
        <ele>1209.8</ele>
        <time>2024-11-25T16:37:48Z</time>
      </trkpt>
      <trkpt lat="-23.021381702274084" lon="16.324160099029541">
        <ele>1210.2</ele>
        <time>2024-11-25T16:37:54Z</time>
      </trkpt>
      <trkpt lat="-23.021196965128183" lon="16.324116261675954">
        <ele>1210.8</ele>
        <time>2024-11-25T16:38:01Z</time>
      </trkpt>
      <trkpt lat="-23.021008288487792" lon="16.324076782912016">
        <ele>1212.4000000000001</ele>
        <time>2024-11-25T16:38:07Z</time>
      </trkpt>
      <trkpt lat="-23.020819779485464" lon="16.324029844254255">
        <ele>1213.4000000000001</ele>
        <time>2024-11-25T16:38:14Z</time>
      </trkpt>
      <trkpt lat="-23.020634036511183" lon="16.323982821777463">
        <ele>1213.4000000000001</ele>
        <time>2024-11-25T16:38:20Z</time>
      </trkpt>
      <trkpt lat="-23.020446617156267" lon="16.323937056586146">
        <ele>1213.5999999999999</ele>
        <time>2024-11-25T16:38:27Z</time>
      </trkpt>
      <trkpt lat="-23.020255593582988" lon="16.323887938633561">
        <ele>1213.8</ele>
        <time>2024-11-25T16:38:34Z</time>
      </trkpt>
      <trkpt lat="-23.02006951533258" lon="16.323846112936735">
        <ele>1214</ele>
        <time>2024-11-25T16:38:40Z</time>
      </trkpt>
      <trkpt lat="-23.019883772358298" lon="16.32381359115243">
        <ele>1214.2</ele>
        <time>2024-11-25T16:38:47Z</time>
      </trkpt>
      <trkpt lat="-23.019707920029759" lon="16.323782997205853">
        <ele>1214.2</ele>
        <time>2024-11-25T16:38:53Z</time>
      </trkpt>
      <trkpt lat="-23.019545311108232" lon="16.323743015527725">
        <ele>1215</ele>
        <time>2024-11-25T16:39:00Z</time>
      </trkpt>
      <trkpt lat="-23.019396951422095" lon="16.323690880089998">
        <ele>1217</ele>
        <time>2024-11-25T16:39:07Z</time>
      </trkpt>
      <trkpt lat="-23.019259572029114" lon="16.323629692196846">
        <ele>1218.2</ele>
        <time>2024-11-25T16:39:13Z</time>
      </trkpt>
      <trkpt lat="-23.019129568710923" lon="16.323552159592509">
        <ele>1218.2</ele>
        <time>2024-11-25T16:39:20Z</time>
      </trkpt>
      <trkpt lat="-23.018999146297574" lon="16.323464401066303">
        <ele>1218.2</ele>
        <time>2024-11-25T16:39:26Z</time>
      </trkpt>
      <trkpt lat="-23.018868807703257" lon="16.323365662246943">
        <ele>1218.2</ele>
        <time>2024-11-25T16:39:33Z</time>
      </trkpt>
      <trkpt lat="-23.018754981458187" lon="16.323255775496364">
        <ele>1216.5999999999999</ele>
        <time>2024-11-25T16:39:39Z</time>
      </trkpt>
      <trkpt lat="-23.018657751381397" lon="16.323140691965818">
        <ele>1215</ele>
        <time>2024-11-25T16:39:46Z</time>
      </trkpt>
      <trkpt lat="-23.018583068624139" lon="16.323018986731768">
        <ele>1211.8</ele>
        <time>2024-11-25T16:39:53Z</time>
      </trkpt>
      <trkpt lat="-23.018532861024141" lon="16.322898035869002">
        <ele>1210.2</ele>
        <time>2024-11-25T16:39:59Z</time>
      </trkpt>
      <trkpt lat="-23.018500003963709" lon="16.322776665911078">
        <ele>1208</ele>
        <time>2024-11-25T16:40:06Z</time>
      </trkpt>
      <trkpt lat="-23.018484581261873" lon="16.322640459984541">
        <ele>1206.2</ele>
        <time>2024-11-25T16:40:12Z</time>
      </trkpt>
      <trkpt lat="-23.018481060862541" lon="16.322496458888054">
        <ele>1204.5999999999999</ele>
        <time>2024-11-25T16:40:19Z</time>
      </trkpt>
      <trkpt lat="-23.018478127196431" lon="16.322346003726125">
        <ele>1203.8</ele>
        <time>2024-11-25T16:40:26Z</time>
      </trkpt>
      <trkpt lat="-23.018465805798769" lon="16.322188172489405">
        <ele>1201.4000000000001</ele>
        <time>2024-11-25T16:40:32Z</time>
      </trkpt>
      <trkpt lat="-23.018433870747685" lon="16.322029503062367">
        <ele>1198.8</ele>
        <time>2024-11-25T16:40:39Z</time>
      </trkpt>
      <trkpt lat="-23.018387518823147" lon="16.321869743987918">
        <ele>1196.5999999999999</ele>
        <time>2024-11-25T16:40:45Z</time>
      </trkpt>
      <trkpt lat="-23.018340077251196" lon="16.321724988520145">
        <ele>1194.2</ele>
        <time>2024-11-25T16:40:52Z</time>
      </trkpt>
      <trkpt lat="-23.018294479697943" lon="16.321611162275076">
        <ele>1192.5999999999999</ele>
        <time>2024-11-25T16:40:59Z</time>
      </trkpt>
      <trkpt lat="-23.018262293189764" lon="16.321517284959555">
        <ele>1192.5999999999999</ele>
        <time>2024-11-25T16:41:05Z</time>
      </trkpt>
      <trkpt lat="-23.018241338431835" lon="16.321441931650043">
        <ele>1192.5999999999999</ele>
        <time>2024-11-25T16:41:12Z</time>
      </trkpt>
      <trkpt lat="-23.018234046176076" lon="16.321384767070413">
        <ele>1192.8</ele>
        <time>2024-11-25T16:41:18Z</time>
      </trkpt>
      <trkpt lat="-23.018223401159048" lon="16.321348724886775">
        <ele>1194.5999999999999</ele>
        <time>2024-11-25T16:41:25Z</time>
      </trkpt>
      <trkpt lat="-23.018213175237179" lon="16.321324585005641">
        <ele>1195.8</ele>
        <time>2024-11-25T16:41:32Z</time>
      </trkpt>
      <trkpt lat="-23.018197249621153" lon="16.321301283314824">
        <ele>1196.5999999999999</ele>
        <time>2024-11-25T16:41:38Z</time>
      </trkpt>
      <trkpt lat="-23.018179144710302" lon="16.321267671883106">
        <ele>1197.4000000000001</ele>
        <time>2024-11-25T16:41:45Z</time>
      </trkpt>
      <trkpt lat="-23.01815995015204" lon="16.321233222261071">
        <ele>1198.2</ele>
        <time>2024-11-25T16:41:51Z</time>
      </trkpt>
      <trkpt lat="-23.018142180517316" lon="16.321197934448719">
        <ele>1199</ele>
        <time>2024-11-25T16:41:58Z</time>
      </trkpt>
      <trkpt lat="-23.018109407275915" lon="16.321121659129858">
        <ele>1200</ele>
        <time>2024-11-25T16:42:05Z</time>
      </trkpt>
      <trkpt lat="-23.01808618940413" lon="16.321085784584284">
        <ele>1200.5999999999999</ele>
        <time>2024-11-25T16:42:11Z</time>
      </trkpt>
      <trkpt lat="-23.018062803894281" lon="16.321040689945221">
        <ele>1201</ele>
        <time>2024-11-25T16:42:18Z</time>
      </trkpt>
      <trkpt lat="-23.018033718690276" lon="16.320989560335875">
        <ele>1201.5999999999999</ele>
        <time>2024-11-25T16:42:24Z</time>
      </trkpt>
      <trkpt lat="-23.017988372594118" lon="16.320928623899817">
        <ele>1202.5999999999999</ele>
        <time>2024-11-25T16:42:31Z</time>
      </trkpt>
      <trkpt lat="-23.017874881625175" lon="16.320806248113513">
        <ele>1203.5999999999999</ele>
        <time>2024-11-25T16:42:38Z</time>
      </trkpt>
      <trkpt lat="-23.017801204696298" lon="16.32074162364006">
        <ele>1204</ele>
        <time>2024-11-25T16:42:44Z</time>
      </trkpt>
      <trkpt lat="-23.017715960741043" lon="16.320687728002667">
        <ele>1204.4000000000001</ele>
        <time>2024-11-25T16:42:51Z</time>
      </trkpt>
      <trkpt lat="-23.017627447843552" lon="16.320631401613355">
        <ele>1205</ele>
        <time>2024-11-25T16:42:58Z</time>
      </trkpt>
      <trkpt lat="-23.017538180574775" lon="16.320573063567281">
        <ele>1205.5999999999999</ele>
        <time>2024-11-25T16:43:04Z</time>
      </trkpt>
      <trkpt lat="-23.017447404563427" lon="16.320509277284145">
        <ele>1206.2</ele>
        <time>2024-11-25T16:43:11Z</time>
      </trkpt>
      <trkpt lat="-23.017359059303999" lon="16.320446413010359">
        <ele>1207</ele>
        <time>2024-11-25T16:43:17Z</time>
      </trkpt>
      <trkpt lat="-23.017267948016524" lon="16.32038245908916">
        <ele>1208</ele>
        <time>2024-11-25T16:43:24Z</time>
      </trkpt>
      <trkpt lat="-23.017176166176796" lon="16.320314733311534">
        <ele>1208.8</ele>
        <time>2024-11-25T16:43:31Z</time>
      </trkpt>
      <trkpt lat="-23.017087820917368" lon="16.320247929543257">
        <ele>1210</ele>
        <time>2024-11-25T16:43:37Z</time>
      </trkpt>
      <trkpt lat="-23.017008528113365" lon="16.320189591497183">
        <ele>1210.8</ele>
        <time>2024-11-25T16:43:44Z</time>
      </trkpt>
      <trkpt lat="-23.016936862841249" lon="16.320138294249773">
        <ele>1211.4000000000001</ele>
        <time>2024-11-25T16:43:50Z</time>
      </trkpt>
      <trkpt lat="-23.016873747110367" lon="16.320094540715218">
        <ele>1211.8</ele>
        <time>2024-11-25T16:43:57Z</time>
      </trkpt>
      <trkpt lat="-23.016807865351439" lon="16.320048524066806">
        <ele>1213</ele>
        <time>2024-11-25T16:44:04Z</time>
      </trkpt>
      <trkpt lat="-23.016737541183829" lon="16.319987587630749">
        <ele>1213.5999999999999</ele>
        <time>2024-11-25T16:44:10Z</time>
      </trkpt>
      <trkpt lat="-23.01666084676981" lon="16.319917179644108">
        <ele>1214.4000000000001</ele>
        <time>2024-11-25T16:44:17Z</time>
      </trkpt>
      <trkpt lat="-23.016572836786509" lon="16.319840401411057">
        <ele>1214.5999999999999</ele>
        <time>2024-11-25T16:44:24Z</time>
      </trkpt>
      <trkpt lat="-23.01647275686264" lon="16.319759851321578">
        <ele>1214.8</ele>
        <time>2024-11-25T16:44:30Z</time>
      </trkpt>
      <trkpt lat="-23.016364546492696" lon="16.3196793012321">
        <ele>1214.8</ele>
        <time>2024-11-25T16:44:37Z</time>
      </trkpt>
      <trkpt lat="-23.01625968888402" lon="16.319597158581018">
        <ele>1215</ele>
        <time>2024-11-25T16:44:43Z</time>
      </trkpt>
      <trkpt lat="-23.016156507655978" lon="16.319506801664829">
        <ele>1215.2</ele>
        <time>2024-11-25T16:44:50Z</time>
      </trkpt>
      <trkpt lat="-23.016057768836617" lon="16.319407811388373">
        <ele>1215.8</ele>
        <time>2024-11-25T16:44:57Z</time>
      </trkpt>
      <trkpt lat="-23.01596749573946" lon="16.319305384531617">
        <ele>1216.4000000000001</ele>
        <time>2024-11-25T16:45:03Z</time>
      </trkpt>
      <trkpt lat="-23.015884850174189" lon="16.319201784208417">
        <ele>1217.2</ele>
        <time>2024-11-25T16:45:10Z</time>
      </trkpt>
      <trkpt lat="-23.015805557370186" lon="16.319101117551327">
        <ele>1217.5999999999999</ele>
        <time>2024-11-25T16:45:16Z</time>
      </trkpt>
      <trkpt lat="-23.015736658126116" lon="16.319007743149996">
        <ele>1217.5999999999999</ele>
        <time>2024-11-25T16:45:23Z</time>
      </trkpt>
      <trkpt lat="-23.015671614557505" lon="16.318922163918614">
        <ele>1217.5999999999999</ele>
        <time>2024-11-25T16:45:30Z</time>
      </trkpt>
      <trkpt lat="-23.015607157722116" lon="16.318838344886899">
        <ele>1217.5999999999999</ele>
        <time>2024-11-25T16:45:36Z</time>
      </trkpt>
      <trkpt lat="-23.01554337143898" lon="16.318758968263865">
        <ele>1216.5999999999999</ele>
        <time>2024-11-25T16:45:43Z</time>
      </trkpt>
      <trkpt lat="-23.015477657318115" lon="16.318669030442834">
        <ele>1215.4000000000001</ele>
        <time>2024-11-25T16:45:50Z</time>
      </trkpt>
      <trkpt lat="-23.015410853549838" lon="16.318568447604775">
        <ele>1213</ele>
        <time>2024-11-25T16:45:56Z</time>
      </trkpt>
      <trkpt lat="-23.015339942649007" lon="16.318461243063211">
        <ele>1211</ele>
        <time>2024-11-25T16:46:03Z</time>
      </trkpt>
      <trkpt lat="-23.015262158587575" lon="16.318348506465554">
        <ele>1209.8</ele>
        <time>2024-11-25T16:46:10Z</time>
      </trkpt>
      <trkpt lat="-23.015171550214291" lon="16.318230489268899">
        <ele>1207.5999999999999</ele>
        <time>2024-11-25T16:46:16Z</time>
      </trkpt>
      <trkpt lat="-23.015069039538503" lon="16.318107023835182">
        <ele>1205.2</ele>
        <time>2024-11-25T16:46:23Z</time>
      </trkpt>
      <trkpt lat="-23.014957727864385" lon="16.317981798201799">
        <ele>1204.2</ele>
        <time>2024-11-25T16:46:29Z</time>
      </trkpt>
      <trkpt lat="-23.01485437899828" lon="16.317860763520002">
        <ele>1204</ele>
        <time>2024-11-25T16:46:36Z</time>
      </trkpt>
      <trkpt lat="-23.01475815474987" lon="16.317751714959741">
        <ele>1204</ele>
        <time>2024-11-25T16:46:43Z</time>
      </trkpt>
      <trkpt lat="-23.014662768691778" lon="16.317650629207492">
        <ele>1204</ele>
        <time>2024-11-25T16:46:49Z</time>
      </trkpt>
      <trkpt lat="-23.014569729566574" lon="16.317559685558081">
        <ele>1205.5999999999999</ele>
        <time>2024-11-25T16:46:56Z</time>
      </trkpt>
      <trkpt lat="-23.014480629935861" lon="16.317470166832209">
        <ele>1207.2</ele>
        <time>2024-11-25T16:47:03Z</time>
      </trkpt>
      <trkpt lat="-23.014391027390957" lon="16.317377127707005">
        <ele>1209.2</ele>
        <time>2024-11-25T16:47:09Z</time>
      </trkpt>
      <trkpt lat="-23.014299161732197" lon="16.317281322553754">
        <ele>1211.4000000000001</ele>
        <time>2024-11-25T16:47:16Z</time>
      </trkpt>
      <trkpt lat="-23.014205871149898" lon="16.317181074991822">
        <ele>1213.2</ele>
        <time>2024-11-25T16:47:23Z</time>
      </trkpt>
      <trkpt lat="-23.014109898358583" lon="16.317075965926051">
        <ele>1214.8</ele>
        <time>2024-11-25T16:47:29Z</time>
      </trkpt>
      <trkpt lat="-23.013916779309511" lon="16.316853510215878">
        <ele>1217</ele>
        <time>2024-11-25T16:47:36Z</time>
      </trkpt>
      <trkpt lat="-23.013817202299833" lon="16.316741360351443">
        <ele>1218.2</ele>
        <time>2024-11-25T16:47:42Z</time>
      </trkpt>
      <trkpt lat="-23.013718128204346" lon="16.316628959029913">
        <ele>1220.2</ele>
        <time>2024-11-25T16:47:49Z</time>
      </trkpt>
      <trkpt lat="-23.013620814308524" lon="16.316518150269985">
        <ele>1221.2</ele>
        <time>2024-11-25T16:47:56Z</time>
      </trkpt>
      <trkpt lat="-23.013532469049096" lon="16.316408095881343">
        <ele>1222.8</ele>
        <time>2024-11-25T16:48:02Z</time>
      </trkpt>
      <trkpt lat="-23.013454182073474" lon="16.316290833055973">
        <ele>1223.2</ele>
        <time>2024-11-25T16:48:09Z</time>
      </trkpt>
      <trkpt lat="-23.013385869562626" lon="16.316165439784527">
        <ele>1223.4000000000001</ele>
        <time>2024-11-25T16:48:16Z</time>
      </trkpt>
      <trkpt lat="-23.013322334736586" lon="16.316026970744133">
        <ele>1223.4000000000001</ele>
        <time>2024-11-25T16:48:22Z</time>
      </trkpt>
      <trkpt lat="-23.013266930356622" lon="16.315881041809916">
        <ele>1223.4000000000001</ele>
        <time>2024-11-25T16:48:29Z</time>
      </trkpt>
      <trkpt lat="-23.013212950900197" lon="16.315728155896068">
        <ele>1222.5999999999999</ele>
        <time>2024-11-25T16:48:36Z</time>
      </trkpt>
      <trkpt lat="-23.013163162395358" lon="16.315572252497077">
        <ele>1221.5999999999999</ele>
        <time>2024-11-25T16:48:42Z</time>
      </trkpt>
      <trkpt lat="-23.013114128261805" lon="16.315407883375883">
        <ele>1220.2</ele>
        <time>2024-11-25T16:48:49Z</time>
      </trkpt>
      <trkpt lat="-23.013061657547951" lon="16.315237898379564">
        <ele>1218.4000000000001</ele>
        <time>2024-11-25T16:48:56Z</time>
      </trkpt>
      <trkpt lat="-23.013008097186685" lon="16.315069003030658">
        <ele>1216.8</ele>
        <time>2024-11-25T16:49:02Z</time>
      </trkpt>
      <trkpt lat="-23.012958979234099" lon="16.314905053004622">
        <ele>1214.4000000000001</ele>
        <time>2024-11-25T16:49:09Z</time>
      </trkpt>
      <trkpt lat="-23.012915225699544" lon="16.314739510416985">
        <ele>1212.5999999999999</ele>
        <time>2024-11-25T16:49:16Z</time>
      </trkpt>
      <trkpt lat="-23.012875327840447" lon="16.314583271741867">
        <ele>1209.2</ele>
        <time>2024-11-25T16:49:22Z</time>
      </trkpt>
      <trkpt lat="-23.01283685490489" lon="16.3144451379776">
        <ele>1207.5999999999999</ele>
        <time>2024-11-25T16:49:29Z</time>
      </trkpt>
      <trkpt lat="-23.012801567092538" lon="16.314318487420678">
        <ele>1205.4000000000001</ele>
        <time>2024-11-25T16:49:36Z</time>
      </trkpt>
      <trkpt lat="-23.012759489938617" lon="16.314194602891803">
        <ele>1202.8</ele>
        <time>2024-11-25T16:49:42Z</time>
      </trkpt>
      <trkpt lat="-23.012712216004729" lon="16.31405864842236">
        <ele>1202.2</ele>
        <time>2024-11-25T16:49:49Z</time>
      </trkpt>
      <trkpt lat="-23.012659410014749" lon="16.313912300392985">
        <ele>1200.8</ele>
        <time>2024-11-25T16:49:56Z</time>
      </trkpt>
      <trkpt lat="-23.012601574882865" lon="16.313768299296498">
        <ele>1199.8</ele>
        <time>2024-11-25T16:50:02Z</time>
      </trkpt>
      <trkpt lat="-23.012375263497233" lon="16.313385665416718">
        <ele>1199.8</ele>
        <time>2024-11-25T16:50:09Z</time>
      </trkpt>
      <trkpt lat="-23.012287002056837" lon="16.313267396762967">
        <ele>1201.4000000000001</ele>
        <time>2024-11-25T16:50:16Z</time>
      </trkpt>
      <trkpt lat="-23.012195220217109" lon="16.313149211928248">
        <ele>1203.4000000000001</ele>
        <time>2024-11-25T16:50:22Z</time>
      </trkpt>
      <trkpt lat="-23.012103606015444" lon="16.313040666282177">
        <ele>1205.2</ele>
        <time>2024-11-25T16:50:29Z</time>
      </trkpt>
      <trkpt lat="-23.012015093117952" lon="16.312938909977674">
        <ele>1206.4000000000001</ele>
        <time>2024-11-25T16:50:36Z</time>
      </trkpt>
      <trkpt lat="-23.011936722323298" lon="16.312831621617079">
        <ele>1207.2</ele>
        <time>2024-11-25T16:50:42Z</time>
      </trkpt>
      <trkpt lat="-23.011873187497258" lon="16.31271637044847">
        <ele>1207.4000000000001</ele>
        <time>2024-11-25T16:50:49Z</time>
      </trkpt>
      <trkpt lat="-23.011822896078229" lon="16.312591312453151">
        <ele>1207.4000000000001</ele>
        <time>2024-11-25T16:50:56Z</time>
      </trkpt>
      <trkpt lat="-23.011780818924308" lon="16.312459046021104">
        <ele>1207.4000000000001</ele>
        <time>2024-11-25T16:51:02Z</time>
      </trkpt>
      <trkpt lat="-23.01169197075069" lon="16.311999466270208">
        <ele>1204.5999999999999</ele>
        <time>2024-11-25T16:51:09Z</time>
      </trkpt>
      <trkpt lat="-23.011654503643513" lon="16.311839707195759">
        <ele>1203.4000000000001</ele>
        <time>2024-11-25T16:51:16Z</time>
      </trkpt>
      <trkpt lat="-23.011591136455536" lon="16.311535444110632">
        <ele>1203.4000000000001</ele>
        <time>2024-11-25T16:51:22Z</time>
      </trkpt>
      <trkpt lat="-23.011553334072232" lon="16.311392113566399">
        <ele>1203.4000000000001</ele>
        <time>2024-11-25T16:51:29Z</time>
      </trkpt>
      <trkpt lat="-23.011516034603119" lon="16.311254231259227">
        <ele>1204.8</ele>
        <time>2024-11-25T16:51:36Z</time>
      </trkpt>
      <trkpt lat="-23.011480830609798" lon="16.31111609749496">
        <ele>1206.2</ele>
        <time>2024-11-25T16:51:42Z</time>
      </trkpt>
      <trkpt lat="-23.0114427767694" lon="16.310980394482613">
        <ele>1209.5999999999999</ele>
        <time>2024-11-25T16:51:49Z</time>
      </trkpt>
      <trkpt lat="-23.01140857860446" lon="16.310839997604489">
        <ele>1210.8</ele>
        <time>2024-11-25T16:51:56Z</time>
      </trkpt>
      <trkpt lat="-23.011373793706298" lon="16.310693649575114">
        <ele>1211.5999999999999</ele>
        <time>2024-11-25T16:52:02Z</time>
      </trkpt>
      <trkpt lat="-23.011332973837852" lon="16.310551576316357">
        <ele>1212.2</ele>
        <time>2024-11-25T16:52:09Z</time>
      </trkpt>
      <trkpt lat="-23.011279916390777" lon="16.310411263257265">
        <ele>1213.5999999999999</ele>
        <time>2024-11-25T16:52:16Z</time>
      </trkpt>
      <trkpt lat="-23.011209256947041" lon="16.310285031795502">
        <ele>1214.2</ele>
        <time>2024-11-25T16:52:23Z</time>
      </trkpt>
      <trkpt lat="-23.011115211993456" lon="16.310170702636242">
        <ele>1215.4000000000001</ele>
        <time>2024-11-25T16:52:29Z</time>
      </trkpt>
      <trkpt lat="-23.011011444032192" lon="16.310083027929068">
        <ele>1216.8</ele>
        <time>2024-11-25T16:52:36Z</time>
      </trkpt>
      <trkpt lat="-23.010904993861914" lon="16.310011949390173">
        <ele>1218.4000000000001</ele>
        <time>2024-11-25T16:52:43Z</time>
      </trkpt>
      <trkpt lat="-23.010795442387462" lon="16.309944894164801">
        <ele>1220.2</ele>
        <time>2024-11-25T16:52:49Z</time>
      </trkpt>
      <trkpt lat="-23.010681280866265" lon="16.309881862252951">
        <ele>1222</ele>
        <time>2024-11-25T16:52:56Z</time>
      </trkpt>
      <trkpt lat="-23.01056569442153" lon="16.309819919988513">
        <ele>1223.2</ele>
        <time>2024-11-25T16:53:03Z</time>
      </trkpt>
      <trkpt lat="-23.010448263958097" lon="16.309744399040937">
        <ele>1224.5999999999999</ele>
        <time>2024-11-25T16:53:09Z</time>
      </trkpt>
      <trkpt lat="-23.010320775210857" lon="16.309669464826584">
        <ele>1225.4000000000001</ele>
        <time>2024-11-25T16:53:16Z</time>
      </trkpt>
      <trkpt lat="-23.010186748579144" lon="16.309592854231596">
        <ele>1226.4000000000001</ele>
        <time>2024-11-25T16:53:23Z</time>
      </trkpt>
      <trkpt lat="-23.010044926777482" lon="16.309517752379179">
        <ele>1226.5999999999999</ele>
        <time>2024-11-25T16:53:29Z</time>
      </trkpt>
      <trkpt lat="-23.009894220158458" lon="16.309443488717079">
        <ele>1226.8</ele>
        <time>2024-11-25T16:53:36Z</time>
      </trkpt>
      <trkpt lat="-23.009743429720402" lon="16.309367381036282">
        <ele>1227</ele>
        <time>2024-11-25T16:53:43Z</time>
      </trkpt>
      <trkpt lat="-23.009593142196536" lon="16.30929060280323">
        <ele>1227.2</ele>
        <time>2024-11-25T16:53:50Z</time>
      </trkpt>
      <trkpt lat="-23.009440423920751" lon="16.309208543971181">
        <ele>1227.2</ele>
        <time>2024-11-25T16:53:56Z</time>
      </trkpt>
      <trkpt lat="-23.009288376197219" lon="16.309119611978531">
        <ele>1227.2</ele>
        <time>2024-11-25T16:54:03Z</time>
      </trkpt>
      <trkpt lat="-23.009133730083704" lon="16.309022884815931">
        <ele>1227.2</ele>
        <time>2024-11-25T16:54:10Z</time>
      </trkpt>
      <trkpt lat="-23.008977323770523" lon="16.308915093541145">
        <ele>1227</ele>
        <time>2024-11-25T16:54:16Z</time>
      </trkpt>
      <trkpt lat="-23.00882033072412" lon="16.308801602572203">
        <ele>1226.8</ele>
        <time>2024-11-25T16:54:23Z</time>
      </trkpt>
      <trkpt lat="-23.008665684610605" lon="16.308683585375547">
        <ele>1226.8</ele>
        <time>2024-11-25T16:54:30Z</time>
      </trkpt>
      <trkpt lat="-23.008514642715454" lon="16.30856154486537">
        <ele>1226.8</ele>
        <time>2024-11-25T16:54:37Z</time>
      </trkpt>
      <trkpt lat="-23.008367037400603" lon="16.308436570689082">
        <ele>1226.8</ele>
        <time>2024-11-25T16:54:43Z</time>
      </trkpt>
      <trkpt lat="-23.008224125951529" lon="16.308305226266384">
        <ele>1227.2</ele>
        <time>2024-11-25T16:54:50Z</time>
      </trkpt>
      <trkpt lat="-23.008084315806627" lon="16.308172876015306">
        <ele>1228</ele>
        <time>2024-11-25T16:54:57Z</time>
      </trkpt>
      <trkpt lat="-23.007945762947202" lon="16.308036250993609">
        <ele>1229.4000000000001</ele>
        <time>2024-11-25T16:55:03Z</time>
      </trkpt>
      <trkpt lat="-23.0078059528023" lon="16.307909348979592">
        <ele>1230.4000000000001</ele>
        <time>2024-11-25T16:55:10Z</time>
      </trkpt>
      <trkpt lat="-23.007681565359235" lon="16.307780267670751">
        <ele>1231.4000000000001</ele>
        <time>2024-11-25T16:55:17Z</time>
      </trkpt>
      <trkpt lat="-23.007559943944216" lon="16.307657305151224">
        <ele>1232.2</ele>
        <time>2024-11-25T16:55:24Z</time>
      </trkpt>
      <trkpt lat="-23.007433712482452" lon="16.307536521926522">
        <ele>1233.2</ele>
        <time>2024-11-25T16:55:30Z</time>
      </trkpt>
      <trkpt lat="-23.007307564839721" lon="16.307418756186962">
        <ele>1234.5999999999999</ele>
        <time>2024-11-25T16:55:37Z</time>
      </trkpt>
      <trkpt lat="-23.007181417196989" lon="16.307299984619021">
        <ele>1236</ele>
        <time>2024-11-25T16:55:44Z</time>
      </trkpt>
      <trkpt lat="-23.007055521011353" lon="16.307182554155588">
        <ele>1236.5999999999999</ele>
        <time>2024-11-25T16:55:50Z</time>
      </trkpt>
      <trkpt lat="-23.00693079829216" lon="16.307064620777965">
        <ele>1237.8</ele>
        <time>2024-11-25T16:55:57Z</time>
      </trkpt>
      <trkpt lat="-23.006802052259445" lon="16.306949285790324">
        <ele>1238.5999999999999</ele>
        <time>2024-11-25T16:56:04Z</time>
      </trkpt>
      <trkpt lat="-23.006683113053441" lon="16.306830933317542">
        <ele>1239.4000000000001</ele>
        <time>2024-11-25T16:56:11Z</time>
      </trkpt>
      <trkpt lat="-23.00657507032156" lon="16.306711658835411">
        <ele>1240</ele>
        <time>2024-11-25T16:56:17Z</time>
      </trkpt>
      <trkpt lat="-23.00648027099669" lon="16.306584756821394">
        <ele>1240.8</ele>
        <time>2024-11-25T16:56:24Z</time>
      </trkpt>
      <trkpt lat="-23.006406342610717" lon="16.306457687169313">
        <ele>1241.5999999999999</ele>
        <time>2024-11-25T16:56:31Z</time>
      </trkpt>
      <trkpt lat="-23.006359152495861" lon="16.306333551183343">
        <ele>1242.2</ele>
        <time>2024-11-25T16:56:38Z</time>
      </trkpt>
      <trkpt lat="-23.00632931292057" lon="16.306209499016404">
        <ele>1242.4000000000001</ele>
        <time>2024-11-25T16:56:44Z</time>
      </trkpt>
      <trkpt lat="-23.006315734237432" lon="16.306076478213072">
        <ele>1242.2</ele>
        <time>2024-11-25T16:56:51Z</time>
      </trkpt>
      <trkpt lat="-23.0063087772578" lon="16.30593080073595">
        <ele>1242.2</ele>
        <time>2024-11-25T16:56:58Z</time>
      </trkpt>
      <trkpt lat="-23.006304502487183" lon="16.305770119652152">
        <ele>1241.8</ele>
        <time>2024-11-25T16:57:05Z</time>
      </trkpt>
      <trkpt lat="-23.006299724802375" lon="16.305595189332962">
        <ele>1241.2</ele>
        <time>2024-11-25T16:57:11Z</time>
      </trkpt>
      <trkpt lat="-23.006290839985013" lon="16.305408272892237">
        <ele>1239.5999999999999</ele>
        <time>2024-11-25T16:57:18Z</time>
      </trkpt>
      <trkpt lat="-23.006277345120907" lon="16.305220350623131">
        <ele>1239.4000000000001</ele>
        <time>2024-11-25T16:57:25Z</time>
      </trkpt>
      <trkpt lat="-23.006263263523579" lon="16.30504047498107">
        <ele>1239.4000000000001</ele>
        <time>2024-11-25T16:57:31Z</time>
      </trkpt>
      <trkpt lat="-23.006238285452127" lon="16.304860264062881">
        <ele>1239.4000000000001</ele>
        <time>2024-11-25T16:57:38Z</time>
      </trkpt>
      <trkpt lat="-23.006216827780008" lon="16.30468868650496">
        <ele>1240.4000000000001</ele>
        <time>2024-11-25T16:57:45Z</time>
      </trkpt>
      <trkpt lat="-23.006197130307555" lon="16.304523479193449">
        <ele>1242.4000000000001</ele>
        <time>2024-11-25T16:57:52Z</time>
      </trkpt>
      <trkpt lat="-23.006176510825753" lon="16.304361121729016">
        <ele>1244.8</ele>
        <time>2024-11-25T16:57:58Z</time>
      </trkpt>
      <trkpt lat="-23.006159160286188" lon="16.304201865568757">
        <ele>1246.5999999999999</ele>
        <time>2024-11-25T16:58:05Z</time>
      </trkpt>
      <trkpt lat="-23.006144072860479" lon="16.304051578044891">
        <ele>1248.4000000000001</ele>
        <time>2024-11-25T16:58:12Z</time>
      </trkpt>
      <trkpt lat="-23.006133679300547" lon="16.303909253329039">
        <ele>1250.5999999999999</ele>
        <time>2024-11-25T16:58:19Z</time>
      </trkpt>
      <trkpt lat="-23.006120100617409" lon="16.303765336051583">
        <ele>1251.2</ele>
        <time>2024-11-25T16:58:25Z</time>
      </trkpt>
      <trkpt lat="-23.006106521934271" lon="16.303615048527718">
        <ele>1251.2</ele>
        <time>2024-11-25T16:58:32Z</time>
      </trkpt>
      <trkpt lat="-23.006093613803387" lon="16.303473310545087">
        <ele>1251.2</ele>
        <time>2024-11-25T16:58:39Z</time>
      </trkpt>
      <trkpt lat="-23.006083639338613" lon="16.303340457379818">
        <ele>1251.2</ele>
        <time>2024-11-25T16:58:46Z</time>
      </trkpt>
      <trkpt lat="-23.006077269092202" lon="16.303199892863631">
        <ele>1249.8</ele>
        <time>2024-11-25T16:58:52Z</time>
      </trkpt>
      <trkpt lat="-23.006068048998713" lon="16.303050192072988">
        <ele>1248</ele>
        <time>2024-11-25T16:58:59Z</time>
      </trkpt>
      <trkpt lat="-23.006054554134607" lon="16.302878614515066">
        <ele>1246.4000000000001</ele>
        <time>2024-11-25T16:59:06Z</time>
      </trkpt>
      <trkpt lat="-23.006028989329934" lon="16.302712485194206">
        <ele>1245</ele>
        <time>2024-11-25T16:59:13Z</time>
      </trkpt>
      <trkpt lat="-23.005993282422423" lon="16.302547110244632">
        <ele>1244.4000000000001</ele>
        <time>2024-11-25T16:59:19Z</time>
      </trkpt>
      <trkpt lat="-23.005945337936282" lon="16.302392715588212">
        <ele>1244.4000000000001</ele>
        <time>2024-11-25T16:59:26Z</time>
      </trkpt>
      <trkpt lat="-23.005890687927604" lon="16.302257934585214">
        <ele>1244.4000000000001</ele>
        <time>2024-11-25T16:59:33Z</time>
      </trkpt>
      <trkpt lat="-23.005822962149978" lon="16.302151149138808">
        <ele>1245</ele>
        <time>2024-11-25T16:59:40Z</time>
      </trkpt>
      <trkpt lat="-23.005760936066508" lon="16.302028689533472">
        <ele>1246.2</ele>
        <time>2024-11-25T16:59:46Z</time>
      </trkpt>
      <trkpt lat="-23.005696814507246" lon="16.301903463900089">
        <ele>1247.5999999999999</ele>
        <time>2024-11-25T16:59:53Z</time>
      </trkpt>
      <trkpt lat="-23.005631687119603" lon="16.301778322085738">
        <ele>1247.5999999999999</ele>
        <time>2024-11-25T17:00:00Z</time>
      </trkpt>
      <trkpt lat="-23.005566978827119" lon="16.301649659872055">
        <ele>1247.5999999999999</ele>
        <time>2024-11-25T17:00:07Z</time>
      </trkpt>
      <trkpt lat="-23.005499923601747" lon="16.301517896354198">
        <ele>1247.5999999999999</ele>
        <time>2024-11-25T17:00:14Z</time>
      </trkpt>
      <trkpt lat="-23.005429850891232" lon="16.301386300474405">
        <ele>1247.4000000000001</ele>
        <time>2024-11-25T17:00:20Z</time>
      </trkpt>
      <trkpt lat="-23.005359694361687" lon="16.301255961880088">
        <ele>1247.2</ele>
        <time>2024-11-25T17:00:27Z</time>
      </trkpt>
      <trkpt lat="-23.005289118736982" lon="16.301130317151546">
        <ele>1246.2</ele>
        <time>2024-11-25T17:00:34Z</time>
      </trkpt>
      <trkpt lat="-23.005224410444498" lon="16.301009282469749">
        <ele>1246.2</ele>
        <time>2024-11-25T17:00:41Z</time>
      </trkpt>
      <trkpt lat="-23.005164144560695" lon="16.300893444567919">
        <ele>1246.2</ele>
        <time>2024-11-25T17:00:47Z</time>
      </trkpt>
      <trkpt lat="-23.005110751837492" lon="16.300778025761247">
        <ele>1246.2</ele>
        <time>2024-11-25T17:00:54Z</time>
      </trkpt>
      <trkpt lat="-23.005053419619799" lon="16.3006526324898">
        <ele>1247</ele>
        <time>2024-11-25T17:01:01Z</time>
      </trkpt>
      <trkpt lat="-23.004937162622809" lon="16.300388434901834">
        <ele>1247.2</ele>
        <time>2024-11-25T17:01:08Z</time>
      </trkpt>
      <trkpt lat="-23.004826940596104" lon="16.300124991685152">
        <ele>1247.2</ele>
        <time>2024-11-25T17:01:14Z</time>
      </trkpt>
      <trkpt lat="-23.004707163199782" lon="16.299854256212711">
        <ele>1247</ele>
        <time>2024-11-25T17:01:21Z</time>
      </trkpt>
      <trkpt lat="-23.004580093547702" lon="16.299563320353627">
        <ele>1247</ele>
        <time>2024-11-25T17:01:28Z</time>
      </trkpt>
      <trkpt lat="-23.004457214847207" lon="16.299288226291537">
        <ele>1247.4000000000001</ele>
        <time>2024-11-25T17:01:35Z</time>
      </trkpt>
      <trkpt lat="-23.004388734698296" lon="16.299151768907905">
        <ele>1247.8</ele>
        <time>2024-11-25T17:01:42Z</time>
      </trkpt>
      <trkpt lat="-23.004311788827181" lon="16.299016233533621">
        <ele>1248.2</ele>
        <time>2024-11-25T17:01:48Z</time>
      </trkpt>
      <trkpt lat="-23.004047255963087" lon="16.29861256107688">
        <ele>1249.2</ele>
        <time>2024-11-25T17:01:55Z</time>
      </trkpt>
      <trkpt lat="-23.003950109705329" lon="16.298484401777387">
        <ele>1249.4000000000001</ele>
        <time>2024-11-25T17:02:02Z</time>
      </trkpt>
      <trkpt lat="-23.00375372171402" lon="16.29823294468224">
        <ele>1250.5999999999999</ele>
        <time>2024-11-25T17:02:09Z</time>
      </trkpt>
      <trkpt lat="-23.003654396161437" lon="16.298109479248524">
        <ele>1251.4000000000001</ele>
        <time>2024-11-25T17:02:15Z</time>
      </trkpt>
      <trkpt lat="-23.003554148599505" lon="16.297987019643188">
        <ele>1252.8</ele>
        <time>2024-11-25T17:02:22Z</time>
      </trkpt>
      <trkpt lat="-23.003454152494669" lon="16.29786447621882">
        <ele>1254.2</ele>
        <time>2024-11-25T17:02:29Z</time>
      </trkpt>
      <trkpt lat="-23.003358012065291" lon="16.297751571983099">
        <ele>1255.4000000000001</ele>
        <time>2024-11-25T17:02:36Z</time>
      </trkpt>
      <trkpt lat="-23.003269415348768" lon="16.297645960003138">
        <ele>1256.2</ele>
        <time>2024-11-25T17:02:43Z</time>
      </trkpt>
      <trkpt lat="-23.003184255212545" lon="16.297545125707984">
        <ele>1256.8</ele>
        <time>2024-11-25T17:02:49Z</time>
      </trkpt>
      <trkpt lat="-23.003107141703367" lon="16.297441106289625">
        <ele>1257.5999999999999</ele>
        <time>2024-11-25T17:02:56Z</time>
      </trkpt>
      <trkpt lat="-23.003033380955458" lon="16.297339601442218">
        <ele>1258.4000000000001</ele>
        <time>2024-11-25T17:03:03Z</time>
      </trkpt>
      <trkpt lat="-23.002959871664643" lon="16.297242790460587">
        <ele>1259.2</ele>
        <time>2024-11-25T17:03:10Z</time>
      </trkpt>
      <trkpt lat="-23.002885356545448" lon="16.297148745507002">
        <ele>1259.2</ele>
        <time>2024-11-25T17:03:17Z</time>
      </trkpt>
      <trkpt lat="-23.002809667959809" lon="16.297054952010512">
        <ele>1259.2</ele>
        <time>2024-11-25T17:03:23Z</time>
      </trkpt>
      <trkpt lat="-23.002731716260314" lon="16.296964343637228">
        <ele>1259.2</ele>
        <time>2024-11-25T17:03:30Z</time>
      </trkpt>
      <trkpt lat="-23.002653261646628" lon="16.296872394159436">
        <ele>1259</ele>
        <time>2024-11-25T17:03:37Z</time>
      </trkpt>
      <trkpt lat="-23.002583691850305" lon="16.296769632026553">
        <ele>1258</ele>
        <time>2024-11-25T17:03:44Z</time>
      </trkpt>
      <trkpt lat="-23.002529460936785" lon="16.296651950106025">
        <ele>1257.4000000000001</ele>
        <time>2024-11-25T17:03:51Z</time>
      </trkpt>
      <trkpt lat="-23.002487132325768" lon="16.296519432216883">
        <ele>1256.8</ele>
        <time>2024-11-25T17:03:57Z</time>
      </trkpt>
      <trkpt lat="-23.002447402104735" lon="16.296377861872315">
        <ele>1256</ele>
        <time>2024-11-25T17:04:04Z</time>
      </trkpt>
      <trkpt lat="-23.00240314565599" lon="16.296227658167481">
        <ele>1255.2</ele>
        <time>2024-11-25T17:04:11Z</time>
      </trkpt>
      <trkpt lat="-23.002356290817261" lon="16.296074688434601">
        <ele>1254</ele>
        <time>2024-11-25T17:04:18Z</time>
      </trkpt>
      <trkpt lat="-23.002304239198565" lon="16.295930435881019">
        <ele>1254</ele>
        <time>2024-11-25T17:04:25Z</time>
      </trkpt>
      <trkpt lat="-23.002244308590889" lon="16.295799762010574">
        <ele>1254</ele>
        <time>2024-11-25T17:04:31Z</time>
      </trkpt>
      <trkpt lat="-23.00216518342495" lon="16.295685516670346">
        <ele>1254</ele>
        <time>2024-11-25T17:04:38Z</time>
      </trkpt>
      <trkpt lat="-23.002072479575872" lon="16.295593734830618">
        <ele>1255</ele>
        <time>2024-11-25T17:04:45Z</time>
      </trkpt>
      <trkpt lat="-23.00196485593915" lon="16.29552248865366">
        <ele>1256.2</ele>
        <time>2024-11-25T17:04:52Z</time>
      </trkpt>
      <trkpt lat="-23.001854633912444" lon="16.295469179749489">
        <ele>1258</ele>
        <time>2024-11-25T17:04:59Z</time>
      </trkpt>
      <trkpt lat="-23.001746758818626" lon="16.29541452974081">
        <ele>1259.5999999999999</ele>
        <time>2024-11-25T17:05:05Z</time>
      </trkpt>
      <trkpt lat="-23.001636620610952" lon="16.295356694608927">
        <ele>1261</ele>
        <time>2024-11-25T17:05:12Z</time>
      </trkpt>
      <trkpt lat="-23.001522794365883" lon="16.295302798971534">
        <ele>1262.2</ele>
        <time>2024-11-25T17:05:19Z</time>
      </trkpt>
      <trkpt lat="-23.001403016969562" lon="16.295250663533807">
        <ele>1262.8</ele>
        <time>2024-11-25T17:05:26Z</time>
      </trkpt>
      <trkpt lat="-23.001280222088099" lon="16.295194840058684">
        <ele>1263.8</ele>
        <time>2024-11-25T17:05:33Z</time>
      </trkpt>
      <trkpt lat="-23.001158013939857" lon="16.295142620801926">
        <ele>1264.4000000000001</ele>
        <time>2024-11-25T17:05:40Z</time>
      </trkpt>
      <trkpt lat="-23.001037314534187" lon="16.295090233907104">
        <ele>1265.2</ele>
        <time>2024-11-25T17:05:46Z</time>
      </trkpt>
      <trkpt lat="-23.00092700868845" lon="16.295028878375888">
        <ele>1265.4000000000001</ele>
        <time>2024-11-25T17:05:53Z</time>
      </trkpt>
      <trkpt lat="-23.000835394486785" lon="16.294955033808947">
        <ele>1265.5999999999999</ele>
        <time>2024-11-25T17:06:00Z</time>
      </trkpt>
      <trkpt lat="-23.000760963186622" lon="16.294865850359201">
        <ele>1266</ele>
        <time>2024-11-25T17:06:07Z</time>
      </trkpt>
      <trkpt lat="-23.000699691474438" lon="16.294767111539841">
        <ele>1266</ele>
        <time>2024-11-25T17:06:14Z</time>
      </trkpt>
      <trkpt lat="-23.000647975131869" lon="16.294658146798611">
        <ele>1266</ele>
        <time>2024-11-25T17:06:20Z</time>
      </trkpt>
      <trkpt lat="-23.000601539388299" lon="16.29453158006072">
        <ele>1266</ele>
        <time>2024-11-25T17:06:27Z</time>
      </trkpt>
      <trkpt lat="-23.000559210777283" lon="16.294390261173248">
        <ele>1265.8</ele>
        <time>2024-11-25T17:06:34Z</time>
      </trkpt>
      <trkpt lat="-23.000516463071108" lon="16.294231172651052">
        <ele>1265.5999999999999</ele>
        <time>2024-11-25T17:06:41Z</time>
      </trkpt>
      <trkpt lat="-23.000477235764265" lon="16.29406395368278">
        <ele>1265.2</ele>
        <time>2024-11-25T17:06:48Z</time>
      </trkpt>
      <trkpt lat="-23.000444881618023" lon="16.293896567076445">
        <ele>1264</ele>
        <time>2024-11-25T17:06:55Z</time>
      </trkpt>
      <trkpt lat="-23.000421160832047" lon="16.293727839365602">
        <ele>1263.4000000000001</ele>
        <time>2024-11-25T17:07:01Z</time>
      </trkpt>
      <trkpt lat="-23.00038268789649" lon="16.293578306213021">
        <ele>1263.4000000000001</ele>
        <time>2024-11-25T17:07:08Z</time>
      </trkpt>
      <trkpt lat="-23.000348070636392" lon="16.293429108336568">
        <ele>1263.4000000000001</ele>
        <time>2024-11-25T17:07:15Z</time>
      </trkpt>
      <trkpt lat="-23.000317476689816" lon="16.293285191059113">
        <ele>1263.4000000000001</ele>
        <time>2024-11-25T17:07:22Z</time>
      </trkpt>
      <trkpt lat="-23.000286798924208" lon="16.293145213276148">
        <ele>1264.8</ele>
        <time>2024-11-25T17:07:29Z</time>
      </trkpt>
      <trkpt lat="-23.000257797539234" lon="16.293005486950278">
        <ele>1266.5999999999999</ele>
        <time>2024-11-25T17:07:36Z</time>
      </trkpt>
      <trkpt lat="-23.000230640172958" lon="16.292863246053457">
        <ele>1268.4000000000001</ele>
        <time>2024-11-25T17:07:42Z</time>
      </trkpt>
      <trkpt lat="-23.000201135873795" lon="16.292720250785351">
        <ele>1269.2</ele>
        <time>2024-11-25T17:07:49Z</time>
      </trkpt>
      <trkpt lat="-23.000169871374965" lon="16.292582871392369">
        <ele>1270.8</ele>
        <time>2024-11-25T17:07:56Z</time>
      </trkpt>
      <trkpt lat="-23.000138523057103" lon="16.292454209178686">
        <ele>1271.5999999999999</ele>
        <time>2024-11-25T17:08:03Z</time>
      </trkpt>
      <trkpt lat="-23.00010658800602" lon="16.29233761690557">
        <ele>1273.2</ele>
        <time>2024-11-25T17:08:10Z</time>
      </trkpt>
      <trkpt lat="-23.000067779794335" lon="16.292233429849148">
        <ele>1273.8</ele>
        <time>2024-11-25T17:08:17Z</time>
      </trkpt>
      <trkpt lat="-23.000016482546926" lon="16.292137373238802">
        <ele>1275</ele>
        <time>2024-11-25T17:08:23Z</time>
      </trkpt>
      <trkpt lat="-22.999954121187329" lon="16.292040729895234">
        <ele>1276</ele>
        <time>2024-11-25T17:08:30Z</time>
      </trkpt>
      <trkpt lat="-22.999888490885496" lon="16.291938805952668">
        <ele>1277</ele>
        <time>2024-11-25T17:08:37Z</time>
      </trkpt>
      <trkpt lat="-22.999813472852111" lon="16.291828835383058">
        <ele>1277</ele>
        <time>2024-11-25T17:08:44Z</time>
      </trkpt>
      <trkpt lat="-22.999730743467808" lon="16.291710399091244">
        <ele>1277</ele>
        <time>2024-11-25T17:08:51Z</time>
      </trkpt>
      <trkpt lat="-22.999640135094523" lon="16.291584586724639">
        <ele>1277</ele>
        <time>2024-11-25T17:08:58Z</time>
      </trkpt>
      <trkpt lat="-22.999542150646448" lon="16.291464725509286">
        <ele>1276</ele>
        <time>2024-11-25T17:09:04Z</time>
      </trkpt>
      <trkpt lat="-22.999439556151628" lon="16.291343020275235">
        <ele>1275.5999999999999</ele>
        <time>2024-11-25T17:09:11Z</time>
      </trkpt>
      <trkpt lat="-22.99933897331357" lon="16.29121963866055">
        <ele>1275.5999999999999</ele>
        <time>2024-11-25T17:09:18Z</time>
      </trkpt>
      <trkpt lat="-22.999244844540954" lon="16.291096759960055">
        <ele>1275.5999999999999</ele>
        <time>2024-11-25T17:09:25Z</time>
      </trkpt>
      <trkpt lat="-22.999157421290874" lon="16.290973462164402">
        <ele>1275.5999999999999</ele>
        <time>2024-11-25T17:09:32Z</time>
      </trkpt>
      <trkpt lat="-22.999075949192047" lon="16.29085167311132">
        <ele>1276</ele>
        <time>2024-11-25T17:09:39Z</time>
      </trkpt>
      <trkpt lat="-22.999003445729613" lon="16.290732901543379">
        <ele>1277.8</ele>
        <time>2024-11-25T17:09:45Z</time>
      </trkpt>
      <trkpt lat="-22.998933540657163" lon="16.290611363947392">
        <ele>1279</ele>
        <time>2024-11-25T17:09:52Z</time>
      </trkpt>
      <trkpt lat="-22.998868245631456" lon="16.290487395599484">
        <ele>1280</ele>
        <time>2024-11-25T17:09:59Z</time>
      </trkpt>
      <trkpt lat="-22.998811919242144" lon="16.29035672172904">
        <ele>1281.2</ele>
        <time>2024-11-25T17:10:06Z</time>
      </trkpt>
      <trkpt lat="-22.998760705813766" lon="16.290224120020866">
        <ele>1282.4000000000001</ele>
        <time>2024-11-25T17:10:13Z</time>
      </trkpt>
      <trkpt lat="-22.998717706650496" lon="16.290095373988152">
        <ele>1283.4000000000001</ele>
        <time>2024-11-25T17:10:20Z</time>
      </trkpt>
      <trkpt lat="-22.998681999742985" lon="16.289962520822883">
        <ele>1285</ele>
        <time>2024-11-25T17:10:27Z</time>
      </trkpt>
      <trkpt lat="-22.998654004186392" lon="16.289821034297347">
        <ele>1286.2</ele>
        <time>2024-11-25T17:10:33Z</time>
      </trkpt>
      <trkpt lat="-22.998628104105592" lon="16.289665717631578">
        <ele>1287</ele>
        <time>2024-11-25T17:10:40Z</time>
      </trkpt>
      <trkpt lat="-22.998605221509933" lon="16.289504449814558">
        <ele>1287</ele>
        <time>2024-11-25T17:10:47Z</time>
      </trkpt>
      <trkpt lat="-22.998578818514943" lon="16.289331531152129">
        <ele>1287</ele>
        <time>2024-11-25T17:10:54Z</time>
      </trkpt>
      <trkpt lat="-22.998555097728968" lon="16.289149392396212">
        <ele>1287.2</ele>
        <time>2024-11-25T17:11:01Z</time>
      </trkpt>
      <trkpt lat="-22.998537328094244" lon="16.288955267518759">
        <ele>1287.2</ele>
        <time>2024-11-25T17:11:08Z</time>
      </trkpt>
      <trkpt lat="-22.998521570116282" lon="16.28876281902194">
        <ele>1287.2</ele>
        <time>2024-11-25T17:11:15Z</time>
      </trkpt>
      <trkpt lat="-22.998498603701591" lon="16.288573136553168">
        <ele>1287.4000000000001</ele>
        <time>2024-11-25T17:11:21Z</time>
      </trkpt>
      <trkpt lat="-22.998474882915616" lon="16.288377586752176">
        <ele>1288</ele>
        <time>2024-11-25T17:11:28Z</time>
      </trkpt>
      <trkpt lat="-22.998449737206101" lon="16.288184970617294">
        <ele>1289</ele>
        <time>2024-11-25T17:11:35Z</time>
      </trkpt>
      <trkpt lat="-22.998425597324967" lon="16.287991683930159">
        <ele>1290.5999999999999</ele>
        <time>2024-11-25T17:11:42Z</time>
      </trkpt>
      <trkpt lat="-22.998396595939994" lon="16.287797726690769">
        <ele>1292.8</ele>
        <time>2024-11-25T17:11:49Z</time>
      </trkpt>
      <trkpt lat="-22.99836709164083" lon="16.287604188546538">
        <ele>1294.5999999999999</ele>
        <time>2024-11-25T17:11:56Z</time>
      </trkpt>
      <trkpt lat="-22.998341359198093" lon="16.287405118346214">
        <ele>1295.8</ele>
        <time>2024-11-25T17:12:03Z</time>
      </trkpt>
      <trkpt lat="-22.998315710574389" lon="16.2872055452317">
        <ele>1298.2</ele>
        <time>2024-11-25T17:12:10Z</time>
      </trkpt>
      <trkpt lat="-22.998290732502937" lon="16.287009324878454">
        <ele>1299</ele>
        <time>2024-11-25T17:12:16Z</time>
      </trkpt>
      <trkpt lat="-22.998265586793423" lon="16.286824671551585">
        <ele>1300.5999999999999</ele>
        <time>2024-11-25T17:12:23Z</time>
      </trkpt>
      <trkpt lat="-22.99824052490294" lon="16.286649657413363">
        <ele>1303.2</ele>
        <time>2024-11-25T17:12:30Z</time>
      </trkpt>
      <trkpt lat="-22.998213870450854" lon="16.286477157846093">
        <ele>1305.4000000000001</ele>
        <time>2024-11-25T17:12:37Z</time>
      </trkpt>
      <trkpt lat="-22.998187215998769" lon="16.286306586116552">
        <ele>1307</ele>
        <time>2024-11-25T17:12:44Z</time>
      </trkpt>
      <trkpt lat="-22.998160058632493" lon="16.286132410168648">
        <ele>1308.4000000000001</ele>
        <time>2024-11-25T17:12:51Z</time>
      </trkpt>
      <trkpt lat="-22.998132901266217" lon="16.285958234220743">
        <ele>1308.5999999999999</ele>
        <time>2024-11-25T17:12:58Z</time>
      </trkpt>
      <trkpt lat="-22.998107168823481" lon="16.285785231739283">
        <ele>1308.5999999999999</ele>
        <time>2024-11-25T17:13:05Z</time>
      </trkpt>
      <trkpt lat="-22.998080179095268" lon="16.285614660009742">
        <ele>1308.5999999999999</ele>
        <time>2024-11-25T17:13:11Z</time>
      </trkpt>
      <trkpt lat="-22.998019577935338" lon="16.285278797149658">
        <ele>1307.8</ele>
        <time>2024-11-25T17:13:18Z</time>
      </trkpt>
      <trkpt lat="-22.997987391427159" lon="16.285119205713272">
        <ele>1307</ele>
        <time>2024-11-25T17:13:25Z</time>
      </trkpt>
      <trkpt lat="-22.997957384213805" lon="16.284969002008438">
        <ele>1306.4000000000001</ele>
        <time>2024-11-25T17:13:32Z</time>
      </trkpt>
      <trkpt lat="-22.997926874086261" lon="16.284820809960365">
        <ele>1304.8</ele>
        <time>2024-11-25T17:13:39Z</time>
      </trkpt>
      <trkpt lat="-22.997885635122657" lon="16.284667169675231">
        <ele>1303</ele>
        <time>2024-11-25T17:13:46Z</time>
      </trkpt>
      <trkpt lat="-22.997837858274579" lon="16.284504560753703">
        <ele>1301.5999999999999</ele>
        <time>2024-11-25T17:13:53Z</time>
      </trkpt>
      <trkpt lat="-22.997795781120658" lon="16.284336922690272">
        <ele>1300</ele>
        <time>2024-11-25T17:14:00Z</time>
      </trkpt>
      <trkpt lat="-22.997764013707638" lon="16.284185880795121">
        <ele>1298</ele>
        <time>2024-11-25T17:14:06Z</time>
      </trkpt>
      <trkpt lat="-22.99773283302784" lon="16.284056296572089">
        <ele>1297.4000000000001</ele>
        <time>2024-11-25T17:14:13Z</time>
      </trkpt>
      <trkpt lat="-22.997705759480596" lon="16.283946074545383">
        <ele>1297.4000000000001</ele>
        <time>2024-11-25T17:14:20Z</time>
      </trkpt>
      <trkpt lat="-22.997681368142366" lon="16.283846832811832">
        <ele>1297.4000000000001</ele>
        <time>2024-11-25T17:14:27Z</time>
      </trkpt>
      <trkpt lat="-22.997657814994454" lon="16.283744741231203">
        <ele>1298.4000000000001</ele>
        <time>2024-11-25T17:14:34Z</time>
      </trkpt>
      <trkpt lat="-22.997633758932352" lon="16.283637704327703">
        <ele>1300</ele>
        <time>2024-11-25T17:14:41Z</time>
      </trkpt>
      <trkpt lat="-22.99760777503252" lon="16.283529661595821">
        <ele>1302</ele>
        <time>2024-11-25T17:14:48Z</time>
      </trkpt>
      <trkpt lat="-22.997578606009483" lon="16.283413991332054">
        <ele>1303.2</ele>
        <time>2024-11-25T17:14:55Z</time>
      </trkpt>
      <trkpt lat="-22.997552119195461" lon="16.28329211845994">
        <ele>1304.4000000000001</ele>
        <time>2024-11-25T17:15:02Z</time>
      </trkpt>
      <trkpt lat="-22.997530410066247" lon="16.283163540065289">
        <ele>1305.8</ele>
        <time>2024-11-25T17:15:09Z</time>
      </trkpt>
      <trkpt lat="-22.997515490278602" lon="16.283030016347766">
        <ele>1307.2</ele>
        <time>2024-11-25T17:15:15Z</time>
      </trkpt>
      <trkpt lat="-22.997509622946382" lon="16.282891966402531">
        <ele>1308.8</ele>
        <time>2024-11-25T17:15:22Z</time>
      </trkpt>
      <trkpt lat="-22.997513227164745" lon="16.282752994447947">
        <ele>1309.2</ele>
        <time>2024-11-25T17:15:29Z</time>
      </trkpt>
      <trkpt lat="-22.997524291276932" lon="16.282606394961476">
        <ele>1310.5999999999999</ele>
        <time>2024-11-25T17:15:36Z</time>
      </trkpt>
      <trkpt lat="-22.997542480006814" lon="16.282454011961818">
        <ele>1311.8</ele>
        <time>2024-11-25T17:15:43Z</time>
      </trkpt>
      <trkpt lat="-22.997566033154726" lon="16.2822943367064">
        <ele>1312.4000000000001</ele>
        <time>2024-11-25T17:15:50Z</time>
      </trkpt>
      <trkpt lat="-22.997594950720668" lon="16.282124938443303">
        <ele>1312.4000000000001</ele>
        <time>2024-11-25T17:15:57Z</time>
      </trkpt>
      <trkpt lat="-22.997630992904305" lon="16.281942715868354">
        <ele>1312.4000000000001</ele>
        <time>2024-11-25T17:16:04Z</time>
      </trkpt>
      <trkpt lat="-22.997666951268911" lon="16.281748339533806">
        <ele>1312.4000000000001</ele>
        <time>2024-11-25T17:16:11Z</time>
      </trkpt>
      <trkpt lat="-22.9976986348629" lon="16.281551867723465">
        <ele>1311.5999999999999</ele>
        <time>2024-11-25T17:16:18Z</time>
      </trkpt>
      <trkpt lat="-22.997727720066905" lon="16.281353635713458">
        <ele>1310.8</ele>
        <time>2024-11-25T17:16:24Z</time>
      </trkpt>
      <trkpt lat="-22.997753536328673" lon="16.281158421188593">
        <ele>1310.8</ele>
        <time>2024-11-25T17:16:31Z</time>
      </trkpt>
      <trkpt lat="-22.997775496914983" lon="16.280972175300121">
        <ele>1310.8</ele>
        <time>2024-11-25T17:16:38Z</time>
      </trkpt>
      <trkpt lat="-22.997794272378087" lon="16.280793137848377">
        <ele>1310.8</ele>
        <time>2024-11-25T17:16:45Z</time>
      </trkpt>
      <trkpt lat="-22.997812377288938" lon="16.280626421794295">
        <ele>1311.5999999999999</ele>
        <time>2024-11-25T17:16:52Z</time>
      </trkpt>
      <trkpt lat="-22.997832577675581" lon="16.280467165634036">
        <ele>1312.8</ele>
        <time>2024-11-25T17:16:59Z</time>
      </trkpt>
      <trkpt lat="-22.99785302951932" lon="16.280313692986965">
        <ele>1313.8</ele>
        <time>2024-11-25T17:17:06Z</time>
      </trkpt>
      <trkpt lat="-22.997873984277248" lon="16.280156364664435">
        <ele>1315.2</ele>
        <time>2024-11-25T17:17:13Z</time>
      </trkpt>
      <trkpt lat="-22.997894771397114" lon="16.279990319162607">
        <ele>1315.8</ele>
        <time>2024-11-25T17:17:20Z</time>
      </trkpt>
      <trkpt lat="-22.997920252382755" lon="16.279816897585988">
        <ele>1315.8</ele>
        <time>2024-11-25T17:17:27Z</time>
      </trkpt>
      <trkpt lat="-22.99794640392065" lon="16.279635764658451">
        <ele>1315.8</ele>
        <time>2024-11-25T17:17:34Z</time>
      </trkpt>
      <trkpt lat="-22.997973812744021" lon="16.279450189322233">
        <ele>1315.8</ele>
        <time>2024-11-25T17:17:41Z</time>
      </trkpt>
      <trkpt lat="-22.998002646490932" lon="16.279263608157635">
        <ele>1315.4000000000001</ele>
        <time>2024-11-25T17:17:47Z</time>
      </trkpt>
      <trkpt lat="-22.998031480237842" lon="16.279074009507895">
        <ele>1315.4000000000001</ele>
        <time>2024-11-25T17:17:54Z</time>
      </trkpt>
      <trkpt lat="-22.998061152175069" lon="16.278887093067169">
        <ele>1315.4000000000001</ele>
        <time>2024-11-25T17:18:01Z</time>
      </trkpt>
      <trkpt lat="-22.99808956682682" lon="16.278700344264507">
        <ele>1315.5999999999999</ele>
        <time>2024-11-25T17:18:08Z</time>
      </trkpt>
      <trkpt lat="-22.998118987306952" lon="16.27851334400475">
        <ele>1315.8</ele>
        <time>2024-11-25T17:18:15Z</time>
      </trkpt>
      <trkpt lat="-22.99815695732832" lon="16.278328774496913">
        <ele>1316</ele>
        <time>2024-11-25T17:18:22Z</time>
      </trkpt>
      <trkpt lat="-22.998205656185746" lon="16.278148898854852">
        <ele>1316.8</ele>
        <time>2024-11-25T17:18:29Z</time>
      </trkpt>
      <trkpt lat="-22.998264664784074" lon="16.277972711250186">
        <ele>1317.4000000000001</ele>
        <time>2024-11-25T17:18:36Z</time>
      </trkpt>
      <trkpt lat="-22.998330798000097" lon="16.277799708768725">
        <ele>1318.2</ele>
        <time>2024-11-25T17:18:43Z</time>
      </trkpt>
      <trkpt lat="-22.998402463272214" lon="16.27762645483017">
        <ele>1319.8</ele>
        <time>2024-11-25T17:18:50Z</time>
      </trkpt>
      <trkpt lat="-22.99847555346787" lon="16.277452781796455">
        <ele>1320.4000000000001</ele>
        <time>2024-11-25T17:18:57Z</time>
      </trkpt>
      <trkpt lat="-22.998549481853843" lon="16.277277767658234">
        <ele>1321.4000000000001</ele>
        <time>2024-11-25T17:19:04Z</time>
      </trkpt>
      <trkpt lat="-22.998623661696911" lon="16.27710317261517">
        <ele>1321.8</ele>
        <time>2024-11-25T17:19:11Z</time>
      </trkpt>
      <trkpt lat="-22.998696332797408" lon="16.276931343600154">
        <ele>1322.4000000000001</ele>
        <time>2024-11-25T17:19:18Z</time>
      </trkpt>
      <trkpt lat="-22.998766824603081" lon="16.27676353789866">
        <ele>1323.4000000000001</ele>
        <time>2024-11-25T17:19:24Z</time>
      </trkpt>
      <trkpt lat="-22.998837986961007" lon="16.276607383042574">
        <ele>1324.2</ele>
        <time>2024-11-25T17:19:31Z</time>
      </trkpt>
      <trkpt lat="-22.998913927003741" lon="16.276464220136404">
        <ele>1325.4000000000001</ele>
        <time>2024-11-25T17:19:38Z</time>
      </trkpt>
      <trkpt lat="-22.99899841658771" lon="16.276337401941419">
        <ele>1326.2</ele>
        <time>2024-11-25T17:19:45Z</time>
      </trkpt>
      <trkpt lat="-22.999096652492881" lon="16.276220893487334">
        <ele>1327.4000000000001</ele>
        <time>2024-11-25T17:19:52Z</time>
      </trkpt>
      <trkpt lat="-22.999207796528935" lon="16.276115868240595">
        <ele>1328.2</ele>
        <time>2024-11-25T17:19:59Z</time>
      </trkpt>
      <trkpt lat="-22.999324472621083" lon="16.276011262089014">
        <ele>1328.4000000000001</ele>
        <time>2024-11-25T17:20:06Z</time>
      </trkpt>
      <trkpt lat="-22.999445591121912" lon="16.275901291519403">
        <ele>1328.5999999999999</ele>
        <time>2024-11-25T17:20:13Z</time>
      </trkpt>
      <trkpt lat="-22.99956469796598" lon="16.275787632912397">
        <ele>1328.8</ele>
        <time>2024-11-25T17:20:20Z</time>
      </trkpt>
      <trkpt lat="-22.999682212248445" lon="16.27567095682025">
        <ele>1329</ele>
        <time>2024-11-25T17:20:27Z</time>
      </trkpt>
      <trkpt lat="-22.99979436211288" lon="16.275550508871675">
        <ele>1329.2</ele>
        <time>2024-11-25T17:20:34Z</time>
      </trkpt>
      <trkpt lat="-22.999905170872808" lon="16.275426372885704">
        <ele>1329.2</ele>
        <time>2024-11-25T17:20:41Z</time>
      </trkpt>
      <trkpt lat="-23.000017907470465" lon="16.275303661823273">
        <ele>1330</ele>
        <time>2024-11-25T17:20:48Z</time>
      </trkpt>
      <trkpt lat="-23.000127878040075" lon="16.275189081206918">
        <ele>1331</ele>
        <time>2024-11-25T17:20:55Z</time>
      </trkpt>
      <trkpt lat="-23.0002302210778" lon="16.275075171142817">
        <ele>1332</ele>
        <time>2024-11-25T17:21:02Z</time>
      </trkpt>
      <trkpt lat="-23.000327032059431" lon="16.274960255250335">
        <ele>1332.4000000000001</ele>
        <time>2024-11-25T17:21:09Z</time>
      </trkpt>
      <trkpt lat="-23.000423675402999" lon="16.274845842272043">
        <ele>1332.4000000000001</ele>
        <time>2024-11-25T17:21:16Z</time>
      </trkpt>
      <trkpt lat="-23.000517133623362" lon="16.274733273312449">
        <ele>1332.4000000000001</ele>
        <time>2024-11-25T17:21:23Z</time>
      </trkpt>
      <trkpt lat="-23.000598270446062" lon="16.274628918617964">
        <ele>1332.2</ele>
        <time>2024-11-25T17:21:30Z</time>
      </trkpt>
      <trkpt lat="-23.000672115013003" lon="16.274524396285415">
        <ele>1331.5999999999999</ele>
        <time>2024-11-25T17:21:36Z</time>
      </trkpt>
      <trkpt lat="-23.000739673152566" lon="16.27441668882966">
        <ele>1330</ele>
        <time>2024-11-25T17:21:43Z</time>
      </trkpt>
      <trkpt lat="-23.000809662044048" lon="16.274306885898113">
        <ele>1328.5999999999999</ele>
        <time>2024-11-25T17:21:50Z</time>
      </trkpt>
      <trkpt lat="-23.000887613743544" lon="16.274195155128837">
        <ele>1327.2</ele>
        <time>2024-11-25T17:21:57Z</time>
      </trkpt>
      <trkpt lat="-23.000976629555225" lon="16.274078814312816">
        <ele>1326.4000000000001</ele>
        <time>2024-11-25T17:22:04Z</time>
      </trkpt>
      <trkpt lat="-23.001064220443368" lon="16.273952582851052">
        <ele>1325</ele>
        <time>2024-11-25T17:22:11Z</time>
      </trkpt>
      <trkpt lat="-23.001141250133514" lon="16.273815957829356">
        <ele>1324.2</ele>
        <time>2024-11-25T17:22:18Z</time>
      </trkpt>
      <trkpt lat="-23.001205958425999" lon="16.27368126064539">
        <ele>1323.4000000000001</ele>
        <time>2024-11-25T17:22:25Z</time>
      </trkpt>
      <trkpt lat="-23.001269660890102" lon="16.273558298125863">
        <ele>1323</ele>
        <time>2024-11-25T17:22:32Z</time>
      </trkpt>
      <trkpt lat="-23.001335542649031" lon="16.273448327556252">
        <ele>1322.8</ele>
        <time>2024-11-25T17:22:39Z</time>
      </trkpt>
      <trkpt lat="-23.001405028626323" lon="16.273338943719864">
        <ele>1322.8</ele>
        <time>2024-11-25T17:22:46Z</time>
      </trkpt>
      <trkpt lat="-23.001479124650359" lon="16.273223524913192">
        <ele>1322.8</ele>
        <time>2024-11-25T17:22:53Z</time>
      </trkpt>
      <trkpt lat="-23.00155833363533" lon="16.273105088621378">
        <ele>1322.5999999999999</ele>
        <time>2024-11-25T17:23:00Z</time>
      </trkpt>
      <trkpt lat="-23.001697808504105" lon="16.272903503850102">
        <ele>1320.8</ele>
        <time>2024-11-25T17:23:07Z</time>
      </trkpt>
      <trkpt lat="-23.001764612272382" lon="16.27280761487782">
        <ele>1318.8</ele>
        <time>2024-11-25T17:23:14Z</time>
      </trkpt>
      <trkpt lat="-23.001838959753513" lon="16.27270451746881">
        <ele>1318</ele>
        <time>2024-11-25T17:23:21Z</time>
      </trkpt>
      <trkpt lat="-23.001918001100421" lon="16.27259312197566">
        <ele>1315.4000000000001</ele>
        <time>2024-11-25T17:23:28Z</time>
      </trkpt>
      <trkpt lat="-23.002004837617278" lon="16.272468566894531">
        <ele>1313.5999999999999</ele>
        <time>2024-11-25T17:23:35Z</time>
      </trkpt>
      <trkpt lat="-23.002099385485053" lon="16.272335965186357">
        <ele>1312</ele>
        <time>2024-11-25T17:23:42Z</time>
      </trkpt>
      <trkpt lat="-23.002204075455666" lon="16.272191796451807">
        <ele>1309.5999999999999</ele>
        <time>2024-11-25T17:23:49Z</time>
      </trkpt>
      <trkpt lat="-23.002311028540134" lon="16.272037737071514">
        <ele>1307.8</ele>
        <time>2024-11-25T17:23:56Z</time>
      </trkpt>
      <trkpt lat="-23.002416389063001" lon="16.27187822945416">
        <ele>1305.8</ele>
        <time>2024-11-25T17:24:03Z</time>
      </trkpt>
      <trkpt lat="-23.002517726272345" lon="16.271716877818108">
        <ele>1303.2</ele>
        <time>2024-11-25T17:24:10Z</time>
      </trkpt>
      <trkpt lat="-23.002614872530103" lon="16.271554017439485">
        <ele>1301</ele>
        <time>2024-11-25T17:24:17Z</time>
      </trkpt>
      <trkpt lat="-23.002706905826926" lon="16.271404316648841">
        <ele>1300</ele>
        <time>2024-11-25T17:24:24Z</time>
      </trkpt>
      <trkpt lat="-23.002799777314067" lon="16.271263752132654">
        <ele>1299.4000000000001</ele>
        <time>2024-11-25T17:24:31Z</time>
      </trkpt>
      <trkpt lat="-23.002881333231926" lon="16.271120756864548">
        <ele>1298</ele>
        <time>2024-11-25T17:24:38Z</time>
      </trkpt>
      <trkpt lat="-23.002956602722406" lon="16.270971139892936">
        <ele>1297.2</ele>
        <time>2024-11-25T17:24:45Z</time>
      </trkpt>
      <trkpt lat="-23.003029944375157" lon="16.270814314484596">
        <ele>1295.5999999999999</ele>
        <time>2024-11-25T17:24:52Z</time>
      </trkpt>
      <trkpt lat="-23.003099849447608" lon="16.270650699734688">
        <ele>1293.8</ele>
        <time>2024-11-25T17:24:59Z</time>
      </trkpt>
      <trkpt lat="-23.003206718713045" lon="16.270299749448895">
        <ele>1291.4000000000001</ele>
        <time>2024-11-25T17:25:06Z</time>
      </trkpt>
      <trkpt lat="-23.003244437277317" lon="16.2701147608459">
        <ele>1290.5999999999999</ele>
        <time>2024-11-25T17:25:13Z</time>
      </trkpt>
      <trkpt lat="-23.003335548564792" lon="16.269567925482988">
        <ele>1290.5999999999999</ele>
        <time>2024-11-25T17:25:20Z</time>
      </trkpt>
      <trkpt lat="-23.003371674567461" lon="16.269402718171477">
        <ele>1290.8</ele>
        <time>2024-11-25T17:25:27Z</time>
      </trkpt>
      <trkpt lat="-23.003411572426558" lon="16.269246395677328">
        <ele>1291</ele>
        <time>2024-11-25T17:25:34Z</time>
      </trkpt>
      <trkpt lat="-23.003458427265286" lon="16.269090240821242">
        <ele>1291</ele>
        <time>2024-11-25T17:25:41Z</time>
      </trkpt>
      <trkpt lat="-23.003512322902679" lon="16.268936349079013">
        <ele>1291</ele>
        <time>2024-11-25T17:25:48Z</time>
      </trkpt>
      <trkpt lat="-23.003570074215531" lon="16.268784636631608">
        <ele>1291</ele>
        <time>2024-11-25T17:25:55Z</time>
      </trkpt>
      <trkpt lat="-23.003622964024544" lon="16.268632169812918">
        <ele>1290.4000000000001</ele>
        <time>2024-11-25T17:26:02Z</time>
      </trkpt>
      <trkpt lat="-23.003658838570118" lon="16.268476266413927">
        <ele>1288.4000000000001</ele>
        <time>2024-11-25T17:26:09Z</time>
      </trkpt>
      <trkpt lat="-23.003658168017864" lon="16.268318938091397">
        <ele>1286.2</ele>
        <time>2024-11-25T17:26:16Z</time>
      </trkpt>
      <trkpt lat="-23.003642745316029" lon="16.26815683208406">
        <ele>1284.5999999999999</ele>
        <time>2024-11-25T17:26:23Z</time>
      </trkpt>
      <trkpt lat="-23.003607708960772" lon="16.267994306981564">
        <ele>1283.8</ele>
        <time>2024-11-25T17:26:30Z</time>
      </trkpt>
      <trkpt lat="-23.003565967082977" lon="16.267826668918133">
        <ele>1283.2</ele>
        <time>2024-11-25T17:26:37Z</time>
      </trkpt>
      <trkpt lat="-23.003522465005517" lon="16.267660288140178">
        <ele>1282.5999999999999</ele>
        <time>2024-11-25T17:26:44Z</time>
      </trkpt>
      <trkpt lat="-23.003482818603516" lon="16.26749575138092">
        <ele>1282</ele>
        <time>2024-11-25T17:26:51Z</time>
      </trkpt>
      <trkpt lat="-23.00344493240118" lon="16.267344206571579">
        <ele>1281.5999999999999</ele>
        <time>2024-11-25T17:26:58Z</time>
      </trkpt>
      <trkpt lat="-23.003409393131733" lon="16.267195176333189">
        <ele>1281</ele>
        <time>2024-11-25T17:27:05Z</time>
      </trkpt>
      <trkpt lat="-23.003376116976142" lon="16.26704229041934">
        <ele>1278.4000000000001</ele>
        <time>2024-11-25T17:27:12Z</time>
      </trkpt>
      <trkpt lat="-23.003340745344758" lon="16.266877334564924">
        <ele>1277.2</ele>
        <time>2024-11-25T17:27:19Z</time>
      </trkpt>
      <trkpt lat="-23.003300009295344" lon="16.266713216900826">
        <ele>1274.4000000000001</ele>
        <time>2024-11-25T17:27:26Z</time>
      </trkpt>
      <trkpt lat="-23.003257010132074" lon="16.266557481139898">
        <ele>1273.4000000000001</ele>
        <time>2024-11-25T17:27:33Z</time>
      </trkpt>
      <trkpt lat="-23.003213927149773" lon="16.266405852511525">
        <ele>1273.4000000000001</ele>
        <time>2024-11-25T17:27:40Z</time>
      </trkpt>
      <trkpt lat="-23.003171011805534" lon="16.266263779252768">
        <ele>1273.4000000000001</ele>
        <time>2024-11-25T17:27:47Z</time>
      </trkpt>
      <trkpt lat="-23.003137400373816" lon="16.266126483678818">
        <ele>1273.4000000000001</ele>
        <time>2024-11-25T17:27:54Z</time>
      </trkpt>
      <trkpt lat="-23.003116277977824" lon="16.265986086800694">
        <ele>1273.8</ele>
        <time>2024-11-25T17:28:01Z</time>
      </trkpt>
      <trkpt lat="-23.003106638789177" lon="16.265835212543607">
        <ele>1273.8</ele>
        <time>2024-11-25T17:28:08Z</time>
      </trkpt>
      <trkpt lat="-23.003128599375486" lon="16.265508066862822">
        <ele>1273.8</ele>
        <time>2024-11-25T17:28:15Z</time>
      </trkpt>
      <trkpt lat="-23.003202443942428" lon="16.265157200396061">
        <ele>1271.8</ele>
        <time>2024-11-25T17:28:22Z</time>
      </trkpt>
      <trkpt lat="-23.003249214962125" lon="16.264971289783716">
        <ele>1270.5999999999999</ele>
        <time>2024-11-25T17:28:29Z</time>
      </trkpt>
      <trkpt lat="-23.003301350399852" lon="16.264782529324293">
        <ele>1269.4000000000001</ele>
        <time>2024-11-25T17:28:36Z</time>
      </trkpt>
      <trkpt lat="-23.003356754779816" lon="16.264586811885238">
        <ele>1267.5999999999999</ele>
        <time>2024-11-25T17:28:43Z</time>
      </trkpt>
      <trkpt lat="-23.003405369818211" lon="16.264407858252525">
        <ele>1266</ele>
        <time>2024-11-25T17:28:50Z</time>
      </trkpt>
      <trkpt lat="-23.003454906865954" lon="16.26422873698175">
        <ele>1263.5999999999999</ele>
        <time>2024-11-25T17:28:57Z</time>
      </trkpt>
      <trkpt lat="-23.003510478883982" lon="16.264046262949705">
        <ele>1261.2</ele>
        <time>2024-11-25T17:29:04Z</time>
      </trkpt>
      <trkpt lat="-23.003567978739738" lon="16.263863034546375">
        <ele>1258.8</ele>
        <time>2024-11-25T17:29:11Z</time>
      </trkpt>
      <trkpt lat="-23.003612905740738" lon="16.263694055378437">
        <ele>1257.2</ele>
        <time>2024-11-25T17:29:18Z</time>
      </trkpt>
      <trkpt lat="-23.003639727830887" lon="16.263539828360081">
        <ele>1256.8</ele>
        <time>2024-11-25T17:29:25Z</time>
      </trkpt>
      <trkpt lat="-23.003644254058599" lon="16.263392306864262">
        <ele>1256.5999999999999</ele>
        <time>2024-11-25T17:29:32Z</time>
      </trkpt>
      <trkpt lat="-23.003629418089986" lon="16.263240342959762">
        <ele>1256.2</ele>
        <time>2024-11-25T17:29:39Z</time>
      </trkpt>
      <trkpt lat="-23.003602595999837" lon="16.2630794942379">
        <ele>1256.2</ele>
        <time>2024-11-25T17:29:46Z</time>
      </trkpt>
      <trkpt lat="-23.003570158034563" lon="16.262910766527057">
        <ele>1256</ele>
        <time>2024-11-25T17:29:53Z</time>
      </trkpt>
      <trkpt lat="-23.003504779189825" lon="16.262570042163134">
        <ele>1255</ele>
        <time>2024-11-25T17:30:00Z</time>
      </trkpt>
      <trkpt lat="-23.003476615995169" lon="16.26240667887032">
        <ele>1255</ele>
        <time>2024-11-25T17:30:07Z</time>
      </trkpt>
      <trkpt lat="-23.003452979028225" lon="16.262256894260645">
        <ele>1254.8</ele>
        <time>2024-11-25T17:30:14Z</time>
      </trkpt>
      <trkpt lat="-23.003433533012867" lon="16.262128902599216">
        <ele>1254.5999999999999</ele>
        <time>2024-11-25T17:30:21Z</time>
      </trkpt>
      <trkpt lat="-23.003418277949095" lon="16.262013735249639">
        <ele>1254.4000000000001</ele>
        <time>2024-11-25T17:30:28Z</time>
      </trkpt>
      <trkpt lat="-23.003399921581149" lon="16.261898064985871">
        <ele>1254.4000000000001</ele>
        <time>2024-11-25T17:30:35Z</time>
      </trkpt>
      <trkpt lat="-23.003387516364455" lon="16.261768480762839">
        <ele>1254.4000000000001</ele>
        <time>2024-11-25T17:30:42Z</time>
      </trkpt>
      <trkpt lat="-23.003337224945426" lon="16.261381739750504">
        <ele>1254.5999999999999</ele>
        <time>2024-11-25T17:30:50Z</time>
      </trkpt>
      <trkpt lat="-23.003304284065962" lon="16.261139921844006">
        <ele>1257</ele>
        <time>2024-11-25T17:30:57Z</time>
      </trkpt>
      <trkpt lat="-23.003284251317382" lon="16.261031040921807">
        <ele>1258</ele>
        <time>2024-11-25T17:31:04Z</time>
      </trkpt>
      <trkpt lat="-23.003267403692007" lon="16.260912185534835">
        <ele>1259.5999999999999</ele>
        <time>2024-11-25T17:31:11Z</time>
      </trkpt>
      <trkpt lat="-23.00317813642323" lon="16.260373396798968">
        <ele>1259.5999999999999</ele>
        <time>2024-11-25T17:31:18Z</time>
      </trkpt>
      <trkpt lat="-23.003129186108708" lon="16.260048933327198">
        <ele>1257.8</ele>
        <time>2024-11-25T17:31:25Z</time>
      </trkpt>
      <trkpt lat="-23.00310387276113" lon="16.259873583912849">
        <ele>1255.8</ele>
        <time>2024-11-25T17:31:32Z</time>
      </trkpt>
      <trkpt lat="-23.003074871376157" lon="16.259699491783977">
        <ele>1254</ele>
        <time>2024-11-25T17:31:39Z</time>
      </trkpt>
      <trkpt lat="-23.003039499744773" lon="16.25951986759901">
        <ele>1252</ele>
        <time>2024-11-25T17:31:46Z</time>
      </trkpt>
      <trkpt lat="-23.00299926660955" lon="16.259335214272141">
        <ele>1251</ele>
        <time>2024-11-25T17:31:53Z</time>
      </trkpt>
      <trkpt lat="-23.002952747046947" lon="16.259162463247776">
        <ele>1249.2</ele>
        <time>2024-11-25T17:32:00Z</time>
      </trkpt>
      <trkpt lat="-23.002908322960138" lon="16.259002536535263">
        <ele>1246.8</ele>
        <time>2024-11-25T17:32:07Z</time>
      </trkpt>
      <trkpt lat="-23.002856774255633" lon="16.25882551074028">
        <ele>1244</ele>
        <time>2024-11-25T17:32:14Z</time>
      </trkpt>
      <trkpt lat="-23.002805477008224" lon="16.258649239316583">
        <ele>1241.5999999999999</ele>
        <time>2024-11-25T17:32:21Z</time>
      </trkpt>
      <trkpt lat="-23.00274571403861" lon="16.258478835225105">
        <ele>1239.2</ele>
        <time>2024-11-25T17:32:28Z</time>
      </trkpt>
      <trkpt lat="-23.002691734582186" lon="16.258308766409755">
        <ele>1238.5999999999999</ele>
        <time>2024-11-25T17:32:35Z</time>
      </trkpt>
      <trkpt lat="-23.002638844773173" lon="16.2581423856318">
        <ele>1238.5999999999999</ele>
        <time>2024-11-25T17:32:42Z</time>
      </trkpt>
      <trkpt lat="-23.002586374059319" lon="16.257978016510606">
        <ele>1238.5999999999999</ele>
        <time>2024-11-25T17:32:50Z</time>
      </trkpt>
      <trkpt lat="-23.002532059326768" lon="16.257815072312951">
        <ele>1239</ele>
        <time>2024-11-25T17:32:57Z</time>
      </trkpt>
      <trkpt lat="-23.002476571127772" lon="16.257644416764379">
        <ele>1239.8</ele>
        <time>2024-11-25T17:33:04Z</time>
      </trkpt>
      <trkpt lat="-23.002367103472352" lon="16.257286844775081">
        <ele>1240</ele>
        <time>2024-11-25T17:33:11Z</time>
      </trkpt>
      <trkpt lat="-23.00231228582561" lon="16.257106298580766">
        <ele>1240</ele>
        <time>2024-11-25T17:33:18Z</time>
      </trkpt>
      <trkpt lat="-23.002265766263008" lon="16.256926339119673">
        <ele>1240.2</ele>
        <time>2024-11-25T17:33:25Z</time>
      </trkpt>
      <trkpt lat="-23.002219162881374" lon="16.25676448456943">
        <ele>1240.2</ele>
        <time>2024-11-25T17:33:32Z</time>
      </trkpt>
      <trkpt lat="-23.002168536186218" lon="16.256610928103328">
        <ele>1240.2</ele>
        <time>2024-11-25T17:33:39Z</time>
      </trkpt>
      <trkpt lat="-23.00211925059557" lon="16.256462652236223">
        <ele>1240.5999999999999</ele>
        <time>2024-11-25T17:33:46Z</time>
      </trkpt>
      <trkpt lat="-23.002078514546156" lon="16.256318986415863">
        <ele>1241.8</ele>
        <time>2024-11-25T17:33:53Z</time>
      </trkpt>
      <trkpt lat="-23.002039371058345" lon="16.256174566224217">
        <ele>1244.2</ele>
        <time>2024-11-25T17:34:00Z</time>
      </trkpt>
      <trkpt lat="-23.001995952799916" lon="16.256036348640919">
        <ele>1246.2</ele>
        <time>2024-11-25T17:34:07Z</time>
      </trkpt>
      <trkpt lat="-23.001950019970536" lon="16.255899555981159">
        <ele>1248.5999999999999</ele>
        <time>2024-11-25T17:34:14Z</time>
      </trkpt>
      <trkpt lat="-23.001903584226966" lon="16.255762847140431">
        <ele>1250.4000000000001</ele>
        <time>2024-11-25T17:34:22Z</time>
      </trkpt>
      <trkpt lat="-23.001856729388237" lon="16.255621947348118">
        <ele>1252.5999999999999</ele>
        <time>2024-11-25T17:34:29Z</time>
      </trkpt>
      <trkpt lat="-23.001810628920794" lon="16.255476856604218">
        <ele>1254</ele>
        <time>2024-11-25T17:34:36Z</time>
      </trkpt>
      <trkpt lat="-23.001763103529811" lon="16.255329335108399">
        <ele>1254.5999999999999</ele>
        <time>2024-11-25T17:34:43Z</time>
      </trkpt>
      <trkpt lat="-23.001644667237997" lon="16.254825918003917">
        <ele>1254.5999999999999</ele>
        <time>2024-11-25T17:34:50Z</time>
      </trkpt>
      <trkpt lat="-23.001612648367882" lon="16.254647551104426">
        <ele>1254.2</ele>
        <time>2024-11-25T17:34:57Z</time>
      </trkpt>
      <trkpt lat="-23.001585071906447" lon="16.254466585814953">
        <ele>1253.4000000000001</ele>
        <time>2024-11-25T17:35:04Z</time>
      </trkpt>
      <trkpt lat="-23.001566044986248" lon="16.254282686859369">
        <ele>1252.4000000000001</ele>
        <time>2024-11-25T17:35:11Z</time>
      </trkpt>
      <trkpt lat="-23.001565206795931" lon="16.25410046428442">
        <ele>1251</ele>
        <time>2024-11-25T17:35:18Z</time>
      </trkpt>
      <trkpt lat="-23.00159303471446" lon="16.253915224224329">
        <ele>1250.4000000000001</ele>
        <time>2024-11-25T17:35:25Z</time>
      </trkpt>
      <trkpt lat="-23.001644080504775" lon="16.253724955022335">
        <ele>1249</ele>
        <time>2024-11-25T17:35:32Z</time>
      </trkpt>
      <trkpt lat="-23.001711135730147" lon="16.253524459898472">
        <ele>1247</ele>
        <time>2024-11-25T17:35:40Z</time>
      </trkpt>
      <trkpt lat="-23.001786237582564" lon="16.253319857642055">
        <ele>1244.5999999999999</ele>
        <time>2024-11-25T17:35:47Z</time>
      </trkpt>
      <trkpt lat="-23.001863351091743" lon="16.253111148253083">
        <ele>1243.2</ele>
        <time>2024-11-25T17:35:54Z</time>
      </trkpt>
      <trkpt lat="-23.001946583390236" lon="16.252902522683144">
        <ele>1240.2</ele>
        <time>2024-11-25T17:36:01Z</time>
      </trkpt>
      <trkpt lat="-23.00203182734549" lon="16.252695992588997">
        <ele>1238</ele>
        <time>2024-11-25T17:36:08Z</time>
      </trkpt>
      <trkpt lat="-23.002110114321113" lon="16.2525006942451">
        <ele>1235.5999999999999</ele>
        <time>2024-11-25T17:36:15Z</time>
      </trkpt>
      <trkpt lat="-23.002185970544815" lon="16.252314196899533">
        <ele>1233</ele>
        <time>2024-11-25T17:36:22Z</time>
      </trkpt>
      <trkpt lat="-23.002260737121105" lon="16.252126777544618">
        <ele>1231.2</ele>
        <time>2024-11-25T17:36:29Z</time>
      </trkpt>
      <trkpt lat="-23.002336677163839" lon="16.251940783113241">
        <ele>1229.8</ele>
        <time>2024-11-25T17:36:36Z</time>
      </trkpt>
      <trkpt lat="-23.002415299415588" lon="16.251755207777023">
        <ele>1228.4000000000001</ele>
        <time>2024-11-25T17:36:43Z</time>
      </trkpt>
      <trkpt lat="-23.002494927495718" lon="16.251569213345647">
        <ele>1228.4000000000001</ele>
        <time>2024-11-25T17:36:51Z</time>
      </trkpt>
      <trkpt lat="-23.002574220299721" lon="16.251384224742651">
        <ele>1228.4000000000001</ele>
        <time>2024-11-25T17:36:58Z</time>
      </trkpt>
      <trkpt lat="-23.002650663256645" lon="16.251204768195748">
        <ele>1228.4000000000001</ele>
        <time>2024-11-25T17:37:05Z</time>
      </trkpt>
      <trkpt lat="-23.002723753452301" lon="16.251027993857861">
        <ele>1230</ele>
        <time>2024-11-25T17:37:12Z</time>
      </trkpt>
      <trkpt lat="-23.002792485058308" lon="16.2508549913764">
        <ele>1231.2</ele>
        <time>2024-11-25T17:37:19Z</time>
      </trkpt>
      <trkpt lat="-23.002857780084014" lon="16.250687185674906">
        <ele>1232.4000000000001</ele>
        <time>2024-11-25T17:37:26Z</time>
      </trkpt>
      <trkpt lat="-23.002919219434261" lon="16.250524576753378">
        <ele>1234</ele>
        <time>2024-11-25T17:37:33Z</time>
      </trkpt>
      <trkpt lat="-23.002976551651955" lon="16.250361129641533">
        <ele>1235</ele>
        <time>2024-11-25T17:37:40Z</time>
      </trkpt>
      <trkpt lat="-23.003027262166142" lon="16.250200280919671">
        <ele>1235.2</ele>
        <time>2024-11-25T17:37:48Z</time>
      </trkpt>
      <trkpt lat="-23.003077805042267" lon="16.250028619542718">
        <ele>1235.2</ele>
        <time>2024-11-25T17:37:55Z</time>
      </trkpt>
      <trkpt lat="-23.003259273245931" lon="16.249480359256268">
        <ele>1233.8</ele>
        <time>2024-11-25T17:38:02Z</time>
      </trkpt>
      <trkpt lat="-23.003325406461954" lon="16.249290592968464">
        <ele>1232.4000000000001</ele>
        <time>2024-11-25T17:38:09Z</time>
      </trkpt>
      <trkpt lat="-23.003399418666959" lon="16.249104263260961">
        <ele>1230.8</ele>
        <time>2024-11-25T17:38:16Z</time>
      </trkpt>
      <trkpt lat="-23.003485081717372" lon="16.248921034857631">
        <ele>1228.8</ele>
        <time>2024-11-25T17:38:23Z</time>
      </trkpt>
      <trkpt lat="-23.003583317622542" lon="16.248747780919075">
        <ele>1226.8</ele>
        <time>2024-11-25T17:38:30Z</time>
      </trkpt>
      <trkpt lat="-23.003694545477629" lon="16.248580142855644">
        <ele>1225</ele>
        <time>2024-11-25T17:38:37Z</time>
      </trkpt>
      <trkpt lat="-23.00382069312036" lon="16.248421976342797">
        <ele>1223.5999999999999</ele>
        <time>2024-11-25T17:38:45Z</time>
      </trkpt>
      <trkpt lat="-23.003955222666264" lon="16.248267665505409">
        <ele>1221.2</ele>
        <time>2024-11-25T17:38:52Z</time>
      </trkpt>
      <trkpt lat="-23.004376832395792" lon="16.247825520113111">
        <ele>1221.2</ele>
        <time>2024-11-25T17:38:59Z</time>
      </trkpt>
      <trkpt lat="-23.004668606445193" lon="16.247533746063709">
        <ele>1222.8</ele>
        <time>2024-11-25T17:39:06Z</time>
      </trkpt>
      <trkpt lat="-23.004810931161046" lon="16.247385134920478">
        <ele>1223</ele>
        <time>2024-11-25T17:39:13Z</time>
      </trkpt>
      <trkpt lat="-23.005090551450849" lon="16.2471042573452">
        <ele>1224</ele>
        <time>2024-11-25T17:39:20Z</time>
      </trkpt>
      <trkpt lat="-23.005226086825132" lon="16.246971990913153">
        <ele>1225.4000000000001</ele>
        <time>2024-11-25T17:39:27Z</time>
      </trkpt>
      <trkpt lat="-23.005349719896913" lon="16.246844083070755">
        <ele>1226.2</ele>
        <time>2024-11-25T17:39:35Z</time>
      </trkpt>
      <trkpt lat="-23.005457762628794" lon="16.24672363512218">
        <ele>1227</ele>
        <time>2024-11-25T17:39:42Z</time>
      </trkpt>
      <trkpt lat="-23.005554070696235" lon="16.246606120839715">
        <ele>1228.2</ele>
        <time>2024-11-25T17:39:49Z</time>
      </trkpt>
      <trkpt lat="-23.005648450925946" lon="16.246493384242058">
        <ele>1229.4000000000001</ele>
        <time>2024-11-25T17:39:56Z</time>
      </trkpt>
      <trkpt lat="-23.005745010450482" lon="16.24637913890183">
        <ele>1230.4000000000001</ele>
        <time>2024-11-25T17:40:03Z</time>
      </trkpt>
      <trkpt lat="-23.005847688764334" lon="16.246257098391652">
        <ele>1230.4000000000001</ele>
        <time>2024-11-25T17:40:10Z</time>
      </trkpt>
      <trkpt lat="-23.006078861653805" lon="16.246001869440079">
        <ele>1230.2</ele>
        <time>2024-11-25T17:40:17Z</time>
      </trkpt>
      <trkpt lat="-23.006463507190347" lon="16.245589563623071">
        <ele>1228.4000000000001</ele>
        <time>2024-11-25T17:40:25Z</time>
      </trkpt>
      <trkpt lat="-23.006600216031075" lon="16.245438270270824">
        <ele>1228</ele>
        <time>2024-11-25T17:40:32Z</time>
      </trkpt>
      <trkpt lat="-23.006882015615702" lon="16.245139706879854">
        <ele>1226.4000000000001</ele>
        <time>2024-11-25T17:40:39Z</time>
      </trkpt>
      <trkpt lat="-23.007179070264101" lon="16.244852123782039">
        <ele>1224.8</ele>
        <time>2024-11-25T17:40:46Z</time>
      </trkpt>
      <trkpt lat="-23.007329106330872" lon="16.244711643084884">
        <ele>1223.5999999999999</ele>
        <time>2024-11-25T17:40:53Z</time>
      </trkpt>
      <trkpt lat="-23.00747905857861" lon="16.244565127417445">
        <ele>1222.5999999999999</ele>
        <time>2024-11-25T17:41:00Z</time>
      </trkpt>
      <trkpt lat="-23.00762222148478" lon="16.244417103007436">
        <ele>1220.5999999999999</ele>
        <time>2024-11-25T17:41:08Z</time>
      </trkpt>
      <trkpt lat="-23.007752895355225" lon="16.244266480207443">
        <ele>1219</ele>
        <time>2024-11-25T17:41:15Z</time>
      </trkpt>
      <trkpt lat="-23.007870661094785" lon="16.24410898424685">
        <ele>1216.2</ele>
        <time>2024-11-25T17:41:22Z</time>
      </trkpt>
      <trkpt lat="-23.007976859807968" lon="16.243947884067893">
        <ele>1214.8</ele>
        <time>2024-11-25T17:41:29Z</time>
      </trkpt>
      <trkpt lat="-23.008063863962889" lon="16.243780748918653">
        <ele>1213.4000000000001</ele>
        <time>2024-11-25T17:41:36Z</time>
      </trkpt>
      <trkpt lat="-23.0081254709512" lon="16.243605650961399">
        <ele>1212.5999999999999</ele>
        <time>2024-11-25T17:41:43Z</time>
      </trkpt>
      <trkpt lat="-23.008159166201949" lon="16.243419153615832">
        <ele>1210.5999999999999</ele>
        <time>2024-11-25T17:41:51Z</time>
      </trkpt>
      <trkpt lat="-23.008177857846022" lon="16.243226872757077">
        <ele>1209</ele>
        <time>2024-11-25T17:41:58Z</time>
      </trkpt>
      <trkpt lat="-23.008186491206288" lon="16.243038699030876">
        <ele>1207.5999999999999</ele>
        <time>2024-11-25T17:42:05Z</time>
      </trkpt>
      <trkpt lat="-23.008191268891096" lon="16.242855135351419">
        <ele>1206</ele>
        <time>2024-11-25T17:42:12Z</time>
      </trkpt>
      <trkpt lat="-23.00819193944335" lon="16.242677858099341">
        <ele>1204</ele>
        <time>2024-11-25T17:42:19Z</time>
      </trkpt>
      <trkpt lat="-23.008184563368559" lon="16.242515668272972">
        <ele>1202.2</ele>
        <time>2024-11-25T17:42:27Z</time>
      </trkpt>
      <trkpt lat="-23.008178109303117" lon="16.242371164262295">
        <ele>1200.5999999999999</ele>
        <time>2024-11-25T17:42:34Z</time>
      </trkpt>
      <trkpt lat="-23.008171319961548" lon="16.242237389087677">
        <ele>1199.2</ele>
        <time>2024-11-25T17:42:41Z</time>
      </trkpt>
      <trkpt lat="-23.008165201172233" lon="16.242118617519736">
        <ele>1198.2</ele>
        <time>2024-11-25T17:42:48Z</time>
      </trkpt>
      <trkpt lat="-23.008163776248693" lon="16.242020381614566">
        <ele>1197</ele>
        <time>2024-11-25T17:42:55Z</time>
      </trkpt>
      <trkpt lat="-23.008161932229996" lon="16.241941507905722">
        <ele>1196.4000000000001</ele>
        <time>2024-11-25T17:43:02Z</time>
      </trkpt>
      <trkpt lat="-23.008158914744854" lon="16.241879398003221">
        <ele>1194.5999999999999</ele>
        <time>2024-11-25T17:43:10Z</time>
      </trkpt>
      <trkpt lat="-23.008157406002283" lon="16.241837656125426">
        <ele>1193.2</ele>
        <time>2024-11-25T17:43:17Z</time>
      </trkpt>
      <trkpt lat="-23.008157825097442" lon="16.241818126291037">
        <ele>1193.2</ele>
        <time>2024-11-25T17:43:24Z</time>
      </trkpt>
      <trkpt lat="-23.008168889209628" lon="16.241752412170172">
        <ele>1193.4000000000001</ele>
        <time>2024-11-25T17:43:31Z</time>
      </trkpt>
      <trkpt lat="-23.008171739056706" lon="16.241751071065664">
        <ele>1193.4000000000001</ele>
        <time>2024-11-25T17:43:38Z</time>
      </trkpt>
      <trkpt lat="-23.00817190669477" lon="16.241748724132776">
        <ele>1193.4000000000001</ele>
        <time>2024-11-25T17:43:46Z</time>
      </trkpt>
      <trkpt lat="-23.00816997885704" lon="16.241741431877017">
        <ele>1193</ele>
        <time>2024-11-25T17:43:53Z</time>
      </trkpt>
      <trkpt lat="-23.008151454851031" lon="16.241705054417253">
        <ele>1192.8</ele>
        <time>2024-11-25T17:44:00Z</time>
      </trkpt>
      <trkpt lat="-23.008135529235005" lon="16.241695582866669">
        <ele>1192.8</ele>
        <time>2024-11-25T17:44:07Z</time>
      </trkpt>
      <trkpt lat="-23.008136032149196" lon="16.241696588695049">
        <ele>1192.5999999999999</ele>
        <time>2024-11-25T17:44:14Z</time>
      </trkpt>
      <trkpt lat="-23.008161848410964" lon="16.241726176813245">
        <ele>1192</ele>
        <time>2024-11-25T17:44:22Z</time>
      </trkpt>
      <trkpt lat="-23.008164949715137" lon="16.241734810173512">
        <ele>1192</ele>
        <time>2024-11-25T17:44:29Z</time>
      </trkpt>
      <trkpt lat="-23.008164698258042" lon="16.241713268682361">
        <ele>1192.4000000000001</ele>
        <time>2024-11-25T17:44:36Z</time>
      </trkpt>
      <trkpt lat="-23.008167548105121" lon="16.241660127416253">
        <ele>1192.4000000000001</ele>
        <time>2024-11-25T17:44:43Z</time>
      </trkpt>
      <trkpt lat="-23.008166290819645" lon="16.241651494055986">
        <ele>1192.2</ele>
        <time>2024-11-25T17:44:50Z</time>
      </trkpt>
      <trkpt lat="-23.008160758763552" lon="16.241646213456988">
        <ele>1191.8</ele>
        <time>2024-11-25T17:44:57Z</time>
      </trkpt>
      <trkpt lat="-23.008157489821315" lon="16.241638166829944">
        <ele>1191.5999999999999</ele>
        <time>2024-11-25T17:45:05Z</time>
      </trkpt>
      <trkpt lat="-23.008155059069395" lon="16.241610758006573">
        <ele>1191.4000000000001</ele>
        <time>2024-11-25T17:45:12Z</time>
      </trkpt>
      <trkpt lat="-23.008156232535839" lon="16.241562394425273">
        <ele>1190.8</ele>
        <time>2024-11-25T17:45:19Z</time>
      </trkpt>
      <trkpt lat="-23.008154388517141" lon="16.241411017253995">
        <ele>1190.4000000000001</ele>
        <time>2024-11-25T17:45:26Z</time>
      </trkpt>
      <trkpt lat="-23.008146928623319" lon="16.241207839921117">
        <ele>1189.4000000000001</ele>
        <time>2024-11-25T17:45:33Z</time>
      </trkpt>
      <trkpt lat="-23.00813284702599" lon="16.24098370783031">
        <ele>1188.4000000000001</ele>
        <time>2024-11-25T17:45:41Z</time>
      </trkpt>
      <trkpt lat="-23.008127985522151" lon="16.240853201597929">
        <ele>1188</ele>
        <time>2024-11-25T17:45:48Z</time>
      </trkpt>
      <trkpt lat="-23.008137624710798" lon="16.240562265738845">
        <ele>1186.8</ele>
        <time>2024-11-25T17:45:55Z</time>
      </trkpt>
      <trkpt lat="-23.008162518963218" lon="16.24041642062366">
        <ele>1186</ele>
        <time>2024-11-25T17:46:02Z</time>
      </trkpt>
      <trkpt lat="-23.008206021040678" lon="16.240276861935854">
        <ele>1185.5999999999999</ele>
        <time>2024-11-25T17:46:09Z</time>
      </trkpt>
      <trkpt lat="-23.008272489532828" lon="16.24014375731349">
        <ele>1185.2</ele>
        <time>2024-11-25T17:46:17Z</time>
      </trkpt>
      <trkpt lat="-23.008354380726814" lon="16.240030769258738">
        <ele>1184.8</ele>
        <time>2024-11-25T17:46:24Z</time>
      </trkpt>
      <trkpt lat="-23.008452700451016" lon="16.239923145622015">
        <ele>1184.5999999999999</ele>
        <time>2024-11-25T17:46:31Z</time>
      </trkpt>
      <trkpt lat="-23.00855646841228" lon="16.239816946908832">
        <ele>1184.5999999999999</ele>
        <time>2024-11-25T17:46:38Z</time>
      </trkpt>
      <trkpt lat="-23.008672473952174" lon="16.239709574729204">
        <ele>1184</ele>
        <time>2024-11-25T17:46:45Z</time>
      </trkpt>
      <trkpt lat="-23.008905742317438" lon="16.239490387961268">
        <ele>1183.2</ele>
        <time>2024-11-25T17:46:53Z</time>
      </trkpt>
      <trkpt lat="-23.009232887998223" lon="16.239139689132571">
        <ele>1183.4000000000001</ele>
        <time>2024-11-25T17:47:00Z</time>
      </trkpt>
      <trkpt lat="-23.009660029783845" lon="16.238654460757971">
        <ele>1183.8</ele>
        <time>2024-11-25T17:47:07Z</time>
      </trkpt>
      <trkpt lat="-23.010014165192842" lon="16.238281046971679">
        <ele>1181.4000000000001</ele>
        <time>2024-11-25T17:47:14Z</time>
      </trkpt>
      <trkpt lat="-23.010135954245925" lon="16.238155821338296">
        <ele>1180.4000000000001</ele>
        <time>2024-11-25T17:47:21Z</time>
      </trkpt>
      <trkpt lat="-23.010373581200838" lon="16.237913500517607">
        <ele>1180.4000000000001</ele>
        <time>2024-11-25T17:47:29Z</time>
      </trkpt>
      <trkpt lat="-23.010487239807844" lon="16.237793639302254">
        <ele>1180.8</ele>
        <time>2024-11-25T17:47:36Z</time>
      </trkpt>
      <trkpt lat="-23.01059796474874" lon="16.237673358991742">
        <ele>1181.8</ele>
        <time>2024-11-25T17:47:43Z</time>
      </trkpt>
      <trkpt lat="-23.010711539536715" lon="16.237546540796757">
        <ele>1181.8</ele>
        <time>2024-11-25T17:47:50Z</time>
      </trkpt>
      <trkpt lat="-23.010824611410499" lon="16.237413603812456">
        <ele>1181.8</ele>
        <time>2024-11-25T17:47:58Z</time>
      </trkpt>
      <trkpt lat="-23.011033488437533" lon="16.237131301313639">
        <ele>1181.2</ele>
        <time>2024-11-25T17:48:05Z</time>
      </trkpt>
      <trkpt lat="-23.011126276105642" lon="16.236978247761726">
        <ele>1179.8</ele>
        <time>2024-11-25T17:48:12Z</time>
      </trkpt>
      <trkpt lat="-23.011216633021832" lon="16.236821254715323">
        <ele>1179.2</ele>
        <time>2024-11-25T17:48:19Z</time>
      </trkpt>
      <trkpt lat="-23.011298943310976" lon="16.2366549577564">
        <ele>1177.5999999999999</ele>
        <time>2024-11-25T17:48:26Z</time>
      </trkpt>
      <trkpt lat="-23.01144378259778" lon="16.236300822347403">
        <ele>1175.8</ele>
        <time>2024-11-25T17:48:34Z</time>
      </trkpt>
      <trkpt lat="-23.011511927470565" lon="16.236125305294991">
        <ele>1174.8</ele>
        <time>2024-11-25T17:48:41Z</time>
      </trkpt>
      <trkpt lat="-23.011578228324652" lon="16.235948782414198">
        <ele>1173</ele>
        <time>2024-11-25T17:48:48Z</time>
      </trkpt>
      <trkpt lat="-23.01164360716939" lon="16.235770666971803">
        <ele>1171.4000000000001</ele>
        <time>2024-11-25T17:48:55Z</time>
      </trkpt>
      <trkpt lat="-23.011708734557033" lon="16.235594479367137">
        <ele>1169.8</ele>
        <time>2024-11-25T17:49:03Z</time>
      </trkpt>
      <trkpt lat="-23.011772939935327" lon="16.235424997285008">
        <ele>1169.8</ele>
        <time>2024-11-25T17:49:10Z</time>
      </trkpt>
      <trkpt lat="-23.011834546923637" lon="16.235259622335434">
        <ele>1169.8</ele>
        <time>2024-11-25T17:49:17Z</time>
      </trkpt>
      <trkpt lat="-23.011893639340997" lon="16.235093073919415">
        <ele>1169.8</ele>
        <time>2024-11-25T17:49:24Z</time>
      </trkpt>
      <trkpt lat="-23.011952815577388" lon="16.234927196055651">
        <ele>1170.4000000000001</ele>
        <time>2024-11-25T17:49:32Z</time>
      </trkpt>
      <trkpt lat="-23.012009058147669" lon="16.234763665124774">
        <ele>1171</ele>
        <time>2024-11-25T17:49:39Z</time>
      </trkpt>
      <trkpt lat="-23.012063624337316" lon="16.234597703441978">
        <ele>1171.8</ele>
        <time>2024-11-25T17:49:46Z</time>
      </trkpt>
      <trkpt lat="-23.012122716754675" lon="16.234432496130466">
        <ele>1172.2</ele>
        <time>2024-11-25T17:49:53Z</time>
      </trkpt>
      <trkpt lat="-23.012335617095232" lon="16.233947854489088">
        <ele>1172.2</ele>
        <time>2024-11-25T17:50:01Z</time>
      </trkpt>
      <trkpt lat="-23.012528149411082" lon="16.233660355210304">
        <ele>1170.8</ele>
        <time>2024-11-25T17:50:08Z</time>
      </trkpt>
      <trkpt lat="-23.012618673965335" lon="16.233528926968575">
        <ele>1170.8</ele>
        <time>2024-11-25T17:50:15Z</time>
      </trkpt>
      <trkpt lat="-23.012695200741291" lon="16.233397498726845">
        <ele>1170.8</ele>
        <time>2024-11-25T17:50:22Z</time>
      </trkpt>
      <trkpt lat="-23.012764435261488" lon="16.233263975009322">
        <ele>1170.8</ele>
        <time>2024-11-25T17:50:30Z</time>
      </trkpt>
      <trkpt lat="-23.012823108583689" lon="16.233122237026691">
        <ele>1171.5999999999999</ele>
        <time>2024-11-25T17:50:37Z</time>
      </trkpt>
      <trkpt lat="-23.012871891260147" lon="16.232974715530872">
        <ele>1173</ele>
        <time>2024-11-25T17:50:44Z</time>
      </trkpt>
      <trkpt lat="-23.013037266209722" lon="16.232491247355938">
        <ele>1173.2</ele>
        <time>2024-11-25T17:50:51Z</time>
      </trkpt>
      <trkpt lat="-23.013216303661466" lon="16.231975508853793">
        <ele>1171.8</ele>
        <time>2024-11-25T17:50:59Z</time>
      </trkpt>
      <trkpt lat="-23.013352761045098" lon="16.231613662093878">
        <ele>1170.4000000000001</ele>
        <time>2024-11-25T17:51:06Z</time>
      </trkpt>
      <trkpt lat="-23.013493493199348" lon="16.231237649917603">
        <ele>1168.4000000000001</ele>
        <time>2024-11-25T17:51:13Z</time>
      </trkpt>
      <trkpt lat="-23.013566918671131" lon="16.231048554182053">
        <ele>1167</ele>
        <time>2024-11-25T17:51:20Z</time>
      </trkpt>
      <trkpt lat="-23.013718379661441" lon="16.230679582804441">
        <ele>1164.5999999999999</ele>
        <time>2024-11-25T17:51:28Z</time>
      </trkpt>
      <trkpt lat="-23.013800606131554" lon="16.230508591979742">
        <ele>1163.2</ele>
        <time>2024-11-25T17:51:35Z</time>
      </trkpt>
      <trkpt lat="-23.013883670791984" lon="16.230344977229834">
        <ele>1160.8</ele>
        <time>2024-11-25T17:51:42Z</time>
      </trkpt>
      <trkpt lat="-23.013976458460093" lon="16.23019041493535">
        <ele>1159.2</ele>
        <time>2024-11-25T17:51:49Z</time>
      </trkpt>
      <trkpt lat="-23.014080310240388" lon="16.230048593133688">
        <ele>1158</ele>
        <time>2024-11-25T17:51:57Z</time>
      </trkpt>
      <trkpt lat="-23.014191873371601" lon="16.229909202083945">
        <ele>1157.5999999999999</ele>
        <time>2024-11-25T17:52:04Z</time>
      </trkpt>
      <trkpt lat="-23.014441067352891" lon="16.229619523510337">
        <ele>1157</ele>
        <time>2024-11-25T17:52:11Z</time>
      </trkpt>
      <trkpt lat="-23.014572747051716" lon="16.229467643424869">
        <ele>1157</ele>
        <time>2024-11-25T17:52:19Z</time>
      </trkpt>
      <trkpt lat="-23.014716412872076" lon="16.229310901835561">
        <ele>1157</ele>
        <time>2024-11-25T17:52:26Z</time>
      </trkpt>
      <trkpt lat="-23.015180686488748" lon="16.228831205517054">
        <ele>1157</ele>
        <time>2024-11-25T17:52:33Z</time>
      </trkpt>
      <trkpt lat="-23.015333069488406" lon="16.228672284632921">
        <ele>1156.8</ele>
        <time>2024-11-25T17:52:40Z</time>
      </trkpt>
      <trkpt lat="-23.015480423346162" lon="16.228514034301043">
        <ele>1156.5999999999999</ele>
        <time>2024-11-25T17:52:48Z</time>
      </trkpt>
      <trkpt lat="-23.015618892386556" lon="16.22836290858686">
        <ele>1156.2</ele>
        <time>2024-11-25T17:52:55Z</time>
      </trkpt>
      <trkpt lat="-23.015749817714095" lon="16.228217398747802">
        <ele>1156</ele>
        <time>2024-11-25T17:53:02Z</time>
      </trkpt>
      <trkpt lat="-23.015874456614256" lon="16.228071302175522">
        <ele>1154.8</ele>
        <time>2024-11-25T17:53:10Z</time>
      </trkpt>
      <trkpt lat="-23.016000017523766" lon="16.227925037965178">
        <ele>1153</ele>
        <time>2024-11-25T17:53:17Z</time>
      </trkpt>
      <trkpt lat="-23.016129182651639" lon="16.227783132344484">
        <ele>1151</ele>
        <time>2024-11-25T17:53:24Z</time>
      </trkpt>
      <trkpt lat="-23.016254575923085" lon="16.227642567828298">
        <ele>1150.4000000000001</ele>
        <time>2024-11-25T17:53:31Z</time>
      </trkpt>
      <trkpt lat="-23.016381226480007" lon="16.227502757683396">
        <ele>1150.4000000000001</ele>
        <time>2024-11-25T17:53:39Z</time>
      </trkpt>
      <trkpt lat="-23.01662765443325" lon="16.227224729955196">
        <ele>1150.4000000000001</ele>
        <time>2024-11-25T17:53:46Z</time>
      </trkpt>
      <trkpt lat="-23.016748772934079" lon="16.227083746343851">
        <ele>1150.5999999999999</ele>
        <time>2024-11-25T17:53:53Z</time>
      </trkpt>
      <trkpt lat="-23.016871986910701" lon="16.22693857178092">
        <ele>1151.4000000000001</ele>
        <time>2024-11-25T17:54:01Z</time>
      </trkpt>
      <trkpt lat="-23.017267277464271" lon="16.226485446095467">
        <ele>1151.4000000000001</ele>
        <time>2024-11-25T17:54:08Z</time>
      </trkpt>
      <trkpt lat="-23.017403483390808" lon="16.226328620687127">
        <ele>1151.2</ele>
        <time>2024-11-25T17:54:15Z</time>
      </trkpt>
      <trkpt lat="-23.017546059563756" lon="16.226172298192978">
        <ele>1150</ele>
        <time>2024-11-25T17:54:23Z</time>
      </trkpt>
      <trkpt lat="-23.017693078145385" lon="16.226012539118528">
        <ele>1148.8</ele>
        <time>2024-11-25T17:54:30Z</time>
      </trkpt>
      <trkpt lat="-23.018113346770406" lon="16.225541224703193">
        <ele>1148</ele>
        <time>2024-11-25T17:54:37Z</time>
      </trkpt>
      <trkpt lat="-23.018248546868563" lon="16.225383980199695">
        <ele>1147.8</ele>
        <time>2024-11-25T17:54:44Z</time>
      </trkpt>
      <trkpt lat="-23.018380561843514" lon="16.225226065143943">
        <ele>1147.8</ele>
        <time>2024-11-25T17:54:52Z</time>
      </trkpt>
      <trkpt lat="-23.018791610375047" lon="16.224753241986036">
        <ele>1147.2</ele>
        <time>2024-11-25T17:54:59Z</time>
      </trkpt>
      <trkpt lat="-23.018930498510599" lon="16.224604295566678">
        <ele>1145.8</ele>
        <time>2024-11-25T17:55:06Z</time>
      </trkpt>
      <trkpt lat="-23.019063686951995" lon="16.22446121647954">
        <ele>1144.8</ele>
        <time>2024-11-25T17:55:14Z</time>
      </trkpt>
      <trkpt lat="-23.019194193184376" lon="16.224322663620114">
        <ele>1144.8</ele>
        <time>2024-11-25T17:55:21Z</time>
      </trkpt>
      <trkpt lat="-23.019322268664837" lon="16.224182434380054">
        <ele>1144.8</ele>
        <time>2024-11-25T17:55:28Z</time>
      </trkpt>
      <trkpt lat="-23.019448416307569" lon="16.224041366949677">
        <ele>1144.8</ele>
        <time>2024-11-25T17:55:36Z</time>
      </trkpt>
      <trkpt lat="-23.019569702446461" lon="16.22390222735703">
        <ele>1145</ele>
        <time>2024-11-25T17:55:43Z</time>
      </trkpt>
      <trkpt lat="-23.019680008292198" lon="16.223758477717638">
        <ele>1146</ele>
        <time>2024-11-25T17:55:50Z</time>
      </trkpt>
      <trkpt lat="-23.019775981083512" lon="16.223608860746026">
        <ele>1146.8</ele>
        <time>2024-11-25T17:55:58Z</time>
      </trkpt>
      <trkpt lat="-23.019862482324243" lon="16.223449101671576">
        <ele>1147.4000000000001</ele>
        <time>2024-11-25T17:56:05Z</time>
      </trkpt>
      <trkpt lat="-23.020021319389343" lon="16.223104856908321">
        <ele>1147.4000000000001</ele>
        <time>2024-11-25T17:56:12Z</time>
      </trkpt>
      <trkpt lat="-23.020256767049432" lon="16.22255751863122">
        <ele>1145.8</ele>
        <time>2024-11-25T17:56:20Z</time>
      </trkpt>
      <trkpt lat="-23.020405629649758" lon="16.222217716276646">
        <ele>1145.8</ele>
        <time>2024-11-25T17:56:27Z</time>
      </trkpt>
      <trkpt lat="-23.020476037636399" lon="16.222052844241261">
        <ele>1145.5999999999999</ele>
        <time>2024-11-25T17:56:34Z</time>
      </trkpt>
      <trkpt lat="-23.020546361804008" lon="16.221880512312055">
        <ele>1145.5999999999999</ele>
        <time>2024-11-25T17:56:42Z</time>
      </trkpt>
      <trkpt lat="-23.020772505551577" lon="16.221346082165837">
        <ele>1145.2</ele>
        <time>2024-11-25T17:56:49Z</time>
      </trkpt>
      <trkpt lat="-23.020853977650404" lon="16.221157405525446">
        <ele>1144.4000000000001</ele>
        <time>2024-11-25T17:56:56Z</time>
      </trkpt>
      <trkpt lat="-23.021024884656072" lon="16.220782650634646">
        <ele>1143.2</ele>
        <time>2024-11-25T17:57:04Z</time>
      </trkpt>
      <trkpt lat="-23.021198138594627" lon="16.220399681478739">
        <ele>1142</ele>
        <time>2024-11-25T17:57:11Z</time>
      </trkpt>
      <trkpt lat="-23.02128329873085" lon="16.220205388963223">
        <ele>1140.4000000000001</ele>
        <time>2024-11-25T17:57:19Z</time>
      </trkpt>
      <trkpt lat="-23.02137172780931" lon="16.220010090619326">
        <ele>1140</ele>
        <time>2024-11-25T17:57:26Z</time>
      </trkpt>
      <trkpt lat="-23.021462084725499" lon="16.219814540818334">
        <ele>1139.4000000000001</ele>
        <time>2024-11-25T17:57:33Z</time>
      </trkpt>
      <trkpt lat="-23.021639948710799" lon="16.219419417902827">
        <ele>1138.2</ele>
        <time>2024-11-25T17:57:41Z</time>
      </trkpt>
      <trkpt lat="-23.021806832402945" lon="16.219029910862446">
        <ele>1136.5999999999999</ele>
        <time>2024-11-25T17:57:48Z</time>
      </trkpt>
      <trkpt lat="-23.021888723596931" lon="16.218839976936579">
        <ele>1135.2</ele>
        <time>2024-11-25T17:57:55Z</time>
      </trkpt>
      <trkpt lat="-23.02197421900928" lon="16.218653814867139">
        <ele>1134</ele>
        <time>2024-11-25T17:58:03Z</time>
      </trkpt>
      <trkpt lat="-23.022054769098759" lon="16.218473771587014">
        <ele>1133.4000000000001</ele>
        <time>2024-11-25T17:58:10Z</time>
      </trkpt>
      <trkpt lat="-23.02213104441762" lon="16.218296997249126">
        <ele>1133.4000000000001</ele>
        <time>2024-11-25T17:58:17Z</time>
      </trkpt>
      <trkpt lat="-23.022209582850337" lon="16.218111673370004">
        <ele>1133.4000000000001</ele>
        <time>2024-11-25T17:58:25Z</time>
      </trkpt>
      <trkpt lat="-23.022366156801581" lon="16.217742701992393">
        <ele>1133.2</ele>
        <time>2024-11-25T17:58:32Z</time>
      </trkpt>
      <trkpt lat="-23.022631863132119" lon="16.217194525524974">
        <ele>1134</ele>
        <time>2024-11-25T17:58:40Z</time>
      </trkpt>
      <trkpt lat="-23.022714257240295" lon="16.217009201645851">
        <ele>1134.4000000000001</ele>
        <time>2024-11-25T17:58:47Z</time>
      </trkpt>
      <trkpt lat="-23.022796651348472" lon="16.216824967414141">
        <ele>1134.4000000000001</ele>
        <time>2024-11-25T17:58:54Z</time>
      </trkpt>
      <trkpt lat="-23.02287477068603" lon="16.216640984639525">
        <ele>1135.5999999999999</ele>
        <time>2024-11-25T17:59:02Z</time>
      </trkpt>
      <trkpt lat="-23.022947609424591" lon="16.216460186988115">
        <ele>1136.8</ele>
        <time>2024-11-25T17:59:09Z</time>
      </trkpt>
      <trkpt lat="-23.02300569601357" lon="16.21628743596375">
        <ele>1138.4000000000001</ele>
        <time>2024-11-25T17:59:16Z</time>
      </trkpt>
      <trkpt lat="-23.023041570559144" lon="16.21610957197845">
        <ele>1138.8</ele>
        <time>2024-11-25T17:59:24Z</time>
      </trkpt>
      <trkpt lat="-23.023058921098709" lon="16.215926595032215">
        <ele>1139.2</ele>
        <time>2024-11-25T17:59:31Z</time>
      </trkpt>
      <trkpt lat="-23.023083647713065" lon="16.215529292821884">
        <ele>1139.4000000000001</ele>
        <time>2024-11-25T17:59:39Z</time>
      </trkpt>
      <trkpt lat="-23.023138968273997" lon="16.215127129107714">
        <ele>1138.4000000000001</ele>
        <time>2024-11-25T17:59:46Z</time>
      </trkpt>
      <trkpt lat="-23.023178782314062" lon="16.214936608448625">
        <ele>1138</ele>
        <time>2024-11-25T17:59:53Z</time>
      </trkpt>
      <trkpt lat="-23.023221446201205" lon="16.214749775826931">
        <ele>1138</ele>
        <time>2024-11-25T18:00:01Z</time>
      </trkpt>
      <trkpt lat="-23.023270312696695" lon="16.214565709233284">
        <ele>1138</ele>
        <time>2024-11-25T18:00:08Z</time>
      </trkpt>
      <trkpt lat="-23.023380115628242" lon="16.214187433943152">
        <ele>1138.2</ele>
        <time>2024-11-25T18:00:16Z</time>
      </trkpt>
      <trkpt lat="-23.023442225530744" lon="16.213986435905099">
        <ele>1138.2</ele>
        <time>2024-11-25T18:00:23Z</time>
      </trkpt>
      <trkpt lat="-23.023663675412536" lon="16.21337422169745">
        <ele>1137.2</ele>
        <time>2024-11-25T18:00:30Z</time>
      </trkpt>
      <trkpt lat="-23.023755205795169" lon="16.21317733079195">
        <ele>1136.8</ele>
        <time>2024-11-25T18:00:38Z</time>
      </trkpt>
      <trkpt lat="-23.023858973756433" lon="16.212993683293462">
        <ele>1136.2</ele>
        <time>2024-11-25T18:00:45Z</time>
      </trkpt>
      <trkpt lat="-23.023983696475625" lon="16.212830487638712">
        <ele>1134.5999999999999</ele>
        <time>2024-11-25T18:00:53Z</time>
      </trkpt>
      <trkpt lat="-23.024129373952746" lon="16.212693192064762">
        <ele>1134.4000000000001</ele>
        <time>2024-11-25T18:01:00Z</time>
      </trkpt>
      <trkpt lat="-23.024284858256578" lon="16.21257483959198">
        <ele>1133.5999999999999</ele>
        <time>2024-11-25T18:01:07Z</time>
      </trkpt>
      <trkpt lat="-23.024455849081278" lon="16.212479285895824">
        <ele>1133.4000000000001</ele>
        <time>2024-11-25T18:01:15Z</time>
      </trkpt>
      <trkpt lat="-23.024630192667246" lon="16.21239110827446">
        <ele>1133.2</ele>
        <time>2024-11-25T18:01:22Z</time>
      </trkpt>
      <trkpt lat="-23.024803111329675" lon="16.212304271757603">
        <ele>1133.2</ele>
        <time>2024-11-25T18:01:30Z</time>
      </trkpt>
      <trkpt lat="-23.025326980277896" lon="16.212036302313209">
        <ele>1133.8</ele>
        <time>2024-11-25T18:01:37Z</time>
      </trkpt>
      <trkpt lat="-23.025880521163344" lon="16.211750144138932">
        <ele>1133.5999999999999</ele>
        <time>2024-11-25T18:01:44Z</time>
      </trkpt>
      <trkpt lat="-23.026249073445797" lon="16.211539003998041">
        <ele>1132.5999999999999</ele>
        <time>2024-11-25T18:01:52Z</time>
      </trkpt>
      <trkpt lat="-23.026423836126924" lon="16.211421070620418">
        <ele>1132.2</ele>
        <time>2024-11-25T18:01:59Z</time>
      </trkpt>
      <trkpt lat="-23.026747880503535" lon="16.211152682080865">
        <ele>1130.8</ele>
        <time>2024-11-25T18:02:07Z</time>
      </trkpt>
      <trkpt lat="-23.027152558788657" lon="16.210655970498919">
        <ele>1129.2</ele>
        <time>2024-11-25T18:02:14Z</time>
      </trkpt>
      <trkpt lat="-23.027254482731223" lon="16.210469556972384">
        <ele>1128</ele>
        <time>2024-11-25T18:02:22Z</time>
      </trkpt>
      <trkpt lat="-23.027331596240401" lon="16.210273923352361">
        <ele>1126.5999999999999</ele>
        <time>2024-11-25T18:02:29Z</time>
      </trkpt>
      <trkpt lat="-23.027390101924539" lon="16.210072925314307">
        <ele>1125.8</ele>
        <time>2024-11-25T18:02:36Z</time>
      </trkpt>
      <trkpt lat="-23.027523206546903" lon="16.209449982270598">
        <ele>1125.8</ele>
        <time>2024-11-25T18:02:44Z</time>
      </trkpt>
      <trkpt lat="-23.027565451338887" lon="16.209242530167103">
        <ele>1126</ele>
        <time>2024-11-25T18:02:51Z</time>
      </trkpt>
      <trkpt lat="-23.027643738314509" lon="16.208838270977139">
        <ele>1126.2</ele>
        <time>2024-11-25T18:02:59Z</time>
      </trkpt>
      <trkpt lat="-23.027671566233039" lon="16.208644397556782">
        <ele>1126.2</ele>
        <time>2024-11-25T18:03:06Z</time>
      </trkpt>
      <trkpt lat="-23.027685815468431" lon="16.208455301821232">
        <ele>1125.8</ele>
        <time>2024-11-25T18:03:14Z</time>
      </trkpt>
      <trkpt lat="-23.027690425515175" lon="16.208269391208887">
        <ele>1125.2</ele>
        <time>2024-11-25T18:03:21Z</time>
      </trkpt>
      <trkpt lat="-23.027690090239048" lon="16.208075769245625">
        <ele>1125</ele>
        <time>2024-11-25T18:03:29Z</time>
      </trkpt>
      <trkpt lat="-23.02768724039197" lon="16.207691123709083">
        <ele>1124.8</ele>
        <time>2024-11-25T18:03:36Z</time>
      </trkpt>
      <trkpt lat="-23.027730574831367" lon="16.207310417667031">
        <ele>1123.2</ele>
        <time>2024-11-25T18:03:43Z</time>
      </trkpt>
      <trkpt lat="-23.027791259810328" lon="16.207137499004602">
        <ele>1121.5999999999999</ele>
        <time>2024-11-25T18:03:51Z</time>
      </trkpt>
      <trkpt lat="-23.027862254530191" lon="16.20697564445436">
        <ele>1120.4000000000001</ele>
        <time>2024-11-25T18:03:58Z</time>
      </trkpt>
      <trkpt lat="-23.027938278391957" lon="16.206818148493767">
        <ele>1119.5999999999999</ele>
        <time>2024-11-25T18:04:06Z</time>
      </trkpt>
      <trkpt lat="-23.028021510690451" lon="16.206661323085427">
        <ele>1119.4000000000001</ele>
        <time>2024-11-25T18:04:13Z</time>
      </trkpt>
      <trkpt lat="-23.028296353295445" lon="16.20618405751884">
        <ele>1118.2</ele>
        <time>2024-11-25T18:04:21Z</time>
      </trkpt>
      <trkpt lat="-23.028515875339508" lon="16.205864539369941">
        <ele>1116.4000000000001</ele>
        <time>2024-11-25T18:04:28Z</time>
      </trkpt>
      <trkpt lat="-23.028648225590587" lon="16.205709809437394">
        <ele>1115.2</ele>
        <time>2024-11-25T18:04:36Z</time>
      </trkpt>
      <trkpt lat="-23.028945280238986" lon="16.205428345128894">
        <ele>1114</ele>
        <time>2024-11-25T18:04:43Z</time>
      </trkpt>
      <trkpt lat="-23.029095567762852" lon="16.205294653773308">
        <ele>1112.8</ele>
        <time>2024-11-25T18:04:51Z</time>
      </trkpt>
      <trkpt lat="-23.029389269649982" lon="16.20502844452858">
        <ele>1111.5999999999999</ele>
        <time>2024-11-25T18:04:58Z</time>
      </trkpt>
      <trkpt lat="-23.029522206634283" lon="16.204889472573996">
        <ele>1110.8</ele>
        <time>2024-11-25T18:05:05Z</time>
      </trkpt>
      <trkpt lat="-23.029648354277015" lon="16.204747315496206">
        <ele>1110.2</ele>
        <time>2024-11-25T18:05:13Z</time>
      </trkpt>
      <trkpt lat="-23.029766455292702" lon="16.204603984951973">
        <ele>1109.2</ele>
        <time>2024-11-25T18:05:20Z</time>
      </trkpt>
      <trkpt lat="-23.029879191890359" lon="16.204458642750978">
        <ele>1108.8</ele>
        <time>2024-11-25T18:05:28Z</time>
      </trkpt>
      <trkpt lat="-23.029981534928083" lon="16.204315228387713">
        <ele>1107.5999999999999</ele>
        <time>2024-11-25T18:05:35Z</time>
      </trkpt>
      <trkpt lat="-23.030077675357461" lon="16.204173993319273">
        <ele>1106.8</ele>
        <time>2024-11-25T18:05:43Z</time>
      </trkpt>
      <trkpt lat="-23.030168199911714" lon="16.204034183174372">
        <ele>1105.8</ele>
        <time>2024-11-25T18:05:50Z</time>
      </trkpt>
      <trkpt lat="-23.030251935124397" lon="16.203896468505263">
        <ele>1105</ele>
        <time>2024-11-25T18:05:58Z</time>
      </trkpt>
      <trkpt lat="-23.030332401394844" lon="16.203760681673884">
        <ele>1104.4000000000001</ele>
        <time>2024-11-25T18:06:05Z</time>
      </trkpt>
      <trkpt lat="-23.030408089980483" lon="16.203628079965711">
        <ele>1104.2</ele>
        <time>2024-11-25T18:06:13Z</time>
      </trkpt>
      <trkpt lat="-23.030476989224553" lon="16.20350151322782">
        <ele>1104</ele>
        <time>2024-11-25T18:06:20Z</time>
      </trkpt>
      <trkpt lat="-23.030547816306353" lon="16.203377041965723">
        <ele>1103.8</ele>
        <time>2024-11-25T18:06:28Z</time>
      </trkpt>
      <trkpt lat="-23.030614871531725" lon="16.203246787190437">
        <ele>1103.5999999999999</ele>
        <time>2024-11-25T18:06:35Z</time>
      </trkpt>
      <trkpt lat="-23.030687374994159" lon="16.203107396140695">
        <ele>1103.2</ele>
        <time>2024-11-25T18:06:43Z</time>
      </trkpt>
      <trkpt lat="-23.030849983915687" lon="16.202799528837204">
        <ele>1102</ele>
        <time>2024-11-25T18:06:50Z</time>
      </trkpt>
      <trkpt lat="-23.030933970585465" lon="16.20263465680182">
        <ele>1101</ele>
        <time>2024-11-25T18:06:58Z</time>
      </trkpt>
      <trkpt lat="-23.031019046902657" lon="16.202465007081628">
        <ele>1099.5999999999999</ele>
        <time>2024-11-25T18:07:05Z</time>
      </trkpt>
      <trkpt lat="-23.031105799600482" lon="16.202298877760768">
        <ele>1097.5999999999999</ele>
        <time>2024-11-25T18:07:13Z</time>
      </trkpt>
      <trkpt lat="-23.031197749078274" lon="16.202143309637904">
        <ele>1096</ele>
        <time>2024-11-25T18:07:20Z</time>
      </trkpt>
      <trkpt lat="-23.031277041882277" lon="16.201997045427561">
        <ele>1094</ele>
        <time>2024-11-25T18:07:28Z</time>
      </trkpt>
      <trkpt lat="-23.031352395191789" lon="16.201848518103361">
        <ele>1091.8</ele>
        <time>2024-11-25T18:07:35Z</time>
      </trkpt>
      <trkpt lat="-23.031433783471584" lon="16.201692447066307">
        <ele>1088.5999999999999</ele>
        <time>2024-11-25T18:07:43Z</time>
      </trkpt>
      <trkpt lat="-23.031533444300294" lon="16.20154065079987">
        <ele>1086.5999999999999</ele>
        <time>2024-11-25T18:07:50Z</time>
      </trkpt>
      <trkpt lat="-23.031697645783424" lon="16.201224150136113">
        <ele>1086.2</ele>
        <time>2024-11-25T18:07:58Z</time>
      </trkpt>
      <trkpt lat="-23.031839383766055" lon="16.200901949778199">
        <ele>1086.5999999999999</ele>
        <time>2024-11-25T18:08:05Z</time>
      </trkpt>
      <trkpt lat="-23.031892357394099" lon="16.200736910104752">
        <ele>1088</ele>
        <time>2024-11-25T18:08:13Z</time>
      </trkpt>
      <trkpt lat="-23.031937116757035" lon="16.20056139305234">
        <ele>1089.2</ele>
        <time>2024-11-25T18:08:20Z</time>
      </trkpt>
      <trkpt lat="-23.031998388469219" lon="16.200185883790255">
        <ele>1091</ele>
        <time>2024-11-25T18:08:28Z</time>
      </trkpt>
      <trkpt lat="-23.032023115083575" lon="16.199987400323153">
        <ele>1091</ele>
        <time>2024-11-25T18:08:35Z</time>
      </trkpt>
      <trkpt lat="-23.032043315470219" lon="16.199778942391276">
        <ele>1091</ele>
        <time>2024-11-25T18:08:43Z</time>
      </trkpt>
      <trkpt lat="-23.032107604667544" lon="16.199136637151241">
        <ele>1090</ele>
        <time>2024-11-25T18:08:50Z</time>
      </trkpt>
      <trkpt lat="-23.032148089259863" lon="16.198926754295826">
        <ele>1088.4000000000001</ele>
        <time>2024-11-25T18:08:58Z</time>
      </trkpt>
      <trkpt lat="-23.032247498631477" lon="16.198517801240087">
        <ele>1087.2</ele>
        <time>2024-11-25T18:09:05Z</time>
      </trkpt>
      <trkpt lat="-23.032299801707268" lon="16.198324766010046">
        <ele>1086</ele>
        <time>2024-11-25T18:09:13Z</time>
      </trkpt>
      <trkpt lat="-23.032373730093241" lon="16.198143800720572">
        <ele>1084.8</ele>
        <time>2024-11-25T18:09:20Z</time>
      </trkpt>
      <trkpt lat="-23.032456375658512" lon="16.197984293103218">
        <ele>1084</ele>
        <time>2024-11-25T18:09:28Z</time>
      </trkpt>
      <trkpt lat="-23.03254472091794" lon="16.197843393310905">
        <ele>1082</ele>
        <time>2024-11-25T18:09:35Z</time>
      </trkpt>
      <trkpt lat="-23.032637173309922" lon="16.197719927877188">
        <ele>1080.2</ele>
        <time>2024-11-25T18:09:43Z</time>
      </trkpt>
      <trkpt lat="-23.032729625701904" lon="16.197600737214088">
        <ele>1079.8</ele>
        <time>2024-11-25T18:09:50Z</time>
      </trkpt>
      <trkpt lat="-23.032834734767675" lon="16.19748255237937">
        <ele>1079</ele>
        <time>2024-11-25T18:09:58Z</time>
      </trkpt>
      <trkpt lat="-23.033037157729268" lon="16.197279207408428">
        <ele>1077</ele>
        <time>2024-11-25T18:10:05Z</time>
      </trkpt>
      <trkpt lat="-23.03313547745347" lon="16.197177786380053">
        <ele>1074.5999999999999</ele>
        <time>2024-11-25T18:10:13Z</time>
      </trkpt>
      <trkpt lat="-23.033241089433432" lon="16.197063624858856">
        <ele>1072</ele>
        <time>2024-11-25T18:10:20Z</time>
      </trkpt>
      <trkpt lat="-23.033348293974996" lon="16.196941919624805">
        <ele>1070.2</ele>
        <time>2024-11-25T18:10:28Z</time>
      </trkpt>
      <trkpt lat="-23.033456588163972" lon="16.196817113086581">
        <ele>1068.8</ele>
        <time>2024-11-25T18:10:35Z</time>
      </trkpt>
      <trkpt lat="-23.03376529365778" lon="16.19639634154737">
        <ele>1068.8</ele>
        <time>2024-11-25T18:10:43Z</time>
      </trkpt>
      <trkpt lat="-23.033879119902849" lon="16.196260051801801">
        <ele>1070.5999999999999</ele>
        <time>2024-11-25T18:10:51Z</time>
      </trkpt>
      <trkpt lat="-23.033995795994997" lon="16.196141447871923">
        <ele>1072</ele>
        <time>2024-11-25T18:10:58Z</time>
      </trkpt>
      <trkpt lat="-23.034115908667445" lon="16.196044385433197">
        <ele>1072.8</ele>
        <time>2024-11-25T18:11:06Z</time>
      </trkpt>
      <trkpt lat="-23.034237027168274" lon="16.195971965789795">
        <ele>1073.8</ele>
        <time>2024-11-25T18:11:13Z</time>
      </trkpt>
      <trkpt lat="-23.034351272508502" lon="16.195905162021518">
        <ele>1074.8</ele>
        <time>2024-11-25T18:11:21Z</time>
      </trkpt>
      <trkpt lat="-23.034444814547896" lon="16.195818912237883">
        <ele>1075.4000000000001</ele>
        <time>2024-11-25T18:11:28Z</time>
      </trkpt>
      <trkpt lat="-23.034528633579612" lon="16.195710282772779">
        <ele>1076.2</ele>
        <time>2024-11-25T18:11:36Z</time>
      </trkpt>
      <trkpt lat="-23.034605998545885" lon="16.19558472186327">
        <ele>1076.4000000000001</ele>
        <time>2024-11-25T18:11:43Z</time>
      </trkpt>
      <trkpt lat="-23.034682776778936" lon="16.195448264479637">
        <ele>1076.4000000000001</ele>
        <time>2024-11-25T18:11:51Z</time>
      </trkpt>
      <trkpt lat="-23.034757124260068" lon="16.195298312231898">
        <ele>1076.4000000000001</ele>
        <time>2024-11-25T18:11:58Z</time>
      </trkpt>
      <trkpt lat="-23.034826191142201" lon="16.195147689431906">
        <ele>1076</ele>
        <time>2024-11-25T18:12:06Z</time>
      </trkpt>
      <trkpt lat="-23.034945968538523" lon="16.194873936474323">
        <ele>1075.8</ele>
        <time>2024-11-25T18:12:14Z</time>
      </trkpt>
      <trkpt lat="-23.034987794235349" lon="16.194766312837601">
        <ele>1075.8</ele>
        <time>2024-11-25T18:12:21Z</time>
      </trkpt>
      <trkpt lat="-23.035019394010305" lon="16.194675033912063">
        <ele>1075.8</ele>
        <time>2024-11-25T18:12:29Z</time>
      </trkpt>
      <trkpt lat="-23.035054681822658" lon="16.194590963423252">
        <ele>1076.5999999999999</ele>
        <time>2024-11-25T18:12:36Z</time>
      </trkpt>
      <trkpt lat="-23.035093992948532" lon="16.194501779973507">
        <ele>1077.5999999999999</ele>
        <time>2024-11-25T18:12:44Z</time>
      </trkpt>
      <trkpt lat="-23.035134142264724" lon="16.194408992305398">
        <ele>1078.4000000000001</ele>
        <time>2024-11-25T18:12:51Z</time>
      </trkpt>
      <trkpt lat="-23.035172363743186" lon="16.19430941529572">
        <ele>1080</ele>
        <time>2024-11-25T18:12:59Z</time>
      </trkpt>
      <trkpt lat="-23.035224750638008" lon="16.194101041182876">
        <ele>1081</ele>
        <time>2024-11-25T18:13:06Z</time>
      </trkpt>
      <trkpt lat="-23.035248639062047" lon="16.193976234644651">
        <ele>1081</ele>
        <time>2024-11-25T18:13:14Z</time>
      </trkpt>
      <trkpt lat="-23.035269510000944" lon="16.193844806402922">
        <ele>1081</ele>
        <time>2024-11-25T18:13:21Z</time>
      </trkpt>
      <trkpt lat="-23.035289123654366" lon="16.193701224401593">
        <ele>1081.2</ele>
        <time>2024-11-25T18:13:29Z</time>
      </trkpt>
      <trkpt lat="-23.035305636003613" lon="16.193546745926142">
        <ele>1080</ele>
        <time>2024-11-25T18:13:37Z</time>
      </trkpt>
      <trkpt lat="-23.035325333476067" lon="16.193393273279071">
        <ele>1077.8</ele>
        <time>2024-11-25T18:13:44Z</time>
      </trkpt>
      <trkpt lat="-23.035343857482076" lon="16.193232340738177">
        <ele>1076.4000000000001</ele>
        <time>2024-11-25T18:13:52Z</time>
      </trkpt>
      <trkpt lat="-23.035364141687751" lon="16.193063193932176">
        <ele>1074.8</ele>
        <time>2024-11-25T18:13:59Z</time>
      </trkpt>
      <trkpt lat="-23.035391131415963" lon="16.19289530441165">
        <ele>1073.4000000000001</ele>
        <time>2024-11-25T18:14:07Z</time>
      </trkpt>
      <trkpt lat="-23.035430442541838" lon="16.192728504538536">
        <ele>1071.4000000000001</ele>
        <time>2024-11-25T18:14:14Z</time>
      </trkpt>
      <trkpt lat="-23.035478889942169" lon="16.192559106275439">
        <ele>1069.5999999999999</ele>
        <time>2024-11-25T18:14:22Z</time>
      </trkpt>
      <trkpt lat="-23.035533456131816" lon="16.192383756861091">
        <ele>1068.4000000000001</ele>
        <time>2024-11-25T18:14:29Z</time>
      </trkpt>
      <trkpt lat="-23.035588357597589" lon="16.192211005836725">
        <ele>1066.5999999999999</ele>
        <time>2024-11-25T18:14:37Z</time>
      </trkpt>
      <trkpt lat="-23.035645522177219" lon="16.192045295611024">
        <ele>1064.4000000000001</ele>
        <time>2024-11-25T18:14:45Z</time>
      </trkpt>
      <trkpt lat="-23.035708805546165" lon="16.191883608698845">
        <ele>1061.8</ele>
        <time>2024-11-25T18:14:52Z</time>
      </trkpt>
      <trkpt lat="-23.035782985389233" lon="16.191733907908201">
        <ele>1059</ele>
        <time>2024-11-25T18:15:00Z</time>
      </trkpt>
      <trkpt lat="-23.035872420296073" lon="16.191601390019059">
        <ele>1057.2</ele>
        <time>2024-11-25T18:15:07Z</time>
      </trkpt>
      <trkpt lat="-23.035974176600575" lon="16.191494939848781">
        <ele>1055.4000000000001</ele>
        <time>2024-11-25T18:15:15Z</time>
      </trkpt>
      <trkpt lat="-23.036093031987548" lon="16.19140843860805">
        <ele>1053</ele>
        <time>2024-11-25T18:15:22Z</time>
      </trkpt>
      <trkpt lat="-23.036224041134119" lon="16.191343478858471">
        <ele>1051.8</ele>
        <time>2024-11-25T18:15:30Z</time>
      </trkpt>
      <trkpt lat="-23.036364521831274" lon="16.191301736980677">
        <ele>1050.8</ele>
        <time>2024-11-25T18:15:38Z</time>
      </trkpt>
      <trkpt lat="-23.036512797698379" lon="16.19128237478435">
        <ele>1050.4000000000001</ele>
        <time>2024-11-25T18:15:45Z</time>
      </trkpt>
      <trkpt lat="-23.036666102707386" lon="16.191269382834435">
        <ele>1049.5999999999999</ele>
        <time>2024-11-25T18:15:53Z</time>
      </trkpt>
      <trkpt lat="-23.036819575354457" lon="16.191250020638108">
        <ele>1049</ele>
        <time>2024-11-25T18:16:00Z</time>
      </trkpt>
      <trkpt lat="-23.036972796544433" lon="16.191218504682183">
        <ele>1047.2</ele>
        <time>2024-11-25T18:16:08Z</time>
      </trkpt>
      <trkpt lat="-23.037112941965461" lon="16.191169051453471">
        <ele>1046.4000000000001</ele>
        <time>2024-11-25T18:16:15Z</time>
      </trkpt>
      <trkpt lat="-23.037245292216539" lon="16.191108282655478">
        <ele>1046.4000000000001</ele>
        <time>2024-11-25T18:16:23Z</time>
      </trkpt>
      <trkpt lat="-23.037375882267952" lon="16.191033180803061">
        <ele>1046</ele>
        <time>2024-11-25T18:16:31Z</time>
      </trkpt>
      <trkpt lat="-23.037653658539057" lon="16.190872834995389">
        <ele>1045.2</ele>
        <time>2024-11-25T18:16:38Z</time>
      </trkpt>
      <trkpt lat="-23.037794139236212" lon="16.190783651545644">
        <ele>1043.8</ele>
        <time>2024-11-25T18:16:46Z</time>
      </trkpt>
      <trkpt lat="-23.037927830591798" lon="16.190684577450156">
        <ele>1041.8</ele>
        <time>2024-11-25T18:16:53Z</time>
      </trkpt>
      <trkpt lat="-23.038178030401468" lon="16.190466312691569">
        <ele>1041.4000000000001</ele>
        <time>2024-11-25T18:17:01Z</time>
      </trkpt>
      <trkpt lat="-23.038297975435853" lon="16.190360197797418">
        <ele>1041.4000000000001</ele>
        <time>2024-11-25T18:17:09Z</time>
      </trkpt>
      <trkpt lat="-23.038409538567066" lon="16.190272942185402">
        <ele>1041.4000000000001</ele>
        <time>2024-11-25T18:17:16Z</time>
      </trkpt>
      <trkpt lat="-23.038518503308296" lon="16.190187195315957">
        <ele>1041.8</ele>
        <time>2024-11-25T18:17:24Z</time>
      </trkpt>
      <trkpt lat="-23.038641633465886" lon="16.190105471760035">
        <ele>1044.5999999999999</ele>
        <time>2024-11-25T18:17:31Z</time>
      </trkpt>
      <trkpt lat="-23.03876644000411" lon="16.190021820366383">
        <ele>1046.4000000000001</ele>
        <time>2024-11-25T18:17:39Z</time>
      </trkpt>
      <trkpt lat="-23.038890240713954" lon="16.189929703250527">
        <ele>1048.5999999999999</ele>
        <time>2024-11-25T18:17:46Z</time>
      </trkpt>
      <trkpt lat="-23.039017394185066" lon="16.189837921410799">
        <ele>1050.5999999999999</ele>
        <time>2024-11-25T18:17:54Z</time>
      </trkpt>
      <trkpt lat="-23.039145050570369" lon="16.189747983589768">
        <ele>1052.2</ele>
        <time>2024-11-25T18:18:02Z</time>
      </trkpt>
      <trkpt lat="-23.039268851280212" lon="16.189654525369406">
        <ele>1054.5999999999999</ele>
        <time>2024-11-25T18:18:09Z</time>
      </trkpt>
      <trkpt lat="-23.039391897618771" lon="16.189557127654552">
        <ele>1056.4000000000001</ele>
        <time>2024-11-25T18:18:17Z</time>
      </trkpt>
      <trkpt lat="-23.039503041654825" lon="16.189452856779099">
        <ele>1057.8</ele>
        <time>2024-11-25T18:18:24Z</time>
      </trkpt>
      <trkpt lat="-23.039588872343302" lon="16.189352525398135">
        <ele>1060.8</ele>
        <time>2024-11-25T18:18:32Z</time>
      </trkpt>
      <trkpt lat="-23.039662130177021" lon="16.18925454095006">
        <ele>1062.2</ele>
        <time>2024-11-25T18:18:40Z</time>
      </trkpt>
      <trkpt lat="-23.03973488509655" lon="16.189163010567427">
        <ele>1064.8</ele>
        <time>2024-11-25T18:18:47Z</time>
      </trkpt>
      <trkpt lat="-23.039803449064493" lon="16.18907374329865">
        <ele>1066.2</ele>
        <time>2024-11-25T18:18:55Z</time>
      </trkpt>
      <trkpt lat="-23.039852567017078" lon="16.188984643667936">
        <ele>1068.5999999999999</ele>
        <time>2024-11-25T18:19:02Z</time>
      </trkpt>
      <trkpt lat="-23.039891375228763" lon="16.188890933990479">
        <ele>1070.8</ele>
        <time>2024-11-25T18:19:10Z</time>
      </trkpt>
      <trkpt lat="-23.039924232289195" lon="16.188786663115025">
        <ele>1072</ele>
        <time>2024-11-25T18:19:18Z</time>
      </trkpt>
      <trkpt lat="-23.039955832064152" lon="16.188672836869955">
        <ele>1073.4000000000001</ele>
        <time>2024-11-25T18:19:25Z</time>
      </trkpt>
      <trkpt lat="-23.03998458199203" lon="16.188550461083651">
        <ele>1075.2</ele>
        <time>2024-11-25T18:19:33Z</time>
      </trkpt>
      <trkpt lat="-23.040011823177338" lon="16.188420122489333">
        <ele>1076</ele>
        <time>2024-11-25T18:19:40Z</time>
      </trkpt>
      <trkpt lat="-23.040034873411059" lon="16.188281401991844">
        <ele>1077.2</ele>
        <time>2024-11-25T18:19:48Z</time>
      </trkpt>
      <trkpt lat="-23.040050296112895" lon="16.188130946829915">
        <ele>1078</ele>
        <time>2024-11-25T18:19:56Z</time>
      </trkpt>
      <trkpt lat="-23.040060354396701" lon="16.187975713983178">
        <ele>1078.5999999999999</ele>
        <time>2024-11-25T18:20:03Z</time>
      </trkpt>
      <trkpt lat="-23.040102515369654" lon="16.187497023493052">
        <ele>1079.8</ele>
        <time>2024-11-25T18:20:11Z</time>
      </trkpt>
      <trkpt lat="-23.040137467905879" lon="16.187169374898076">
        <ele>1081.4000000000001</ele>
        <time>2024-11-25T18:20:19Z</time>
      </trkpt>
      <trkpt lat="-23.040152220055461" lon="16.186995366588235">
        <ele>1081.8</ele>
        <time>2024-11-25T18:20:26Z</time>
      </trkpt>
      <trkpt lat="-23.040164206176996" lon="16.186818592250347">
        <ele>1082.4000000000001</ele>
        <time>2024-11-25T18:20:34Z</time>
      </trkpt>
      <trkpt lat="-23.04023914039135" lon="16.186274439096451">
        <ele>1083.5999999999999</ele>
        <time>2024-11-25T18:20:41Z</time>
      </trkpt>
      <trkpt lat="-23.040292449295521" lon="16.186098754405975">
        <ele>1083.8</ele>
        <time>2024-11-25T18:20:49Z</time>
      </trkpt>
      <trkpt lat="-23.040416166186333" lon="16.18576473556459">
        <ele>1084.8</ele>
        <time>2024-11-25T18:20:57Z</time>
      </trkpt>
      <trkpt lat="-23.04048296995461" lon="16.185605060309172">
        <ele>1085.2</ele>
        <time>2024-11-25T18:21:04Z</time>
      </trkpt>
      <trkpt lat="-23.040549773722887" lon="16.185449827462435">
        <ele>1085.5999999999999</ele>
        <time>2024-11-25T18:21:12Z</time>
      </trkpt>
      <trkpt lat="-23.040608111768961" lon="16.185288140550256">
        <ele>1085.5999999999999</ele>
        <time>2024-11-25T18:21:19Z</time>
      </trkpt>
      <trkpt lat="-23.040675586089492" lon="16.185118826106191">
        <ele>1085.5999999999999</ele>
        <time>2024-11-25T18:21:27Z</time>
      </trkpt>
      <trkpt lat="-23.040750604122877" lon="16.184935178607702">
        <ele>1085.4000000000001</ele>
        <time>2024-11-25T18:21:35Z</time>
      </trkpt>
      <trkpt lat="-23.040832746773958" lon="16.184745412319899">
        <ele>1084</ele>
        <time>2024-11-25T18:21:42Z</time>
      </trkpt>
      <trkpt lat="-23.040917068719864" lon="16.184556484222412">
        <ele>1081.8</ele>
        <time>2024-11-25T18:21:50Z</time>
      </trkpt>
      <trkpt lat="-23.041009185835719" lon="16.18436286225915">
        <ele>1079.5999999999999</ele>
        <time>2024-11-25T18:21:58Z</time>
      </trkpt>
      <trkpt lat="-23.041102392598987" lon="16.184172090142965">
        <ele>1078.2</ele>
        <time>2024-11-25T18:22:05Z</time>
      </trkpt>
      <trkpt lat="-23.041188726201653" lon="16.183986682444811">
        <ele>1078.2</ele>
        <time>2024-11-25T18:22:13Z</time>
      </trkpt>
      <trkpt lat="-23.041275311261415" lon="16.183808902278543">
        <ele>1078.4000000000001</ele>
        <time>2024-11-25T18:22:21Z</time>
      </trkpt>
      <trkpt lat="-23.041356448084116" lon="16.18364067748189">
        <ele>1078.4000000000001</ele>
        <time>2024-11-25T18:22:28Z</time>
      </trkpt>
      <trkpt lat="-23.041432220488787" lon="16.183473961427808">
        <ele>1079.5999999999999</ele>
        <time>2024-11-25T18:22:36Z</time>
      </trkpt>
      <trkpt lat="-23.041512267664075" lon="16.183303976431489">
        <ele>1081.8</ele>
        <time>2024-11-25T18:22:43Z</time>
      </trkpt>
      <trkpt lat="-23.041584016755223" lon="16.183136757463217">
        <ele>1084.2</ele>
        <time>2024-11-25T18:22:51Z</time>
      </trkpt>
      <trkpt lat="-23.041641181334853" lon="16.182970041409135">
        <ele>1085.4000000000001</ele>
        <time>2024-11-25T18:22:59Z</time>
      </trkpt>
      <trkpt lat="-23.041682923212647" lon="16.182805839926004">
        <ele>1086.5999999999999</ele>
        <time>2024-11-25T18:23:06Z</time>
      </trkpt>
      <trkpt lat="-23.04171041585505" lon="16.182640884071589">
        <ele>1087.8</ele>
        <time>2024-11-25T18:23:14Z</time>
      </trkpt>
      <trkpt lat="-23.041711924597621" lon="16.182484729215503">
        <ele>1091</ele>
        <time>2024-11-25T18:23:22Z</time>
      </trkpt>
      <trkpt lat="-23.041694574058056" lon="16.182334693148732">
        <ele>1092.8</ele>
        <time>2024-11-25T18:23:29Z</time>
      </trkpt>
      <trkpt lat="-23.041668254882097" lon="16.182185411453247">
        <ele>1094.5999999999999</ele>
        <time>2024-11-25T18:23:37Z</time>
      </trkpt>
      <trkpt lat="-23.041632883250713" lon="16.182034788653255">
        <ele>1096.5999999999999</ele>
        <time>2024-11-25T18:23:45Z</time>
      </trkpt>
      <trkpt lat="-23.041585441678762" lon="16.181885004043579">
        <ele>1099</ele>
        <time>2024-11-25T18:23:52Z</time>
      </trkpt>
      <trkpt lat="-23.041531126946211" lon="16.181738153100014">
        <ele>1100</ele>
        <time>2024-11-25T18:24:00Z</time>
      </trkpt>
      <trkpt lat="-23.041474046185613" lon="16.181595409289002">
        <ele>1101</ele>
        <time>2024-11-25T18:24:08Z</time>
      </trkpt>
      <trkpt lat="-23.04142945446074" lon="16.181453838944435">
        <ele>1102.4000000000001</ele>
        <time>2024-11-25T18:24:15Z</time>
      </trkpt>
      <trkpt lat="-23.041402716189623" lon="16.181304641067982">
        <ele>1104</ele>
        <time>2024-11-25T18:24:23Z</time>
      </trkpt>
      <trkpt lat="-23.041390227153897" lon="16.181166507303715">
        <ele>1105.5999999999999</ele>
        <time>2024-11-25T18:24:30Z</time>
      </trkpt>
      <trkpt lat="-23.041404811665416" lon="16.18103725835681">
        <ele>1107</ele>
        <time>2024-11-25T18:24:38Z</time>
      </trkpt>
      <trkpt lat="-23.041451079770923" lon="16.180918822064996">
        <ele>1108.8</ele>
        <time>2024-11-25T18:24:46Z</time>
      </trkpt>
      <trkpt lat="-23.041515704244375" lon="16.18081103079021">
        <ele>1109.4000000000001</ele>
        <time>2024-11-25T18:24:53Z</time>
      </trkpt>
      <trkpt lat="-23.041588291525841" lon="16.180700389668345">
        <ele>1110.8</ele>
        <time>2024-11-25T18:25:01Z</time>
      </trkpt>
      <trkpt lat="-23.041661297902465" lon="16.180588155984879">
        <ele>1111.2</ele>
        <time>2024-11-25T18:25:09Z</time>
      </trkpt>
      <trkpt lat="-23.041737908497453" lon="16.180465277284384">
        <ele>1112</ele>
        <time>2024-11-25T18:25:16Z</time>
      </trkpt>
      <trkpt lat="-23.041879143565893" lon="16.18019001558423">
        <ele>1112.2</ele>
        <time>2024-11-25T18:25:24Z</time>
      </trkpt>
      <trkpt lat="-23.041943600401282" lon="16.180029585957527">
        <ele>1112.2</ele>
        <time>2024-11-25T18:25:32Z</time>
      </trkpt>
      <trkpt lat="-23.042035298421979" lon="16.179681653156877">
        <ele>1111.5999999999999</ele>
        <time>2024-11-25T18:25:39Z</time>
      </trkpt>
      <trkpt lat="-23.042063377797604" lon="16.179494485259056">
        <ele>1110</ele>
        <time>2024-11-25T18:25:47Z</time>
      </trkpt>
      <trkpt lat="-23.042103359475732" lon="16.179095506668091">
        <ele>1108</ele>
        <time>2024-11-25T18:25:55Z</time>
      </trkpt>
      <trkpt lat="-23.042113166302443" lon="16.178885623812675">
        <ele>1106.5999999999999</ele>
        <time>2024-11-25T18:26:02Z</time>
      </trkpt>
      <trkpt lat="-23.042117273434997" lon="16.178675070405006">
        <ele>1105.8</ele>
        <time>2024-11-25T18:26:10Z</time>
      </trkpt>
      <trkpt lat="-23.042117105796933" lon="16.1784612480551">
        <ele>1104.8</ele>
        <time>2024-11-25T18:26:18Z</time>
      </trkpt>
      <trkpt lat="-23.042110987007618" lon="16.17824767716229">
        <ele>1104</ele>
        <time>2024-11-25T18:26:25Z</time>
      </trkpt>
      <trkpt lat="-23.042097743600607" lon="16.178034693002701">
        <ele>1103</ele>
        <time>2024-11-25T18:26:33Z</time>
      </trkpt>
      <trkpt lat="-23.042081817984581" lon="16.177821541205049">
        <ele>1102.4000000000001</ele>
        <time>2024-11-25T18:26:41Z</time>
      </trkpt>
      <trkpt lat="-23.042066982015967" lon="16.177607383579016">
        <ele>1101.5999999999999</ele>
        <time>2024-11-25T18:26:48Z</time>
      </trkpt>
      <trkpt lat="-23.042052229866385" lon="16.177393812686205">
        <ele>1101</ele>
        <time>2024-11-25T18:26:56Z</time>
      </trkpt>
      <trkpt lat="-23.042036723345518" lon="16.177182421088219">
        <ele>1100.4000000000001</ele>
        <time>2024-11-25T18:27:04Z</time>
      </trkpt>
      <trkpt lat="-23.042024821043015" lon="16.17697580717504">
        <ele>1099.4000000000001</ele>
        <time>2024-11-25T18:27:11Z</time>
      </trkpt>
      <trkpt lat="-23.04201484657824" lon="16.176769025623798">
        <ele>1098.2</ele>
        <time>2024-11-25T18:27:19Z</time>
      </trkpt>
      <trkpt lat="-23.042003279551864" lon="16.176563585177064">
        <ele>1096.8</ele>
        <time>2024-11-25T18:27:27Z</time>
      </trkpt>
      <trkpt lat="-23.041996909305453" lon="16.176161421462893">
        <ele>1096</ele>
        <time>2024-11-25T18:27:34Z</time>
      </trkpt>
      <trkpt lat="-23.041986934840679" lon="16.175967799499631">
        <ele>1096</ele>
        <time>2024-11-25T18:27:42Z</time>
      </trkpt>
      <trkpt lat="-23.041977295652032" lon="16.175778955221176">
        <ele>1096.2</ele>
        <time>2024-11-25T18:27:50Z</time>
      </trkpt>
      <trkpt lat="-23.041979726403952" lon="16.175601091235876">
        <ele>1098.4000000000001</ele>
        <time>2024-11-25T18:27:58Z</time>
      </trkpt>
      <trkpt lat="-23.041993388906121" lon="16.175437895581126">
        <ele>1100.2</ele>
        <time>2024-11-25T18:28:05Z</time>
      </trkpt>
      <trkpt lat="-23.042018702253699" lon="16.175283417105675">
        <ele>1102.8</ele>
        <time>2024-11-25T18:28:13Z</time>
      </trkpt>
      <trkpt lat="-23.042047787457705" lon="16.175141846761107">
        <ele>1104.4000000000001</ele>
        <time>2024-11-25T18:28:21Z</time>
      </trkpt>
      <trkpt lat="-23.04210520349443" lon="16.174998348578811">
        <ele>1104.8</ele>
        <time>2024-11-25T18:28:28Z</time>
      </trkpt>
      <trkpt lat="-23.042371496558189" lon="16.174547569826245">
        <ele>1104.5999999999999</ele>
        <time>2024-11-25T18:28:36Z</time>
      </trkpt>
      <trkpt lat="-23.042570818215609" lon="16.174209946766496">
        <ele>1103.2</ele>
        <time>2024-11-25T18:28:44Z</time>
      </trkpt>
      <trkpt lat="-23.04285722784698" lon="16.173700075596571">
        <ele>1103.2</ele>
        <time>2024-11-25T18:28:51Z</time>
      </trkpt>
      <trkpt lat="-23.043056884780526" lon="16.173358429223299">
        <ele>1104</ele>
        <time>2024-11-25T18:28:59Z</time>
      </trkpt>
      <trkpt lat="-23.043152773752809" lon="16.17319037206471">
        <ele>1104.2</ele>
        <time>2024-11-25T18:29:07Z</time>
      </trkpt>
      <trkpt lat="-23.043240364640951" lon="16.173021728172898">
        <ele>1104.5999999999999</ele>
        <time>2024-11-25T18:29:15Z</time>
      </trkpt>
      <trkpt lat="-23.043324267491698" lon="16.172847971320152">
        <ele>1104.5999999999999</ele>
        <time>2024-11-25T18:29:22Z</time>
      </trkpt>
      <trkpt lat="-23.043499616906047" lon="16.172459302470088">
        <ele>1104</ele>
        <time>2024-11-25T18:29:30Z</time>
      </trkpt>
      <trkpt lat="-23.043580166995525" lon="16.172250844538212">
        <ele>1102.5999999999999</ele>
        <time>2024-11-25T18:29:38Z</time>
      </trkpt>
      <trkpt lat="-23.04366054944694" lon="16.172038950026035">
        <ele>1101</ele>
        <time>2024-11-25T18:29:45Z</time>
      </trkpt>
      <trkpt lat="-23.043736489489675" lon="16.171829234808683">
        <ele>1099.8</ele>
        <time>2024-11-25T18:29:53Z</time>
      </trkpt>
      <trkpt lat="-23.043885603547096" lon="16.171426400542259">
        <ele>1097.8</ele>
        <time>2024-11-25T18:30:01Z</time>
      </trkpt>
      <trkpt lat="-23.043966069817543" lon="16.171231688931584">
        <ele>1097</ele>
        <time>2024-11-25T18:30:09Z</time>
      </trkpt>
      <trkpt lat="-23.04405047558248" lon="16.171043682843447">
        <ele>1096.5999999999999</ele>
        <time>2024-11-25T18:30:16Z</time>
      </trkpt>
      <trkpt lat="-23.044135384261608" lon="16.170859197154641">
        <ele>1096</ele>
        <time>2024-11-25T18:30:24Z</time>
      </trkpt>
      <trkpt lat="-23.044214174151421" lon="16.170671693980694">
        <ele>1095</ele>
        <time>2024-11-25T18:30:32Z</time>
      </trkpt>
      <trkpt lat="-23.044282151386142" lon="16.170482262969017">
        <ele>1094.2</ele>
        <time>2024-11-25T18:30:39Z</time>
      </trkpt>
      <trkpt lat="-23.044345015659928" lon="16.170287970453501">
        <ele>1093.4000000000001</ele>
        <time>2024-11-25T18:30:47Z</time>
      </trkpt>
      <trkpt lat="-23.044466804713011" lon="16.169890081509948">
        <ele>1092</ele>
        <time>2024-11-25T18:30:55Z</time>
      </trkpt>
      <trkpt lat="-23.044584402814507" lon="16.169509291648865">
        <ele>1089.4000000000001</ele>
        <time>2024-11-25T18:31:03Z</time>
      </trkpt>
      <trkpt lat="-23.044638549908996" lon="16.169329332187772">
        <ele>1087.8</ele>
        <time>2024-11-25T18:31:10Z</time>
      </trkpt>
      <trkpt lat="-23.044680375605822" lon="16.169145265594125">
        <ele>1086</ele>
        <time>2024-11-25T18:31:18Z</time>
      </trkpt>
      <trkpt lat="-23.044712310656905" lon="16.168958600610495">
        <ele>1083.4000000000001</ele>
        <time>2024-11-25T18:31:26Z</time>
      </trkpt>
      <trkpt lat="-23.044734857976437" lon="16.168773109093308">
        <ele>1081.5999999999999</ele>
        <time>2024-11-25T18:31:34Z</time>
      </trkpt>
      <trkpt lat="-23.044750196859241" lon="16.16857873275876">
        <ele>1080.2</ele>
        <time>2024-11-25T18:31:41Z</time>
      </trkpt>
      <trkpt lat="-23.044765871018171" lon="16.168374549597502">
        <ele>1077</ele>
        <time>2024-11-25T18:31:49Z</time>
      </trkpt>
      <trkpt lat="-23.044789507985115" lon="16.168171707540751">
        <ele>1074.2</ele>
        <time>2024-11-25T18:31:57Z</time>
      </trkpt>
      <trkpt lat="-23.044805265963078" lon="16.167987640947104">
        <ele>1072.8</ele>
        <time>2024-11-25T18:32:04Z</time>
      </trkpt>
      <trkpt lat="-23.044820437207818" lon="16.167812794446945">
        <ele>1072.8</ele>
        <time>2024-11-25T18:32:12Z</time>
      </trkpt>
      <trkpt lat="-23.044836111366749" lon="16.167630152776837">
        <ele>1072.8</ele>
        <time>2024-11-25T18:32:20Z</time>
      </trkpt>
      <trkpt lat="-23.04485471919179" lon="16.167439380660653">
        <ele>1073.4000000000001</ele>
        <time>2024-11-25T18:32:28Z</time>
      </trkpt>
      <trkpt lat="-23.044876512140036" lon="16.167243495583534">
        <ele>1074</ele>
        <time>2024-11-25T18:32:35Z</time>
      </trkpt>
      <trkpt lat="-23.044906686991453" lon="16.167052304372191">
        <ele>1074.2</ele>
        <time>2024-11-25T18:32:43Z</time>
      </trkpt>
      <trkpt lat="-23.045000564306974" lon="16.166662378236651">
        <ele>1074.4000000000001</ele>
        <time>2024-11-25T18:32:51Z</time>
      </trkpt>
      <trkpt lat="-23.045071642845869" lon="16.166473533958197">
        <ele>1074.5999999999999</ele>
        <time>2024-11-25T18:32:59Z</time>
      </trkpt>
      <trkpt lat="-23.045144146308303" lon="16.166288629174232">
        <ele>1074.5999999999999</ele>
        <time>2024-11-25T18:33:06Z</time>
      </trkpt>
      <trkpt lat="-23.045213297009468" lon="16.166112441569567">
        <ele>1074.8</ele>
        <time>2024-11-25T18:33:14Z</time>
      </trkpt>
      <trkpt lat="-23.045285297557712" lon="16.165945809334517">
        <ele>1075</ele>
        <time>2024-11-25T18:33:22Z</time>
      </trkpt>
      <trkpt lat="-23.045347239822149" lon="16.165797784924507">
        <ele>1075.2</ele>
        <time>2024-11-25T18:33:30Z</time>
      </trkpt>
      <trkpt lat="-23.045399291440845" lon="16.165669122710824">
        <ele>1076.2</ele>
        <time>2024-11-25T18:33:37Z</time>
      </trkpt>
      <trkpt lat="-23.045446146279573" lon="16.165562169626355">
        <ele>1076.5999999999999</ele>
        <time>2024-11-25T18:33:45Z</time>
      </trkpt>
      <trkpt lat="-23.04548554122448" lon="16.165478015318513">
        <ele>1076.8</ele>
        <time>2024-11-25T18:33:53Z</time>
      </trkpt>
      <trkpt lat="-23.04552124813199" lon="16.165395537391305">
        <ele>1077</ele>
        <time>2024-11-25T18:34:01Z</time>
      </trkpt>
      <trkpt lat="-23.045555194839835" lon="16.165305934846401">
        <ele>1077.4000000000001</ele>
        <time>2024-11-25T18:34:09Z</time>
      </trkpt>
      <trkpt lat="-23.045597104355693" lon="16.165196970105171">
        <ele>1077.4000000000001</ele>
        <time>2024-11-25T18:34:16Z</time>
      </trkpt>
      <trkpt lat="-23.045643121004105" lon="16.165072750300169">
        <ele>1077.4000000000001</ele>
        <time>2024-11-25T18:34:24Z</time>
      </trkpt>
      <trkpt lat="-23.045810842886567" lon="16.16464133374393">
        <ele>1076.5999999999999</ele>
        <time>2024-11-25T18:34:32Z</time>
      </trkpt>
      <trkpt lat="-23.04587840102613" lon="16.164485597983003">
        <ele>1075.2</ele>
        <time>2024-11-25T18:34:40Z</time>
      </trkpt>
      <trkpt lat="-23.046025671064854" lon="16.164158200845122">
        <ele>1072.4000000000001</ele>
        <time>2024-11-25T18:34:47Z</time>
      </trkpt>
      <trkpt lat="-23.046109573915601" lon="16.163987126201391">
        <ele>1071.4000000000001</ele>
        <time>2024-11-25T18:34:55Z</time>
      </trkpt>
      <trkpt lat="-23.04620336741209" lon="16.163819655776024">
        <ele>1068.8</ele>
        <time>2024-11-25T18:35:03Z</time>
      </trkpt>
      <trkpt lat="-23.046523807570338" lon="16.163362758234143">
        <ele>1068.2</ele>
        <time>2024-11-25T18:35:11Z</time>
      </trkpt>
      <trkpt lat="-23.046733858063817" lon="16.16306260228157">
        <ele>1070.2</ele>
        <time>2024-11-25T18:35:18Z</time>
      </trkpt>
      <trkpt lat="-23.046836033463478" lon="16.162903178483248">
        <ele>1072</ele>
        <time>2024-11-25T18:35:26Z</time>
      </trkpt>
      <trkpt lat="-23.046932257711887" lon="16.162735540419817">
        <ele>1073.5999999999999</ele>
        <time>2024-11-25T18:35:34Z</time>
      </trkpt>
      <trkpt lat="-23.047025632113218" lon="16.162564465776086">
        <ele>1075.2</ele>
        <time>2024-11-25T18:35:42Z</time>
      </trkpt>
      <trkpt lat="-23.0471180845052" lon="16.16238827817142">
        <ele>1076.5999999999999</ele>
        <time>2024-11-25T18:35:50Z</time>
      </trkpt>
      <trkpt lat="-23.047303576022387" lon="16.162032298743725">
        <ele>1077.5999999999999</ele>
        <time>2024-11-25T18:35:57Z</time>
      </trkpt>
      <trkpt lat="-23.047569282352924" lon="16.161501975730062">
        <ele>1080</ele>
        <time>2024-11-25T18:36:05Z</time>
      </trkpt>
      <trkpt lat="-23.04765360429883" lon="16.161316987127066">
        <ele>1081.2</ele>
        <time>2024-11-25T18:36:13Z</time>
      </trkpt>
      <trkpt lat="-23.047820571810007" lon="16.160934437066317">
        <ele>1083.4000000000001</ele>
        <time>2024-11-25T18:36:21Z</time>
      </trkpt>
      <trkpt lat="-23.047900032252073" lon="16.160737546160817">
        <ele>1084.2</ele>
        <time>2024-11-25T18:36:28Z</time>
      </trkpt>
      <trkpt lat="-23.047974715009332" lon="16.160535542294383">
        <ele>1084.5999999999999</ele>
        <time>2024-11-25T18:36:36Z</time>
      </trkpt>
      <trkpt lat="-23.048046631738544" lon="16.160327922552824">
        <ele>1085.5999999999999</ele>
        <time>2024-11-25T18:36:44Z</time>
      </trkpt>
      <trkpt lat="-23.048112262040377" lon="16.160123655572534">
        <ele>1086.2</ele>
        <time>2024-11-25T18:36:52Z</time>
      </trkpt>
      <trkpt lat="-23.048172192648053" lon="16.159919472411275">
        <ele>1087</ele>
        <time>2024-11-25T18:37:00Z</time>
      </trkpt>
      <trkpt lat="-23.048228770494461" lon="16.159712439402938">
        <ele>1087.4000000000001</ele>
        <time>2024-11-25T18:37:07Z</time>
      </trkpt>
      <trkpt lat="-23.048285432159901" lon="16.159502388909459">
        <ele>1087.4000000000001</ele>
        <time>2024-11-25T18:37:15Z</time>
      </trkpt>
      <trkpt lat="-23.048346200957894" lon="16.159295774996281">
        <ele>1087.4000000000001</ele>
        <time>2024-11-25T18:37:23Z</time>
      </trkpt>
      <trkpt lat="-23.048414932563901" lon="16.159092178568244">
        <ele>1087.2</ele>
        <time>2024-11-25T18:37:31Z</time>
      </trkpt>
      <trkpt lat="-23.048481401056051" lon="16.158894952386618">
        <ele>1085.8</ele>
        <time>2024-11-25T18:37:39Z</time>
      </trkpt>
      <trkpt lat="-23.048539068549871" lon="16.158701330423355">
        <ele>1085.8</ele>
        <time>2024-11-25T18:37:46Z</time>
      </trkpt>
      <trkpt lat="-23.048588102683425" lon="16.158509384840727">
        <ele>1085.8</ele>
        <time>2024-11-25T18:37:54Z</time>
      </trkpt>
      <trkpt lat="-23.04863034747541" lon="16.158320624381304">
        <ele>1085.8</ele>
        <time>2024-11-25T18:38:02Z</time>
      </trkpt>
      <trkpt lat="-23.04866798222065" lon="16.158123817294836">
        <ele>1085.5999999999999</ele>
        <time>2024-11-25T18:38:10Z</time>
      </trkpt>
      <trkpt lat="-23.048707544803619" lon="16.15791929885745">
        <ele>1085.5999999999999</ele>
        <time>2024-11-25T18:38:18Z</time>
      </trkpt>
      <trkpt lat="-23.048746353015304" lon="16.157714612782001">
        <ele>1085.5999999999999</ele>
        <time>2024-11-25T18:38:25Z</time>
      </trkpt>
      <trkpt lat="-23.048786418512464" lon="16.157505149021745">
        <ele>1085.2</ele>
        <time>2024-11-25T18:38:33Z</time>
      </trkpt>
      <trkpt lat="-23.048832099884748" lon="16.157293422147632">
        <ele>1083.2</ele>
        <time>2024-11-25T18:38:41Z</time>
      </trkpt>
      <trkpt lat="-23.048877194523811" lon="16.157079599797726">
        <ele>1082.2</ele>
        <time>2024-11-25T18:38:49Z</time>
      </trkpt>
      <trkpt lat="-23.048924552276731" lon="16.156860580667853">
        <ele>1081.5999999999999</ele>
        <time>2024-11-25T18:38:57Z</time>
      </trkpt>
      <trkpt lat="-23.048973670229316" lon="16.156647931784391">
        <ele>1081.5999999999999</ele>
        <time>2024-11-25T18:39:05Z</time>
      </trkpt>
      <trkpt lat="-23.049025470390916" lon="16.156433271244168">
        <ele>1081.5999999999999</ele>
        <time>2024-11-25T18:39:12Z</time>
      </trkpt>
      <trkpt lat="-23.049081461504102" lon="16.156220873817801">
        <ele>1081.8</ele>
        <time>2024-11-25T18:39:20Z</time>
      </trkpt>
      <trkpt lat="-23.049137284979224" lon="16.156010320410132">
        <ele>1083</ele>
        <time>2024-11-25T18:39:28Z</time>
      </trkpt>
      <trkpt lat="-23.049194952473044" lon="16.155800856649876">
        <ele>1084</ele>
        <time>2024-11-25T18:39:36Z</time>
      </trkpt>
      <trkpt lat="-23.04925873875618" lon="16.155593488365412">
        <ele>1084.4000000000001</ele>
        <time>2024-11-25T18:39:44Z</time>
      </trkpt>
      <trkpt lat="-23.049331242218614" lon="16.155386874452233">
        <ele>1086.5999999999999</ele>
        <time>2024-11-25T18:39:52Z</time>
      </trkpt>
      <trkpt lat="-23.049404500052333" lon="16.155178416520357">
        <ele>1088</ele>
        <time>2024-11-25T18:39:59Z</time>
      </trkpt>
      <trkpt lat="-23.049559481441975" lon="16.154755717143416">
        <ele>1089.2</ele>
        <time>2024-11-25T18:40:07Z</time>
      </trkpt>
      <trkpt lat="-23.049639277160168" lon="16.154546421021223">
        <ele>1090</ele>
        <time>2024-11-25T18:40:15Z</time>
      </trkpt>
      <trkpt lat="-23.049712618812919" lon="16.154341818764806">
        <ele>1091.4000000000001</ele>
        <time>2024-11-25T18:40:23Z</time>
      </trkpt>
      <trkpt lat="-23.049786128103733" lon="16.154144341126084">
        <ele>1092</ele>
        <time>2024-11-25T18:40:31Z</time>
      </trkpt>
      <trkpt lat="-23.049864750355482" lon="16.153941918164492">
        <ele>1092.5999999999999</ele>
        <time>2024-11-25T18:40:38Z</time>
      </trkpt>
      <trkpt lat="-23.049948401749134" lon="16.153733795508742">
        <ele>1092.8</ele>
        <time>2024-11-25T18:40:46Z</time>
      </trkpt>
      <trkpt lat="-23.050032472237945" lon="16.153519218787551">
        <ele>1092.8</ele>
        <time>2024-11-25T18:40:54Z</time>
      </trkpt>
      <trkpt lat="-23.050116123631597" lon="16.15330514498055">
        <ele>1092.8</ele>
        <time>2024-11-25T18:41:02Z</time>
      </trkpt>
      <trkpt lat="-23.050202457234263" lon="16.153086461126804">
        <ele>1092.4000000000001</ele>
        <time>2024-11-25T18:41:10Z</time>
      </trkpt>
      <trkpt lat="-23.050289126113057" lon="16.152866436168551">
        <ele>1091.8</ele>
        <time>2024-11-25T18:41:18Z</time>
      </trkpt>
      <trkpt lat="-23.05037478916347" lon="16.152646159753203">
        <ele>1091.4000000000001</ele>
        <time>2024-11-25T18:41:26Z</time>
      </trkpt>
      <trkpt lat="-23.050462380051613" lon="16.152421357110143">
        <ele>1091</ele>
        <time>2024-11-25T18:41:33Z</time>
      </trkpt>
      <trkpt lat="-23.050552066415548" lon="16.152195213362575">
        <ele>1090.8</ele>
        <time>2024-11-25T18:41:41Z</time>
      </trkpt>
      <trkpt lat="-23.050640914589167" lon="16.151969907805324">
        <ele>1090.5999999999999</ele>
        <time>2024-11-25T18:41:49Z</time>
      </trkpt>
      <trkpt lat="-23.050729092210531" lon="16.151745775714517">
        <ele>1090</ele>
        <time>2024-11-25T18:41:57Z</time>
      </trkpt>
      <trkpt lat="-23.050816264003515" lon="16.151527175679803">
        <ele>1089.8</ele>
        <time>2024-11-25T18:42:05Z</time>
      </trkpt>
      <trkpt lat="-23.050898993387818" lon="16.151314107701182">
        <ele>1089</ele>
        <time>2024-11-25T18:42:13Z</time>
      </trkpt>
      <trkpt lat="-23.050979543477297" lon="16.151104308664799">
        <ele>1089</ele>
        <time>2024-11-25T18:42:21Z</time>
      </trkpt>
      <trkpt lat="-23.051059925928712" lon="16.150898281484842">
        <ele>1088.8</ele>
        <time>2024-11-25T18:42:28Z</time>
      </trkpt>
      <trkpt lat="-23.051141398027539" lon="16.15069292485714">
        <ele>1088.2</ele>
        <time>2024-11-25T18:42:36Z</time>
      </trkpt>
      <trkpt lat="-23.051221696659923" lon="16.150486059486866">
        <ele>1087.8</ele>
        <time>2024-11-25T18:42:44Z</time>
      </trkpt>
      <trkpt lat="-23.051304928958416" lon="16.150278020650148">
        <ele>1087.8</ele>
        <time>2024-11-25T18:42:52Z</time>
      </trkpt>
      <trkpt lat="-23.051381707191467" lon="16.150075849145651">
        <ele>1088</ele>
        <time>2024-11-25T18:43:00Z</time>
      </trkpt>
      <trkpt lat="-23.051449852064252" lon="16.14988574758172">
        <ele>1088.2</ele>
        <time>2024-11-25T18:43:08Z</time>
      </trkpt>
      <trkpt lat="-23.051512045785785" lon="16.149708554148674">
        <ele>1088.2</ele>
        <time>2024-11-25T18:43:16Z</time>
      </trkpt>
      <trkpt lat="-23.051571222022176" lon="16.149542676284909">
        <ele>1088.2</ele>
        <time>2024-11-25T18:43:23Z</time>
      </trkpt>
      <trkpt lat="-23.051636097952724" lon="16.149373780936003">
        <ele>1089.4000000000001</ele>
        <time>2024-11-25T18:43:31Z</time>
      </trkpt>
      <trkpt lat="-23.051709188148379" lon="16.149198180064559">
        <ele>1089.4000000000001</ele>
        <time>2024-11-25T18:43:39Z</time>
      </trkpt>
      <trkpt lat="-23.051786134019494" lon="16.149011515080929">
        <ele>1089.4000000000001</ele>
        <time>2024-11-25T18:43:47Z</time>
      </trkpt>
      <trkpt lat="-23.05195402354002" lon="16.148606920614839">
        <ele>1088.2</ele>
        <time>2024-11-25T18:43:55Z</time>
      </trkpt>
      <trkpt lat="-23.052048739045858" lon="16.148396618664265">
        <ele>1086.5999999999999</ele>
        <time>2024-11-25T18:44:03Z</time>
      </trkpt>
      <trkpt lat="-23.052147980779409" lon="16.148186316713691">
        <ele>1086</ele>
        <time>2024-11-25T18:44:11Z</time>
      </trkpt>
      <trkpt lat="-23.05225015617907" lon="16.147977188229561">
        <ele>1084.8</ele>
        <time>2024-11-25T18:44:19Z</time>
      </trkpt>
      <trkpt lat="-23.052458614110947" lon="16.14754912443459">
        <ele>1083.5999999999999</ele>
        <time>2024-11-25T18:44:26Z</time>
      </trkpt>
      <trkpt lat="-23.052670424804091" lon="16.147127766162157">
        <ele>1082.4000000000001</ele>
        <time>2024-11-25T18:44:34Z</time>
      </trkpt>
      <trkpt lat="-23.052777126431465" lon="16.146911010146141">
        <ele>1082.2</ele>
        <time>2024-11-25T18:44:42Z</time>
      </trkpt>
      <trkpt lat="-23.053101170808077" lon="16.146271470934153">
        <ele>1081.2</ele>
        <time>2024-11-25T18:44:50Z</time>
      </trkpt>
      <trkpt lat="-23.053324967622757" lon="16.145850950852036">
        <ele>1079.8</ele>
        <time>2024-11-25T18:44:58Z</time>
      </trkpt>
      <trkpt lat="-23.053554967045784" lon="16.145432610064745">
        <ele>1079.4000000000001</ele>
        <time>2024-11-25T18:45:06Z</time>
      </trkpt>
      <trkpt lat="-23.053886219859123" lon="16.144787119701505">
        <ele>1079.2</ele>
        <time>2024-11-25T18:45:14Z</time>
      </trkpt>
      <trkpt lat="-23.053981773555279" lon="16.144579751417041">
        <ele>1079.2</ele>
        <time>2024-11-25T18:45:22Z</time>
      </trkpt>
      <trkpt lat="-23.054070370271802" lon="16.144377328455448">
        <ele>1079.2</ele>
        <time>2024-11-25T18:45:30Z</time>
      </trkpt>
      <trkpt lat="-23.054162068292499" lon="16.144175240769982">
        <ele>1079.2</ele>
        <time>2024-11-25T18:45:37Z</time>
      </trkpt>
      <trkpt lat="-23.054238930344582" lon="16.143973572179675">
        <ele>1080</ele>
        <time>2024-11-25T18:45:45Z</time>
      </trkpt>
      <trkpt lat="-23.0543243419379" lon="16.143768634647131">
        <ele>1081</ele>
        <time>2024-11-25T18:45:53Z</time>
      </trkpt>
      <trkpt lat="-23.05441327393055" lon="16.143554309383035">
        <ele>1081.2</ele>
        <time>2024-11-25T18:46:01Z</time>
      </trkpt>
      <trkpt lat="-23.054698593914509" lon="16.142890546470881">
        <ele>1080.8</ele>
        <time>2024-11-25T18:46:09Z</time>
      </trkpt>
      <trkpt lat="-23.054885845631361" lon="16.142440186813474">
        <ele>1078.8</ele>
        <time>2024-11-25T18:46:17Z</time>
      </trkpt>
      <trkpt lat="-23.055059015750885" lon="16.141994688659906">
        <ele>1077.5999999999999</ele>
        <time>2024-11-25T18:46:25Z</time>
      </trkpt>
      <trkpt lat="-23.055145852267742" lon="16.141770640388131">
        <ele>1077.4000000000001</ele>
        <time>2024-11-25T18:46:33Z</time>
      </trkpt>
      <trkpt lat="-23.055421868339181" lon="16.141086760908365">
        <ele>1076</ele>
        <time>2024-11-25T18:46:41Z</time>
      </trkpt>
      <trkpt lat="-23.055519517511129" lon="16.140863886103034">
        <ele>1074.8</ele>
        <time>2024-11-25T18:46:49Z</time>
      </trkpt>
      <trkpt lat="-23.055739877745509" lon="16.140436241403222">
        <ele>1073.4000000000001</ele>
        <time>2024-11-25T18:46:57Z</time>
      </trkpt>
      <trkpt lat="-23.055862840265036" lon="16.14022945985198">
        <ele>1073</ele>
        <time>2024-11-25T18:47:05Z</time>
      </trkpt>
      <trkpt lat="-23.056284869089723" lon="16.139637529850006">
        <ele>1072.2</ele>
        <time>2024-11-25T18:47:12Z</time>
      </trkpt>
      <trkpt lat="-23.056603297591209" lon="16.139297895133495">
        <ele>1071.8</ele>
        <time>2024-11-25T18:47:20Z</time>
      </trkpt>
      <trkpt lat="-23.056765655055642" lon="16.139143751934171">
        <ele>1071.8</ele>
        <time>2024-11-25T18:47:28Z</time>
      </trkpt>
      <trkpt lat="-23.056928012520075" lon="16.139000002294779">
        <ele>1071.8</ele>
        <time>2024-11-25T18:47:36Z</time>
      </trkpt>
      <trkpt lat="-23.057095063850284" lon="16.138862958177924">
        <ele>1071.5999999999999</ele>
        <time>2024-11-25T18:47:44Z</time>
      </trkpt>
      <trkpt lat="-23.057262869551778" lon="16.138722058385611">
        <ele>1071.5999999999999</ele>
        <time>2024-11-25T18:47:52Z</time>
      </trkpt>
      <trkpt lat="-23.057593619450927" lon="16.138447131961584">
        <ele>1070.5999999999999</ele>
        <time>2024-11-25T18:48:00Z</time>
      </trkpt>
      <trkpt lat="-23.057760503143072" lon="16.138312099501491">
        <ele>1070.2</ele>
        <time>2024-11-25T18:48:08Z</time>
      </trkpt>
      <trkpt lat="-23.057926800101995" lon="16.138170612975955">
        <ele>1069.5999999999999</ele>
        <time>2024-11-25T18:48:16Z</time>
      </trkpt>
      <trkpt lat="-23.058237936347723" lon="16.137861739844084">
        <ele>1067.2</ele>
        <time>2024-11-25T18:48:24Z</time>
      </trkpt>
      <trkpt lat="-23.058372801169753" lon="16.137694688513875">
        <ele>1065.4000000000001</ele>
        <time>2024-11-25T18:48:32Z</time>
      </trkpt>
      <trkpt lat="-23.058495009317994" lon="16.137520931661129">
        <ele>1063.2</ele>
        <time>2024-11-25T18:48:40Z</time>
      </trkpt>
      <trkpt lat="-23.058616630733013" lon="16.137352203950286">
        <ele>1062.5999999999999</ele>
        <time>2024-11-25T18:48:48Z</time>
      </trkpt>
      <trkpt lat="-23.058740850538015" lon="16.137186577543616">
        <ele>1062.5999999999999</ele>
        <time>2024-11-25T18:48:56Z</time>
      </trkpt>
      <trkpt lat="-23.058869848027825" lon="16.137017849832773">
        <ele>1062.4000000000001</ele>
        <time>2024-11-25T18:49:04Z</time>
      </trkpt>
      <trkpt lat="-23.059000186622143" lon="16.136844344437122">
        <ele>1061.4000000000001</ele>
        <time>2024-11-25T18:49:12Z</time>
      </trkpt>
      <trkpt lat="-23.059264300391078" lon="16.136500770226121">
        <ele>1060</ele>
        <time>2024-11-25T18:49:20Z</time>
      </trkpt>
      <trkpt lat="-23.059401093050838" lon="16.136330617591739">
        <ele>1058.5999999999999</ele>
        <time>2024-11-25T18:49:28Z</time>
      </trkpt>
      <trkpt lat="-23.059539813548326" lon="16.136165661737323">
        <ele>1057.5999999999999</ele>
        <time>2024-11-25T18:49:36Z</time>
      </trkpt>
      <trkpt lat="-23.059824211522937" lon="16.135852262377739">
        <ele>1055.8</ele>
        <time>2024-11-25T18:49:44Z</time>
      </trkpt>
      <trkpt lat="-23.059960836544633" lon="16.135716140270233">
        <ele>1054</ele>
        <time>2024-11-25T18:49:52Z</time>
      </trkpt>
      <trkpt lat="-23.06009260006249" lon="16.135600302368402">
        <ele>1052</ele>
        <time>2024-11-25T18:50:00Z</time>
      </trkpt>
      <trkpt lat="-23.060224698856473" lon="16.135502904653549">
        <ele>1050.2</ele>
        <time>2024-11-25T18:50:08Z</time>
      </trkpt>
      <trkpt lat="-23.060357719659805" lon="16.135426377877593">
        <ele>1049.2</ele>
        <time>2024-11-25T18:50:16Z</time>
      </trkpt>
      <trkpt lat="-23.060495099052787" lon="16.135375835001469">
        <ele>1048.5999999999999</ele>
        <time>2024-11-25T18:50:23Z</time>
      </trkpt>
      <trkpt lat="-23.060642117634416" lon="16.135350270196795">
        <ele>1047.5999999999999</ele>
        <time>2024-11-25T18:50:31Z</time>
      </trkpt>
      <trkpt lat="-23.060800787061453" lon="16.135345408692956">
        <ele>1046.5999999999999</ele>
        <time>2024-11-25T18:50:39Z</time>
      </trkpt>
      <trkpt lat="-23.0609658267349" lon="16.135347671806812">
        <ele>1045.4000000000001</ele>
        <time>2024-11-25T18:50:47Z</time>
      </trkpt>
      <trkpt lat="-23.061133800074458" lon="16.135356221348047">
        <ele>1043.2</ele>
        <time>2024-11-25T18:50:55Z</time>
      </trkpt>
      <trkpt lat="-23.061303617432714" lon="16.135361334308982">
        <ele>1041.8</ele>
        <time>2024-11-25T18:51:03Z</time>
      </trkpt>
      <trkpt lat="-23.061470165848732" lon="16.135356053709984">
        <ele>1040.8</ele>
        <time>2024-11-25T18:51:11Z</time>
      </trkpt>
      <trkpt lat="-23.061791611835361" lon="16.135307941585779">
        <ele>1040</ele>
        <time>2024-11-25T18:51:19Z</time>
      </trkpt>
      <trkpt lat="-23.061933349817991" lon="16.135247591882944">
        <ele>1040</ele>
        <time>2024-11-25T18:51:27Z</time>
      </trkpt>
      <trkpt lat="-23.062055222690105" lon="16.135162934660912">
        <ele>1040.2</ele>
        <time>2024-11-25T18:51:35Z</time>
      </trkpt>
      <trkpt lat="-23.06215706281364" lon="16.135049192234874">
        <ele>1041.8</ele>
        <time>2024-11-25T18:51:43Z</time>
      </trkpt>
      <trkpt lat="-23.06224063038826" lon="16.13492195494473">
        <ele>1044.4000000000001</ele>
        <time>2024-11-25T18:51:51Z</time>
      </trkpt>
      <trkpt lat="-23.062315313145518" lon="16.134780552238226">
        <ele>1046.8</ele>
        <time>2024-11-25T18:51:59Z</time>
      </trkpt>
      <trkpt lat="-23.062384212389588" lon="16.134633533656597">
        <ele>1049.2</ele>
        <time>2024-11-25T18:52:07Z</time>
      </trkpt>
      <trkpt lat="-23.062445065006614" lon="16.134474277496338">
        <ele>1051.4000000000001</ele>
        <time>2024-11-25T18:52:15Z</time>
      </trkpt>
      <trkpt lat="-23.062495775520802" lon="16.134313428774476">
        <ele>1053.8</ele>
        <time>2024-11-25T18:52:23Z</time>
      </trkpt>
      <trkpt lat="-23.062541792169213" lon="16.134145287796855">
        <ele>1055.8</ele>
        <time>2024-11-25T18:52:31Z</time>
      </trkpt>
      <trkpt lat="-23.062584958970547" lon="16.133968345820904">
        <ele>1057.5999999999999</ele>
        <time>2024-11-25T18:52:39Z</time>
      </trkpt>
      <trkpt lat="-23.062661904841661" lon="16.133589735254645">
        <ele>1059.4000000000001</ele>
        <time>2024-11-25T18:52:47Z</time>
      </trkpt>
      <trkpt lat="-23.062715297564864" lon="16.133176842704415">
        <ele>1060.4000000000001</ele>
        <time>2024-11-25T18:52:55Z</time>
      </trkpt>
      <trkpt lat="-23.062737844884396" lon="16.132971821352839">
        <ele>1061.2</ele>
        <time>2024-11-25T18:53:03Z</time>
      </trkpt>
      <trkpt lat="-23.062759470194578" lon="16.132773170247674">
        <ele>1062.2</ele>
        <time>2024-11-25T18:53:11Z</time>
      </trkpt>
      <trkpt lat="-23.062781263142824" lon="16.132571585476398">
        <ele>1063.8</ele>
        <time>2024-11-25T18:53:19Z</time>
      </trkpt>
      <trkpt lat="-23.062804229557514" lon="16.132371425628662">
        <ele>1064.2</ele>
        <time>2024-11-25T18:53:27Z</time>
      </trkpt>
      <trkpt lat="-23.062825854867697" lon="16.132168499752879">
        <ele>1065.2</ele>
        <time>2024-11-25T18:53:35Z</time>
      </trkpt>
      <trkpt lat="-23.062847061082721" lon="16.13195987418294">
        <ele>1066</ele>
        <time>2024-11-25T18:53:43Z</time>
      </trkpt>
      <trkpt lat="-23.062867848202586" lon="16.13174487836659">
        <ele>1066.8</ele>
        <time>2024-11-25T18:53:51Z</time>
      </trkpt>
      <trkpt lat="-23.06288855150342" lon="16.131527870893478">
        <ele>1067</ele>
        <time>2024-11-25T18:53:59Z</time>
      </trkpt>
      <trkpt lat="-23.062907578423619" lon="16.131309606134892">
        <ele>1067.4000000000001</ele>
        <time>2024-11-25T18:54:07Z</time>
      </trkpt>
      <trkpt lat="-23.062921408563852" lon="16.131088910624385">
        <ele>1067.8</ele>
        <time>2024-11-25T18:54:15Z</time>
      </trkpt>
      <trkpt lat="-23.062926437705755" lon="16.130869556218386">
        <ele>1068</ele>
        <time>2024-11-25T18:54:23Z</time>
      </trkpt>
      <trkpt lat="-23.062926270067692" lon="16.13065623678267">
        <ele>1068.4000000000001</ele>
        <time>2024-11-25T18:54:31Z</time>
      </trkpt>
      <trkpt lat="-23.062921408563852" lon="16.13045247271657">
        <ele>1069.5999999999999</ele>
        <time>2024-11-25T18:54:39Z</time>
      </trkpt>
      <trkpt lat="-23.062910344451666" lon="16.130261952057481">
        <ele>1070</ele>
        <time>2024-11-25T18:54:47Z</time>
      </trkpt>
      <trkpt lat="-23.062893161550164" lon="16.130081573501229">
        <ele>1071.2</ele>
        <time>2024-11-25T18:54:55Z</time>
      </trkpt>
      <trkpt lat="-23.062872625887394" lon="16.129907900467515">
        <ele>1072</ele>
        <time>2024-11-25T18:55:03Z</time>
      </trkpt>
      <trkpt lat="-23.062846893444657" lon="16.129738250747323">
        <ele>1073.8</ele>
        <time>2024-11-25T18:55:11Z</time>
      </trkpt>
      <trkpt lat="-23.062820574268699" lon="16.129571283236146">
        <ele>1074.8</ele>
        <time>2024-11-25T18:55:19Z</time>
      </trkpt>
      <trkpt lat="-23.062793333083391" lon="16.129398448392749">
        <ele>1075</ele>
        <time>2024-11-25T18:55:28Z</time>
      </trkpt>
      <trkpt lat="-23.062761900946498" lon="16.129220584407449">
        <ele>1075</ele>
        <time>2024-11-25T18:55:36Z</time>
      </trkpt>
      <trkpt lat="-23.062733318656683" lon="16.129043642431498">
        <ele>1075</ele>
        <time>2024-11-25T18:55:44Z</time>
      </trkpt>
      <trkpt lat="-23.062705406919122" lon="16.128871813416481">
        <ele>1075</ele>
        <time>2024-11-25T18:55:52Z</time>
      </trkpt>
      <trkpt lat="-23.062672633677721" lon="16.128697637468576">
        <ele>1074.8</ele>
        <time>2024-11-25T18:56:00Z</time>
      </trkpt>
      <trkpt lat="-23.062629383057356" lon="16.128521030768752">
        <ele>1074.2</ele>
        <time>2024-11-25T18:56:08Z</time>
      </trkpt>
      <trkpt lat="-23.062572972849011" lon="16.128341155126691">
        <ele>1074</ele>
        <time>2024-11-25T18:56:16Z</time>
      </trkpt>
      <trkpt lat="-23.062500888481736" lon="16.128162033855915">
        <ele>1073.8</ele>
        <time>2024-11-25T18:56:24Z</time>
      </trkpt>
      <trkpt lat="-23.062417069450021" lon="16.127990204840899">
        <ele>1073.4000000000001</ele>
        <time>2024-11-25T18:56:32Z</time>
      </trkpt>
      <trkpt lat="-23.062320426106453" lon="16.127824913710356">
        <ele>1073</ele>
        <time>2024-11-25T18:56:40Z</time>
      </trkpt>
      <trkpt lat="-23.062214143574238" lon="16.127659622579813">
        <ele>1072.4000000000001</ele>
        <time>2024-11-25T18:56:48Z</time>
      </trkpt>
      <trkpt lat="-23.062104005366564" lon="16.127489972859621">
        <ele>1072</ele>
        <time>2024-11-25T18:56:56Z</time>
      </trkpt>
      <trkpt lat="-23.061987496912479" lon="16.127318730577826">
        <ele>1071.8</ele>
        <time>2024-11-25T18:57:04Z</time>
      </trkpt>
      <trkpt lat="-23.06186830624938" lon="16.127151679247618">
        <ele>1071.8</ele>
        <time>2024-11-25T18:57:12Z</time>
      </trkpt>
      <trkpt lat="-23.061747020110488" lon="16.126985466107726">
        <ele>1071.8</ele>
        <time>2024-11-25T18:57:20Z</time>
      </trkpt>
      <trkpt lat="-23.061627075076103" lon="16.126820845529437">
        <ele>1072</ele>
        <time>2024-11-25T18:57:28Z</time>
      </trkpt>
      <trkpt lat="-23.061508554965258" lon="16.126658320426941">
        <ele>1072.2</ele>
        <time>2024-11-25T18:57:36Z</time>
      </trkpt>
      <trkpt lat="-23.061390621587634" lon="16.126495124772191">
        <ele>1072.8</ele>
        <time>2024-11-25T18:57:44Z</time>
      </trkpt>
      <trkpt lat="-23.061273274943233" lon="16.126332096755505">
        <ele>1073.2</ele>
        <time>2024-11-25T18:57:52Z</time>
      </trkpt>
      <trkpt lat="-23.061158778145909" lon="16.126176780089736">
        <ele>1073.2</ele>
        <time>2024-11-25T18:58:00Z</time>
      </trkpt>
      <trkpt lat="-23.061045622453094" lon="16.126025151461363">
        <ele>1073.4000000000001</ele>
        <time>2024-11-25T18:58:08Z</time>
      </trkpt>
      <trkpt lat="-23.060932550579309" lon="16.125875534489751">
        <ele>1073.5999999999999</ele>
        <time>2024-11-25T18:58:16Z</time>
      </trkpt>
      <trkpt lat="-23.060819813981652" lon="16.125725414603949">
        <ele>1073.5999999999999</ele>
        <time>2024-11-25T18:58:24Z</time>
      </trkpt>
      <trkpt lat="-23.060704981908202" lon="16.125572444871068">
        <ele>1073.4000000000001</ele>
        <time>2024-11-25T18:58:32Z</time>
      </trkpt>
      <trkpt lat="-23.060588976368308" lon="16.125419894233346">
        <ele>1073.4000000000001</ele>
        <time>2024-11-25T18:58:40Z</time>
      </trkpt>
      <trkpt lat="-23.060477832332253" lon="16.125270528718829">
        <ele>1073.5999999999999</ele>
        <time>2024-11-25T18:58:49Z</time>
      </trkpt>
      <trkpt lat="-23.060375321656466" lon="16.125124683603644">
        <ele>1073.5999999999999</ele>
        <time>2024-11-25T18:58:57Z</time>
      </trkpt>
      <trkpt lat="-23.060285467654467" lon="16.124982861801982">
        <ele>1073.5999999999999</ele>
        <time>2024-11-25T18:59:05Z</time>
      </trkpt>
      <trkpt lat="-23.060209443792701" lon="16.124838860705495">
        <ele>1073.4000000000001</ele>
        <time>2024-11-25T18:59:13Z</time>
      </trkpt>
      <trkpt lat="-23.060139203444123" lon="16.12469058483839">
        <ele>1073.4000000000001</ele>
        <time>2024-11-25T18:59:21Z</time>
      </trkpt>
      <trkpt lat="-23.060079691931605" lon="16.124531999230385">
        <ele>1073.4000000000001</ele>
        <time>2024-11-25T18:59:29Z</time>
      </trkpt>
      <trkpt lat="-23.059981539845467" lon="16.124188425019383">
        <ele>1072</ele>
        <time>2024-11-25T18:59:37Z</time>
      </trkpt>
      <trkpt lat="-23.059948347508907" lon="16.124010728672147">
        <ele>1070.5999999999999</ele>
        <time>2024-11-25T18:59:45Z</time>
      </trkpt>
      <trkpt lat="-23.059922447428107" lon="16.123825153335929">
        <ele>1069</ele>
        <time>2024-11-25T18:59:53Z</time>
      </trkpt>
      <trkpt lat="-23.059906521812081" lon="16.123630693182349">
        <ele>1068.4000000000001</ele>
        <time>2024-11-25T19:00:01Z</time>
      </trkpt>
      <trkpt lat="-23.059903923422098" lon="16.123432293534279">
        <ele>1067.2</ele>
        <time>2024-11-25T19:00:09Z</time>
      </trkpt>
      <trkpt lat="-23.059934349730611" lon="16.123026693239808">
        <ele>1064.2</ele>
        <time>2024-11-25T19:00:17Z</time>
      </trkpt>
      <trkpt lat="-23.059966703876853" lon="16.122816810384393">
        <ele>1063</ele>
        <time>2024-11-25T19:00:25Z</time>
      </trkpt>
      <trkpt lat="-23.060007859021425" lon="16.122612291947007">
        <ele>1061.5999999999999</ele>
        <time>2024-11-25T19:00:33Z</time>
      </trkpt>
      <trkpt lat="-23.060046834871173" lon="16.122409366071224">
        <ele>1060.8</ele>
        <time>2024-11-25T19:00:41Z</time>
      </trkpt>
      <trkpt lat="-23.060095114633441" lon="16.122203841805458">
        <ele>1060.4000000000001</ele>
        <time>2024-11-25T19:00:49Z</time>
      </trkpt>
      <trkpt lat="-23.060250263661146" lon="16.121594728901982">
        <ele>1059.4000000000001</ele>
        <time>2024-11-25T19:00:58Z</time>
      </trkpt>
      <trkpt lat="-23.060313882306218" lon="16.121394652873278">
        <ele>1059.4000000000001</ele>
        <time>2024-11-25T19:01:06Z</time>
      </trkpt>
      <trkpt lat="-23.060381524264812" lon="16.121193068102002">
        <ele>1059</ele>
        <time>2024-11-25T19:01:14Z</time>
      </trkpt>
      <trkpt lat="-23.060592748224735" lon="16.12056702375412">
        <ele>1058.4000000000001</ele>
        <time>2024-11-25T19:01:22Z</time>
      </trkpt>
      <trkpt lat="-23.060743622481823" lon="16.120137786492705">
        <ele>1057.2</ele>
        <time>2024-11-25T19:01:30Z</time>
      </trkpt>
      <trkpt lat="-23.060893071815372" lon="16.119711147621274">
        <ele>1055</ele>
        <time>2024-11-25T19:01:38Z</time>
      </trkpt>
      <trkpt lat="-23.061037994921207" lon="16.119310408830643">
        <ele>1053.4000000000001</ele>
        <time>2024-11-25T19:01:46Z</time>
      </trkpt>
      <trkpt lat="-23.061102200299501" lon="16.119127850979567">
        <ele>1053.4000000000001</ele>
        <time>2024-11-25T19:01:54Z</time>
      </trkpt>
      <trkpt lat="-23.061161963269114" lon="16.118955770507455">
        <ele>1053.4000000000001</ele>
        <time>2024-11-25T19:02:02Z</time>
      </trkpt>
      <trkpt lat="-23.061229689046741" lon="16.118784360587597">
        <ele>1053.4000000000001</ele>
        <time>2024-11-25T19:02:10Z</time>
      </trkpt>
      <trkpt lat="-23.061304623261094" lon="16.118608424440026">
        <ele>1053.4000000000001</ele>
        <time>2024-11-25T19:02:18Z</time>
      </trkpt>
      <trkpt lat="-23.061394644901156" lon="16.118425782769918">
        <ele>1053.4000000000001</ele>
        <time>2024-11-25T19:02:27Z</time>
      </trkpt>
      <trkpt lat="-23.061734279617667" lon="16.117849946022034">
        <ele>1052.2</ele>
        <time>2024-11-25T19:02:35Z</time>
      </trkpt>
      <trkpt lat="-23.061873000115156" lon="16.117653893306851">
        <ele>1050.5999999999999</ele>
        <time>2024-11-25T19:02:43Z</time>
      </trkpt>
      <trkpt lat="-23.062017671763897" lon="16.117454906925559">
        <ele>1050.2</ele>
        <time>2024-11-25T19:02:51Z</time>
      </trkpt>
      <trkpt lat="-23.062154296785593" lon="16.117263715714216">
        <ele>1050.2</ele>
        <time>2024-11-25T19:02:59Z</time>
      </trkpt>
      <trkpt lat="-23.062286479398608" lon="16.117083169519901">
        <ele>1050.2</ele>
        <time>2024-11-25T19:03:07Z</time>
      </trkpt>
      <trkpt lat="-23.062409609556198" lon="16.116911424323916">
        <ele>1050.2</ele>
        <time>2024-11-25T19:03:15Z</time>
      </trkpt>
      <trkpt lat="-23.062522932887077" lon="16.116746300831437">
        <ele>1050.5999999999999</ele>
        <time>2024-11-25T19:03:23Z</time>
      </trkpt>
      <trkpt lat="-23.062634496018291" lon="16.11658276990056">
        <ele>1051.2</ele>
        <time>2024-11-25T19:03:31Z</time>
      </trkpt>
      <trkpt lat="-23.062737761065364" lon="16.116418652236462">
        <ele>1052.5999999999999</ele>
        <time>2024-11-25T19:03:40Z</time>
      </trkpt>
      <trkpt lat="-23.0628377571702" lon="16.116245733574033">
        <ele>1053.4000000000001</ele>
        <time>2024-11-25T19:03:48Z</time>
      </trkpt>
      <trkpt lat="-23.063019895926118" lon="16.115870056673884">
        <ele>1053.5999999999999</ele>
        <time>2024-11-25T19:03:56Z</time>
      </trkpt>
      <trkpt lat="-23.063275627791882" lon="16.115264296531677">
        <ele>1052.2</ele>
        <time>2024-11-25T19:04:04Z</time>
      </trkpt>
      <trkpt lat="-23.063445948064327" lon="16.114846542477608">
        <ele>1051.4000000000001</ele>
        <time>2024-11-25T19:04:12Z</time>
      </trkpt>
      <trkpt lat="-23.063621465116739" lon="16.114420909434557">
        <ele>1050.2</ele>
        <time>2024-11-25T19:04:20Z</time>
      </trkpt>
      <trkpt lat="-23.063706289976835" lon="16.114206248894334">
        <ele>1048.8</ele>
        <time>2024-11-25T19:04:28Z</time>
      </trkpt>
      <trkpt lat="-23.063791617751122" lon="16.113989241421223">
        <ele>1047.4000000000001</ele>
        <time>2024-11-25T19:04:36Z</time>
      </trkpt>
      <trkpt lat="-23.063877783715725" lon="16.113775335252285">
        <ele>1046.2</ele>
        <time>2024-11-25T19:04:45Z</time>
      </trkpt>
      <trkpt lat="-23.063964452594519" lon="16.113564195111394">
        <ele>1045.2</ele>
        <time>2024-11-25T19:04:53Z</time>
      </trkpt>
      <trkpt lat="-23.064049780368805" lon="16.11335095949471">
        <ele>1044.5999999999999</ele>
        <time>2024-11-25T19:05:01Z</time>
      </trkpt>
      <trkpt lat="-23.06413795799017" lon="16.113138562068343">
        <ele>1044</ele>
        <time>2024-11-25T19:05:09Z</time>
      </trkpt>
      <trkpt lat="-23.064310373738408" lon="16.112708654254675">
        <ele>1043</ele>
        <time>2024-11-25T19:05:17Z</time>
      </trkpt>
      <trkpt lat="-23.064471809193492" lon="16.112328451126814">
        <ele>1041.8</ele>
        <time>2024-11-25T19:05:25Z</time>
      </trkpt>
      <trkpt lat="-23.064542720094323" lon="16.112163746729493">
        <ele>1040.2</ele>
        <time>2024-11-25T19:05:33Z</time>
      </trkpt>
      <trkpt lat="-23.064612876623869" lon="16.111996611580253">
        <ele>1038</ele>
        <time>2024-11-25T19:05:42Z</time>
      </trkpt>
      <trkpt lat="-23.064684625715017" lon="16.111821765080094">
        <ele>1035.8</ele>
        <time>2024-11-25T19:05:50Z</time>
      </trkpt>
      <trkpt lat="-23.064824938774109" lon="16.111470311880112">
        <ele>1033.8</ele>
        <time>2024-11-25T19:05:58Z</time>
      </trkpt>
      <trkpt lat="-23.064957624301314" lon="16.111139310523868">
        <ele>1033.8</ele>
        <time>2024-11-25T19:06:06Z</time>
      </trkpt>
      <trkpt lat="-23.065021075308323" lon="16.110986676067114">
        <ele>1033.8</ele>
        <time>2024-11-25T19:06:14Z</time>
      </trkpt>
      <trkpt lat="-23.065081257373095" lon="16.110825156792998">
        <ele>1034.5999999999999</ele>
        <time>2024-11-25T19:06:22Z</time>
      </trkpt>
      <trkpt lat="-23.065143367275596" lon="16.110658524557948">
        <ele>1036.2</ele>
        <time>2024-11-25T19:06:31Z</time>
      </trkpt>
      <trkpt lat="-23.065288458019495" lon="16.11029508523643">
        <ele>1037</ele>
        <time>2024-11-25T19:06:39Z</time>
      </trkpt>
      <trkpt lat="-23.065362386405468" lon="16.110107665881515">
        <ele>1037.4000000000001</ele>
        <time>2024-11-25T19:06:47Z</time>
      </trkpt>
      <trkpt lat="-23.06558676995337" lon="16.109539372846484">
        <ele>1038.4000000000001</ele>
        <time>2024-11-25T19:06:55Z</time>
      </trkpt>
      <trkpt lat="-23.065663715824485" lon="16.109346337616444">
        <ele>1039.4000000000001</ele>
        <time>2024-11-25T19:07:03Z</time>
      </trkpt>
      <trkpt lat="-23.065734542906284" lon="16.109166881069541">
        <ele>1039.8</ele>
        <time>2024-11-25T19:07:11Z</time>
      </trkpt>
      <trkpt lat="-23.065799502655864" lon="16.10899530351162">
        <ele>1041</ele>
        <time>2024-11-25T19:07:19Z</time>
      </trkpt>
      <trkpt lat="-23.065851805731654" lon="16.10882724635303">
        <ele>1042.4000000000001</ele>
        <time>2024-11-25T19:07:28Z</time>
      </trkpt>
      <trkpt lat="-23.065885668620467" lon="16.108648460358381">
        <ele>1043.4000000000001</ele>
        <time>2024-11-25T19:07:36Z</time>
      </trkpt>
      <trkpt lat="-23.06594543159008" lon="16.108038006350398">
        <ele>1043.4000000000001</ele>
        <time>2024-11-25T19:07:44Z</time>
      </trkpt>
      <trkpt lat="-23.065977869555354" lon="16.107359323650599">
        <ele>1040.2</ele>
        <time>2024-11-25T19:07:52Z</time>
      </trkpt>
      <trkpt lat="-23.065997147932649" lon="16.107138628140092">
        <ele>1040</ele>
        <time>2024-11-25T19:08:00Z</time>
      </trkpt>
      <trkpt lat="-23.066020784899592" lon="16.106704864650965">
        <ele>1040.2</ele>
        <time>2024-11-25T19:08:09Z</time>
      </trkpt>
      <trkpt lat="-23.06603386066854" lon="16.106500262394547">
        <ele>1041.4000000000001</ele>
        <time>2024-11-25T19:08:17Z</time>
      </trkpt>
      <trkpt lat="-23.066050373017788" lon="16.106306472793221">
        <ele>1043</ele>
        <time>2024-11-25T19:08:25Z</time>
      </trkpt>
      <trkpt lat="-23.066064119338989" lon="16.106121484190226">
        <ele>1044.8</ele>
        <time>2024-11-25T19:08:33Z</time>
      </trkpt>
      <trkpt lat="-23.066075937822461" lon="16.105946972966194">
        <ele>1046.5999999999999</ele>
        <time>2024-11-25T19:08:41Z</time>
      </trkpt>
      <trkpt lat="-23.066080799326301" lon="16.105773048475385">
        <ele>1048.2</ele>
        <time>2024-11-25T19:08:49Z</time>
      </trkpt>
      <trkpt lat="-23.066078871488571" lon="16.105589484795928">
        <ele>1048.8</ele>
        <time>2024-11-25T19:08:58Z</time>
      </trkpt>
      <trkpt lat="-23.066071998327971" lon="16.105396617203951">
        <ele>1048.8</ele>
        <time>2024-11-25T19:09:06Z</time>
      </trkpt>
      <trkpt lat="-23.066066550090909" lon="16.105194361880422">
        <ele>1048.8</ele>
        <time>2024-11-25T19:09:14Z</time>
      </trkpt>
      <trkpt lat="-23.066062275320292" lon="16.104983389377594">
        <ele>1048.8</ele>
        <time>2024-11-25T19:09:22Z</time>
      </trkpt>
      <trkpt lat="-23.066055821254849" lon="16.104774428531528">
        <ele>1048</ele>
        <time>2024-11-25T19:09:30Z</time>
      </trkpt>
      <trkpt lat="-23.066047020256519" lon="16.104565635323524">
        <ele>1047</ele>
        <time>2024-11-25T19:09:39Z</time>
      </trkpt>
      <trkpt lat="-23.066037464886904" lon="16.104362793266773">
        <ele>1045.8</ele>
        <time>2024-11-25T19:09:47Z</time>
      </trkpt>
      <trkpt lat="-23.066029334440827" lon="16.104157939553261">
        <ele>1045</ele>
        <time>2024-11-25T19:09:55Z</time>
      </trkpt>
      <trkpt lat="-23.066024892032146" lon="16.103950990363955">
        <ele>1044.4000000000001</ele>
        <time>2024-11-25T19:10:03Z</time>
      </trkpt>
      <trkpt lat="-23.066026149317622" lon="16.103740185499191">
        <ele>1044</ele>
        <time>2024-11-25T19:10:11Z</time>
      </trkpt>
      <trkpt lat="-23.066030507907271" lon="16.103529632091522">
        <ele>1043.5999999999999</ele>
        <time>2024-11-25T19:10:20Z</time>
      </trkpt>
      <trkpt lat="-23.066041404381394" lon="16.103321593254805">
        <ele>1043</ele>
        <time>2024-11-25T19:10:28Z</time>
      </trkpt>
      <trkpt lat="-23.066063700243831" lon="16.10311221331358">
        <ele>1041.8</ele>
        <time>2024-11-25T19:10:36Z</time>
      </trkpt>
      <trkpt lat="-23.066097060218453" lon="16.102904761210084">
        <ele>1041</ele>
        <time>2024-11-25T19:10:44Z</time>
      </trkpt>
      <trkpt lat="-23.066140227019787" lon="16.102700745686889">
        <ele>1040.4000000000001</ele>
        <time>2024-11-25T19:10:52Z</time>
      </trkpt>
      <trkpt lat="-23.066195631399751" lon="16.102497735992074">
        <ele>1039.5999999999999</ele>
        <time>2024-11-25T19:11:01Z</time>
      </trkpt>
      <trkpt lat="-23.066253885626793" lon="16.102299420163035">
        <ele>1038.4000000000001</ele>
        <time>2024-11-25T19:11:09Z</time>
      </trkpt>
      <trkpt lat="-23.066371399909258" lon="16.101903123781085">
        <ele>1036</ele>
        <time>2024-11-25T19:11:17Z</time>
      </trkpt>
      <trkpt lat="-23.066436611115932" lon="16.101704053580761">
        <ele>1035</ele>
        <time>2024-11-25T19:11:25Z</time>
      </trkpt>
      <trkpt lat="-23.066582875326276" lon="16.101300045847893">
        <ele>1032.5999999999999</ele>
        <time>2024-11-25T19:11:34Z</time>
      </trkpt>
      <trkpt lat="-23.066661581397057" lon="16.101099634543061">
        <ele>1031</ele>
        <time>2024-11-25T19:11:42Z</time>
      </trkpt>
      <trkpt lat="-23.066735174506903" lon="16.100896708667278">
        <ele>1029.5999999999999</ele>
        <time>2024-11-25T19:11:50Z</time>
      </trkpt>
      <trkpt lat="-23.066812874749303" lon="16.100692357867956">
        <ele>1027.5999999999999</ele>
        <time>2024-11-25T19:11:58Z</time>
      </trkpt>
      <trkpt lat="-23.066884707659483" lon="16.100498484447598">
        <ele>1025.4000000000001</ele>
        <time>2024-11-25T19:12:06Z</time>
      </trkpt>
      <trkpt lat="-23.066962575539947" lon="16.100310897454619">
        <ele>1024.5999999999999</ele>
        <time>2024-11-25T19:12:15Z</time>
      </trkpt>
      <trkpt lat="-23.06704237125814" lon="16.100126579403877">
        <ele>1024.4000000000001</ele>
        <time>2024-11-25T19:12:23Z</time>
      </trkpt>
      <trkpt lat="-23.067120239138603" lon="16.099942931905389">
        <ele>1024.4000000000001</ele>
        <time>2024-11-25T19:12:31Z</time>
      </trkpt>
      <trkpt lat="-23.067196430638433" lon="16.09976464882493">
        <ele>1023.8</ele>
        <time>2024-11-25T19:12:39Z</time>
      </trkpt>
      <trkpt lat="-23.067258289083838" lon="16.099596172571182">
        <ele>1023.8</ele>
        <time>2024-11-25T19:12:48Z</time>
      </trkpt>
      <trkpt lat="-23.067299108952284" lon="16.099431803449988">
        <ele>1023.8</ele>
        <time>2024-11-25T19:12:56Z</time>
      </trkpt>
      <trkpt lat="-23.067314950749278" lon="16.099271876737475">
        <ele>1023.8</ele>
        <time>2024-11-25T19:13:04Z</time>
      </trkpt>
      <trkpt lat="-23.067303551360965" lon="16.099109686911106">
        <ele>1024.2</ele>
        <time>2024-11-25T19:13:12Z</time>
      </trkpt>
      <trkpt lat="-23.0672671739012" lon="16.098947245627642">
        <ele>1025.2</ele>
        <time>2024-11-25T19:13:20Z</time>
      </trkpt>
      <trkpt lat="-23.067216295748949" lon="16.098778434097767">
        <ele>1026.2</ele>
        <time>2024-11-25T19:13:29Z</time>
      </trkpt>
      <trkpt lat="-23.067156365141273" lon="16.098600151017308">
        <ele>1026.8</ele>
        <time>2024-11-25T19:13:37Z</time>
      </trkpt>
      <trkpt lat="-23.067093919962645" lon="16.098415162414312">
        <ele>1027</ele>
        <time>2024-11-25T19:13:45Z</time>
      </trkpt>
      <trkpt lat="-23.066980177536607" lon="16.098057674244046">
        <ele>1027.4000000000001</ele>
        <time>2024-11-25T19:13:53Z</time>
      </trkpt>
      <trkpt lat="-23.066944805905223" lon="16.097882073372602">
        <ele>1027.8</ele>
        <time>2024-11-25T19:14:02Z</time>
      </trkpt>
      <trkpt lat="-23.066924354061484" lon="16.097714016214013">
        <ele>1028.4000000000001</ele>
        <time>2024-11-25T19:14:10Z</time>
      </trkpt>
      <trkpt lat="-23.066922929137945" lon="16.097555011510849">
        <ele>1030</ele>
        <time>2024-11-25T19:14:18Z</time>
      </trkpt>
      <trkpt lat="-23.066949332132936" lon="16.097404723986983">
        <ele>1032</ele>
        <time>2024-11-25T19:14:26Z</time>
      </trkpt>
      <trkpt lat="-23.066998785361648" lon="16.097259214147925">
        <ele>1033.4000000000001</ele>
        <time>2024-11-25T19:14:35Z</time>
      </trkpt>
      <trkpt lat="-23.067043041810393" lon="16.097117308527231">
        <ele>1035.4000000000001</ele>
        <time>2024-11-25T19:14:43Z</time>
      </trkpt>
      <trkpt lat="-23.067074809223413" lon="16.096965093165636">
        <ele>1036.5999999999999</ele>
        <time>2024-11-25T19:14:51Z</time>
      </trkpt>
      <trkpt lat="-23.067092578858137" lon="16.096793515607715">
        <ele>1037.2</ele>
        <time>2024-11-25T19:14:59Z</time>
      </trkpt>
      <trkpt lat="-23.067092411220074" lon="16.096414653584361">
        <ele>1037.2</ele>
        <time>2024-11-25T19:15:08Z</time>
      </trkpt>
      <trkpt lat="-23.067083861678839" lon="16.096222288906574">
        <ele>1037.2</ele>
        <time>2024-11-25T19:15:16Z</time>
      </trkpt>
      <trkpt lat="-23.067070282995701" lon="16.096043083816767">
        <ele>1036.5999999999999</ele>
        <time>2024-11-25T19:15:24Z</time>
      </trkpt>
      <trkpt lat="-23.067058715969324" lon="16.095881732180715">
        <ele>1035.2</ele>
        <time>2024-11-25T19:15:32Z</time>
      </trkpt>
      <trkpt lat="-23.067049160599709" lon="16.095744604244828">
        <ele>1033.8</ele>
        <time>2024-11-25T19:15:41Z</time>
      </trkpt>
      <trkpt lat="-23.067048406228423" lon="16.095613678917289">
        <ele>1032.5999999999999</ele>
        <time>2024-11-25T19:15:49Z</time>
      </trkpt>
      <trkpt lat="-23.067051926627755" lon="16.095473449677229">
        <ele>1032</ele>
        <time>2024-11-25T19:15:57Z</time>
      </trkpt>
      <trkpt lat="-23.06705217808485" lon="16.095325341448188">
        <ele>1032</ele>
        <time>2024-11-25T19:16:05Z</time>
      </trkpt>
      <trkpt lat="-23.067048657685518" lon="16.095167761668563">
        <ele>1032</ele>
        <time>2024-11-25T19:16:14Z</time>
      </trkpt>
      <trkpt lat="-23.067039772868156" lon="16.095001799985766">
        <ele>1032</ele>
        <time>2024-11-25T19:16:22Z</time>
      </trkpt>
      <trkpt lat="-23.067030385136604" lon="16.094832653179765">
        <ele>1032.4000000000001</ele>
        <time>2024-11-25T19:16:30Z</time>
      </trkpt>
      <trkpt lat="-23.067018566653132" lon="16.09466384164989">
        <ele>1033.2</ele>
        <time>2024-11-25T19:16:38Z</time>
      </trkpt>
      <trkpt lat="-23.066997863352299" lon="16.094490671530366">
        <ele>1034.4000000000001</ele>
        <time>2024-11-25T19:16:47Z</time>
      </trkpt>
      <trkpt lat="-23.066968945786357" lon="16.094323620200157">
        <ele>1035.4000000000001</ele>
        <time>2024-11-25T19:16:55Z</time>
      </trkpt>
      <trkpt lat="-23.066928293555975" lon="16.094154305756092">
        <ele>1037</ele>
        <time>2024-11-25T19:17:03Z</time>
      </trkpt>
      <trkpt lat="-23.06686844676733" lon="16.093986416235566">
        <ele>1038.5999999999999</ele>
        <time>2024-11-25T19:17:11Z</time>
      </trkpt>
      <trkpt lat="-23.066794769838452" lon="16.09382338821888">
        <ele>1040</ele>
        <time>2024-11-25T19:17:20Z</time>
      </trkpt>
      <trkpt lat="-23.066712459549308" lon="16.093662204220891">
        <ele>1041.4000000000001</ele>
        <time>2024-11-25T19:17:28Z</time>
      </trkpt>
      <trkpt lat="-23.06662512011826" lon="16.093496074900031">
        <ele>1043.2</ele>
        <time>2024-11-25T19:17:36Z</time>
      </trkpt>
      <trkpt lat="-23.06653518229723" lon="16.093334890902042">
        <ele>1044.8</ele>
        <time>2024-11-25T19:17:44Z</time>
      </trkpt>
      <trkpt lat="-23.066439209505916" lon="16.093173455446959">
        <ele>1046</ele>
        <time>2024-11-25T19:17:53Z</time>
      </trkpt>
      <trkpt lat="-23.066335441544652" lon="16.093017803505063">
        <ele>1047.2</ele>
        <time>2024-11-25T19:18:01Z</time>
      </trkpt>
      <trkpt lat="-23.066224297508597" lon="16.092864582315087">
        <ele>1048</ele>
        <time>2024-11-25T19:18:09Z</time>
      </trkpt>
      <trkpt lat="-23.066105442121625" lon="16.092722341418266">
        <ele>1048.8</ele>
        <time>2024-11-25T19:18:18Z</time>
      </trkpt>
      <trkpt lat="-23.06598499417305" lon="16.092583788558841">
        <ele>1049.4000000000001</ele>
        <time>2024-11-25T19:18:26Z</time>
      </trkpt>
      <trkpt lat="-23.065874772146344" lon="16.092443894594908">
        <ele>1049.5999999999999</ele>
        <time>2024-11-25T19:18:34Z</time>
      </trkpt>
      <trkpt lat="-23.065777625888586" lon="16.09231011942029">
        <ele>1049.8</ele>
        <time>2024-11-25T19:18:42Z</time>
      </trkpt>
      <trkpt lat="-23.065693471580744" lon="16.09217232093215">
        <ele>1050.2</ele>
        <time>2024-11-25T19:18:51Z</time>
      </trkpt>
      <trkpt lat="-23.065633624792099" lon="16.092033684253693">
        <ele>1050.2</ele>
        <time>2024-11-25T19:18:59Z</time>
      </trkpt>
      <trkpt lat="-23.06560093536973" lon="16.091898819431663">
        <ele>1050.4000000000001</ele>
        <time>2024-11-25T19:19:07Z</time>
      </trkpt>
      <trkpt lat="-23.06558970361948" lon="16.091767977923155">
        <ele>1050.4000000000001</ele>
        <time>2024-11-25T19:19:16Z</time>
      </trkpt>
      <trkpt lat="-23.065603030845523" lon="16.091631771996617">
        <ele>1050.4000000000001</ele>
        <time>2024-11-25T19:19:24Z</time>
      </trkpt>
      <trkpt lat="-23.065637648105621" lon="16.091486848890781">
        <ele>1050.2</ele>
        <time>2024-11-25T19:19:32Z</time>
      </trkpt>
      <trkpt lat="-23.06567913852632" lon="16.091330191120505">
        <ele>1049.4000000000001</ele>
        <time>2024-11-25T19:19:40Z</time>
      </trkpt>
      <trkpt lat="-23.0657216347754" lon="16.091163391247392">
        <ele>1048</ele>
        <time>2024-11-25T19:19:49Z</time>
      </trkpt>
      <trkpt lat="-23.065762119367719" lon="16.090990640223026">
        <ele>1046.4000000000001</ele>
        <time>2024-11-25T19:19:57Z</time>
      </trkpt>
      <trkpt lat="-23.065809309482574" lon="16.09081344678998">
        <ele>1044.2</ele>
        <time>2024-11-25T19:20:05Z</time>
      </trkpt>
      <trkpt lat="-23.065865049138665" lon="16.090633990243077">
        <ele>1042.2</ele>
        <time>2024-11-25T19:20:14Z</time>
      </trkpt>
      <trkpt lat="-23.065925566479564" lon="16.090452689677477">
        <ele>1040.2</ele>
        <time>2024-11-25T19:20:22Z</time>
      </trkpt>
      <trkpt lat="-23.065989604219794" lon="16.090267030522227">
        <ele>1038.4000000000001</ele>
        <time>2024-11-25T19:20:30Z</time>
      </trkpt>
      <trkpt lat="-23.066061018034816" lon="16.090085310861468">
        <ele>1036.2</ele>
        <time>2024-11-25T19:20:38Z</time>
      </trkpt>
      <trkpt lat="-23.066134443506598" lon="16.089908368885517">
        <ele>1034.4000000000001</ele>
        <time>2024-11-25T19:20:47Z</time>
      </trkpt>
      <trkpt lat="-23.066217675805092" lon="16.089735450223088">
        <ele>1032</ele>
        <time>2024-11-25T19:20:55Z</time>
      </trkpt>
      <trkpt lat="-23.066306943073869" lon="16.089573428034782">
        <ele>1030</ele>
        <time>2024-11-25T19:21:03Z</time>
      </trkpt>
      <trkpt lat="-23.066404340788722" lon="16.089424062520266">
        <ele>1030</ele>
        <time>2024-11-25T19:21:12Z</time>
      </trkpt>
      <trkpt lat="-23.066509449854493" lon="16.089277798309922">
        <ele>1030</ele>
        <time>2024-11-25T19:21:20Z</time>
      </trkpt>
      <trkpt lat="-23.066622605547309" lon="16.089134132489562">
        <ele>1030</ele>
        <time>2024-11-25T19:21:28Z</time>
      </trkpt>
      <trkpt lat="-23.066866267472506" lon="16.088852752000093">
        <ele>1032.5999999999999</ele>
        <time>2024-11-25T19:21:36Z</time>
      </trkpt>
      <trkpt lat="-23.066982189193368" lon="16.088702967390418">
        <ele>1034.2</ele>
        <time>2024-11-25T19:21:45Z</time>
      </trkpt>
      <trkpt lat="-23.067100625485182" lon="16.088553601875901">
        <ele>1035.5999999999999</ele>
        <time>2024-11-25T19:21:53Z</time>
      </trkpt>
      <trkpt lat="-23.067217217758298" lon="16.088407086208463">
        <ele>1037</ele>
        <time>2024-11-25T19:22:01Z</time>
      </trkpt>
      <trkpt lat="-23.067324422299862" lon="16.08825889416039">
        <ele>1037.2</ele>
        <time>2024-11-25T19:22:10Z</time>
      </trkpt>
      <trkpt lat="-23.067420981824398" lon="16.088110115379095">
        <ele>1038.2</ele>
        <time>2024-11-25T19:22:18Z</time>
      </trkpt>
      <trkpt lat="-23.067508740350604" lon="16.087960246950388">
        <ele>1038.8</ele>
        <time>2024-11-25T19:22:26Z</time>
      </trkpt>
      <trkpt lat="-23.067583339288831" lon="16.087810127064586">
        <ele>1040</ele>
        <time>2024-11-25T19:22:35Z</time>
      </trkpt>
      <trkpt lat="-23.067641509696841" lon="16.087659588083625">
        <ele>1041.4000000000001</ele>
        <time>2024-11-25T19:22:43Z</time>
      </trkpt>
      <trkpt lat="-23.067682245746255" lon="16.087508797645569">
        <ele>1042.5999999999999</ele>
        <time>2024-11-25T19:22:51Z</time>
      </trkpt>
      <trkpt lat="-23.067721137776971" lon="16.087363036349416">
        <ele>1043.5999999999999</ele>
        <time>2024-11-25T19:23:00Z</time>
      </trkpt>
      <trkpt lat="-23.067768579348922" lon="16.08721517957747">
        <ele>1043.5999999999999</ele>
        <time>2024-11-25T19:23:08Z</time>
      </trkpt>
      <trkpt lat="-23.067976869642735" lon="16.086734896525741">
        <ele>1043.2</ele>
        <time>2024-11-25T19:23:16Z</time>
      </trkpt>
      <trkpt lat="-23.068065047264099" lon="16.086562229320407">
        <ele>1042.2</ele>
        <time>2024-11-25T19:23:25Z</time>
      </trkpt>
      <trkpt lat="-23.068164875730872" lon="16.086395680904388">
        <ele>1040.8</ele>
        <time>2024-11-25T19:23:33Z</time>
      </trkpt>
      <trkpt lat="-23.068270487710834" lon="16.08623499982059">
        <ele>1040.8</ele>
        <time>2024-11-25T19:23:41Z</time>
      </trkpt>
      <trkpt lat="-23.068380961194634" lon="16.086077336221933">
        <ele>1040.8</ele>
        <time>2024-11-25T19:23:49Z</time>
      </trkpt>
      <trkpt lat="-23.068495374172926" lon="16.085922019556165">
        <ele>1040.8</ele>
        <time>2024-11-25T19:23:58Z</time>
      </trkpt>
      <trkpt lat="-23.068612217903137" lon="16.085768043994904">
        <ele>1042</ele>
        <time>2024-11-25T19:24:06Z</time>
      </trkpt>
      <trkpt lat="-23.068726044148207" lon="16.08561540953815">
        <ele>1043</ele>
        <time>2024-11-25T19:24:14Z</time>
      </trkpt>
      <trkpt lat="-23.068831153213978" lon="16.085468390956521">
        <ele>1044.4000000000001</ele>
        <time>2024-11-25T19:24:23Z</time>
      </trkpt>
      <trkpt lat="-23.068927126005292" lon="16.085326066240668">
        <ele>1045.8</ele>
        <time>2024-11-25T19:24:31Z</time>
      </trkpt>
      <trkpt lat="-23.069023350253701" lon="16.085187178105116">
        <ele>1047</ele>
        <time>2024-11-25T19:24:39Z</time>
      </trkpt>
      <trkpt lat="-23.069122172892094" lon="16.085044015198946">
        <ele>1047.8</ele>
        <time>2024-11-25T19:24:48Z</time>
      </trkpt>
      <trkpt lat="-23.069226192310452" lon="16.084891716018319">
        <ele>1047.8</ele>
        <time>2024-11-25T19:24:56Z</time>
      </trkpt>
      <trkpt lat="-23.06933063082397" lon="16.084733130410314">
        <ele>1047.8</ele>
        <time>2024-11-25T19:25:04Z</time>
      </trkpt>
      <trkpt lat="-23.069432219490409" lon="16.084569850936532">
        <ele>1047.8</ele>
        <time>2024-11-25T19:25:13Z</time>
      </trkpt>
      <trkpt lat="-23.06952953338623" lon="16.084406655281782">
        <ele>1047</ele>
        <time>2024-11-25T19:25:21Z</time>
      </trkpt>
      <trkpt lat="-23.069625338539481" lon="16.084239101037383">
        <ele>1045.8</ele>
        <time>2024-11-25T19:25:29Z</time>
      </trkpt>
      <trkpt lat="-23.069721981883049" lon="16.084073726087809">
        <ele>1044.8</ele>
        <time>2024-11-25T19:25:38Z</time>
      </trkpt>
      <trkpt lat="-23.069824744015932" lon="16.083911033347249">
        <ele>1044.2</ele>
        <time>2024-11-25T19:25:46Z</time>
      </trkpt>
      <trkpt lat="-23.069939911365509" lon="16.083756471052766">
        <ele>1043.5999999999999</ele>
        <time>2024-11-25T19:25:54Z</time>
      </trkpt>
      <trkpt lat="-23.070069076493382" lon="16.083614313974977">
        <ele>1042.4000000000001</ele>
        <time>2024-11-25T19:26:03Z</time>
      </trkpt>
      <trkpt lat="-23.070207461714745" lon="16.083487579599023">
        <ele>1041.8</ele>
        <time>2024-11-25T19:26:11Z</time>
      </trkpt>
      <trkpt lat="-23.070365963503718" lon="16.083370987325907">
        <ele>1040.2</ele>
        <time>2024-11-25T19:26:19Z</time>
      </trkpt>
      <trkpt lat="-23.070540055632591" lon="16.083275265991688">
        <ele>1039</ele>
        <time>2024-11-25T19:26:28Z</time>
      </trkpt>
      <trkpt lat="-23.070718506351113" lon="16.083182981237769">
        <ele>1037.8</ele>
        <time>2024-11-25T19:26:36Z</time>
      </trkpt>
      <trkpt lat="-23.070901399478316" lon="16.083091450855136">
        <ele>1036.8</ele>
        <time>2024-11-25T19:26:45Z</time>
      </trkpt>
      <trkpt lat="-23.071078257635236" lon="16.082997908815742">
        <ele>1034.4000000000001</ele>
        <time>2024-11-25T19:26:53Z</time>
      </trkpt>
      <trkpt lat="-23.071245979517698" lon="16.082913167774677">
        <ele>1032.2</ele>
        <time>2024-11-25T19:27:01Z</time>
      </trkpt>
      <trkpt lat="-23.071400206536055" lon="16.082821218296885">
        <ele>1031</ele>
        <time>2024-11-25T19:27:10Z</time>
      </trkpt>
      <trkpt lat="-23.07154362089932" lon="16.082715271040797">
        <ele>1031</ele>
        <time>2024-11-25T19:27:18Z</time>
      </trkpt>
      <trkpt lat="-23.071681335568428" lon="16.08259473927319">
        <ele>1031</ele>
        <time>2024-11-25T19:27:26Z</time>
      </trkpt>
      <trkpt lat="-23.071810835972428" lon="16.082458617165685">
        <ele>1031</ele>
        <time>2024-11-25T19:27:35Z</time>
      </trkpt>
      <trkpt lat="-23.072150889784098" lon="16.081927958875895">
        <ele>1032.2</ele>
        <time>2024-11-25T19:27:43Z</time>
      </trkpt>
      <trkpt lat="-23.072360269725323" lon="16.081563681364059">
        <ele>1032.8</ele>
        <time>2024-11-25T19:27:51Z</time>
      </trkpt>
      <trkpt lat="-23.072450961917639" lon="16.08139461837709">
        <ele>1033</ele>
        <time>2024-11-25T19:28:00Z</time>
      </trkpt>
      <trkpt lat="-23.072532769292593" lon="16.081227231770754">
        <ele>1034.2</ele>
        <time>2024-11-25T19:28:08Z</time>
      </trkpt>
      <trkpt lat="-23.072611391544342" lon="16.081073507666588">
        <ele>1035.4000000000001</ele>
        <time>2024-11-25T19:28:16Z</time>
      </trkpt>
      <trkpt lat="-23.072693953290582" lon="16.080925734713674">
        <ele>1036.8</ele>
        <time>2024-11-25T19:28:25Z</time>
      </trkpt>
      <trkpt lat="-23.072776598855853" lon="16.080780057236552">
        <ele>1038</ele>
        <time>2024-11-25T19:28:33Z</time>
      </trkpt>
      <trkpt lat="-23.072861256077886" lon="16.080626165494323">
        <ele>1038</ele>
        <time>2024-11-25T19:28:42Z</time>
      </trkpt>
      <trkpt lat="-23.073134087026119" lon="16.080113528296351">
        <ele>1037.8</ele>
        <time>2024-11-25T19:28:50Z</time>
      </trkpt>
      <trkpt lat="-23.073218241333961" lon="16.079933401197195">
        <ele>1037.8</ele>
        <time>2024-11-25T19:28:58Z</time>
      </trkpt>
      <trkpt lat="-23.073425944894552" lon="16.079363347962499">
        <ele>1038.2</ele>
        <time>2024-11-25T19:29:07Z</time>
      </trkpt>
      <trkpt lat="-23.073471793904901" lon="16.079161763191223">
        <ele>1039.2</ele>
        <time>2024-11-25T19:29:15Z</time>
      </trkpt>
      <trkpt lat="-23.073531053960323" lon="16.078745350241661">
        <ele>1041.4000000000001</ele>
        <time>2024-11-25T19:29:23Z</time>
      </trkpt>
      <trkpt lat="-23.073549913242459" lon="16.078531695529819">
        <ele>1042.2</ele>
        <time>2024-11-25T19:29:32Z</time>
      </trkpt>
      <trkpt lat="-23.073562569916248" lon="16.078315358608961">
        <ele>1042.5999999999999</ele>
        <time>2024-11-25T19:29:40Z</time>
      </trkpt>
      <trkpt lat="-23.073568940162659" lon="16.078105140477419">
        <ele>1043.4000000000001</ele>
        <time>2024-11-25T19:29:49Z</time>
      </trkpt>
      <trkpt lat="-23.073578746989369" lon="16.077904393896461">
        <ele>1044.5999999999999</ele>
        <time>2024-11-25T19:29:57Z</time>
      </trkpt>
      <trkpt lat="-23.073596097528934" lon="16.077709682285786">
        <ele>1045.5999999999999</ele>
        <time>2024-11-25T19:30:05Z</time>
      </trkpt>
      <trkpt lat="-23.073631972074509" lon="16.077521927654743">
        <ele>1047</ele>
        <time>2024-11-25T19:30:14Z</time>
      </trkpt>
      <trkpt lat="-23.073677904903889" lon="16.077344315126538">
        <ele>1047.8</ele>
        <time>2024-11-25T19:30:22Z</time>
      </trkpt>
      <trkpt lat="-23.073715874925256" lon="16.077173743396997">
        <ele>1048.8</ele>
        <time>2024-11-25T19:30:31Z</time>
      </trkpt>
      <trkpt lat="-23.073737751692533" lon="16.077012307941914">
        <ele>1049</ele>
        <time>2024-11-25T19:30:39Z</time>
      </trkpt>
      <trkpt lat="-23.07374931871891" lon="16.076855817809701">
        <ele>1049</ele>
        <time>2024-11-25T19:30:47Z</time>
      </trkpt>
      <trkpt lat="-23.073753928765655" lon="16.076686922460794">
        <ele>1049</ele>
        <time>2024-11-25T19:30:56Z</time>
      </trkpt>
      <trkpt lat="-23.073750324547291" lon="16.076512662693858">
        <ele>1049</ele>
        <time>2024-11-25T19:31:04Z</time>
      </trkpt>
      <trkpt lat="-23.073740769177675" lon="16.076331697404385">
        <ele>1048.5999999999999</ele>
        <time>2024-11-25T19:31:13Z</time>
      </trkpt>
      <trkpt lat="-23.073724759742618" lon="16.076143188402057">
        <ele>1047.8</ele>
        <time>2024-11-25T19:31:21Z</time>
      </trkpt>
      <trkpt lat="-23.073706906288862" lon="16.075944034382701">
        <ele>1046.8</ele>
        <time>2024-11-25T19:31:29Z</time>
      </trkpt>
      <trkpt lat="-23.073691902682185" lon="16.075741946697235">
        <ele>1045.5999999999999</ele>
        <time>2024-11-25T19:31:38Z</time>
      </trkpt>
      <trkpt lat="-23.07368234731257" lon="16.075536673888564">
        <ele>1045</ele>
        <time>2024-11-25T19:31:46Z</time>
      </trkpt>
      <trkpt lat="-23.073681341484189" lon="16.075334083288908">
        <ele>1044.8</ele>
        <time>2024-11-25T19:31:55Z</time>
      </trkpt>
      <trkpt lat="-23.073690980672836" lon="16.075140964239836">
        <ele>1044.8</ele>
        <time>2024-11-25T19:32:03Z</time>
      </trkpt>
      <trkpt lat="-23.073718892410398" lon="16.07495890930295">
        <ele>1044.8</ele>
        <time>2024-11-25T19:32:11Z</time>
      </trkpt>
      <trkpt lat="-23.073768094182014" lon="16.074786074459553">
        <ele>1045.4000000000001</ele>
        <time>2024-11-25T19:32:20Z</time>
      </trkpt>
      <trkpt lat="-23.073839005082846" lon="16.074622124433517">
        <ele>1046.2</ele>
        <time>2024-11-25T19:32:28Z</time>
      </trkpt>
      <trkpt lat="-23.073930703103542" lon="16.074470747262239">
        <ele>1047.2</ele>
        <time>2024-11-25T19:32:37Z</time>
      </trkpt>
      <trkpt lat="-23.074032375589013" lon="16.074319370090961">
        <ele>1047.5999999999999</ele>
        <time>2024-11-25T19:32:45Z</time>
      </trkpt>
      <trkpt lat="-23.07412943802774" lon="16.074175285175443">
        <ele>1048.8</ele>
        <time>2024-11-25T19:32:53Z</time>
      </trkpt>
      <trkpt lat="-23.074216358363628" lon="16.074030445888638">
        <ele>1049</ele>
        <time>2024-11-25T19:33:02Z</time>
      </trkpt>
      <trkpt lat="-23.074290957301855" lon="16.073870351538062">
        <ele>1049.5999999999999</ele>
        <time>2024-11-25T19:33:10Z</time>
      </trkpt>
      <trkpt lat="-23.074352983385324" lon="16.073700282722712">
        <ele>1050</ele>
        <time>2024-11-25T19:33:19Z</time>
      </trkpt>
      <trkpt lat="-23.074405118823051" lon="16.073520490899682">
        <ele>1051.2</ele>
        <time>2024-11-25T19:33:27Z</time>
      </trkpt>
      <trkpt lat="-23.074451219290495" lon="16.073331227526069">
        <ele>1051.4000000000001</ele>
        <time>2024-11-25T19:33:35Z</time>
      </trkpt>
      <trkpt lat="-23.074495391920209" lon="16.073139784857631">
        <ele>1051.5999999999999</ele>
        <time>2024-11-25T19:33:44Z</time>
      </trkpt>
      <trkpt lat="-23.07453939691186" lon="16.072952449321747">
        <ele>1051.5999999999999</ele>
        <time>2024-11-25T19:33:52Z</time>
      </trkpt>
      <trkpt lat="-23.074586922302842" lon="16.072771400213242">
        <ele>1051.5999999999999</ele>
        <time>2024-11-25T19:34:01Z</time>
      </trkpt>
      <trkpt lat="-23.074640985578299" lon="16.072590937837958">
        <ele>1051.4000000000001</ele>
        <time>2024-11-25T19:34:09Z</time>
      </trkpt>
      <trkpt lat="-23.074695551767945" lon="16.072411146014929">
        <ele>1051</ele>
        <time>2024-11-25T19:34:18Z</time>
      </trkpt>
      <trkpt lat="-23.074742574244738" lon="16.072229761630297">
        <ele>1051</ele>
        <time>2024-11-25T19:34:26Z</time>
      </trkpt>
      <trkpt lat="-23.074782639741898" lon="16.072055250406265">
        <ele>1051</ele>
        <time>2024-11-25T19:34:34Z</time>
      </trkpt>
      <trkpt lat="-23.074824465438724" lon="16.071886774152517">
        <ele>1051</ele>
        <time>2024-11-25T19:34:43Z</time>
      </trkpt>
      <trkpt lat="-23.07486436329782" lon="16.071721147745848">
        <ele>1051.5999999999999</ele>
        <time>2024-11-25T19:34:51Z</time>
      </trkpt>
      <trkpt lat="-23.074903003871441" lon="16.071555856615305">
        <ele>1053.2</ele>
        <time>2024-11-25T19:35:00Z</time>
      </trkpt>
      <trkpt lat="-23.074938878417015" lon="16.07138897292316">
        <ele>1053.2</ele>
        <time>2024-11-25T19:35:08Z</time>
      </trkpt>
      <trkpt lat="-23.074978440999985" lon="16.07121747918427">
        <ele>1053.4000000000001</ele>
        <time>2024-11-25T19:35:17Z</time>
      </trkpt>
      <trkpt lat="-23.075020769611001" lon="16.0710484161973">
        <ele>1053.8</ele>
        <time>2024-11-25T19:35:25Z</time>
      </trkpt>
      <trkpt lat="-23.075055219233036" lon="16.070881281048059">
        <ele>1054</ele>
        <time>2024-11-25T19:35:33Z</time>
      </trkpt>
      <trkpt lat="-23.075091177597642" lon="16.070713810622692">
        <ele>1054</ele>
        <time>2024-11-25T19:35:42Z</time>
      </trkpt>
      <trkpt lat="-23.075127890333533" lon="16.070544496178627">
        <ele>1054.2</ele>
        <time>2024-11-25T19:35:50Z</time>
      </trkpt>
      <trkpt lat="-23.075166111811996" lon="16.070369146764278">
        <ele>1055</ele>
        <time>2024-11-25T19:35:59Z</time>
      </trkpt>
      <trkpt lat="-23.07520885951817" lon="16.070189438760281">
        <ele>1055.5999999999999</ele>
        <time>2024-11-25T19:36:07Z</time>
      </trkpt>
      <trkpt lat="-23.07525085285306" lon="16.07001299969852">
        <ele>1056.2</ele>
        <time>2024-11-25T19:36:16Z</time>
      </trkpt>
      <trkpt lat="-23.075295025482774" lon="16.069833291694522">
        <ele>1056.4000000000001</ele>
        <time>2024-11-25T19:36:24Z</time>
      </trkpt>
      <trkpt lat="-23.075338108465075" lon="16.069649560377002">
        <ele>1056.5999999999999</ele>
        <time>2024-11-25T19:36:32Z</time>
      </trkpt>
      <trkpt lat="-23.075381778180599" lon="16.069464739412069">
        <ele>1057.8</ele>
        <time>2024-11-25T19:36:41Z</time>
      </trkpt>
      <trkpt lat="-23.075421424582601" lon="16.069276062771678">
        <ele>1059</ele>
        <time>2024-11-25T19:36:49Z</time>
      </trkpt>
      <trkpt lat="-23.075468027964234" lon="16.069085709750652">
        <ele>1059.2</ele>
        <time>2024-11-25T19:36:58Z</time>
      </trkpt>
      <trkpt lat="-23.075516810640693" lon="16.068887645378709">
        <ele>1059.8</ele>
        <time>2024-11-25T19:37:06Z</time>
      </trkpt>
      <trkpt lat="-23.075562492012978" lon="16.068687066435814">
        <ele>1060.2</ele>
        <time>2024-11-25T19:37:15Z</time>
      </trkpt>
      <trkpt lat="-23.075605407357216" lon="16.068487744778395">
        <ele>1060.5999999999999</ele>
        <time>2024-11-25T19:37:23Z</time>
      </trkpt>
      <trkpt lat="-23.075642874464393" lon="16.068291775882244">
        <ele>1061.4000000000001</ele>
        <time>2024-11-25T19:37:32Z</time>
      </trkpt>
      <trkpt lat="-23.07566961273551" lon="16.068093879148364">
        <ele>1061.5999999999999</ele>
        <time>2024-11-25T19:37:40Z</time>
      </trkpt>
      <trkpt lat="-23.075680509209633" lon="16.067895479500294">
        <ele>1062</ele>
        <time>2024-11-25T19:37:48Z</time>
      </trkpt>
      <trkpt lat="-23.075680593028665" lon="16.067691463977098">
        <ele>1063</ele>
        <time>2024-11-25T19:37:57Z</time>
      </trkpt>
      <trkpt lat="-23.075669528916478" lon="16.067477893084288">
        <ele>1063.5999999999999</ele>
        <time>2024-11-25T19:38:05Z</time>
      </trkpt>
      <trkpt lat="-23.075642874464393" lon="16.067259712144732">
        <ele>1064</ele>
        <time>2024-11-25T19:38:14Z</time>
      </trkpt>
      <trkpt lat="-23.075604317709804" lon="16.067043794319034">
        <ele>1064.2</ele>
        <time>2024-11-25T19:38:22Z</time>
      </trkpt>
      <trkpt lat="-23.075555199757218" lon="16.066833324730396">
        <ele>1065.2</ele>
        <time>2024-11-25T19:38:31Z</time>
      </trkpt>
      <trkpt lat="-23.075498286634684" lon="16.066633583977818">
        <ele>1066</ele>
        <time>2024-11-25T19:38:39Z</time>
      </trkpt>
      <trkpt lat="-23.07543751783669" lon="16.066450271755457">
        <ele>1068.2</ele>
        <time>2024-11-25T19:38:48Z</time>
      </trkpt>
      <trkpt lat="-23.075373061001301" lon="16.066281292587519">
        <ele>1070</ele>
        <time>2024-11-25T19:38:56Z</time>
      </trkpt>
      <trkpt lat="-23.075307011604309" lon="16.066128490492702">
        <ele>1072</ele>
        <time>2024-11-25T19:39:05Z</time>
      </trkpt>
      <trkpt lat="-23.075244063511491" lon="16.065981555730104">
        <ele>1074.5999999999999</ele>
        <time>2024-11-25T19:39:13Z</time>
      </trkpt>
      <trkpt lat="-23.075178852304816" lon="16.065844092518091">
        <ele>1077.5999999999999</ele>
        <time>2024-11-25T19:39:22Z</time>
      </trkpt>
      <trkpt lat="-23.075113473460078" lon="16.06571308337152">
        <ele>1080.2</ele>
        <time>2024-11-25T19:39:30Z</time>
      </trkpt>
      <trkpt lat="-23.075042814016342" lon="16.065584672614932">
        <ele>1081.5999999999999</ele>
        <time>2024-11-25T19:39:38Z</time>
      </trkpt>
      <trkpt lat="-23.074971567839384" lon="16.065458441153169">
        <ele>1083.4000000000001</ele>
        <time>2024-11-25T19:39:47Z</time>
      </trkpt>
      <trkpt lat="-23.074895879253745" lon="16.065321397036314">
        <ele>1085.4000000000001</ele>
        <time>2024-11-25T19:39:55Z</time>
      </trkpt>
      <trkpt lat="-23.074813736602664" lon="16.065175468102098">
        <ele>1086</ele>
        <time>2024-11-25T19:40:04Z</time>
      </trkpt>
      <trkpt lat="-23.074723379686475" lon="16.065025264397264">
        <ele>1086</ele>
        <time>2024-11-25T19:40:12Z</time>
      </trkpt>
      <trkpt lat="-23.074627406895161" lon="16.064867097884417">
        <ele>1086</ele>
        <time>2024-11-25T19:40:21Z</time>
      </trkpt>
      <trkpt lat="-23.074444429948926" lon="16.064518662169576">
        <ele>1084</ele>
        <time>2024-11-25T19:40:29Z</time>
      </trkpt>
      <trkpt lat="-23.074347618967295" lon="16.064336523413658">
        <ele>1083.2</ele>
        <time>2024-11-25T19:40:38Z</time>
      </trkpt>
      <trkpt lat="-23.074164474382997" lon="16.064025470986962">
        <ele>1083</ele>
        <time>2024-11-25T19:40:46Z</time>
      </trkpt>
      <trkpt lat="-23.074089456349611" lon="16.063860347494483">
        <ele>1083</ele>
        <time>2024-11-25T19:40:55Z</time>
      </trkpt>
      <trkpt lat="-23.0739985127002" lon="16.063699834048748">
        <ele>1083.8</ele>
        <time>2024-11-25T19:41:03Z</time>
      </trkpt>
      <trkpt lat="-23.073898935690522" lon="16.063537141308188">
        <ele>1084.8</ele>
        <time>2024-11-25T19:41:12Z</time>
      </trkpt>
      <trkpt lat="-23.073802879080176" lon="16.06337059289217">
        <ele>1085.4000000000001</ele>
        <time>2024-11-25T19:41:20Z</time>
      </trkpt>
      <trkpt lat="-23.073701458051801" lon="16.063201865181327">
        <ele>1085.2</ele>
        <time>2024-11-25T19:41:29Z</time>
      </trkpt>
      <trkpt lat="-23.073604311794043" lon="16.063020983710885">
        <ele>1085.2</ele>
        <time>2024-11-25T19:41:37Z</time>
      </trkpt>
      <trkpt lat="-23.073508339002728" lon="16.062844963744283">
        <ele>1085.2</ele>
        <time>2024-11-25T19:41:46Z</time>
      </trkpt>
      <trkpt lat="-23.073416138067842" lon="16.062681265175343">
        <ele>1085.2</ele>
        <time>2024-11-25T19:41:54Z</time>
      </trkpt>
      <trkpt lat="-23.073325362056494" lon="16.06252427212894">
        <ele>1085.5999999999999</ele>
        <time>2024-11-25T19:42:03Z</time>
      </trkpt>
      <trkpt lat="-23.073238860815763" lon="16.062379432842135">
        <ele>1085.5999999999999</ele>
        <time>2024-11-25T19:42:11Z</time>
      </trkpt>
      <trkpt lat="-23.0731644295156" lon="16.062250854447484">
        <ele>1085.5999999999999</ele>
        <time>2024-11-25T19:42:20Z</time>
      </trkpt>
      <trkpt lat="-23.073097122833133" lon="16.062142392620444">
        <ele>1085.5999999999999</ele>
        <time>2024-11-25T19:42:28Z</time>
      </trkpt>
      <trkpt lat="-23.073045155033469" lon="16.062055639922619">
        <ele>1085.5999999999999</ele>
        <time>2024-11-25T19:42:37Z</time>
      </trkpt>
      <trkpt lat="-23.073002323508263" lon="16.06197701767087">
        <ele>1085.5999999999999</ele>
        <time>2024-11-25T19:42:45Z</time>
      </trkpt>
      <trkpt lat="-23.072966448962688" lon="16.061900071799755">
        <ele>1085.5999999999999</ele>
        <time>2024-11-25T19:42:54Z</time>
      </trkpt>
      <trkpt lat="-23.072937866672873" lon="16.061838632449508">
        <ele>1085.4000000000001</ele>
        <time>2024-11-25T19:43:02Z</time>
      </trkpt>
      <trkpt lat="-23.072918923571706" lon="16.061789011582732">
        <ele>1085.2</ele>
        <time>2024-11-25T19:43:11Z</time>
      </trkpt>
      <trkpt lat="-23.072901656851172" lon="16.061756573617458">
        <ele>1084.8</ele>
        <time>2024-11-25T19:43:19Z</time>
      </trkpt>
      <trkpt lat="-23.072889922186732" lon="16.06173905543983">
        <ele>1084.5999999999999</ele>
        <time>2024-11-25T19:43:28Z</time>
      </trkpt>
      <trkpt lat="-23.072887407615781" lon="16.061734613031149">
        <ele>1084.2</ele>
        <time>2024-11-25T19:43:36Z</time>
      </trkpt>
      <trkpt lat="-23.072862010449171" lon="16.061707204207778">
        <ele>1084.8</ele>
        <time>2024-11-25T19:43:45Z</time>
      </trkpt>
      <trkpt lat="-23.072770228609443" lon="16.061564711853862">
        <ele>1084.8</ele>
        <time>2024-11-25T19:43:53Z</time>
      </trkpt>
      <trkpt lat="-23.072628993541002" lon="16.061316775158048">
        <ele>1084.8</ele>
        <time>2024-11-25T19:44:02Z</time>
      </trkpt>
      <trkpt lat="-23.072317270562053" lon="16.060782093554735">
        <ele>1083</ele>
        <time>2024-11-25T19:44:10Z</time>
      </trkpt>
      <trkpt lat="-23.072187015786767" lon="16.060515800490975">
        <ele>1080.5999999999999</ele>
        <time>2024-11-25T19:44:19Z</time>
      </trkpt>
      <trkpt lat="-23.072127923369408" lon="16.060366602614522">
        <ele>1078.4000000000001</ele>
        <time>2024-11-25T19:44:27Z</time>
      </trkpt>
      <trkpt lat="-23.072074614465237" lon="16.060206592082977">
        <ele>1076.5999999999999</ele>
        <time>2024-11-25T19:44:36Z</time>
      </trkpt>
      <trkpt lat="-23.072019796818495" lon="16.060033589601517">
        <ele>1075</ele>
        <time>2024-11-25T19:44:44Z</time>
      </trkpt>
      <trkpt lat="-23.0719677451998" lon="16.059851283207536">
        <ele>1073.5999999999999</ele>
        <time>2024-11-25T19:44:53Z</time>
      </trkpt>
      <trkpt lat="-23.07192181237042" lon="16.059661600738764">
        <ele>1072.8</ele>
        <time>2024-11-25T19:45:01Z</time>
      </trkpt>
      <trkpt lat="-23.07188275270164" lon="16.059469655156136">
        <ele>1072.8</ele>
        <time>2024-11-25T19:45:10Z</time>
      </trkpt>
      <trkpt lat="-23.071827851235867" lon="16.05908777564764">
        <ele>1072.8</ele>
        <time>2024-11-25T19:45:18Z</time>
      </trkpt>
      <trkpt lat="-23.071795832365751" lon="16.058700699359179">
        <ele>1075</ele>
        <time>2024-11-25T19:45:27Z</time>
      </trkpt>
      <trkpt lat="-23.071799520403147" lon="16.058298535645008">
        <ele>1076.2</ele>
        <time>2024-11-25T19:45:35Z</time>
      </trkpt>
      <trkpt lat="-23.071845453232527" lon="16.057879105210304">
        <ele>1076.4000000000001</ele>
        <time>2024-11-25T19:45:44Z</time>
      </trkpt>
      <trkpt lat="-23.071973109617829" lon="16.05720360763371">
        <ele>1076.8</ele>
        <time>2024-11-25T19:45:52Z</time>
      </trkpt>
      <trkpt lat="-23.072024155408144" lon="16.056975200772285">
        <ele>1076.5999999999999</ele>
        <time>2024-11-25T19:46:01Z</time>
      </trkpt>
      <trkpt lat="-23.072176622226834" lon="16.056312778964639">
        <ele>1074.5999999999999</ele>
        <time>2024-11-25T19:46:09Z</time>
      </trkpt>
      <trkpt lat="-23.07222087867558" lon="16.056096022948623">
        <ele>1074</ele>
        <time>2024-11-25T19:46:18Z</time>
      </trkpt>
      <trkpt lat="-23.072268655523658" lon="16.055871890857816">
        <ele>1073.2</ele>
        <time>2024-11-25T19:46:26Z</time>
      </trkpt>
      <trkpt lat="-23.072319030761719" lon="16.055645830929279">
        <ele>1071.8</ele>
        <time>2024-11-25T19:46:35Z</time>
      </trkpt>
      <trkpt lat="-23.072367645800114" lon="16.055416753515601">
        <ele>1070.2</ele>
        <time>2024-11-25T19:46:43Z</time>
      </trkpt>
      <trkpt lat="-23.072526063770056" lon="16.054730359464884">
        <ele>1069.5999999999999</ele>
        <time>2024-11-25T19:46:52Z</time>
      </trkpt>
      <trkpt lat="-23.072636537253857" lon="16.054276395589113">
        <ele>1070.4000000000001</ele>
        <time>2024-11-25T19:47:01Z</time>
      </trkpt>
      <trkpt lat="-23.072690349072218" lon="16.054053185507655">
        <ele>1071.2</ele>
        <time>2024-11-25T19:47:09Z</time>
      </trkpt>
      <trkpt lat="-23.072744999080896" lon="16.053831903263927">
        <ele>1071.5999999999999</ele>
        <time>2024-11-25T19:47:18Z</time>
      </trkpt>
      <trkpt lat="-23.072802163660526" lon="16.053611878305674">
        <ele>1071.8</ele>
        <time>2024-11-25T19:47:26Z</time>
      </trkpt>
      <trkpt lat="-23.072860250249505" lon="16.05339327827096">
        <ele>1072</ele>
        <time>2024-11-25T19:47:35Z</time>
      </trkpt>
      <trkpt lat="-23.072917917743325" lon="16.053180294111371">
        <ele>1072</ele>
        <time>2024-11-25T19:47:43Z</time>
      </trkpt>
      <trkpt lat="-23.072972651571035" lon="16.05297259055078">
        <ele>1071.8</ele>
        <time>2024-11-25T19:47:52Z</time>
      </trkpt>
      <trkpt lat="-23.073027553036809" lon="16.052763964980841">
        <ele>1071.8</ele>
        <time>2024-11-25T19:48:00Z</time>
      </trkpt>
      <trkpt lat="-23.073192425072193" lon="16.052105566486716">
        <ele>1069.4000000000001</ele>
        <time>2024-11-25T19:48:09Z</time>
      </trkpt>
      <trkpt lat="-23.073239782825112" lon="16.051872130483389">
        <ele>1067.5999999999999</ele>
        <time>2024-11-25T19:48:17Z</time>
      </trkpt>
      <trkpt lat="-23.073282362893224" lon="16.051637185737491">
        <ele>1066</ele>
        <time>2024-11-25T19:48:26Z</time>
      </trkpt>
      <trkpt lat="-23.07332469150424" lon="16.051401570439339">
        <ele>1064.4000000000001</ele>
        <time>2024-11-25T19:48:35Z</time>
      </trkpt>
      <trkpt lat="-23.073366265743971" lon="16.051162853837013">
        <ele>1063.2</ele>
        <time>2024-11-25T19:48:43Z</time>
      </trkpt>
      <trkpt lat="-23.073407337069511" lon="16.050930256024003">
        <ele>1063</ele>
        <time>2024-11-25T19:48:52Z</time>
      </trkpt>
      <trkpt lat="-23.073488809168339" lon="16.050465060397983">
        <ele>1062</ele>
        <time>2024-11-25T19:49:00Z</time>
      </trkpt>
      <trkpt lat="-23.073530551046133" lon="16.050238078460097">
        <ele>1061</ele>
        <time>2024-11-25T19:49:09Z</time>
      </trkpt>
      <trkpt lat="-23.073563324287534" lon="16.050012689083815">
        <ele>1060.2</ele>
        <time>2024-11-25T19:49:17Z</time>
      </trkpt>
      <trkpt lat="-23.073591319844127" lon="16.049787802621722">
        <ele>1060</ele>
        <time>2024-11-25T19:49:26Z</time>
      </trkpt>
      <trkpt lat="-23.073617806658149" lon="16.04955805465579">
        <ele>1059.8</ele>
        <time>2024-11-25T19:49:35Z</time>
      </trkpt>
      <trkpt lat="-23.073658207431436" lon="16.049094535410404">
        <ele>1057.5999999999999</ele>
        <time>2024-11-25T19:49:43Z</time>
      </trkpt>
      <trkpt lat="-23.073664912953973" lon="16.048868140205741">
        <ele>1056.2</ele>
        <time>2024-11-25T19:49:52Z</time>
      </trkpt>
      <trkpt lat="-23.073662146925926" lon="16.048647612333298">
        <ele>1056.2</ele>
        <time>2024-11-25T19:50:00Z</time>
      </trkpt>
      <trkpt lat="-23.073656866326928" lon="16.048434292897582">
        <ele>1056.2</ele>
        <time>2024-11-25T19:50:09Z</time>
      </trkpt>
      <trkpt lat="-23.073653932660818" lon="16.048231283202767">
        <ele>1056.2</ele>
        <time>2024-11-25T19:50:18Z</time>
      </trkpt>
      <trkpt lat="-23.073658794164658" lon="16.048021148890257">
        <ele>1056.5999999999999</ele>
        <time>2024-11-25T19:50:26Z</time>
      </trkpt>
      <trkpt lat="-23.073701374232769" lon="16.04759132489562">
        <ele>1056.8</ele>
        <time>2024-11-25T19:50:35Z</time>
      </trkpt>
      <trkpt lat="-23.073747642338276" lon="16.047378508374095">
        <ele>1056.8</ele>
        <time>2024-11-25T19:50:43Z</time>
      </trkpt>
      <trkpt lat="-23.073964063078165" lon="16.046748692169785">
        <ele>1056</ele>
        <time>2024-11-25T19:50:52Z</time>
      </trkpt>
      <trkpt lat="-23.074135472998023" lon="16.046322640031576">
        <ele>1055.5999999999999</ele>
        <time>2024-11-25T19:51:00Z</time>
      </trkpt>
      <trkpt lat="-23.074306966736913" lon="16.04588988237083">
        <ele>1055</ele>
        <time>2024-11-25T19:51:09Z</time>
      </trkpt>
      <trkpt lat="-23.074386846274137" lon="16.045668767765164">
        <ele>1054.8</ele>
        <time>2024-11-25T19:51:18Z</time>
      </trkpt>
      <trkpt lat="-23.074532356113195" lon="16.045213462784886">
        <ele>1053.8</ele>
        <time>2024-11-25T19:51:26Z</time>
      </trkpt>
      <trkpt lat="-23.074634363874793" lon="16.044753044843674">
        <ele>1052.4000000000001</ele>
        <time>2024-11-25T19:51:35Z</time>
      </trkpt>
      <trkpt lat="-23.074671998620033" lon="16.044519692659378">
        <ele>1051.4000000000001</ele>
        <time>2024-11-25T19:51:43Z</time>
      </trkpt>
      <trkpt lat="-23.074778616428375" lon="16.043800190091133">
        <ele>1050</ele>
        <time>2024-11-25T19:51:52Z</time>
      </trkpt>
      <trkpt lat="-23.074810383841395" lon="16.043552756309509">
        <ele>1049.4000000000001</ele>
        <time>2024-11-25T19:52:01Z</time>
      </trkpt>
      <trkpt lat="-23.074839552864432" lon="16.04330406524241">
        <ele>1048.2</ele>
        <time>2024-11-25T19:52:09Z</time>
      </trkpt>
      <trkpt lat="-23.074868721887469" lon="16.043056212365627">
        <ele>1047.2</ele>
        <time>2024-11-25T19:52:18Z</time>
      </trkpt>
      <trkpt lat="-23.074913900345564" lon="16.042558662593365">
        <ele>1045.5999999999999</ele>
        <time>2024-11-25T19:52:27Z</time>
      </trkpt>
      <trkpt lat="-23.074951451271772" lon="16.042062537744641">
        <ele>1044.5999999999999</ele>
        <time>2024-11-25T19:52:35Z</time>
      </trkpt>
      <trkpt lat="-23.074971232563257" lon="16.04182206094265">
        <ele>1044</ele>
        <time>2024-11-25T19:52:44Z</time>
      </trkpt>
      <trkpt lat="-23.074990175664425" lon="16.04158066213131">
        <ele>1043.2</ele>
        <time>2024-11-25T19:52:52Z</time>
      </trkpt>
      <trkpt lat="-23.075008699670434" lon="16.041341191157699">
        <ele>1041.8</ele>
        <time>2024-11-25T19:53:01Z</time>
      </trkpt>
      <trkpt lat="-23.075023368000984" lon="16.041101636365056">
        <ele>1040.8</ele>
        <time>2024-11-25T19:53:10Z</time>
      </trkpt>
      <trkpt lat="-23.075038539245725" lon="16.040862165391445">
        <ele>1039.5999999999999</ele>
        <time>2024-11-25T19:53:18Z</time>
      </trkpt>
      <trkpt lat="-23.075072905048728" lon="16.040379786863923">
        <ele>1038.2</ele>
        <time>2024-11-25T19:53:27Z</time>
      </trkpt>
      <trkpt lat="-23.075089752674103" lon="16.040138136595488">
        <ele>1035.8</ele>
        <time>2024-11-25T19:53:36Z</time>
      </trkpt>
      <trkpt lat="-23.075123867020011" lon="16.039697164669633">
        <ele>1035.5999999999999</ele>
        <time>2024-11-25T19:53:44Z</time>
      </trkpt>
      <trkpt lat="-23.075136942788959" lon="16.03949080221355">
        <ele>1035.5999999999999</ele>
        <time>2024-11-25T19:53:53Z</time>
      </trkpt>
      <trkpt lat="-23.075147671625018" lon="16.03928997181356">
        <ele>1036</ele>
        <time>2024-11-25T19:54:02Z</time>
      </trkpt>
      <trkpt lat="-23.075161585584283" lon="16.039086626842618">
        <ele>1038.2</ele>
        <time>2024-11-25T19:54:10Z</time>
      </trkpt>
      <trkpt lat="-23.075176924467087" lon="16.038876660168171">
        <ele>1040</ele>
        <time>2024-11-25T19:54:19Z</time>
      </trkpt>
      <trkpt lat="-23.0752176605165" lon="16.038436945527792">
        <ele>1040.2</ele>
        <time>2024-11-25T19:54:27Z</time>
      </trkpt>
      <trkpt lat="-23.075278094038367" lon="16.037749629467726">
        <ele>1040</ele>
        <time>2024-11-25T19:54:36Z</time>
      </trkpt>
      <trkpt lat="-23.075323356315494" lon="16.037276387214661">
        <ele>1038.2</ele>
        <time>2024-11-25T19:54:45Z</time>
      </trkpt>
      <trkpt lat="-23.075347077101469" lon="16.037030629813671">
        <ele>1036.8</ele>
        <time>2024-11-25T19:54:53Z</time>
      </trkpt>
      <trkpt lat="-23.075373228639364" lon="16.036778669804335">
        <ele>1035.8</ele>
        <time>2024-11-25T19:55:02Z</time>
      </trkpt>
      <trkpt lat="-23.075399380177259" lon="16.036527380347252">
        <ele>1034.5999999999999</ele>
        <time>2024-11-25T19:55:11Z</time>
      </trkpt>
      <trkpt lat="-23.075476996600628" lon="16.035762866958976">
        <ele>1034</ele>
        <time>2024-11-25T19:55:19Z</time>
      </trkpt>
      <trkpt lat="-23.075503902509809" lon="16.035500513389707">
        <ele>1033.5999999999999</ele>
        <time>2024-11-25T19:55:28Z</time>
      </trkpt>
      <trkpt lat="-23.075553942471743" lon="16.034974716603756">
        <ele>1031.8</ele>
        <time>2024-11-25T19:55:37Z</time>
      </trkpt>
      <trkpt lat="-23.075604988262057" lon="16.034452775493264">
        <ele>1030.4000000000001</ele>
        <time>2024-11-25T19:55:45Z</time>
      </trkpt>
      <trkpt lat="-23.075628960505128" lon="16.034197630360723">
        <ele>1030</ele>
        <time>2024-11-25T19:55:54Z</time>
      </trkpt>
      <trkpt lat="-23.07565251365304" lon="16.033945335075259">
        <ele>1029.4000000000001</ele>
        <time>2024-11-25T19:56:03Z</time>
      </trkpt>
      <trkpt lat="-23.075677659362555" lon="16.033690860494971">
        <ele>1028.8</ele>
        <time>2024-11-25T19:56:11Z</time>
      </trkpt>
      <trkpt lat="-23.075703978538513" lon="16.03343621827662">
        <ele>1028</ele>
        <time>2024-11-25T19:56:20Z</time>
      </trkpt>
      <trkpt lat="-23.07572728022933" lon="16.033180905506015">
        <ele>1027.2</ele>
        <time>2024-11-25T19:56:29Z</time>
      </trkpt>
      <trkpt lat="-23.075796598568559" lon="16.032420583069324">
        <ele>1027</ele>
        <time>2024-11-25T19:56:37Z</time>
      </trkpt>
      <trkpt lat="-23.075854768976569" lon="16.031665708869696">
        <ele>1027</ele>
        <time>2024-11-25T19:56:46Z</time>
      </trkpt>
      <trkpt lat="-23.075873460620642" lon="16.031420035287738">
        <ele>1027</ele>
        <time>2024-11-25T19:56:55Z</time>
      </trkpt>
      <trkpt lat="-23.075891984626651" lon="16.031174277886748">
        <ele>1026.4000000000001</ele>
        <time>2024-11-25T19:57:04Z</time>
      </trkpt>
      <trkpt lat="-23.07591000571847" lon="16.030929274857044">
        <ele>1025.2</ele>
        <time>2024-11-25T19:57:12Z</time>
      </trkpt>
      <trkpt lat="-23.075932636857033" lon="16.030692402273417">
        <ele>1023.8</ele>
        <time>2024-11-25T19:57:21Z</time>
      </trkpt>
      <trkpt lat="-23.075966918841004" lon="16.030463073402643">
        <ele>1021.8</ele>
        <time>2024-11-25T19:57:30Z</time>
      </trkpt>
      <trkpt lat="-23.075997428968549" lon="16.030244473367929">
        <ele>1021.2</ele>
        <time>2024-11-25T19:57:38Z</time>
      </trkpt>
      <trkpt lat="-23.076022490859032" lon="16.030029812827706">
        <ele>1021.2</ele>
        <time>2024-11-25T19:57:47Z</time>
      </trkpt>
      <trkpt lat="-23.07603414170444" lon="16.029816493391991">
        <ele>1021.2</ele>
        <time>2024-11-25T19:57:56Z</time>
      </trkpt>
      <trkpt lat="-23.076032716780901" lon="16.029608370736241">
        <ele>1021.2</ele>
        <time>2024-11-25T19:58:04Z</time>
      </trkpt>
      <trkpt lat="-23.076027603819966" lon="16.029398823156953">
        <ele>1021.2</ele>
        <time>2024-11-25T19:58:13Z</time>
      </trkpt>
      <trkpt lat="-23.076014360412955" lon="16.02918416261673">
        <ele>1021.2</ele>
        <time>2024-11-25T19:58:22Z</time>
      </trkpt>
      <trkpt lat="-23.07594420388341" lon="16.028771353885531">
        <ele>1020.2</ele>
        <time>2024-11-25T19:58:31Z</time>
      </trkpt>
      <trkpt lat="-23.075893325731158" lon="16.028587371110916">
        <ele>1019.4</ele>
        <time>2024-11-25T19:58:39Z</time>
      </trkpt>
      <trkpt lat="-23.075817134231329" lon="16.02844194509089">
        <ele>1019.4</ele>
        <time>2024-11-25T19:58:48Z</time>
      </trkpt>
      <trkpt lat="-23.075728286057711" lon="16.028311941772699">
        <ele>1019.4</ele>
        <time>2024-11-25T19:58:57Z</time>
      </trkpt>
      <trkpt lat="-23.075626529753208" lon="16.028191577643156">
        <ele>1019.6</ele>
        <time>2024-11-25T19:59:05Z</time>
      </trkpt>
      <trkpt lat="-23.075508344918489" lon="16.028077248483896">
        <ele>1022.2</ele>
        <time>2024-11-25T19:59:14Z</time>
      </trkpt>
      <trkpt lat="-23.075381107628345" lon="16.027954369783401">
        <ele>1023</ele>
        <time>2024-11-25T19:59:23Z</time>
      </trkpt>
      <trkpt lat="-23.075251271948218" lon="16.027828473597765">
        <ele>1023.8</ele>
        <time>2024-11-25T19:59:32Z</time>
      </trkpt>
      <trkpt lat="-23.074986655265093" lon="16.02756486274302">
        <ele>1024</ele>
        <time>2024-11-25T19:59:40Z</time>
      </trkpt>
      <trkpt lat="-23.07455406524241" lon="16.027135541662574">
        <ele>1023.8</ele>
        <time>2024-11-25T19:59:49Z</time>
      </trkpt>
      <trkpt lat="-23.074407046660781" lon="16.026989780366421">
        <ele>1023</ele>
        <time>2024-11-25T19:59:58Z</time>
      </trkpt>
      <trkpt lat="-23.074111500754952" lon="16.026702364906669">
        <ele>1022.6</ele>
        <time>2024-11-25T20:00:06Z</time>
      </trkpt>
      <trkpt lat="-23.073662649840117" lon="16.026240019127727">
        <ele>1021.6</ele>
        <time>2024-11-25T20:00:15Z</time>
      </trkpt>
      <trkpt lat="-23.073366936296225" lon="16.02592159062624">
        <ele>1020</ele>
        <time>2024-11-25T20:00:24Z</time>
      </trkpt>
      <trkpt lat="-23.073085723444819" lon="16.025626547634602">
        <ele>1020</ele>
        <time>2024-11-25T20:00:33Z</time>
      </trkpt>
      <trkpt lat="-23.072960413992405" lon="16.025490760803223">
        <ele>1020</ele>
        <time>2024-11-25T20:00:41Z</time>
      </trkpt>
      <trkpt lat="-23.072843821719289" lon="16.025363439694047">
        <ele>1021.8</ele>
        <time>2024-11-25T20:00:50Z</time>
      </trkpt>
      <trkpt lat="-23.072733180597425" lon="16.025240225717425">
        <ele>1022.6</ele>
        <time>2024-11-25T20:00:59Z</time>
      </trkpt>
      <trkpt lat="-23.072622707113624" lon="16.025110557675362">
        <ele>1023.8</ele>
        <time>2024-11-25T20:01:08Z</time>
      </trkpt>
      <trkpt lat="-23.072511898353696" lon="16.024970076978207">
        <ele>1024.2</ele>
        <time>2024-11-25T20:01:16Z</time>
      </trkpt>
      <trkpt lat="-23.072149213403463" lon="16.024497924372554">
        <ele>1024.2</ele>
        <time>2024-11-25T20:01:25Z</time>
      </trkpt>
      <trkpt lat="-23.072019796818495" lon="16.024328442290425">
        <ele>1024</ele>
        <time>2024-11-25T20:01:34Z</time>
      </trkpt>
      <trkpt lat="-23.071885351091623" lon="16.024148985743523">
        <ele>1022.4</ele>
        <time>2024-11-25T20:01:43Z</time>
      </trkpt>
      <trkpt lat="-23.07147178798914" lon="16.023606341332197">
        <ele>1020.6</ele>
        <time>2024-11-25T20:01:51Z</time>
      </trkpt>
      <trkpt lat="-23.07132912799716" lon="16.023416994139552">
        <ele>1019.8</ele>
        <time>2024-11-25T20:02:00Z</time>
      </trkpt>
      <trkpt lat="-23.071185378357768" lon="16.023231251165271">
        <ele>1019.2</ele>
        <time>2024-11-25T20:02:09Z</time>
      </trkpt>
      <trkpt lat="-23.070900561287999" lon="16.022867644205689">
        <ele>1017.8</ele>
        <time>2024-11-25T20:02:18Z</time>
      </trkpt>
      <trkpt lat="-23.070762176066637" lon="16.022695396095514">
        <ele>1017</ele>
        <time>2024-11-25T20:02:26Z</time>
      </trkpt>
      <trkpt lat="-23.070626053959131" lon="16.022525914013386">
        <ele>1016.6</ele>
        <time>2024-11-25T20:02:35Z</time>
      </trkpt>
      <trkpt lat="-23.070493368431926" lon="16.022358192130923">
        <ele>1016.2</ele>
        <time>2024-11-25T20:02:44Z</time>
      </trkpt>
      <trkpt lat="-23.070365628227592" lon="16.022198600694537">
        <ele>1015.8</ele>
        <time>2024-11-25T20:02:53Z</time>
      </trkpt>
      <trkpt lat="-23.070239815860987" lon="16.022030292078853">
        <ele>1015.6</ele>
        <time>2024-11-25T20:03:01Z</time>
      </trkpt>
      <trkpt lat="-23.070128168910742" lon="16.021855194121599">
        <ele>1013.2</ele>
        <time>2024-11-25T20:03:10Z</time>
      </trkpt>
      <trkpt lat="-23.070016857236624" lon="16.02168227545917">
        <ele>1012.6</ele>
        <time>2024-11-25T20:03:19Z</time>
      </trkpt>
      <trkpt lat="-23.069906551390886" lon="16.021507848054171">
        <ele>1012.4</ele>
        <time>2024-11-25T20:03:28Z</time>
      </trkpt>
      <trkpt lat="-23.069741008803248" lon="16.021160669624805">
        <ele>1012.6</ele>
        <time>2024-11-25T20:03:37Z</time>
      </trkpt>
      <trkpt lat="-23.069679485633969" lon="16.020985739305615">
        <ele>1013</ele>
        <time>2024-11-25T20:03:45Z</time>
      </trkpt>
      <trkpt lat="-23.069625003263354" lon="16.020809886977077">
        <ele>1013.4</ele>
        <time>2024-11-25T20:03:54Z</time>
      </trkpt>
      <trkpt lat="-23.0695915594697" lon="16.020628670230508">
        <ele>1014</ele>
        <time>2024-11-25T20:04:03Z</time>
      </trkpt>
      <trkpt lat="-23.069580746814609" lon="16.020439825952053">
        <ele>1014.8</ele>
        <time>2024-11-25T20:04:12Z</time>
      </trkpt>
      <trkpt lat="-23.06957202963531" lon="16.020050821825862">
        <ele>1016</ele>
        <time>2024-11-25T20:04:20Z</time>
      </trkpt>
      <trkpt lat="-23.069610837846994" lon="16.01964270696044">
        <ele>1016.8</ele>
        <time>2024-11-25T20:04:29Z</time>
      </trkpt>
      <trkpt lat="-23.069691890850663" lon="16.018960336223245">
        <ele>1016.8</ele>
        <time>2024-11-25T20:04:38Z</time>
      </trkpt>
      <trkpt lat="-23.069723909720778" lon="16.018720613792539">
        <ele>1016</ele>
        <time>2024-11-25T20:04:47Z</time>
      </trkpt>
      <trkpt lat="-23.069786187261343" lon="16.018248125910759">
        <ele>1013.8</ele>
        <time>2024-11-25T20:04:56Z</time>
      </trkpt>
      <trkpt lat="-23.069814685732126" lon="16.018026173114777">
        <ele>1013.4</ele>
        <time>2024-11-25T20:05:04Z</time>
      </trkpt>
      <trkpt lat="-23.069844776764512" lon="16.017804220318794">
        <ele>1012.4</ele>
        <time>2024-11-25T20:05:13Z</time>
      </trkpt>
      <trkpt lat="-23.069870844483376" lon="16.017585201188922">
        <ele>1011.4</ele>
        <time>2024-11-25T20:05:22Z</time>
      </trkpt>
      <trkpt lat="-23.06989791803062" lon="16.017374647781253">
        <ele>1011.2</ele>
        <time>2024-11-25T20:05:31Z</time>
      </trkpt>
      <trkpt lat="-23.069924404844642" lon="16.017168201506138">
        <ele>1011.2</ele>
        <time>2024-11-25T20:05:40Z</time>
      </trkpt>
      <trkpt lat="-23.069954328238964" lon="16.01695479825139">
        <ele>1011</ele>
        <time>2024-11-25T20:05:48Z</time>
      </trkpt>
      <trkpt lat="-23.069985006004572" lon="16.01673393510282">
        <ele>1010.6</ele>
        <time>2024-11-25T20:05:57Z</time>
      </trkpt>
      <trkpt lat="-23.070083828642964" lon="16.016096659004688">
        <ele>1010.4</ele>
        <time>2024-11-25T20:06:06Z</time>
      </trkpt>
      <trkpt lat="-23.070124313235283" lon="16.015888033434749">
        <ele>1009.2</ele>
        <time>2024-11-25T20:06:15Z</time>
      </trkpt>
      <trkpt lat="-23.070173850283027" lon="16.015681587159634">
        <ele>1008.6</ele>
        <time>2024-11-25T20:06:24Z</time>
      </trkpt>
      <trkpt lat="-23.070235121995211" lon="16.015488049015403">
        <ele>1008</ele>
        <time>2024-11-25T20:06:32Z</time>
      </trkpt>
      <trkpt lat="-23.070309972390532" lon="16.015318986028433">
        <ele>1005.6</ele>
        <time>2024-11-25T20:06:41Z</time>
      </trkpt>
      <trkpt lat="-23.070390271022916" lon="16.015155371278524">
        <ele>1005.6</ele>
        <time>2024-11-25T20:06:50Z</time>
      </trkpt>
      <trkpt lat="-23.070473084226251" lon="16.015000306069851">
        <ele>1005</ele>
        <time>2024-11-25T20:06:59Z</time>
      </trkpt>
      <trkpt lat="-23.070561764761806" lon="16.014851192012429">
        <ele>1004.6</ele>
        <time>2024-11-25T20:07:08Z</time>
      </trkpt>
      <trkpt lat="-23.070668214932084" lon="16.01470903493464">
        <ele>1004.8</ele>
        <time>2024-11-25T20:07:16Z</time>
      </trkpt>
      <trkpt lat="-23.07077357545495" lon="16.014571404084563">
        <ele>1005.2</ele>
        <time>2024-11-25T20:07:25Z</time>
      </trkpt>
      <trkpt lat="-23.070879941806197" lon="16.014435281977057">
        <ele>1005.8</ele>
        <time>2024-11-25T20:07:34Z</time>
      </trkpt>
      <trkpt lat="-23.070988990366459" lon="16.014296058565378">
        <ele>1006</ele>
        <time>2024-11-25T20:07:43Z</time>
      </trkpt>
      <trkpt lat="-23.07110239751637" lon="16.014155158773065">
        <ele>1006.8</ele>
        <time>2024-11-25T20:07:52Z</time>
      </trkpt>
      <trkpt lat="-23.071331223472953" lon="16.01386908441782">
        <ele>1008.4</ele>
        <time>2024-11-25T20:08:00Z</time>
      </trkpt>
      <trkpt lat="-23.071447731927037" lon="16.013724580407143">
        <ele>1009.2</ele>
        <time>2024-11-25T20:08:09Z</time>
      </trkpt>
      <trkpt lat="-23.071826007217169" lon="16.013268940150738">
        <ele>1009.2</ele>
        <time>2024-11-25T20:08:18Z</time>
      </trkpt>
      <trkpt lat="-23.072084086015821" lon="16.01297540590167">
        <ele>1008.8</ele>
        <time>2024-11-25T20:08:27Z</time>
      </trkpt>
      <trkpt lat="-23.072210233658552" lon="16.012824531644583">
        <ele>1008.8</ele>
        <time>2024-11-25T20:08:36Z</time>
      </trkpt>
      <trkpt lat="-23.072457835078239" lon="16.012511299923062">
        <ele>1009.6</ele>
        <time>2024-11-25T20:08:45Z</time>
      </trkpt>
      <trkpt lat="-23.072809958830476" lon="16.01204501464963">
        <ele>1009.8</ele>
        <time>2024-11-25T20:08:53Z</time>
      </trkpt>
      <trkpt lat="-23.072909452021122" lon="16.011877041310072">
        <ele>1009.8</ele>
        <time>2024-11-25T20:09:02Z</time>
      </trkpt>
      <trkpt lat="-23.072992684319615" lon="16.011702446267009">
        <ele>1009.8</ele>
        <time>2024-11-25T20:09:11Z</time>
      </trkpt>
      <trkpt lat="-23.073053620755672" lon="16.011522319167852">
        <ele>1009.8</ele>
        <time>2024-11-25T20:09:20Z</time>
      </trkpt>
      <trkpt lat="-23.073085052892566" lon="16.011334983631968">
        <ele>1009.6</ele>
        <time>2024-11-25T20:09:29Z</time>
      </trkpt>
      <trkpt lat="-23.0730867292732" lon="16.011155610904098">
        <ele>1009.6</ele>
        <time>2024-11-25T20:09:38Z</time>
      </trkpt>
      <trkpt lat="-23.073056638240814" lon="16.010982524603605">
        <ele>1009.4</ele>
        <time>2024-11-25T20:09:46Z</time>
      </trkpt>
      <trkpt lat="-23.073001066222787" lon="16.010812371969223">
        <ele>1009</ele>
        <time>2024-11-25T20:09:55Z</time>
      </trkpt>
      <trkpt lat="-23.072921857237816" lon="16.010652026161551">
        <ele>1008.4</ele>
        <time>2024-11-25T20:10:04Z</time>
      </trkpt>
      <trkpt lat="-23.072824627161026" lon="16.010495284572244">
        <ele>1008</ele>
        <time>2024-11-25T20:10:13Z</time>
      </trkpt>
      <trkpt lat="-23.072714153677225" lon="16.010340554639697">
        <ele>1007.8</ele>
        <time>2024-11-25T20:10:22Z</time>
      </trkpt>
      <trkpt lat="-23.072591610252857" lon="16.010192278772593">
        <ele>1007.4</ele>
        <time>2024-11-25T20:10:31Z</time>
      </trkpt>
      <trkpt lat="-23.072461690753698" lon="16.010045427829027">
        <ele>1007.2</ele>
        <time>2024-11-25T20:10:40Z</time>
      </trkpt>
      <trkpt lat="-23.072328418493271" lon="16.009896732866764">
        <ele>1006.6</ele>
        <time>2024-11-25T20:10:48Z</time>
      </trkpt>
      <trkpt lat="-23.072196822613478" lon="16.009747618809342">
        <ele>1005.8</ele>
        <time>2024-11-25T20:10:57Z</time>
      </trkpt>
      <trkpt lat="-23.072066735476255" lon="16.009604204446077">
        <ele>1004.8</ele>
        <time>2024-11-25T20:11:06Z</time>
      </trkpt>
      <trkpt lat="-23.071936061605811" lon="16.009460706263781">
        <ele>1003.4</ele>
        <time>2024-11-25T20:11:15Z</time>
      </trkpt>
      <trkpt lat="-23.071807231754065" lon="16.009316453710198">
        <ele>1002.6</ele>
        <time>2024-11-25T20:11:24Z</time>
      </trkpt>
      <trkpt lat="-23.071676390245557" lon="16.009169016033411">
        <ele>1002</ele>
        <time>2024-11-25T20:11:33Z</time>
      </trkpt>
      <trkpt lat="-23.071421245113015" lon="16.008878834545612">
        <ele>1001</ele>
        <time>2024-11-25T20:11:42Z</time>
      </trkpt>
      <trkpt lat="-23.071295768022537" lon="16.00873458199203">
        <ele>1001.2</ele>
        <time>2024-11-25T20:11:50Z</time>
      </trkpt>
      <trkpt lat="-23.07117372751236" lon="16.008585132658482">
        <ele>1001.2</ele>
        <time>2024-11-25T20:11:59Z</time>
      </trkpt>
      <trkpt lat="-23.070938950404525" lon="16.008260082453489">
        <ele>1003</ele>
        <time>2024-11-25T20:12:08Z</time>
      </trkpt>
      <trkpt lat="-23.070830572396517" lon="16.008094875141978">
        <ele>1004.2</ele>
        <time>2024-11-25T20:12:17Z</time>
      </trkpt>
      <trkpt lat="-23.070570230484009" lon="16.007540579885244">
        <ele>1005.6</ele>
        <time>2024-11-25T20:12:26Z</time>
      </trkpt>
      <trkpt lat="-23.070385409519076" lon="16.006947057321668">
        <ele>1006.4</ele>
        <time>2024-11-25T20:12:35Z</time>
      </trkpt>
      <trkpt lat="-23.070326149463654" lon="16.006745640188456">
        <ele>1006.6</ele>
        <time>2024-11-25T20:12:44Z</time>
      </trkpt>
      <trkpt lat="-23.070209724828601" lon="16.006339117884636">
        <ele>1008</ele>
        <time>2024-11-25T20:12:53Z</time>
      </trkpt>
      <trkpt lat="-23.070076201111078" lon="16.005948688834906">
        <ele>1008.4</ele>
        <time>2024-11-25T20:13:01Z</time>
      </trkpt>
      <trkpt lat="-23.070003362372518" lon="16.005761353299022">
        <ele>1008.6</ele>
        <time>2024-11-25T20:13:10Z</time>
      </trkpt>
      <trkpt lat="-23.069922812283039" lon="16.005570748820901">
        <ele>1008.6</ele>
        <time>2024-11-25T20:13:19Z</time>
      </trkpt>
      <trkpt lat="-23.069747798144817" lon="16.005186187103391">
        <ele>1008.6</ele>
        <time>2024-11-25T20:13:28Z</time>
      </trkpt>
      <trkpt lat="-23.069657608866692" lon="16.004987033084035">
        <ele>1008.4</ele>
        <time>2024-11-25T20:13:37Z</time>
      </trkpt>
      <trkpt lat="-23.069566246122122" lon="16.004785699769855">
        <ele>1008</ele>
        <time>2024-11-25T20:13:46Z</time>
      </trkpt>
      <trkpt lat="-23.069473374634981" lon="16.004585372284055">
        <ele>1007.4</ele>
        <time>2024-11-25T20:13:55Z</time>
      </trkpt>
      <trkpt lat="-23.069380670785904" lon="16.004380183294415">
        <ele>1006.6</ele>
        <time>2024-11-25T20:14:04Z</time>
      </trkpt>
      <trkpt lat="-23.069289391860366" lon="16.004174742847681">
        <ele>1005.4</ele>
        <time>2024-11-25T20:14:13Z</time>
      </trkpt>
      <trkpt lat="-23.06919920258224" lon="16.00397290661931">
        <ele>1004</ele>
        <time>2024-11-25T20:14:21Z</time>
      </trkpt>
      <trkpt lat="-23.069117227569222" lon="16.003790013492107">
        <ele>1002.8</ele>
        <time>2024-11-25T20:14:30Z</time>
      </trkpt>
      <trkpt lat="-23.069036342203617" lon="16.003619525581598">
        <ele>1001.4</ele>
        <time>2024-11-25T20:14:39Z</time>
      </trkpt>
      <trkpt lat="-23.068959983065724" lon="16.00345934741199">
        <ele>999.79999999999995</ele>
        <time>2024-11-25T20:14:48Z</time>
      </trkpt>
      <trkpt lat="-23.068887144327164" lon="16.003294475376606">
        <ele>998.39999999999998</ele>
        <time>2024-11-25T20:14:57Z</time>
      </trkpt>
      <trkpt lat="-23.068813383579254" lon="16.003127256408334">
        <ele>995.60000000000002</ele>
        <time>2024-11-25T20:15:06Z</time>
      </trkpt>
      <trkpt lat="-23.068735264241695" lon="16.00296238437295">
        <ele>995.20000000000005</ele>
        <time>2024-11-25T20:15:15Z</time>
      </trkpt>
      <trkpt lat="-23.068655803799629" lon="16.002797679975629">
        <ele>995.20000000000005</ele>
        <time>2024-11-25T20:15:24Z</time>
      </trkpt>
      <trkpt lat="-23.068498810753226" lon="16.002465337514877">
        <ele>995.60000000000002</ele>
        <time>2024-11-25T20:15:33Z</time>
      </trkpt>
      <trkpt lat="-23.068420523777604" lon="16.002296274527907">
        <ele>996.20000000000005</ele>
        <time>2024-11-25T20:15:42Z</time>
      </trkpt>
      <trkpt lat="-23.068278366699815" lon="16.00196217186749">
        <ele>996.60000000000002</ele>
        <time>2024-11-25T20:15:50Z</time>
      </trkpt>
      <trkpt lat="-23.068227069452405" lon="16.00178824737668">
        <ele>997</ele>
        <time>2024-11-25T20:15:59Z</time>
      </trkpt>
      <trkpt lat="-23.068192452192307" lon="16.001610718667507">
        <ele>997.79999999999995</ele>
        <time>2024-11-25T20:16:08Z</time>
      </trkpt>
      <trkpt lat="-23.068179124966264" lon="16.001427490264177">
        <ele>999</ele>
        <time>2024-11-25T20:16:17Z</time>
      </trkpt>
      <trkpt lat="-23.06818968616426" lon="16.001245183870196">
        <ele>999.20000000000005</ele>
        <time>2024-11-25T20:16:26Z</time>
      </trkpt>
      <trkpt lat="-23.068214915692806" lon="16.001059524714947">
        <ele>999.79999999999995</ele>
        <time>2024-11-25T20:16:35Z</time>
      </trkpt>
      <trkpt lat="-23.068243665620685" lon="16.000866238027811">
        <ele>1000.8</ele>
        <time>2024-11-25T20:16:44Z</time>
      </trkpt>
      <trkpt lat="-23.068270739167929" lon="16.000666078180075">
        <ele>1001.8</ele>
        <time>2024-11-25T20:16:53Z</time>
      </trkpt>
      <trkpt lat="-23.068329328671098" lon="16.00025637075305">
        <ele>1002.2</ele>
        <time>2024-11-25T20:17:02Z</time>
      </trkpt>
      <trkpt lat="-23.068420942872763" lon="15.999593529850245">
        <ele>1002.6</ele>
        <time>2024-11-25T20:17:11Z</time>
      </trkpt>
      <trkpt lat="-23.068485483527184" lon="15.999132944270968">
        <ele>1002.6</ele>
        <time>2024-11-25T20:17:20Z</time>
      </trkpt>
      <trkpt lat="-23.068586150184274" lon="15.998432300984859">
        <ele>1002.4</ele>
        <time>2024-11-25T20:17:29Z</time>
      </trkpt>
      <trkpt lat="-23.068690337240696" lon="15.997725035995245">
        <ele>1002.6</ele>
        <time>2024-11-25T20:17:37Z</time>
      </trkpt>
      <trkpt lat="-23.068727971985936" lon="15.997488414868712">
        <ele>1002.6</ele>
        <time>2024-11-25T20:17:46Z</time>
      </trkpt>
      <trkpt lat="-23.06876334361732" lon="15.99725229665637">
        <ele>1002.8</ele>
        <time>2024-11-25T20:17:55Z</time>
      </trkpt>
      <trkpt lat="-23.068794189020991" lon="15.997015340253711">
        <ele>1003.4</ele>
        <time>2024-11-25T20:18:04Z</time>
      </trkpt>
      <trkpt lat="-23.068822352215648" lon="15.99678467027843">
        <ele>1004.8</ele>
        <time>2024-11-25T20:18:13Z</time>
      </trkpt>
      <trkpt lat="-23.068850850686431" lon="15.996559364721179">
        <ele>1005.6</ele>
        <time>2024-11-25T20:18:22Z</time>
      </trkpt>
      <trkpt lat="-23.068879600614309" lon="15.99633757956326">
        <ele>1006.4</ele>
        <time>2024-11-25T20:18:31Z</time>
      </trkpt>
      <trkpt lat="-23.068907260894775" lon="15.996125685051084">
        <ele>1007.4</ele>
        <time>2024-11-25T20:18:40Z</time>
      </trkpt>
      <trkpt lat="-23.068935759365559" lon="15.995920412242413">
        <ele>1008.2</ele>
        <time>2024-11-25T20:18:49Z</time>
      </trkpt>
      <trkpt lat="-23.068961659446359" lon="15.995719833299518">
        <ele>1008.8</ele>
        <time>2024-11-25T20:18:58Z</time>
      </trkpt>
      <trkpt lat="-23.068978087976575" lon="15.995518667623401">
        <ele>1009</ele>
        <time>2024-11-25T20:19:07Z</time>
      </trkpt>
      <trkpt lat="-23.068994181230664" lon="15.995314987376332">
        <ele>1009</ele>
        <time>2024-11-25T20:19:16Z</time>
      </trkpt>
      <trkpt lat="-23.069011028856039" lon="15.995106194168329">
        <ele>1009</ele>
        <time>2024-11-25T20:19:25Z</time>
      </trkpt>
      <trkpt lat="-23.069026619195938" lon="15.994903855025768">
        <ele>1008.6</ele>
        <time>2024-11-25T20:19:34Z</time>
      </trkpt>
      <trkpt lat="-23.069041455164552" lon="15.994704030454159">
        <ele>1007.8</ele>
        <time>2024-11-25T20:19:43Z</time>
      </trkpt>
      <trkpt lat="-23.069057129323483" lon="15.994502613320947">
        <ele>1006.8</ele>
        <time>2024-11-25T20:19:52Z</time>
      </trkpt>
      <trkpt lat="-23.069076491519809" lon="15.994294323027134">
        <ele>1006.2</ele>
        <time>2024-11-25T20:20:01Z</time>
      </trkpt>
      <trkpt lat="-23.069096021354198" lon="15.994077231734991">
        <ele>1005.2</ele>
        <time>2024-11-25T20:20:10Z</time>
      </trkpt>
      <trkpt lat="-23.0691132042557" lon="15.9938660915941">
        <ele>1003.6</ele>
        <time>2024-11-25T20:20:19Z</time>
      </trkpt>
      <trkpt lat="-23.069132398813963" lon="15.99365352652967">
        <ele>1002.4</ele>
        <time>2024-11-25T20:20:28Z</time>
      </trkpt>
      <trkpt lat="-23.069152180105448" lon="15.993440458551049">
        <ele>1002.4</ele>
        <time>2024-11-25T20:20:37Z</time>
      </trkpt>
      <trkpt lat="-23.06916793808341" lon="15.993230324238539">
        <ele>1002.4</ele>
        <time>2024-11-25T20:20:45Z</time>
      </trkpt>
      <trkpt lat="-23.069186378270388" lon="15.993011137470603">
        <ele>1002.2</ele>
        <time>2024-11-25T20:20:54Z</time>
      </trkpt>
      <trkpt lat="-23.069206662476063" lon="15.992790106683969">
        <ele>1002.4</ele>
        <time>2024-11-25T20:21:03Z</time>
      </trkpt>
      <trkpt lat="-23.069245470687747" lon="15.99233228713274">
        <ele>1002.6</ele>
        <time>2024-11-25T20:21:12Z</time>
      </trkpt>
      <trkpt lat="-23.069260474294424" lon="15.99164480343461">
        <ele>1001.8</ele>
        <time>2024-11-25T20:21:21Z</time>
      </trkpt>
      <trkpt lat="-23.069251589477062" lon="15.991418492048979">
        <ele>1001.4</ele>
        <time>2024-11-25T20:21:30Z</time>
      </trkpt>
      <trkpt lat="-23.069231221452355" lon="15.991195868700743">
        <ele>1001.2</ele>
        <time>2024-11-25T20:21:39Z</time>
      </trkpt>
      <trkpt lat="-23.069188557565212" lon="15.990983052179217">
        <ele>1000.6</ele>
        <time>2024-11-25T20:21:48Z</time>
      </trkpt>
      <trkpt lat="-23.069132566452026" lon="15.990771409124136">
        <ele>1000.4</ele>
        <time>2024-11-25T20:21:57Z</time>
      </trkpt>
      <trkpt lat="-23.068885803222656" lon="15.990159194916487">
        <ele>1000.8</ele>
        <time>2024-11-25T20:22:06Z</time>
      </trkpt>
      <trkpt lat="-23.068610709160566" lon="15.989573886618018">
        <ele>1001.6</ele>
        <time>2024-11-25T20:22:15Z</time>
      </trkpt>
      <trkpt lat="-23.068519262596965" lon="15.989384455606341">
        <ele>1001.8</ele>
        <time>2024-11-25T20:22:24Z</time>
      </trkpt>
      <trkpt lat="-23.068428905680776" lon="15.989190917462111">
        <ele>1001.8</ele>
        <time>2024-11-25T20:22:33Z</time>
      </trkpt>
      <trkpt lat="-23.068339135497808" lon="15.988991679623723">
        <ele>1001.8</ele>
        <time>2024-11-25T20:22:42Z</time>
      </trkpt>
      <trkpt lat="-23.0681012570858" lon="15.988378124311566">
        <ele>999.20000000000005</ele>
        <time>2024-11-25T20:22:51Z</time>
      </trkpt>
      <trkpt lat="-23.068036548793316" lon="15.988179473206401">
        <ele>997.60000000000002</ele>
        <time>2024-11-25T20:23:00Z</time>
      </trkpt>
      <trkpt lat="-23.067986257374287" lon="15.987989958375692">
        <ele>996.60000000000002</ele>
        <time>2024-11-25T20:23:09Z</time>
      </trkpt>
      <trkpt lat="-23.067950299009681" lon="15.98780220374465">
        <ele>996.20000000000005</ele>
        <time>2024-11-25T20:23:18Z</time>
      </trkpt>
      <trkpt lat="-23.067928422242403" lon="15.987621825188398">
        <ele>996.20000000000005</ele>
        <time>2024-11-25T20:23:27Z</time>
      </trkpt>
      <trkpt lat="-23.067920124158263" lon="15.987442033365369">
        <ele>996</ele>
        <time>2024-11-25T20:23:36Z</time>
      </trkpt>
      <trkpt lat="-23.067934289574623" lon="15.987259726971388">
        <ele>995.39999999999998</ele>
        <time>2024-11-25T20:23:45Z</time>
      </trkpt>
      <trkpt lat="-23.067980306223035" lon="15.987069373950362">
        <ele>994.39999999999998</ele>
        <time>2024-11-25T20:23:54Z</time>
      </trkpt>
      <trkpt lat="-23.06803822517395" lon="15.986880864948034">
        <ele>992</ele>
        <time>2024-11-25T20:24:03Z</time>
      </trkpt>
      <trkpt lat="-23.068102849647403" lon="15.986702078953385">
        <ele>990.20000000000005</ele>
        <time>2024-11-25T20:24:12Z</time>
      </trkpt>
      <trkpt lat="-23.068179041147232" lon="15.986547768115997">
        <ele>988.79999999999995</ele>
        <time>2024-11-25T20:24:21Z</time>
      </trkpt>
      <trkpt lat="-23.068254478275776" lon="15.986410807818174">
        <ele>988.79999999999995</ele>
        <time>2024-11-25T20:24:30Z</time>
      </trkpt>
      <trkpt lat="-23.068318432196975" lon="15.986271919682622">
        <ele>988.79999999999995</ele>
        <time>2024-11-25T20:24:39Z</time>
      </trkpt>
      <trkpt lat="-23.068377021700144" lon="15.98612766712904">
        <ele>988.79999999999995</ele>
        <time>2024-11-25T20:24:48Z</time>
      </trkpt>
      <trkpt lat="-23.068440472707152" lon="15.985977463424206">
        <ele>990.39999999999998</ele>
        <time>2024-11-25T20:24:57Z</time>
      </trkpt>
      <trkpt lat="-23.068505600094795" lon="15.985815357416868">
        <ele>992</ele>
        <time>2024-11-25T20:25:06Z</time>
      </trkpt>
      <trkpt lat="-23.068645996972919" lon="15.985461222007871">
        <ele>992.79999999999995</ele>
        <time>2024-11-25T20:25:15Z</time>
      </trkpt>
      <trkpt lat="-23.068794189020991" lon="15.985098704695702">
        <ele>993.60000000000002</ele>
        <time>2024-11-25T20:25:24Z</time>
      </trkpt>
      <trkpt lat="-23.068939195945859" lon="15.98471456207335">
        <ele>995</ele>
        <time>2024-11-25T20:25:33Z</time>
      </trkpt>
      <trkpt lat="-23.069082275032997" lon="15.984348524361849">
        <ele>995.79999999999995</ele>
        <time>2024-11-25T20:25:42Z</time>
      </trkpt>
      <trkpt lat="-23.069148827344179" lon="15.984170408919454">
        <ele>996</ele>
        <time>2024-11-25T20:25:51Z</time>
      </trkpt>
      <trkpt lat="-23.069211104884744" lon="15.983998579904437">
        <ele>996.39999999999998</ele>
        <time>2024-11-25T20:26:00Z</time>
      </trkpt>
      <trkpt lat="-23.06926810182631" lon="15.983843011781573">
        <ele>996.39999999999998</ele>
        <time>2024-11-25T20:26:09Z</time>
      </trkpt>
      <trkpt lat="-23.069317471235991" lon="15.983709236606956">
        <ele>996.39999999999998</ele>
        <time>2024-11-25T20:26:19Z</time>
      </trkpt>
      <trkpt lat="-23.069357955828309" lon="15.983602032065392">
        <ele>996.39999999999998</ele>
        <time>2024-11-25T20:26:28Z</time>
      </trkpt>
      <trkpt lat="-23.06939659640193" lon="15.983504801988602">
        <ele>996</ele>
        <time>2024-11-25T20:26:37Z</time>
      </trkpt>
      <trkpt lat="-23.06943473406136" lon="15.983408745378256">
        <ele>995.60000000000002</ele>
        <time>2024-11-25T20:26:46Z</time>
      </trkpt>
      <trkpt lat="-23.069479493424296" lon="15.98330388776958">
        <ele>995.60000000000002</ele>
        <time>2024-11-25T20:26:55Z</time>
      </trkpt>
      <trkpt lat="-23.069584853947163" lon="15.983051341027021">
        <ele>995.20000000000005</ele>
        <time>2024-11-25T20:27:04Z</time>
      </trkpt>
      <trkpt lat="-23.06983488611877" lon="15.982439545914531">
        <ele>995.39999999999998</ele>
        <time>2024-11-25T20:27:13Z</time>
      </trkpt>
      <trkpt lat="-23.069961285218596" lon="15.982113741338253">
        <ele>998.20000000000005</ele>
        <time>2024-11-25T20:27:22Z</time>
      </trkpt>
      <trkpt lat="-23.07002691552043" lon="15.981944091618061">
        <ele>999.39999999999998</ele>
        <time>2024-11-25T20:27:31Z</time>
      </trkpt>
      <trkpt lat="-23.070165803655982" lon="15.981597080826759">
        <ele>1001.4</ele>
        <time>2024-11-25T20:27:40Z</time>
      </trkpt>
      <trkpt lat="-23.070232020691037" lon="15.98142022266984">
        <ele>1001.8</ele>
        <time>2024-11-25T20:27:49Z</time>
      </trkpt>
      <trkpt lat="-23.070295974612236" lon="15.981246214359999">
        <ele>1003</ele>
        <time>2024-11-25T20:27:58Z</time>
      </trkpt>
      <trkpt lat="-23.070354228839278" lon="15.98107036203146">
        <ele>1003.8</ele>
        <time>2024-11-25T20:28:07Z</time>
      </trkpt>
      <trkpt lat="-23.07040804065764" lon="15.980892917141318">
        <ele>1005</ele>
        <time>2024-11-25T20:28:16Z</time>
      </trkpt>
      <trkpt lat="-23.070461098104715" lon="15.980715891346335">
        <ele>1005.2</ele>
        <time>2024-11-25T20:28:25Z</time>
      </trkpt>
      <trkpt lat="-23.070510467514396" lon="15.980543475598097">
        <ele>1005.8</ele>
        <time>2024-11-25T20:28:34Z</time>
      </trkpt>
      <trkpt lat="-23.070559082552791" lon="15.980366533622146">
        <ele>1006</ele>
        <time>2024-11-25T20:28:43Z</time>
      </trkpt>
      <trkpt lat="-23.070607529953122" lon="15.980183808133006">
        <ele>1006</ele>
        <time>2024-11-25T20:28:52Z</time>
      </trkpt>
      <trkpt lat="-23.070663185790181" lon="15.979997394606471">
        <ele>1006</ele>
        <time>2024-11-25T20:29:01Z</time>
      </trkpt>
      <trkpt lat="-23.070726804435253" lon="15.979809639975429">
        <ele>1005.4</ele>
        <time>2024-11-25T20:29:10Z</time>
      </trkpt>
      <trkpt lat="-23.070798637345433" lon="15.979619286954403">
        <ele>1003.8</ele>
        <time>2024-11-25T20:29:19Z</time>
      </trkpt>
      <trkpt lat="-23.070883378386497" lon="15.979428011924028">
        <ele>1002.2</ele>
        <time>2024-11-25T20:29:28Z</time>
      </trkpt>
      <trkpt lat="-23.070988235995173" lon="15.979238832369447">
        <ele>1000.6</ele>
        <time>2024-11-25T20:29:37Z</time>
      </trkpt>
      <trkpt lat="-23.071102229878306" lon="15.979054849594831">
        <ele>998.60000000000002</ele>
        <time>2024-11-25T20:29:47Z</time>
      </trkpt>
      <trkpt lat="-23.071219995617867" lon="15.978874638676643">
        <ele>997.60000000000002</ele>
        <time>2024-11-25T20:29:56Z</time>
      </trkpt>
      <trkpt lat="-23.071338515728712" lon="15.978697277605534">
        <ele>996</ele>
        <time>2024-11-25T20:30:05Z</time>
      </trkpt>
      <trkpt lat="-23.071461142972112" lon="15.978525197133422">
        <ele>995</ele>
        <time>2024-11-25T20:30:14Z</time>
      </trkpt>
      <trkpt lat="-23.071580920368433" lon="15.978361079469323">
        <ele>994</ele>
        <time>2024-11-25T20:30:23Z</time>
      </trkpt>
      <trkpt lat="-23.071702374145389" lon="15.978203415870667">
        <ele>993.79999999999995</ele>
        <time>2024-11-25T20:30:32Z</time>
      </trkpt>
      <trkpt lat="-23.071819050237536" lon="15.978041309863329">
        <ele>993.79999999999995</ele>
        <time>2024-11-25T20:30:41Z</time>
      </trkpt>
      <trkpt lat="-23.071930781006813" lon="15.977883813902736">
        <ele>993.79999999999995</ele>
        <time>2024-11-25T20:30:50Z</time>
      </trkpt>
      <trkpt lat="-23.07203957810998" lon="15.97773109562695">
        <ele>994.39999999999998</ele>
        <time>2024-11-25T20:30:59Z</time>
      </trkpt>
      <trkpt lat="-23.072152817621827" lon="15.977579550817609">
        <ele>994.39999999999998</ele>
        <time>2024-11-25T20:31:08Z</time>
      </trkpt>
      <trkpt lat="-23.07239237241447" lon="15.977247040718794">
        <ele>994.39999999999998</ele>
        <time>2024-11-25T20:31:17Z</time>
      </trkpt>
      <trkpt lat="-23.072636956349015" lon="15.976893994957209">
        <ele>991.60000000000002</ele>
        <time>2024-11-25T20:31:26Z</time>
      </trkpt>
      <trkpt lat="-23.073001317679882" lon="15.976376160979271">
        <ele>991.60000000000002</ele>
        <time>2024-11-25T20:31:35Z</time>
      </trkpt>
      <trkpt lat="-23.073116485029459" lon="15.976211121305823">
        <ele>991.79999999999995</ele>
        <time>2024-11-25T20:31:44Z</time>
      </trkpt>
      <trkpt lat="-23.073227209970355" lon="15.976047925651073">
        <ele>993.60000000000002</ele>
        <time>2024-11-25T20:31:54Z</time>
      </trkpt>
      <trkpt lat="-23.07333642616868" lon="15.975888418033719">
        <ele>994.79999999999995</ele>
        <time>2024-11-25T20:32:03Z</time>
      </trkpt>
      <trkpt lat="-23.073442289605737" lon="15.975736202672124">
        <ele>996</ele>
        <time>2024-11-25T20:32:12Z</time>
      </trkpt>
      <trkpt lat="-23.07354748249054" lon="15.975583903491497">
        <ele>997.60000000000002</ele>
        <time>2024-11-25T20:32:21Z</time>
      </trkpt>
      <trkpt lat="-23.073654435575008" lon="15.975428083911538">
        <ele>998.60000000000002</ele>
        <time>2024-11-25T20:32:30Z</time>
      </trkpt>
      <trkpt lat="-23.073763316497207" lon="15.975270755589008">
        <ele>1000.2</ele>
        <time>2024-11-25T20:32:39Z</time>
      </trkpt>
      <trkpt lat="-23.073873789981008" lon="15.975115690380335">
        <ele>1001.2</ele>
        <time>2024-11-25T20:32:48Z</time>
      </trkpt>
      <trkpt lat="-23.07421300560236" lon="15.974612021818757">
        <ele>1001.6</ele>
        <time>2024-11-25T20:32:57Z</time>
      </trkpt>
      <trkpt lat="-23.074465468525887" lon="15.974258640781045">
        <ele>1001.2</ele>
        <time>2024-11-25T20:33:06Z</time>
      </trkpt>
      <trkpt lat="-23.074592286720872" lon="15.974079100415111">
        <ele>1000.4</ele>
        <time>2024-11-25T20:33:15Z</time>
      </trkpt>
      <trkpt lat="-23.07471876963973" lon="15.973902493715286">
        <ele>1000.2</ele>
        <time>2024-11-25T20:33:24Z</time>
      </trkpt>
      <trkpt lat="-23.074842989444733" lon="15.973725719377398">
        <ele>1000</ele>
        <time>2024-11-25T20:33:34Z</time>
      </trkpt>
      <trkpt lat="-23.07496796362102" lon="15.973545173183084">
        <ele>999.79999999999995</ele>
        <time>2024-11-25T20:33:43Z</time>
      </trkpt>
      <trkpt lat="-23.075097547844052" lon="15.973361609503627">
        <ele>999.60000000000002</ele>
        <time>2024-11-25T20:33:52Z</time>
      </trkpt>
      <trkpt lat="-23.075224785134196" lon="15.973176788538694">
        <ele>999.39999999999998</ele>
        <time>2024-11-25T20:34:01Z</time>
      </trkpt>
      <trkpt lat="-23.075350765138865" lon="15.972988279536366">
        <ele>999.39999999999998</ele>
        <time>2024-11-25T20:34:10Z</time>
      </trkpt>
      <trkpt lat="-23.075477331876755" lon="15.972798764705658">
        <ele>999</ele>
        <time>2024-11-25T20:34:19Z</time>
      </trkpt>
      <trkpt lat="-23.075605910271406" lon="15.972610339522362">
        <ele>998.60000000000002</ele>
        <time>2024-11-25T20:34:28Z</time>
      </trkpt>
      <trkpt lat="-23.075733818113804" lon="15.972420992329717">
        <ele>997.79999999999995</ele>
        <time>2024-11-25T20:34:37Z</time>
      </trkpt>
      <trkpt lat="-23.07585678063333" lon="15.972229046747088">
        <ele>997.20000000000005</ele>
        <time>2024-11-25T20:34:46Z</time>
      </trkpt>
      <trkpt lat="-23.075978737324476" lon="15.972035089507699">
        <ele>996.60000000000002</ele>
        <time>2024-11-25T20:34:56Z</time>
      </trkpt>
      <trkpt lat="-23.07610061019659" lon="15.971842557191849">
        <ele>996.60000000000002</ele>
        <time>2024-11-25T20:35:05Z</time>
      </trkpt>
      <trkpt lat="-23.076337650418282" lon="15.971454558894038">
        <ele>996.20000000000005</ele>
        <time>2024-11-25T20:35:14Z</time>
      </trkpt>
      <trkpt lat="-23.07645189575851" lon="15.971261356025934">
        <ele>996</ele>
        <time>2024-11-25T20:35:23Z</time>
      </trkpt>
      <trkpt lat="-23.076562955975533" lon="15.971067566424608">
        <ele>995.79999999999995</ele>
        <time>2024-11-25T20:35:32Z</time>
      </trkpt>
      <trkpt lat="-23.076670663431287" lon="15.970877381041646">
        <ele>995.79999999999995</ele>
        <time>2024-11-25T20:35:41Z</time>
      </trkpt>
      <trkpt lat="-23.076781304553151" lon="15.970689877867699">
        <ele>995.20000000000005</ele>
        <time>2024-11-25T20:35:50Z</time>
      </trkpt>
      <trkpt lat="-23.076896974816918" lon="15.970506481826305">
        <ele>994.20000000000005</ele>
        <time>2024-11-25T20:35:59Z</time>
      </trkpt>
      <trkpt lat="-23.077021613717079" lon="15.970326690003276">
        <ele>993.39999999999998</ele>
        <time>2024-11-25T20:36:09Z</time>
      </trkpt>
      <trkpt lat="-23.077152539044619" lon="15.970146730542183">
        <ele>992.20000000000005</ele>
        <time>2024-11-25T20:36:18Z</time>
      </trkpt>
      <trkpt lat="-23.077285476028919" lon="15.969967776909471">
        <ele>991</ele>
        <time>2024-11-25T20:36:27Z</time>
      </trkpt>
      <trkpt lat="-23.07742184959352" lon="15.969788571819663">
        <ele>989</ele>
        <time>2024-11-25T20:36:36Z</time>
      </trkpt>
      <trkpt lat="-23.07756694033742" lon="15.969606935977936">
        <ele>987.60000000000002</ele>
        <time>2024-11-25T20:36:45Z</time>
      </trkpt>
      <trkpt lat="-23.077714629471302" lon="15.969426389783621">
        <ele>986.39999999999998</ele>
        <time>2024-11-25T20:36:54Z</time>
      </trkpt>
      <trkpt lat="-23.077861061319709" lon="15.969247352331877">
        <ele>984.20000000000005</ele>
        <time>2024-11-25T20:37:03Z</time>
      </trkpt>
      <trkpt lat="-23.078003888949752" lon="15.969077534973621">
        <ele>982.20000000000005</ele>
        <time>2024-11-25T20:37:13Z</time>
      </trkpt>
      <trkpt lat="-23.078139759600163" lon="15.968923391774297">
        <ele>980.60000000000002</ele>
        <time>2024-11-25T20:37:22Z</time>
      </trkpt>
      <trkpt lat="-23.078263644129038" lon="15.968784168362617">
        <ele>979</ele>
        <time>2024-11-25T20:37:31Z</time>
      </trkpt>
      <trkpt lat="-23.078387109562755" lon="15.968649387359619">
        <ele>978.20000000000005</ele>
        <time>2024-11-25T20:37:40Z</time>
      </trkpt>
      <trkpt lat="-23.078509736806154" lon="15.968509241938591">
        <ele>976.60000000000002</ele>
        <time>2024-11-25T20:37:49Z</time>
      </trkpt>
      <trkpt lat="-23.078623982146382" lon="15.968375131487846">
        <ele>976.39999999999998</ele>
        <time>2024-11-25T20:37:58Z</time>
      </trkpt>
      <trkpt lat="-23.078734036535025" lon="15.968249654397368">
        <ele>976.39999999999998</ele>
        <time>2024-11-25T20:38:07Z</time>
      </trkpt>
      <trkpt lat="-23.078842414543033" lon="15.968127027153969">
        <ele>976.39999999999998</ele>
        <time>2024-11-25T20:38:17Z</time>
      </trkpt>
      <trkpt lat="-23.078955989331007" lon="15.968005992472172">
        <ele>976.39999999999998</ele>
        <time>2024-11-25T20:38:26Z</time>
      </trkpt>
      <trkpt lat="-23.079323451966047" lon="15.967616401612759">
        <ele>976.39999999999998</ele>
        <time>2024-11-25T20:38:35Z</time>
      </trkpt>
      <trkpt lat="-23.079592511057854" lon="15.967331249266863">
        <ele>975.60000000000002</ele>
        <time>2024-11-25T20:38:44Z</time>
      </trkpt>
      <trkpt lat="-23.079728800803423" lon="15.967187583446503">
        <ele>973.79999999999995</ele>
        <time>2024-11-25T20:38:53Z</time>
      </trkpt>
      <trkpt lat="-23.079866515472531" lon="15.967046432197094">
        <ele>971.60000000000002</ele>
        <time>2024-11-25T20:39:02Z</time>
      </trkpt>
      <trkpt lat="-23.080121241509914" lon="15.96678969450295">
        <ele>971.60000000000002</ele>
        <time>2024-11-25T20:39:11Z</time>
      </trkpt>
      <trkpt lat="-23.080248311161995" lon="15.96666413359344">
        <ele>971.60000000000002</ele>
        <time>2024-11-25T20:39:21Z</time>
      </trkpt>
      <trkpt lat="-23.080378230661154" lon="15.966536896303296">
        <ele>972</ele>
        <time>2024-11-25T20:39:30Z</time>
      </trkpt>
      <trkpt lat="-23.080781735479832" lon="15.966129787266254">
        <ele>972</ele>
        <time>2024-11-25T20:39:39Z</time>
      </trkpt>
      <trkpt lat="-23.081067139282823" lon="15.965866511687636">
        <ele>971.20000000000005</ele>
        <time>2024-11-25T20:39:48Z</time>
      </trkpt>
      <trkpt lat="-23.081189934164286" lon="15.965748243033886">
        <ele>969.39999999999998</ele>
        <time>2024-11-25T20:39:57Z</time>
      </trkpt>
      <trkpt lat="-23.081304095685482" lon="15.965645480901003">
        <ele>969.39999999999998</ele>
        <time>2024-11-25T20:40:06Z</time>
      </trkpt>
      <trkpt lat="-23.081411216408014" lon="15.965544814243913">
        <ele>969.39999999999998</ele>
        <time>2024-11-25T20:40:16Z</time>
      </trkpt>
      <trkpt lat="-23.081524791195989" lon="15.96544305793941">
        <ele>969.39999999999998</ele>
        <time>2024-11-25T20:40:25Z</time>
      </trkpt>
      <trkpt lat="-23.081643143668771" lon="15.9653399605304">
        <ele>969.79999999999995</ele>
        <time>2024-11-25T20:40:34Z</time>
      </trkpt>
      <trkpt lat="-23.081769291311502" lon="15.965241640806198">
        <ele>970.60000000000002</ele>
        <time>2024-11-25T20:40:43Z</time>
      </trkpt>
      <trkpt lat="-23.081902815029025" lon="15.96514692530036">
        <ele>971.20000000000005</ele>
        <time>2024-11-25T20:40:52Z</time>
      </trkpt>
      <trkpt lat="-23.082044720649719" lon="15.965043241158128">
        <ele>971.20000000000005</ele>
        <time>2024-11-25T20:41:01Z</time>
      </trkpt>
      <trkpt lat="-23.08218696154654" lon="15.964935785159469">
        <ele>971.20000000000005</ele>
        <time>2024-11-25T20:41:11Z</time>
      </trkpt>
      <trkpt lat="-23.082334399223328" lon="15.964823216199875">
        <ele>971</ele>
        <time>2024-11-25T20:41:20Z</time>
      </trkpt>
      <trkpt lat="-23.082479825243354" lon="15.964704779908061">
        <ele>970.20000000000005</ele>
        <time>2024-11-25T20:41:29Z</time>
      </trkpt>
      <trkpt lat="-23.082622988149524" lon="15.964575279504061">
        <ele>968.79999999999995</ele>
        <time>2024-11-25T20:41:38Z</time>
      </trkpt>
      <trkpt lat="-23.082761541008949" lon="15.964439827948809">
        <ele>967.39999999999998</ele>
        <time>2024-11-25T20:41:47Z</time>
      </trkpt>
      <trkpt lat="-23.083138139918447" lon="15.963943535462022">
        <ele>966.39999999999998</ele>
        <time>2024-11-25T20:41:57Z</time>
      </trkpt>
      <trkpt lat="-23.083447432145476" lon="15.963398963212967">
        <ele>966.39999999999998</ele>
        <time>2024-11-25T20:42:06Z</time>
      </trkpt>
      <trkpt lat="-23.083537202328444" lon="15.963225206360221">
        <ele>966.60000000000002</ele>
        <time>2024-11-25T20:42:15Z</time>
      </trkpt>
      <trkpt lat="-23.083617584779859" lon="15.96306293271482">
        <ele>967.20000000000005</ele>
        <time>2024-11-25T20:42:24Z</time>
      </trkpt>
      <trkpt lat="-23.083690591156483" lon="15.962905352935195">
        <ele>968.20000000000005</ele>
        <time>2024-11-25T20:42:33Z</time>
      </trkpt>
      <trkpt lat="-23.083751443773508" lon="15.962751042097807">
        <ele>970</ele>
        <time>2024-11-25T20:42:43Z</time>
      </trkpt>
      <trkpt lat="-23.083817241713405" lon="15.96258700825274">
        <ele>971.39999999999998</ele>
        <time>2024-11-25T20:42:52Z</time>
      </trkpt>
      <trkpt lat="-23.084004577249289" lon="15.962055679410696">
        <ele>971.60000000000002</ele>
        <time>2024-11-25T20:43:01Z</time>
      </trkpt>
      <trkpt lat="-23.084189230576158" lon="15.961469197645783">
        <ele>970.60000000000002</ele>
        <time>2024-11-25T20:43:10Z</time>
      </trkpt>
      <trkpt lat="-23.084255279973149" lon="15.961266523227096">
        <ele>969.79999999999995</ele>
        <time>2024-11-25T20:43:19Z</time>
      </trkpt>
      <trkpt lat="-23.08432325720787" lon="15.961063597351313">
        <ele>969</ele>
        <time>2024-11-25T20:43:29Z</time>
      </trkpt>
      <trkpt lat="-23.084391569718719" lon="15.960857234895229">
        <ele>968.79999999999995</ele>
        <time>2024-11-25T20:43:38Z</time>
      </trkpt>
      <trkpt lat="-23.084462229162455" lon="15.960650118067861">
        <ele>968.20000000000005</ele>
        <time>2024-11-25T20:43:47Z</time>
      </trkpt>
      <trkpt lat="-23.084525177255273" lon="15.960456244647503">
        <ele>968.20000000000005</ele>
        <time>2024-11-25T20:43:56Z</time>
      </trkpt>
      <trkpt lat="-23.084593908861279" lon="15.960272680968046">
        <ele>968.20000000000005</ele>
        <time>2024-11-25T20:44:05Z</time>
      </trkpt>
      <trkpt lat="-23.084660712629557" lon="15.960094146430492">
        <ele>968.20000000000005</ele>
        <time>2024-11-25T20:44:15Z</time>
      </trkpt>
      <trkpt lat="-23.084721565246582" lon="15.95990982837975">
        <ele>968.79999999999995</ele>
        <time>2024-11-25T20:44:24Z</time>
      </trkpt>
      <trkpt lat="-23.084776466712356" lon="15.959726935252547">
        <ele>970</ele>
        <time>2024-11-25T20:44:33Z</time>
      </trkpt>
      <trkpt lat="-23.084818879142404" lon="15.959545969963074">
        <ele>971.39999999999998</ele>
        <time>2024-11-25T20:44:42Z</time>
      </trkpt>
      <trkpt lat="-23.084841594099998" lon="15.95936793833971">
        <ele>972.20000000000005</ele>
        <time>2024-11-25T20:44:51Z</time>
      </trkpt>
      <trkpt lat="-23.084838325157762" lon="15.959192253649235">
        <ele>972.60000000000002</ele>
        <time>2024-11-25T20:45:01Z</time>
      </trkpt>
      <trkpt lat="-23.084818879142404" lon="15.959016988053918">
        <ele>972.79999999999995</ele>
        <time>2024-11-25T20:45:10Z</time>
      </trkpt>
      <trkpt lat="-23.084782920777798" lon="15.95884365029633">
        <ele>973.39999999999998</ele>
        <time>2024-11-25T20:45:19Z</time>
      </trkpt>
      <trkpt lat="-23.084726510569453" lon="15.958678275346756">
        <ele>974</ele>
        <time>2024-11-25T20:45:28Z</time>
      </trkpt>
      <trkpt lat="-23.084592232480645" lon="15.958335623145103">
        <ele>974.60000000000002</ele>
        <time>2024-11-25T20:45:38Z</time>
      </trkpt>
      <trkpt lat="-23.084529116749763" lon="15.958153903484344">
        <ele>975.39999999999998</ele>
        <time>2024-11-25T20:45:47Z</time>
      </trkpt>
      <trkpt lat="-23.084470946341753" lon="15.95796849578619">
        <ele>975.79999999999995</ele>
        <time>2024-11-25T20:45:56Z</time>
      </trkpt>
      <trkpt lat="-23.084418307989836" lon="15.957782249897718">
        <ele>976</ele>
        <time>2024-11-25T20:46:05Z</time>
      </trkpt>
      <trkpt lat="-23.0843769852072" lon="15.957607654854655">
        <ele>976</ele>
        <time>2024-11-25T20:46:14Z</time>
      </trkpt>
      <trkpt lat="-23.08434471487999" lon="15.957452673465014">
        <ele>976</ele>
        <time>2024-11-25T20:46:24Z</time>
      </trkpt>
      <trkpt lat="-23.084317725151777" lon="15.957308001816273">
        <ele>976.39999999999998</ele>
        <time>2024-11-25T20:46:33Z</time>
      </trkpt>
      <trkpt lat="-23.084294507279992" lon="15.957168275490403">
        <ele>976.60000000000002</ele>
        <time>2024-11-25T20:46:42Z</time>
      </trkpt>
      <trkpt lat="-23.084270283579826" lon="15.957016563042998">
        <ele>976.60000000000002</ele>
        <time>2024-11-25T20:46:51Z</time>
      </trkpt>
      <trkpt lat="-23.084239270538092" lon="15.956850433722138">
        <ele>976.20000000000005</ele>
        <time>2024-11-25T20:47:01Z</time>
      </trkpt>
      <trkpt lat="-23.084203479811549" lon="15.956682795658708">
        <ele>976.20000000000005</ele>
        <time>2024-11-25T20:47:10Z</time>
      </trkpt>
      <trkpt lat="-23.084157463163137" lon="15.956514151766896">
        <ele>975.79999999999995</ele>
        <time>2024-11-25T20:47:19Z</time>
      </trkpt>
      <trkpt lat="-23.084112033247948" lon="15.956344837322831">
        <ele>974</ele>
        <time>2024-11-25T20:47:28Z</time>
      </trkpt>
      <trkpt lat="-23.084062412381172" lon="15.956173595041037">
        <ele>973.39999999999998</ele>
        <time>2024-11-25T20:47:38Z</time>
      </trkpt>
      <trkpt lat="-23.084004493430257" lon="15.95601006411016">
        <ele>973.39999999999998</ele>
        <time>2024-11-25T20:47:47Z</time>
      </trkpt>
      <trkpt lat="-23.083933833986521" lon="15.955846616998315">
        <ele>973.39999999999998</ele>
        <time>2024-11-25T20:47:56Z</time>
      </trkpt>
      <trkpt lat="-23.083855379372835" lon="15.955698424950242">
        <ele>973.39999999999998</ele>
        <time>2024-11-25T20:48:05Z</time>
      </trkpt>
      <trkpt lat="-23.083770805969834" lon="15.955565320327878">
        <ele>974.79999999999995</ele>
        <time>2024-11-25T20:48:15Z</time>
      </trkpt>
      <trkpt lat="-23.083676006644964" lon="15.955454930663109">
        <ele>976.20000000000005</ele>
        <time>2024-11-25T20:48:24Z</time>
      </trkpt>
      <trkpt lat="-23.083568047732115" lon="15.955348983407021">
        <ele>977.20000000000005</ele>
        <time>2024-11-25T20:48:33Z</time>
      </trkpt>
      <trkpt lat="-23.083447264507413" lon="15.955249071121216">
        <ele>978.79999999999995</ele>
        <time>2024-11-25T20:48:42Z</time>
      </trkpt>
      <trkpt lat="-23.083315333351493" lon="15.955142788589001">
        <ele>979.39999999999998</ele>
        <time>2024-11-25T20:48:52Z</time>
      </trkpt>
      <trkpt lat="-23.083172589540482" lon="15.955031896010041">
        <ele>979.39999999999998</ele>
        <time>2024-11-25T20:49:01Z</time>
      </trkpt>
      <trkpt lat="-23.083024900406599" lon="15.954924607649446">
        <ele>979.39999999999998</ele>
        <time>2024-11-25T20:49:10Z</time>
      </trkpt>
      <trkpt lat="-23.082867907360196" lon="15.95481681637466">
        <ele>979.39999999999998</ele>
        <time>2024-11-25T20:49:19Z</time>
      </trkpt>
      <trkpt lat="-23.082705214619637" lon="15.954707097262144">
        <ele>978.39999999999998</ele>
        <time>2024-11-25T20:49:29Z</time>
      </trkpt>
      <trkpt lat="-23.082535564899445" lon="15.95459058880806">
        <ele>977.20000000000005</ele>
        <time>2024-11-25T20:49:38Z</time>
      </trkpt>
      <trkpt lat="-23.082367675378919" lon="15.95447139814496">
        <ele>977.20000000000005</ele>
        <time>2024-11-25T20:49:47Z</time>
      </trkpt>
      <trkpt lat="-23.08220012113452" lon="15.954350112006068">
        <ele>977.20000000000005</ele>
        <time>2024-11-25T20:49:56Z</time>
      </trkpt>
      <trkpt lat="-23.082035919651389" lon="15.954234106466174">
        <ele>977.20000000000005</ele>
        <time>2024-11-25T20:50:06Z</time>
      </trkpt>
      <trkpt lat="-23.081875406205654" lon="15.9541239682585">
        <ele>977.60000000000002</ele>
        <time>2024-11-25T20:50:15Z</time>
      </trkpt>
      <trkpt lat="-23.081723107025027" lon="15.954011986032128">
        <ele>978.60000000000002</ele>
        <time>2024-11-25T20:50:24Z</time>
      </trkpt>
      <trkpt lat="-23.08157860301435" lon="15.953905116766691">
        <ele>979.20000000000005</ele>
        <time>2024-11-25T20:50:33Z</time>
      </trkpt>
      <trkpt lat="-23.081439882516861" lon="15.95380486920476">
        <ele>980.79999999999995</ele>
        <time>2024-11-25T20:50:43Z</time>
      </trkpt>
      <trkpt lat="-23.081312477588654" lon="15.953715350478888">
        <ele>982</ele>
        <time>2024-11-25T20:50:52Z</time>
      </trkpt>
      <trkpt lat="-23.081205105409026" lon="15.95364167355001">
        <ele>983.39999999999998</ele>
        <time>2024-11-25T20:51:01Z</time>
      </trkpt>
      <trkpt lat="-23.081121454015374" lon="15.953587023541331">
        <ele>983.79999999999995</ele>
        <time>2024-11-25T20:51:10Z</time>
      </trkpt>
      <trkpt lat="-23.08105087839067" lon="15.953537235036492">
        <ele>984</ele>
        <time>2024-11-25T20:51:20Z</time>
      </trkpt>
      <trkpt lat="-23.080977033823729" lon="15.953479399904609">
        <ele>984.39999999999998</ele>
        <time>2024-11-25T20:51:29Z</time>
      </trkpt>
      <trkpt lat="-23.080891706049442" lon="15.953414775431156">
        <ele>984.79999999999995</ele>
        <time>2024-11-25T20:51:38Z</time>
      </trkpt>
      <trkpt lat="-23.080797242000699" lon="15.953345708549023">
        <ele>985</ele>
        <time>2024-11-25T20:51:47Z</time>
      </trkpt>
      <trkpt lat="-23.080694563686848" lon="15.953270271420479">
        <ele>985</ele>
        <time>2024-11-25T20:51:57Z</time>
      </trkpt>
      <trkpt lat="-23.080581156536937" lon="15.953187542036176">
        <ele>985</ele>
        <time>2024-11-25T20:52:06Z</time>
      </trkpt>
      <trkpt lat="-23.080462720245123" lon="15.953100370243192">
        <ele>985</ele>
        <time>2024-11-25T20:52:15Z</time>
      </trkpt>
      <trkpt lat="-23.080351408571005" lon="15.953009678050876">
        <ele>985</ele>
        <time>2024-11-25T20:52:25Z</time>
      </trkpt>
      <trkpt lat="-23.080237163230777" lon="15.95291119068861">
        <ele>984.79999999999995</ele>
        <time>2024-11-25T20:52:34Z</time>
      </trkpt>
      <trkpt lat="-23.080118140205741" lon="15.952803986147046">
        <ele>984.79999999999995</ele>
        <time>2024-11-25T20:52:43Z</time>
      </trkpt>
      <trkpt lat="-23.07999350130558" lon="15.952686974778771">
        <ele>984.39999999999998</ele>
        <time>2024-11-25T20:52:52Z</time>
      </trkpt>
      <trkpt lat="-23.079868275672197" lon="15.952563593164086">
        <ele>983.60000000000002</ele>
        <time>2024-11-25T20:53:02Z</time>
      </trkpt>
      <trkpt lat="-23.079740032553673" lon="15.952430907636881">
        <ele>982.39999999999998</ele>
        <time>2024-11-25T20:53:11Z</time>
      </trkpt>
      <trkpt lat="-23.079605000093579" lon="15.952288918197155">
        <ele>981</ele>
        <time>2024-11-25T20:53:20Z</time>
      </trkpt>
      <trkpt lat="-23.079472985118628" lon="15.95213963650167">
        <ele>979.79999999999995</ele>
        <time>2024-11-25T20:53:29Z</time>
      </trkpt>
      <trkpt lat="-23.079346669837832" lon="15.951989348977804">
        <ele>978.20000000000005</ele>
        <time>2024-11-25T20:53:39Z</time>
      </trkpt>
      <trkpt lat="-23.07922245003283" lon="15.951842833310366">
        <ele>977.39999999999998</ele>
        <time>2024-11-25T20:53:48Z</time>
      </trkpt>
      <trkpt lat="-23.079097140580416" lon="15.951694808900356">
        <ele>977.20000000000005</ele>
        <time>2024-11-25T20:53:57Z</time>
      </trkpt>
      <trkpt lat="-23.078968226909637" lon="15.951541336253285">
        <ele>977</ele>
        <time>2024-11-25T20:54:07Z</time>
      </trkpt>
      <trkpt lat="-23.078837553039193" lon="15.951387612149119">
        <ele>976.79999999999995</ele>
        <time>2024-11-25T20:54:16Z</time>
      </trkpt>
      <trkpt lat="-23.078433377668262" lon="15.9509102627635">
        <ele>977</ele>
        <time>2024-11-25T20:54:25Z</time>
      </trkpt>
      <trkpt lat="-23.078007576987147" lon="15.950395613908768">
        <ele>977.20000000000005</ele>
        <time>2024-11-25T20:54:34Z</time>
      </trkpt>
      <trkpt lat="-23.077594432979822" lon="15.94986118376255">
        <ele>977.60000000000002</ele>
        <time>2024-11-25T20:54:44Z</time>
      </trkpt>
      <trkpt lat="-23.077465519309044" lon="15.949683906510472">
        <ele>977.79999999999995</ele>
        <time>2024-11-25T20:54:53Z</time>
      </trkpt>
      <trkpt lat="-23.077332833781838" lon="15.949508305639029">
        <ele>978</ele>
        <time>2024-11-25T20:55:02Z</time>
      </trkpt>
      <trkpt lat="-23.077201992273331" lon="15.949328597635031">
        <ele>978</ele>
        <time>2024-11-25T20:55:12Z</time>
      </trkpt>
      <trkpt lat="-23.077074252068996" lon="15.949148805812001">
        <ele>978.39999999999998</ele>
        <time>2024-11-25T20:55:21Z</time>
      </trkpt>
      <trkpt lat="-23.07668499648571" lon="15.948603227734566">
        <ele>979</ele>
        <time>2024-11-25T20:55:30Z</time>
      </trkpt>
      <trkpt lat="-23.0765559989959" lon="15.948424022644758">
        <ele>979.39999999999998</ele>
        <time>2024-11-25T20:55:40Z</time>
      </trkpt>
      <trkpt lat="-23.07642943225801" lon="15.948248170316219">
        <ele>980.20000000000005</ele>
        <time>2024-11-25T20:55:49Z</time>
      </trkpt>
      <trkpt lat="-23.07630630210042" lon="15.948073156177998">
        <ele>980.60000000000002</ele>
        <time>2024-11-25T20:55:58Z</time>
      </trkpt>
      <trkpt lat="-23.076184513047338" lon="15.947902584448457">
        <ele>981</ele>
        <time>2024-11-25T20:56:08Z</time>
      </trkpt>
      <trkpt lat="-23.076062388718128" lon="15.947740646079183">
        <ele>981.20000000000005</ele>
        <time>2024-11-25T20:56:17Z</time>
      </trkpt>
      <trkpt lat="-23.075940934941173" lon="15.947581389918923">
        <ele>981.60000000000002</ele>
        <time>2024-11-25T20:56:26Z</time>
      </trkpt>
      <trkpt lat="-23.075824258849025" lon="15.94742339104414">
        <ele>982</ele>
        <time>2024-11-25T20:56:35Z</time>
      </trkpt>
      <trkpt lat="-23.075715377926826" lon="15.94726555980742">
        <ele>982.60000000000002</ele>
        <time>2024-11-25T20:56:45Z</time>
      </trkpt>
      <trkpt lat="-23.075620327144861" lon="15.947104459628463">
        <ele>982.79999999999995</ele>
        <time>2024-11-25T20:56:54Z</time>
      </trkpt>
      <trkpt lat="-23.075550505891442" lon="15.946940006688237">
        <ele>983.20000000000005</ele>
        <time>2024-11-25T20:57:03Z</time>
      </trkpt>
      <trkpt lat="-23.075509099289775" lon="15.94677354209125">
        <ele>983.20000000000005</ele>
        <time>2024-11-25T20:57:13Z</time>
      </trkpt>
      <trkpt lat="-23.075495017692447" lon="15.946607077494264">
        <ele>983.60000000000002</ele>
        <time>2024-11-25T20:57:22Z</time>
      </trkpt>
      <trkpt lat="-23.075493676587939" lon="15.946442205458879">
        <ele>983.79999999999995</ele>
        <time>2024-11-25T20:57:31Z</time>
      </trkpt>
      <trkpt lat="-23.075504237785935" lon="15.946283619850874">
        <ele>984.79999999999995</ele>
        <time>2024-11-25T20:57:41Z</time>
      </trkpt>
      <trkpt lat="-23.075522510334849" lon="15.946131320670247">
        <ele>986.39999999999998</ele>
        <time>2024-11-25T20:57:50Z</time>
      </trkpt>
      <trkpt lat="-23.075549500063062" lon="15.945986984297633">
        <ele>987.60000000000002</ele>
        <time>2024-11-25T20:57:59Z</time>
      </trkpt>
      <trkpt lat="-23.07558948174119" lon="15.94585195183754">
        <ele>988.39999999999998</ele>
        <time>2024-11-25T20:58:09Z</time>
      </trkpt>
      <trkpt lat="-23.075651507824659" lon="15.945726474747062">
        <ele>989</ele>
        <time>2024-11-25T20:58:18Z</time>
      </trkpt>
      <trkpt lat="-23.075733482837677" lon="15.945595297962427">
        <ele>989.20000000000005</ele>
        <time>2024-11-25T20:58:27Z</time>
      </trkpt>
      <trkpt lat="-23.075826102867723" lon="15.945455403998494">
        <ele>989.20000000000005</ele>
        <time>2024-11-25T20:58:37Z</time>
      </trkpt>
      <trkpt lat="-23.075928445905447" lon="15.945311570540071">
        <ele>989.20000000000005</ele>
        <time>2024-11-25T20:58:46Z</time>
      </trkpt>
      <trkpt lat="-23.076034309342504" lon="15.94516203738749">
        <ele>989</ele>
        <time>2024-11-25T20:58:55Z</time>
      </trkpt>
      <trkpt lat="-23.076141681522131" lon="15.945007055997849">
        <ele>988.20000000000005</ele>
        <time>2024-11-25T20:59:05Z</time>
      </trkpt>
      <trkpt lat="-23.076247712597251" lon="15.944847799837589">
        <ele>987.60000000000002</ele>
        <time>2024-11-25T20:59:14Z</time>
      </trkpt>
      <trkpt lat="-23.076353743672371" lon="15.944694662466645">
        <ele>987.20000000000005</ele>
        <time>2024-11-25T20:59:23Z</time>
      </trkpt>
      <trkpt lat="-23.076455667614937" lon="15.944537585601211">
        <ele>986.60000000000002</ele>
        <time>2024-11-25T20:59:33Z</time>
      </trkpt>
      <trkpt lat="-23.076554825529456" lon="15.944382771849632">
        <ele>986</ele>
        <time>2024-11-25T20:59:42Z</time>
      </trkpt>
      <trkpt lat="-23.076649289578199" lon="15.944232065230608">
        <ele>985.79999999999995</ele>
        <time>2024-11-25T20:59:51Z</time>
      </trkpt>
      <trkpt lat="-23.076742915436625" lon="15.944078927859664">
        <ele>984.60000000000002</ele>
        <time>2024-11-25T21:00:01Z</time>
      </trkpt>
      <trkpt lat="-23.076836792752147" lon="15.943922605365515">
        <ele>984</ele>
        <time>2024-11-25T21:00:10Z</time>
      </trkpt>
      <trkpt lat="-23.076926143839955" lon="15.943770641461015">
        <ele>982.79999999999995</ele>
        <time>2024-11-25T21:00:19Z</time>
      </trkpt>
      <trkpt lat="-23.07700015604496" lon="15.943618174642324">
        <ele>982.39999999999998</ele>
        <time>2024-11-25T21:00:29Z</time>
      </trkpt>
      <trkpt lat="-23.077054219320416" lon="15.943464618176222">
        <ele>981.39999999999998</ele>
        <time>2024-11-25T21:00:38Z</time>
      </trkpt>
      <trkpt lat="-23.077095290645957" lon="15.943314079195261">
        <ele>979.20000000000005</ele>
        <time>2024-11-25T21:00:47Z</time>
      </trkpt>
      <trkpt lat="-23.077128985896707" lon="15.943156918510795">
        <ele>978.60000000000002</ele>
        <time>2024-11-25T21:00:57Z</time>
      </trkpt>
      <trkpt lat="-23.077161004766822" lon="15.942994393408298">
        <ele>977.79999999999995</ele>
        <time>2024-11-25T21:01:06Z</time>
      </trkpt>
      <trkpt lat="-23.07720635086298" lon="15.942641263827682">
        <ele>974.20000000000005</ele>
        <time>2024-11-25T21:01:16Z</time>
      </trkpt>
      <trkpt lat="-23.077209871262312" lon="15.942468345165253">
        <ele>974.20000000000005</ele>
        <time>2024-11-25T21:01:25Z</time>
      </trkpt>
      <trkpt lat="-23.077199645340443" lon="15.942294085398316">
        <ele>974.20000000000005</ele>
        <time>2024-11-25T21:01:34Z</time>
      </trkpt>
      <trkpt lat="-23.077167207375169" lon="15.942118316888809">
        <ele>974.20000000000005</ele>
        <time>2024-11-25T21:01:44Z</time>
      </trkpt>
      <trkpt lat="-23.077065115794539" lon="15.941778933629394">
        <ele>975.39999999999998</ele>
        <time>2024-11-25T21:01:53Z</time>
      </trkpt>
      <trkpt lat="-23.076999401673675" lon="15.941620599478483">
        <ele>976.79999999999995</ele>
        <time>2024-11-25T21:02:02Z</time>
      </trkpt>
      <trkpt lat="-23.076934777200222" lon="15.941477604210377">
        <ele>977.39999999999998</ele>
        <time>2024-11-25T21:02:12Z</time>
      </trkpt>
      <trkpt lat="-23.076876271516085" lon="15.941349612548947">
        <ele>978</ele>
        <time>2024-11-25T21:02:21Z</time>
      </trkpt>
      <trkpt lat="-23.076827740296721" lon="15.94124467112124">
        <ele>979.39999999999998</ele>
        <time>2024-11-25T21:02:30Z</time>
      </trkpt>
      <trkpt lat="-23.076784489676356" lon="15.941151129081845">
        <ele>980</ele>
        <time>2024-11-25T21:02:40Z</time>
      </trkpt>
      <trkpt lat="-23.07674459181726" lon="15.941066388040781">
        <ele>980.39999999999998</ele>
        <time>2024-11-25T21:02:49Z</time>
      </trkpt>
      <trkpt lat="-23.07669865898788" lon="15.940981730818748">
        <ele>981</ele>
        <time>2024-11-25T21:02:58Z</time>
      </trkpt>
      <trkpt lat="-23.076648702844977" lon="15.940889026969671">
        <ele>982</ele>
        <time>2024-11-25T21:03:08Z</time>
      </trkpt>
      <trkpt lat="-23.076546778902411" lon="15.940691716969013">
        <ele>983.79999999999995</ele>
        <time>2024-11-25T21:03:17Z</time>
      </trkpt>
      <trkpt lat="-23.076450638473034" lon="15.940486863255501">
        <ele>985.39999999999998</ele>
        <time>2024-11-25T21:03:27Z</time>
      </trkpt>
      <trkpt lat="-23.076335303485394" lon="15.94025862403214">
        <ele>985.60000000000002</ele>
        <time>2024-11-25T21:03:36Z</time>
      </trkpt>
      <trkpt lat="-23.076275289058685" lon="15.940127782523632">
        <ele>985.60000000000002</ele>
        <time>2024-11-25T21:03:45Z</time>
      </trkpt>
      <trkpt lat="-23.076212843880057" lon="15.939989816397429">
        <ele>985.60000000000002</ele>
        <time>2024-11-25T21:03:55Z</time>
      </trkpt>
      <trkpt lat="-23.076151488348842" lon="15.939852772280574">
        <ele>985.39999999999998</ele>
        <time>2024-11-25T21:04:04Z</time>
      </trkpt>
      <trkpt lat="-23.076090971007943" lon="15.939707430079579">
        <ele>984</ele>
        <time>2024-11-25T21:04:13Z</time>
      </trkpt>
      <trkpt lat="-23.076030956581235" lon="15.939556388184428">
        <ele>982.60000000000002</ele>
        <time>2024-11-25T21:04:23Z</time>
      </trkpt>
      <trkpt lat="-23.075972115620971" lon="15.939400568604469">
        <ele>982</ele>
        <time>2024-11-25T21:04:32Z</time>
      </trkpt>
      <trkpt lat="-23.075918639078736" lon="15.939239887520671">
        <ele>981</ele>
        <time>2024-11-25T21:04:42Z</time>
      </trkpt>
      <trkpt lat="-23.075872203335166" lon="15.939071578904986">
        <ele>979.39999999999998</ele>
        <time>2024-11-25T21:04:51Z</time>
      </trkpt>
      <trkpt lat="-23.07583867572248" lon="15.938898995518684">
        <ele>977.79999999999995</ele>
        <time>2024-11-25T21:05:00Z</time>
      </trkpt>
      <trkpt lat="-23.075822331011295" lon="15.938723143190145">
        <ele>976.60000000000002</ele>
        <time>2024-11-25T21:05:10Z</time>
      </trkpt>
      <trkpt lat="-23.075817218050361" lon="15.938537651672959">
        <ele>974.79999999999995</ele>
        <time>2024-11-25T21:05:19Z</time>
      </trkpt>
      <trkpt lat="-23.075821241363883" lon="15.938358781859279">
        <ele>973.60000000000002</ele>
        <time>2024-11-25T21:05:28Z</time>
      </trkpt>
      <trkpt lat="-23.075823085382581" lon="15.938187958672643">
        <ele>972.39999999999998</ele>
        <time>2024-11-25T21:05:38Z</time>
      </trkpt>
      <trkpt lat="-23.075829623267055" lon="15.938012609258294">
        <ele>970.79999999999995</ele>
        <time>2024-11-25T21:05:47Z</time>
      </trkpt>
      <trkpt lat="-23.075850158929825" lon="15.93783893622458">
        <ele>968.60000000000002</ele>
        <time>2024-11-25T21:05:57Z</time>
      </trkpt>
      <trkpt lat="-23.075880752876401" lon="15.937676411122084">
        <ele>968.60000000000002</ele>
        <time>2024-11-25T21:06:06Z</time>
      </trkpt>
      <trkpt lat="-23.075906820595264" lon="15.937518831342459">
        <ele>968.60000000000002</ele>
        <time>2024-11-25T21:06:15Z</time>
      </trkpt>
      <trkpt lat="-23.075926098972559" lon="15.937360245734453">
        <ele>968.60000000000002</ele>
        <time>2024-11-25T21:06:25Z</time>
      </trkpt>
      <trkpt lat="-23.075948394834995" lon="15.937199145555496">
        <ele>970</ele>
        <time>2024-11-25T21:06:34Z</time>
      </trkpt>
      <trkpt lat="-23.075969014316797" lon="15.937043409794569">
        <ele>971.39999999999998</ele>
        <time>2024-11-25T21:06:43Z</time>
      </trkpt>
      <trkpt lat="-23.075985107570887" lon="15.936880297958851">
        <ele>973.20000000000005</ele>
        <time>2024-11-25T21:06:53Z</time>
      </trkpt>
      <trkpt lat="-23.075997428968549" lon="15.936713414266706">
        <ele>974.39999999999998</ele>
        <time>2024-11-25T21:07:02Z</time>
      </trkpt>
      <trkpt lat="-23.076009582728148" lon="15.936551811173558">
        <ele>976.39999999999998</ele>
        <time>2024-11-25T21:07:12Z</time>
      </trkpt>
      <trkpt lat="-23.076022490859032" lon="15.936384089291096">
        <ele>977.79999999999995</ele>
        <time>2024-11-25T21:07:21Z</time>
      </trkpt>
      <trkpt lat="-23.076041014865041" lon="15.936206560581923">
        <ele>979</ele>
        <time>2024-11-25T21:07:30Z</time>
      </trkpt>
      <trkpt lat="-23.076068423688412" lon="15.936027942225337">
        <ele>980.20000000000005</ele>
        <time>2024-11-25T21:07:40Z</time>
      </trkpt>
      <trkpt lat="-23.076100023463368" lon="15.935849826782942">
        <ele>981</ele>
        <time>2024-11-25T21:07:49Z</time>
      </trkpt>
      <trkpt lat="-23.07616263628006" lon="15.935503905639052">
        <ele>981.39999999999998</ele>
        <time>2024-11-25T21:07:59Z</time>
      </trkpt>
      <trkpt lat="-23.076188620179892" lon="15.935330735519528">
        <ele>981.60000000000002</ele>
        <time>2024-11-25T21:08:08Z</time>
      </trkpt>
      <trkpt lat="-23.076247461140156" lon="15.934960590675473">
        <ele>982.20000000000005</ele>
        <time>2024-11-25T21:08:17Z</time>
      </trkpt>
      <trkpt lat="-23.076279647648335" lon="15.934762777760625">
        <ele>982.20000000000005</ele>
        <time>2024-11-25T21:08:27Z</time>
      </trkpt>
      <trkpt lat="-23.076310493052006" lon="15.9345533978194">
        <ele>982.20000000000005</ele>
        <time>2024-11-25T21:08:36Z</time>
      </trkpt>
      <trkpt lat="-23.076339745894074" lon="15.934334546327591">
        <ele>981</ele>
        <time>2024-11-25T21:08:46Z</time>
      </trkpt>
      <trkpt lat="-23.076365478336811" lon="15.934107983484864">
        <ele>980.20000000000005</ele>
        <time>2024-11-25T21:08:55Z</time>
      </trkpt>
      <trkpt lat="-23.076385846361518" lon="15.93387421220541">
        <ele>978.39999999999998</ele>
        <time>2024-11-25T21:09:04Z</time>
      </trkpt>
      <trkpt lat="-23.076400011777878" lon="15.933630047366023">
        <ele>977.39999999999998</ele>
        <time>2024-11-25T21:09:14Z</time>
      </trkpt>
      <trkpt lat="-23.076414512470365" lon="15.933382613584399">
        <ele>975.79999999999995</ele>
        <time>2024-11-25T21:09:23Z</time>
      </trkpt>
      <trkpt lat="-23.076422391459346" lon="15.9331373590976">
        <ele>975</ele>
        <time>2024-11-25T21:09:33Z</time>
      </trkpt>
      <trkpt lat="-23.076427839696407" lon="15.93289059586823">
        <ele>973.79999999999995</ele>
        <time>2024-11-25T21:09:42Z</time>
      </trkpt>
      <trkpt lat="-23.076433455571532" lon="15.93264433555305">
        <ele>973.20000000000005</ele>
        <time>2024-11-25T21:09:52Z</time>
      </trkpt>
      <trkpt lat="-23.076432785019279" lon="15.932405367493629">
        <ele>973</ele>
        <time>2024-11-25T21:10:01Z</time>
      </trkpt>
      <trkpt lat="-23.076433539390564" lon="15.932171093299985">
        <ele>973</ele>
        <time>2024-11-25T21:10:10Z</time>
      </trkpt>
      <trkpt lat="-23.076430354267359" lon="15.931941261515021">
        <ele>973</ele>
        <time>2024-11-25T21:10:20Z</time>
      </trkpt>
      <trkpt lat="-23.076426666229963" lon="15.931717548519373">
        <ele>973.20000000000005</ele>
        <time>2024-11-25T21:10:29Z</time>
      </trkpt>
      <trkpt lat="-23.076421804726124" lon="15.931499199941754">
        <ele>973.79999999999995</ele>
        <time>2024-11-25T21:10:39Z</time>
      </trkpt>
      <trkpt lat="-23.076421720907092" lon="15.931282611563802">
        <ele>975.79999999999995</ele>
        <time>2024-11-25T21:10:48Z</time>
      </trkpt>
      <trkpt lat="-23.076432701200247" lon="15.931072728708386">
        <ele>976.20000000000005</ele>
        <time>2024-11-25T21:10:58Z</time>
      </trkpt>
      <trkpt lat="-23.076450806111097" lon="15.930868126451969">
        <ele>977.20000000000005</ele>
        <time>2024-11-25T21:11:07Z</time>
      </trkpt>
      <trkpt lat="-23.076471760869026" lon="15.93066000379622">
        <ele>978.20000000000005</ele>
        <time>2024-11-25T21:11:16Z</time>
      </trkpt>
      <trkpt lat="-23.076494224369526" lon="15.93044794164598">
        <ele>978.79999999999995</ele>
        <time>2024-11-25T21:11:26Z</time>
      </trkpt>
      <trkpt lat="-23.076568068936467" lon="15.929782669991255">
        <ele>979.20000000000005</ele>
        <time>2024-11-25T21:11:35Z</time>
      </trkpt>
      <trkpt lat="-23.07658432982862" lon="15.929557029157877">
        <ele>979.20000000000005</ele>
        <time>2024-11-25T21:11:45Z</time>
      </trkpt>
      <trkpt lat="-23.076639315113425" lon="15.928863091394305">
        <ele>978</ele>
        <time>2024-11-25T21:11:54Z</time>
      </trkpt>
      <trkpt lat="-23.076652893796563" lon="15.928623704239726">
        <ele>977.39999999999998</ele>
        <time>2024-11-25T21:12:04Z</time>
      </trkpt>
      <trkpt lat="-23.076677704229951" lon="15.928139984607697">
        <ele>976</ele>
        <time>2024-11-25T21:12:13Z</time>
      </trkpt>
      <trkpt lat="-23.076700251549482" lon="15.927652744576335">
        <ele>974.60000000000002</ele>
        <time>2024-11-25T21:12:22Z</time>
      </trkpt>
      <trkpt lat="-23.076722882688046" lon="15.927173551172018">
        <ele>974</ele>
        <time>2024-11-25T21:12:32Z</time>
      </trkpt>
      <trkpt lat="-23.076742328703403" lon="15.926938438788056">
        <ele>973.79999999999995</ele>
        <time>2024-11-25T21:12:41Z</time>
      </trkpt>
      <trkpt lat="-23.076759092509747" lon="15.926711792126298">
        <ele>972.79999999999995</ele>
        <time>2024-11-25T21:12:51Z</time>
      </trkpt>
      <trkpt lat="-23.076771246269345" lon="15.926493275910616">
        <ele>972.79999999999995</ele>
        <time>2024-11-25T21:13:00Z</time>
      </trkpt>
      <trkpt lat="-23.076785914599895" lon="15.926275597885251">
        <ele>972.79999999999995</ele>
        <time>2024-11-25T21:13:10Z</time>
      </trkpt>
      <trkpt lat="-23.076805612072349" lon="15.926059931516647">
        <ele>972.79999999999995</ele>
        <time>2024-11-25T21:13:19Z</time>
      </trkpt>
      <trkpt lat="-23.076830087229609" lon="15.925845103338361">
        <ele>973.39999999999998</ele>
        <time>2024-11-25T21:13:29Z</time>
      </trkpt>
      <trkpt lat="-23.076858250424266" lon="15.925622396171093">
        <ele>973.39999999999998</ele>
        <time>2024-11-25T21:13:38Z</time>
      </trkpt>
      <trkpt lat="-23.076975513249636" lon="15.924923680722713">
        <ele>972.79999999999995</ele>
        <time>2024-11-25T21:13:48Z</time>
      </trkpt>
      <trkpt lat="-23.07701775804162" lon="15.924688233062625">
        <ele>971.60000000000002</ele>
        <time>2024-11-25T21:13:57Z</time>
      </trkpt>
      <trkpt lat="-23.077052040025592" lon="15.924454545602202">
        <ele>970.39999999999998</ele>
        <time>2024-11-25T21:14:06Z</time>
      </trkpt>
      <trkpt lat="-23.077076012268662" lon="15.924230078235269">
        <ele>969.20000000000005</ele>
        <time>2024-11-25T21:14:16Z</time>
      </trkpt>
      <trkpt lat="-23.077101074159145" lon="15.924007790163159">
        <ele>968.60000000000002</ele>
        <time>2024-11-25T21:14:25Z</time>
      </trkpt>
      <trkpt lat="-23.077123537659645" lon="15.92378499917686">
        <ele>968.20000000000005</ele>
        <time>2024-11-25T21:14:35Z</time>
      </trkpt>
      <trkpt lat="-23.077200399711728" lon="15.923113189637661">
        <ele>967</ele>
        <time>2024-11-25T21:14:44Z</time>
      </trkpt>
      <trkpt lat="-23.077235016971827" lon="15.922657633200288">
        <ele>965.79999999999995</ele>
        <time>2024-11-25T21:14:54Z</time>
      </trkpt>
      <trkpt lat="-23.077243817970157" lon="15.922426879405975">
        <ele>965</ele>
        <time>2024-11-25T21:15:03Z</time>
      </trkpt>
      <trkpt lat="-23.077256977558136" lon="15.921968473121524">
        <ele>963.39999999999998</ele>
        <time>2024-11-25T21:15:13Z</time>
      </trkpt>
      <trkpt lat="-23.07728354819119" lon="15.921513084322214">
        <ele>961.60000000000002</ele>
        <time>2024-11-25T21:15:22Z</time>
      </trkpt>
      <trkpt lat="-23.077303916215897" lon="15.921279229223728">
        <ele>960.20000000000005</ele>
        <time>2024-11-25T21:15:32Z</time>
      </trkpt>
      <trkpt lat="-23.077330738306046" lon="15.921049816533923">
        <ele>958.20000000000005</ele>
        <time>2024-11-25T21:15:41Z</time>
      </trkpt>
      <trkpt lat="-23.077374240383506" lon="15.920825684443116">
        <ele>956.60000000000002</ele>
        <time>2024-11-25T21:15:51Z</time>
      </trkpt>
      <trkpt lat="-23.077434841543436" lon="15.920612197369337">
        <ele>955.60000000000002</ele>
        <time>2024-11-25T21:16:00Z</time>
      </trkpt>
      <trkpt lat="-23.07749611325562" lon="15.920407176017761">
        <ele>954.79999999999995</ele>
        <time>2024-11-25T21:16:10Z</time>
      </trkpt>
      <trkpt lat="-23.077560570091009" lon="15.92019947245717">
        <ele>954.20000000000005</ele>
        <time>2024-11-25T21:16:19Z</time>
      </trkpt>
      <trkpt lat="-23.077629050239921" lon="15.919989086687565">
        <ele>954</ele>
        <time>2024-11-25T21:16:29Z</time>
      </trkpt>
      <trkpt lat="-23.077694931998849" lon="15.919772414490581">
        <ele>953.60000000000002</ele>
        <time>2024-11-25T21:16:38Z</time>
      </trkpt>
      <trkpt lat="-23.077798951417208" lon="15.919330017641187">
        <ele>952.39999999999998</ele>
        <time>2024-11-25T21:16:48Z</time>
      </trkpt>
      <trkpt lat="-23.07787824422121" lon="15.918866666033864">
        <ele>950.60000000000002</ele>
        <time>2024-11-25T21:16:57Z</time>
      </trkpt>
      <trkpt lat="-23.07790900580585" lon="15.918631469830871">
        <ele>949.39999999999998</ele>
        <time>2024-11-25T21:17:07Z</time>
      </trkpt>
      <trkpt lat="-23.077942952513695" lon="15.918392920866609">
        <ele>948.20000000000005</ele>
        <time>2024-11-25T21:17:16Z</time>
      </trkpt>
      <trkpt lat="-23.077978827059269" lon="15.918162502348423">
        <ele>946.79999999999995</ele>
        <time>2024-11-25T21:17:26Z</time>
      </trkpt>
      <trkpt lat="-23.078013695776463" lon="15.917940717190504">
        <ele>945.60000000000002</ele>
        <time>2024-11-25T21:17:35Z</time>
      </trkpt>
      <trkpt lat="-23.078051246702671" lon="15.917733684182167">
        <ele>944.60000000000002</ele>
        <time>2024-11-25T21:17:45Z</time>
      </trkpt>
      <trkpt lat="-23.078090138733387" lon="15.91753494925797">
        <ele>943.39999999999998</ele>
        <time>2024-11-25T21:17:54Z</time>
      </trkpt>
      <trkpt lat="-23.078125510364771" lon="15.917339231818914">
        <ele>942.20000000000005</ele>
        <time>2024-11-25T21:18:04Z</time>
      </trkpt>
      <trkpt lat="-23.078157529234886" lon="15.917152483016253">
        <ele>941.20000000000005</ele>
        <time>2024-11-25T21:18:13Z</time>
      </trkpt>
      <trkpt lat="-23.078201869502664" lon="15.91697059571743">
        <ele>940.79999999999995</ele>
        <time>2024-11-25T21:18:23Z</time>
      </trkpt>
      <trkpt lat="-23.078264063224196" lon="15.916788121685386">
        <ele>940.60000000000002</ele>
        <time>2024-11-25T21:18:32Z</time>
      </trkpt>
      <trkpt lat="-23.078341092914343" lon="15.916604893282056">
        <ele>939</ele>
        <time>2024-11-25T21:18:42Z</time>
      </trkpt>
      <trkpt lat="-23.078425331041217" lon="15.916417557746172">
        <ele>937.60000000000002</ele>
        <time>2024-11-25T21:18:51Z</time>
      </trkpt>
      <trkpt lat="-23.078510072082281" lon="15.916221085935831">
        <ele>935.39999999999998</ele>
        <time>2024-11-25T21:19:01Z</time>
      </trkpt>
      <trkpt lat="-23.078597327694297" lon="15.916020506992936">
        <ele>933.60000000000002</ele>
        <time>2024-11-25T21:19:10Z</time>
      </trkpt>
      <trkpt lat="-23.078682739287615" lon="15.915827890858054">
        <ele>931</ele>
        <time>2024-11-25T21:19:20Z</time>
      </trkpt>
      <trkpt lat="-23.078765803948045" lon="15.915654385462403">
        <ele>927.20000000000005</ele>
        <time>2024-11-25T21:19:30Z</time>
      </trkpt>
      <trkpt lat="-23.078834116458893" lon="15.915494123473763">
        <ele>925.60000000000002</ele>
        <time>2024-11-25T21:19:39Z</time>
      </trkpt>
      <trkpt lat="-23.078880803659558" lon="15.915331095457077">
        <ele>924.79999999999995</ele>
        <time>2024-11-25T21:19:49Z</time>
      </trkpt>
      <trkpt lat="-23.078902261331677" lon="15.915166977792978">
        <ele>924.39999999999998</ele>
        <time>2024-11-25T21:19:58Z</time>
      </trkpt>
      <trkpt lat="-23.078907458111644" lon="15.915001099929214">
        <ele>924.20000000000005</ele>
        <time>2024-11-25T21:20:08Z</time>
      </trkpt>
      <trkpt lat="-23.078903686255217" lon="15.914834551513195">
        <ele>924</ele>
        <time>2024-11-25T21:20:17Z</time>
      </trkpt>
      <trkpt lat="-23.078858340159059" lon="15.914505813270807">
        <ele>923</ele>
        <time>2024-11-25T21:20:27Z</time>
      </trkpt>
      <trkpt lat="-23.078817101195455" lon="15.914334403350949">
        <ele>921.79999999999995</ele>
        <time>2024-11-25T21:20:36Z</time>
      </trkpt>
      <trkpt lat="-23.078702436760068" lon="15.913983453065157">
        <ele>918.79999999999995</ele>
        <time>2024-11-25T21:20:46Z</time>
      </trkpt>
      <trkpt lat="-23.078564973548055" lon="15.913649182766676">
        <ele>918</ele>
        <time>2024-11-25T21:20:55Z</time>
      </trkpt>
      <trkpt lat="-23.078445279970765" lon="15.913329916074872">
        <ele>918</ele>
        <time>2024-11-25T21:21:05Z</time>
      </trkpt>
      <trkpt lat="-23.078390043228865" lon="15.91317686252296">
        <ele>918.20000000000005</ele>
        <time>2024-11-25T21:21:14Z</time>
      </trkpt>
      <trkpt lat="-23.078336818143725" lon="15.91303470544517">
        <ele>918.39999999999998</ele>
        <time>2024-11-25T21:21:24Z</time>
      </trkpt>
      <trkpt lat="-23.078284347429872" lon="15.912893721833825">
        <ele>918.79999999999995</ele>
        <time>2024-11-25T21:21:33Z</time>
      </trkpt>
      <trkpt lat="-23.078220225870609" lon="15.912755923345685">
        <ele>920</ele>
        <time>2024-11-25T21:21:43Z</time>
      </trkpt>
      <trkpt lat="-23.07815233245492" lon="15.912616113200784">
        <ele>922.60000000000002</ele>
        <time>2024-11-25T21:21:53Z</time>
      </trkpt>
      <trkpt lat="-23.078043200075626" lon="15.912340097129345">
        <ele>924.20000000000005</ele>
        <time>2024-11-25T21:22:02Z</time>
      </trkpt>
      <trkpt lat="-23.078022412955761" lon="15.91220204718411">
        <ele>924.79999999999995</ele>
        <time>2024-11-25T21:22:12Z</time>
      </trkpt>
      <trkpt lat="-23.078030375763774" lon="15.912064500153065">
        <ele>925.60000000000002</ele>
        <time>2024-11-25T21:22:21Z</time>
      </trkpt>
      <trkpt lat="-23.078070608898997" lon="15.911941872909665">
        <ele>926.20000000000005</ele>
        <time>2024-11-25T21:22:31Z</time>
      </trkpt>
      <trkpt lat="-23.078128946945071" lon="15.911822430789471">
        <ele>926.79999999999995</ele>
        <time>2024-11-25T21:22:40Z</time>
      </trkpt>
      <trkpt lat="-23.078194744884968" lon="15.911703072488308">
        <ele>928</ele>
        <time>2024-11-25T21:22:50Z</time>
      </trkpt>
      <trkpt lat="-23.078278228640556" lon="15.911583630368114">
        <ele>928.20000000000005</ele>
        <time>2024-11-25T21:22:59Z</time>
      </trkpt>
      <trkpt lat="-23.078365651890635" lon="15.911463098600507">
        <ele>928.79999999999995</ele>
        <time>2024-11-25T21:23:09Z</time>
      </trkpt>
      <trkpt lat="-23.078449470922351" lon="15.911348685622215">
        <ele>930</ele>
        <time>2024-11-25T21:23:19Z</time>
      </trkpt>
      <trkpt lat="-23.078535133972764" lon="15.911238798871636">
        <ele>930.39999999999998</ele>
        <time>2024-11-25T21:23:28Z</time>
      </trkpt>
      <trkpt lat="-23.078618030995131" lon="15.911129834130406">
        <ele>931.79999999999995</ele>
        <time>2024-11-25T21:23:38Z</time>
      </trkpt>
      <trkpt lat="-23.078701263293624" lon="15.911022294312716">
        <ele>933.60000000000002</ele>
        <time>2024-11-25T21:23:47Z</time>
      </trkpt>
      <trkpt lat="-23.078781142830849" lon="15.910913245752454">
        <ele>935.20000000000005</ele>
        <time>2024-11-25T21:23:57Z</time>
      </trkpt>
      <trkpt lat="-23.078856244683266" lon="15.910806376487017">
        <ele>937</ele>
        <time>2024-11-25T21:24:06Z</time>
      </trkpt>
      <trkpt lat="-23.078925898298621" lon="15.910697830840945">
        <ele>938.20000000000005</ele>
        <time>2024-11-25T21:24:16Z</time>
      </trkpt>
      <trkpt lat="-23.078995048999786" lon="15.910584004595876">
        <ele>939.20000000000005</ele>
        <time>2024-11-25T21:24:25Z</time>
      </trkpt>
      <trkpt lat="-23.079072162508965" lon="15.91046305373311">
        <ele>939.39999999999998</ele>
        <time>2024-11-25T21:24:35Z</time>
      </trkpt>
      <trkpt lat="-23.079157741740346" lon="15.91033698990941">
        <ele>939.39999999999998</ele>
        <time>2024-11-25T21:24:45Z</time>
      </trkpt>
      <trkpt lat="-23.079243404790759" lon="15.910201789811254">
        <ele>939.39999999999998</ele>
        <time>2024-11-25T21:24:54Z</time>
      </trkpt>
      <trkpt lat="-23.079318506643176" lon="15.910060470923781">
        <ele>939</ele>
        <time>2024-11-25T21:25:04Z</time>
      </trkpt>
      <trkpt lat="-23.079386567696929" lon="15.909910434857011">
        <ele>938.79999999999995</ele>
        <time>2024-11-25T21:25:13Z</time>
      </trkpt>
      <trkpt lat="-23.079449264332652" lon="15.909755788743496">
        <ele>938.79999999999995</ele>
        <time>2024-11-25T21:25:23Z</time>
      </trkpt>
      <trkpt lat="-23.079504668712616" lon="15.909595023840666">
        <ele>938.79999999999995</ele>
        <time>2024-11-25T21:25:32Z</time>
      </trkpt>
      <trkpt lat="-23.07954833842814" lon="15.909432750195265">
        <ele>939.39999999999998</ele>
        <time>2024-11-25T21:25:42Z</time>
      </trkpt>
      <trkpt lat="-23.079580776393414" lon="15.909268297255039">
        <ele>940.60000000000002</ele>
        <time>2024-11-25T21:25:52Z</time>
      </trkpt>
      <trkpt lat="-23.079594103619456" lon="15.909108454361558">
        <ele>942</ele>
        <time>2024-11-25T21:26:01Z</time>
      </trkpt>
      <trkpt lat="-23.079590415582061" lon="15.908950120210648">
        <ele>943</ele>
        <time>2024-11-25T21:26:11Z</time>
      </trkpt>
      <trkpt lat="-23.079568287357688" lon="15.908794887363911">
        <ele>943.60000000000002</ele>
        <time>2024-11-25T21:26:20Z</time>
      </trkpt>
      <trkpt lat="-23.07953467592597" lon="15.908637810498476">
        <ele>943.60000000000002</ele>
        <time>2024-11-25T21:26:30Z</time>
      </trkpt>
      <trkpt lat="-23.079511541873217" lon="15.908473525196314">
        <ele>943.60000000000002</ele>
        <time>2024-11-25T21:26:39Z</time>
      </trkpt>
      <trkpt lat="-23.079509865492582" lon="15.908294739201665">
        <ele>943.39999999999998</ele>
        <time>2024-11-25T21:26:49Z</time>
      </trkpt>
      <trkpt lat="-23.07952294126153" lon="15.908110253512859">
        <ele>941.79999999999995</ele>
        <time>2024-11-25T21:26:59Z</time>
      </trkpt>
      <trkpt lat="-23.07954540476203" lon="15.907920235767961">
        <ele>941</ele>
        <time>2024-11-25T21:27:08Z</time>
      </trkpt>
      <trkpt lat="-23.079575076699257" lon="15.907719070091844">
        <ele>939.60000000000002</ele>
        <time>2024-11-25T21:27:18Z</time>
      </trkpt>
      <trkpt lat="-23.07959770783782" lon="15.907539194449782">
        <ele>939.60000000000002</ele>
        <time>2024-11-25T21:27:27Z</time>
      </trkpt>
      <trkpt lat="-23.07960701175034" lon="15.907367113977671">
        <ele>939.60000000000002</ele>
        <time>2024-11-25T21:27:37Z</time>
      </trkpt>
      <trkpt lat="-23.079611286520958" lon="15.907196877524257">
        <ele>939.60000000000002</ele>
        <time>2024-11-25T21:27:46Z</time>
      </trkpt>
      <trkpt lat="-23.079613884910941" lon="15.907023036852479">
        <ele>942.39999999999998</ele>
        <time>2024-11-25T21:27:56Z</time>
      </trkpt>
      <trkpt lat="-23.079610364511609" lon="15.906858667731285">
        <ele>944.79999999999995</ele>
        <time>2024-11-25T21:28:06Z</time>
      </trkpt>
      <trkpt lat="-23.07959821075201" lon="15.906701255589724">
        <ele>946.79999999999995</ele>
        <time>2024-11-25T21:28:15Z</time>
      </trkpt>
      <trkpt lat="-23.079581363126636" lon="15.906562451273203">
        <ele>949.39999999999998</ele>
        <time>2024-11-25T21:28:25Z</time>
      </trkpt>
      <trkpt lat="-23.079551188275218" lon="15.906435716897249">
        <ele>952.20000000000005</ele>
        <time>2024-11-25T21:28:34Z</time>
      </trkpt>
      <trkpt lat="-23.079500896856189" lon="15.906314346939325">
        <ele>954.60000000000002</ele>
        <time>2024-11-25T21:28:44Z</time>
      </trkpt>
      <trkpt lat="-23.07943744584918" lon="15.906200353056192">
        <ele>956.39999999999998</ele>
        <time>2024-11-25T21:28:54Z</time>
      </trkpt>
      <trkpt lat="-23.07936804369092" lon="15.906101781874895">
        <ele>957.60000000000002</ele>
        <time>2024-11-25T21:29:03Z</time>
      </trkpt>
      <trkpt lat="-23.079284811392426" lon="15.905997427180409">
        <ele>959.60000000000002</ele>
        <time>2024-11-25T21:29:13Z</time>
      </trkpt>
      <trkpt lat="-23.079200405627489" lon="15.905885528773069">
        <ele>961</ele>
        <time>2024-11-25T21:29:22Z</time>
      </trkpt>
      <trkpt lat="-23.07911541312933" lon="15.905770612880588">
        <ele>962</ele>
        <time>2024-11-25T21:29:32Z</time>
      </trkpt>
      <trkpt lat="-23.079026564955711" lon="15.905659217387438">
        <ele>962.60000000000002</ele>
        <time>2024-11-25T21:29:42Z</time>
      </trkpt>
      <trkpt lat="-23.078931514173746" lon="15.905552096664906">
        <ele>963</ele>
        <time>2024-11-25T21:29:51Z</time>
      </trkpt>
      <trkpt lat="-23.078836798667908" lon="15.905458638444543">
        <ele>963.60000000000002</ele>
        <time>2024-11-25T21:30:01Z</time>
      </trkpt>
      <trkpt lat="-23.078732527792454" lon="15.905376076698303">
        <ele>964.79999999999995</ele>
        <time>2024-11-25T21:30:10Z</time>
      </trkpt>
      <trkpt lat="-23.078616186976433" lon="15.905298460274935">
        <ele>965.20000000000005</ele>
        <time>2024-11-25T21:30:20Z</time>
      </trkpt>
      <trkpt lat="-23.078490206971765" lon="15.905218413099647">
        <ele>965.20000000000005</ele>
        <time>2024-11-25T21:30:30Z</time>
      </trkpt>
      <trkpt lat="-23.078355174511671" lon="15.905138533562422">
        <ele>965.20000000000005</ele>
        <time>2024-11-25T21:30:39Z</time>
      </trkpt>
      <trkpt lat="-23.077907497063279" lon="15.904857907444239">
        <ele>962.39999999999998</ele>
        <time>2024-11-25T21:30:49Z</time>
      </trkpt>
      <trkpt lat="-23.077746732160449" lon="15.904756486415863">
        <ele>960.79999999999995</ele>
        <time>2024-11-25T21:30:58Z</time>
      </trkpt>
      <trkpt lat="-23.07758454233408" lon="15.904659423977137">
        <ele>959.20000000000005</ele>
        <time>2024-11-25T21:31:08Z</time>
      </trkpt>
      <trkpt lat="-23.077418832108378" lon="15.904562026262283">
        <ele>957.79999999999995</ele>
        <time>2024-11-25T21:31:18Z</time>
      </trkpt>
      <trkpt lat="-23.077252199873328" lon="15.904461946338415">
        <ele>956.79999999999995</ele>
        <time>2024-11-25T21:31:27Z</time>
      </trkpt>
      <trkpt lat="-23.077086573466659" lon="15.904364548623562">
        <ele>956</ele>
        <time>2024-11-25T21:31:37Z</time>
      </trkpt>
      <trkpt lat="-23.076920947059989" lon="15.904266983270645">
        <ele>955</ele>
        <time>2024-11-25T21:31:46Z</time>
      </trkpt>
      <trkpt lat="-23.076765295118093" lon="15.904165310785174">
        <ele>954</ele>
        <time>2024-11-25T21:31:56Z</time>
      </trkpt>
      <trkpt lat="-23.076628502458334" lon="15.904052071273327">
        <ele>953.39999999999998</ele>
        <time>2024-11-25T21:32:06Z</time>
      </trkpt>
      <trkpt lat="-23.076517358422279" lon="15.903926929458976">
        <ele>953</ele>
        <time>2024-11-25T21:32:15Z</time>
      </trkpt>
      <trkpt lat="-23.076433120295405" lon="15.903797764331102">
        <ele>953</ele>
        <time>2024-11-25T21:32:25Z</time>
      </trkpt>
      <trkpt lat="-23.076378386467695" lon="15.903662145137787">
        <ele>953</ele>
        <time>2024-11-25T21:32:34Z</time>
      </trkpt>
      <trkpt lat="-23.076342092826962" lon="15.903519485145807">
        <ele>953</ele>
        <time>2024-11-25T21:32:44Z</time>
      </trkpt>
      <trkpt lat="-23.076320132240653" lon="15.90336425229907">
        <ele>953</ele>
        <time>2024-11-25T21:32:54Z</time>
      </trkpt>
      <trkpt lat="-23.07631267234683" lon="15.90320248156786">
        <ele>953</ele>
        <time>2024-11-25T21:33:03Z</time>
      </trkpt>
      <trkpt lat="-23.076317366212606" lon="15.903033167123795">
        <ele>953</ele>
        <time>2024-11-25T21:33:13Z</time>
      </trkpt>
      <trkpt lat="-23.07633513584733" lon="15.902863601222634">
        <ele>952.79999999999995</ele>
        <time>2024-11-25T21:33:23Z</time>
      </trkpt>
      <trkpt lat="-23.076367238536477" lon="15.902526313439012">
        <ele>952</ele>
        <time>2024-11-25T21:33:32Z</time>
      </trkpt>
      <trkpt lat="-23.076402945443988" lon="15.902349622920156">
        <ele>951.60000000000002</ele>
        <time>2024-11-25T21:33:42Z</time>
      </trkpt>
      <trkpt lat="-23.076435383409262" lon="15.902011832222342">
        <ele>951.60000000000002</ele>
        <time>2024-11-25T21:33:51Z</time>
      </trkpt>
      <trkpt lat="-23.076449632644653" lon="15.90184360742569">
        <ele>951.60000000000002</ele>
        <time>2024-11-25T21:34:01Z</time>
      </trkpt>
      <trkpt lat="-23.076481986790895" lon="15.901490226387978">
        <ele>953.79999999999995</ele>
        <time>2024-11-25T21:34:11Z</time>
      </trkpt>
      <trkpt lat="-23.076502690091729" lon="15.901306495070457">
        <ele>955.39999999999998</ele>
        <time>2024-11-25T21:34:20Z</time>
      </trkpt>
      <trkpt lat="-23.076525405049324" lon="15.901119662448764">
        <ele>956.79999999999995</ele>
        <time>2024-11-25T21:34:30Z</time>
      </trkpt>
      <trkpt lat="-23.076549461111426" lon="15.900929477065802">
        <ele>958.20000000000005</ele>
        <time>2024-11-25T21:34:40Z</time>
      </trkpt>
      <trkpt lat="-23.076575864106417" lon="15.900738956406713">
        <ele>959.39999999999998</ele>
        <time>2024-11-25T21:34:49Z</time>
      </trkpt>
      <trkpt lat="-23.076604446396232" lon="15.900544663891196">
        <ele>960.79999999999995</ele>
        <time>2024-11-25T21:34:59Z</time>
      </trkpt>
      <trkpt lat="-23.076634956523776" lon="15.900344168767333">
        <ele>962.20000000000005</ele>
        <time>2024-11-25T21:35:08Z</time>
      </trkpt>
      <trkpt lat="-23.076689187437296" lon="15.899953907355666">
        <ele>964.79999999999995</ele>
        <time>2024-11-25T21:35:18Z</time>
      </trkpt>
      <trkpt lat="-23.07671969756484" lon="15.899769673123956">
        <ele>966.20000000000005</ele>
        <time>2024-11-25T21:35:28Z</time>
      </trkpt>
      <trkpt lat="-23.076757919043303" lon="15.899595664814115">
        <ele>967.39999999999998</ele>
        <time>2024-11-25T21:35:37Z</time>
      </trkpt>
      <trkpt lat="-23.076801085844636" lon="15.89942442253232">
        <ele>968.39999999999998</ele>
        <time>2024-11-25T21:35:47Z</time>
      </trkpt>
      <trkpt lat="-23.076852299273014" lon="15.89924362488091">
        <ele>970</ele>
        <time>2024-11-25T21:35:57Z</time>
      </trkpt>
      <trkpt lat="-23.076909212395549" lon="15.899058384820819">
        <ele>970</ele>
        <time>2024-11-25T21:36:06Z</time>
      </trkpt>
      <trkpt lat="-23.076972831040621" lon="15.898875324055552">
        <ele>970</ele>
        <time>2024-11-25T21:36:16Z</time>
      </trkpt>
      <trkpt lat="-23.07704022154212" lon="15.898689497262239">
        <ele>970.20000000000005</ele>
        <time>2024-11-25T21:36:26Z</time>
      </trkpt>
      <trkpt lat="-23.077106019482017" lon="15.898500652983785">
        <ele>970.20000000000005</ele>
        <time>2024-11-25T21:36:35Z</time>
      </trkpt>
      <trkpt lat="-23.07717215269804" lon="15.898312479257584">
        <ele>970.20000000000005</ele>
        <time>2024-11-25T21:36:45Z</time>
      </trkpt>
      <trkpt lat="-23.077237363904715" lon="15.898129753768444">
        <ele>970</ele>
        <time>2024-11-25T21:36:55Z</time>
      </trkpt>
      <trkpt lat="-23.077303329482675" lon="15.8979472797364">
        <ele>970</ele>
        <time>2024-11-25T21:37:04Z</time>
      </trkpt>
      <trkpt lat="-23.077368708327413" lon="15.897758770734072">
        <ele>970</ele>
        <time>2024-11-25T21:37:14Z</time>
      </trkpt>
      <trkpt lat="-23.07744724676013" lon="15.897565986961126">
        <ele>969.79999999999995</ele>
        <time>2024-11-25T21:37:24Z</time>
      </trkpt>
      <trkpt lat="-23.077518995851278" lon="15.89737362228334">
        <ele>968.39999999999998</ele>
        <time>2024-11-25T21:37:33Z</time>
      </trkpt>
      <trkpt lat="-23.077579345554113" lon="15.89718796312809">
        <ele>968.39999999999998</ele>
        <time>2024-11-25T21:37:43Z</time>
      </trkpt>
      <trkpt lat="-23.077641287818551" lon="15.897006578743458">
        <ele>968.39999999999998</ele>
        <time>2024-11-25T21:37:53Z</time>
      </trkpt>
      <trkpt lat="-23.07770230807364" lon="15.896828882396221">
        <ele>968.39999999999998</ele>
        <time>2024-11-25T21:38:02Z</time>
      </trkpt>
      <trkpt lat="-23.077767686918378" lon="15.896649928763509">
        <ele>969.60000000000002</ele>
        <time>2024-11-25T21:38:12Z</time>
      </trkpt>
      <trkpt lat="-23.077833568677306" lon="15.896474746987224">
        <ele>971.60000000000002</ele>
        <time>2024-11-25T21:38:22Z</time>
      </trkpt>
      <trkpt lat="-23.077899366617203" lon="15.896300571039319">
        <ele>972.60000000000002</ele>
        <time>2024-11-25T21:38:31Z</time>
      </trkpt>
      <trkpt lat="-23.077971031889319" lon="15.896135112270713">
        <ele>975.39999999999998</ele>
        <time>2024-11-25T21:38:41Z</time>
      </trkpt>
      <trkpt lat="-23.078050827607512" lon="15.895976442843676">
        <ele>977.20000000000005</ele>
        <time>2024-11-25T21:38:51Z</time>
      </trkpt>
      <trkpt lat="-23.078141687437892" lon="15.895815510302782">
        <ele>978.79999999999995</ele>
        <time>2024-11-25T21:39:00Z</time>
      </trkpt>
      <trkpt lat="-23.078243108466268" lon="15.895660696551204">
        <ele>980.20000000000005</ele>
        <time>2024-11-25T21:39:10Z</time>
      </trkpt>
      <trkpt lat="-23.078354839235544" lon="15.895515521988273">
        <ele>981.60000000000002</ele>
        <time>2024-11-25T21:39:20Z</time>
      </trkpt>
      <trkpt lat="-23.078479394316673" lon="15.895386608317494">
        <ele>982.39999999999998</ele>
        <time>2024-11-25T21:39:29Z</time>
      </trkpt>
      <trkpt lat="-23.078612918034196" lon="15.895273620262742">
        <ele>983.60000000000002</ele>
        <time>2024-11-25T21:39:39Z</time>
      </trkpt>
      <trkpt lat="-23.078751973807812" lon="15.895170690491796">
        <ele>984.60000000000002</ele>
        <time>2024-11-25T21:39:49Z</time>
      </trkpt>
      <trkpt lat="-23.07889555580914" lon="15.895070694386959">
        <ele>986.20000000000005</ele>
        <time>2024-11-25T21:39:58Z</time>
      </trkpt>
      <trkpt lat="-23.07903335429728" lon="15.894955610856414">
        <ele>987.39999999999998</ele>
        <time>2024-11-25T21:40:08Z</time>
      </trkpt>
      <trkpt lat="-23.079163106158376" lon="15.894830049946904">
        <ele>988.79999999999995</ele>
        <time>2024-11-25T21:40:18Z</time>
      </trkpt>
      <trkpt lat="-23.07927961461246" lon="15.894692754372954">
        <ele>989.60000000000002</ele>
        <time>2024-11-25T21:40:27Z</time>
      </trkpt>
      <trkpt lat="-23.079384891316295" lon="15.894555542618036">
        <ele>990.79999999999995</ele>
        <time>2024-11-25T21:40:37Z</time>
      </trkpt>
      <trkpt lat="-23.079481534659863" lon="15.894420510157943">
        <ele>992.60000000000002</ele>
        <time>2024-11-25T21:40:47Z</time>
      </trkpt>
      <trkpt lat="-23.079567784443498" lon="15.894287992268801">
        <ele>993.79999999999995</ele>
        <time>2024-11-25T21:40:56Z</time>
      </trkpt>
      <trkpt lat="-23.079647663980722" lon="15.894157905131578">
        <ele>996</ele>
        <time>2024-11-25T21:41:06Z</time>
      </trkpt>
      <trkpt lat="-23.079730393365026" lon="15.89402362704277">
        <ele>998.60000000000002</ele>
        <time>2024-11-25T21:41:16Z</time>
      </trkpt>
      <trkpt lat="-23.079812452197075" lon="15.89388482272625">
        <ele>999.60000000000002</ele>
        <time>2024-11-25T21:41:25Z</time>
      </trkpt>
      <trkpt lat="-23.079897612333298" lon="15.89374266564846">
        <ele>1000.6</ele>
        <time>2024-11-25T21:41:35Z</time>
      </trkpt>
      <trkpt lat="-23.079989142715931" lon="15.893593551591039">
        <ele>1000.8</ele>
        <time>2024-11-25T21:41:45Z</time>
      </trkpt>
      <trkpt lat="-23.080284604802728" lon="15.893102372065187">
        <ele>1000.6</ele>
        <time>2024-11-25T21:41:54Z</time>
      </trkpt>
      <trkpt lat="-23.080384684726596" lon="15.892929872497916">
        <ele>999.79999999999995</ele>
        <time>2024-11-25T21:42:04Z</time>
      </trkpt>
      <trkpt lat="-23.080485602840781" lon="15.892748488113284">
        <ele>999</ele>
        <time>2024-11-25T21:42:14Z</time>
      </trkpt>
      <trkpt lat="-23.080587610602379" lon="15.892565175890923">
        <ele>996.79999999999995</ele>
        <time>2024-11-25T21:42:23Z</time>
      </trkpt>
      <trkpt lat="-23.08078408241272" lon="15.892229061573744">
        <ele>995</ele>
        <time>2024-11-25T21:42:33Z</time>
      </trkpt>
      <trkpt lat="-23.080879803746939" lon="15.892069553956389">
        <ele>993.79999999999995</ele>
        <time>2024-11-25T21:42:43Z</time>
      </trkpt>
      <trkpt lat="-23.080974686890841" lon="15.891905687749386">
        <ele>992.79999999999995</ele>
        <time>2024-11-25T21:42:53Z</time>
      </trkpt>
      <trkpt lat="-23.081065881997347" lon="15.891742659732699">
        <ele>992.79999999999995</ele>
        <time>2024-11-25T21:43:02Z</time>
      </trkpt>
      <trkpt lat="-23.081158669665456" lon="15.891582146286964">
        <ele>992.79999999999995</ele>
        <time>2024-11-25T21:43:12Z</time>
      </trkpt>
      <trkpt lat="-23.08125221170485" lon="15.891420291736722">
        <ele>992.60000000000002</ele>
        <time>2024-11-25T21:43:22Z</time>
      </trkpt>
      <trkpt lat="-23.081344496458769" lon="15.89125701226294">
        <ele>992.60000000000002</ele>
        <time>2024-11-25T21:43:31Z</time>
      </trkpt>
      <trkpt lat="-23.081435607746243" lon="15.891088368371129">
        <ele>992.60000000000002</ele>
        <time>2024-11-25T21:43:41Z</time>
      </trkpt>
      <trkpt lat="-23.081539208069444" lon="15.890921400859952">
        <ele>993</ele>
        <time>2024-11-25T21:43:51Z</time>
      </trkpt>
      <trkpt lat="-23.081645490601659" lon="15.890758791938424">
        <ele>993.20000000000005</ele>
        <time>2024-11-25T21:44:01Z</time>
      </trkpt>
      <trkpt lat="-23.081734254956245" lon="15.890596015378833">
        <ele>993.20000000000005</ele>
        <time>2024-11-25T21:44:10Z</time>
      </trkpt>
      <trkpt lat="-23.081823522225022" lon="15.890441033989191">
        <ele>993.20000000000005</ele>
        <time>2024-11-25T21:44:20Z</time>
      </trkpt>
      <trkpt lat="-23.081916812807322" lon="15.890287142246962">
        <ele>994.79999999999995</ele>
        <time>2024-11-25T21:44:30Z</time>
      </trkpt>
      <trkpt lat="-23.082009768113494" lon="15.890135262161493">
        <ele>996.39999999999998</ele>
        <time>2024-11-25T21:44:39Z</time>
      </trkpt>
      <trkpt lat="-23.082101969048381" lon="15.889980280771852">
        <ele>998</ele>
        <time>2024-11-25T21:44:49Z</time>
      </trkpt>
      <trkpt lat="-23.082194840535522" lon="15.889819264411926">
        <ele>999</ele>
        <time>2024-11-25T21:44:59Z</time>
      </trkpt>
      <trkpt lat="-23.082387708127499" lon="15.889484826475382">
        <ele>999.79999999999995</ele>
        <time>2024-11-25T21:45:09Z</time>
      </trkpt>
      <trkpt lat="-23.082483764737844" lon="15.889316098764539">
        <ele>1000.4</ele>
        <time>2024-11-25T21:45:18Z</time>
      </trkpt>
      <trkpt lat="-23.082579234614968" lon="15.88914611376822">
        <ele>1000.8</ele>
        <time>2024-11-25T21:45:28Z</time>
      </trkpt>
      <trkpt lat="-23.082677638158202" lon="15.888977637514472">
        <ele>1001.2</ele>
        <time>2024-11-25T21:45:38Z</time>
      </trkpt>
      <trkpt lat="-23.082776041701436" lon="15.888809245079756">
        <ele>1001.4</ele>
        <time>2024-11-25T21:45:47Z</time>
      </trkpt>
      <trkpt lat="-23.082874696701765" lon="15.888636242598295">
        <ele>1001.8</ele>
        <time>2024-11-25T21:45:57Z</time>
      </trkpt>
      <trkpt lat="-23.082974441349506" lon="15.88846449740231">
        <ele>1002.2</ele>
        <time>2024-11-25T21:46:07Z</time>
      </trkpt>
      <trkpt lat="-23.083074437454343" lon="15.888286968693137">
        <ele>1002.4</ele>
        <time>2024-11-25T21:46:17Z</time>
      </trkpt>
      <trkpt lat="-23.083173595368862" lon="15.888103907927871">
        <ele>1002.6</ele>
        <time>2024-11-25T21:46:26Z</time>
      </trkpt>
      <trkpt lat="-23.083276776596904" lon="15.887914896011353">
        <ele>1002.6</ele>
        <time>2024-11-25T21:46:36Z</time>
      </trkpt>
      <trkpt lat="-23.083382388576865" lon="15.887723118066788">
        <ele>1002.4</ele>
        <time>2024-11-25T21:46:46Z</time>
      </trkpt>
      <trkpt lat="-23.083491185680032" lon="15.887526394799352">
        <ele>1002.2</ele>
        <time>2024-11-25T21:46:55Z</time>
      </trkpt>
      <trkpt lat="-23.083600485697389" lon="15.887329671531916">
        <ele>1001.4</ele>
        <time>2024-11-25T21:47:05Z</time>
      </trkpt>
      <trkpt lat="-23.083710623905063" lon="15.887132612988353">
        <ele>1001</ele>
        <time>2024-11-25T21:47:15Z</time>
      </trkpt>
      <trkpt lat="-23.083820678293705" lon="15.886934297159314">
        <ele>1000.6</ele>
        <time>2024-11-25T21:47:25Z</time>
      </trkpt>
      <trkpt lat="-23.083929726853967" lon="15.886735981330276">
        <ele>1000</ele>
        <time>2024-11-25T21:47:34Z</time>
      </trkpt>
      <trkpt lat="-23.084042128175497" lon="15.886532720178366">
        <ele>999.79999999999995</ele>
        <time>2024-11-25T21:47:44Z</time>
      </trkpt>
      <trkpt lat="-23.084157379344106" lon="15.886325184255838">
        <ele>999.39999999999998</ele>
        <time>2024-11-25T21:47:54Z</time>
      </trkpt>
      <trkpt lat="-23.084270283579826" lon="15.886119492352009">
        <ele>998.79999999999995</ele>
        <time>2024-11-25T21:48:04Z</time>
      </trkpt>
      <trkpt lat="-23.084384109824896" lon="15.885916650295258">
        <ele>997.60000000000002</ele>
        <time>2024-11-25T21:48:13Z</time>
      </trkpt>
      <trkpt lat="-23.084499444812536" lon="15.885712550953031">
        <ele>996.79999999999995</ele>
        <time>2024-11-25T21:48:23Z</time>
      </trkpt>
      <trkpt lat="-23.084614360705018" lon="15.885510295629501">
        <ele>995.79999999999995</ele>
        <time>2024-11-25T21:48:33Z</time>
      </trkpt>
      <trkpt lat="-23.084729695692658" lon="15.88530695065856">
        <ele>994.60000000000002</ele>
        <time>2024-11-25T21:48:43Z</time>
      </trkpt>
      <trkpt lat="-23.084843521937728" lon="15.885103438049555">
        <ele>993.20000000000005</ele>
        <time>2024-11-25T21:48:52Z</time>
      </trkpt>
      <trkpt lat="-23.084958856925368" lon="15.884903781116009">
        <ele>991.79999999999995</ele>
        <time>2024-11-25T21:49:02Z</time>
      </trkpt>
      <trkpt lat="-23.085065726190805" lon="15.884698424488306">
        <ele>990.60000000000002</ele>
        <time>2024-11-25T21:49:12Z</time>
      </trkpt>
      <trkpt lat="-23.085174858570099" lon="15.884497510269284">
        <ele>989.39999999999998</ele>
        <time>2024-11-25T21:49:22Z</time>
      </trkpt>
      <trkpt lat="-23.0852887686342" lon="15.884296931326389">
        <ele>987.39999999999998</ele>
        <time>2024-11-25T21:49:31Z</time>
      </trkpt>
      <trkpt lat="-23.08539966121316" lon="15.884095681831241">
        <ele>986.39999999999998</ele>
        <time>2024-11-25T21:49:41Z</time>
      </trkpt>
      <trkpt lat="-23.085509967058897" lon="15.883895773440599">
        <ele>985.39999999999998</ele>
        <time>2024-11-25T21:49:51Z</time>
      </trkpt>
      <trkpt lat="-23.085620440542698" lon="15.883697876706719">
        <ele>984.60000000000002</ele>
        <time>2024-11-25T21:50:01Z</time>
      </trkpt>
      <trkpt lat="-23.085726471617818" lon="15.883500315248966">
        <ele>983.60000000000002</ele>
        <time>2024-11-25T21:50:10Z</time>
      </trkpt>
      <trkpt lat="-23.085835184901953" lon="15.88330652564764">
        <ele>982.39999999999998</ele>
        <time>2024-11-25T21:50:20Z</time>
      </trkpt>
      <trkpt lat="-23.085941215977073" lon="15.883119609206915">
        <ele>981.20000000000005</ele>
        <time>2024-11-25T21:50:30Z</time>
      </trkpt>
      <trkpt lat="-23.08604565449059" lon="15.882932189851999">
        <ele>980</ele>
        <time>2024-11-25T21:50:40Z</time>
      </trkpt>
      <trkpt lat="-23.086152942851186" lon="15.882745357230306">
        <ele>978.20000000000005</ele>
        <time>2024-11-25T21:50:50Z</time>
      </trkpt>
      <trkpt lat="-23.086355617269874" lon="15.882389293983579">
        <ele>976.39999999999998</ele>
        <time>2024-11-25T21:50:59Z</time>
      </trkpt>
      <trkpt lat="-23.086451925337315" lon="15.882218470796943">
        <ele>976.39999999999998</ele>
        <time>2024-11-25T21:51:09Z</time>
      </trkpt>
      <trkpt lat="-23.086548401042819" lon="15.882050413638353">
        <ele>976.39999999999998</ele>
        <time>2024-11-25T21:51:19Z</time>
      </trkpt>
      <trkpt lat="-23.086644960567355" lon="15.881886463612318">
        <ele>976.39999999999998</ele>
        <time>2024-11-25T21:51:29Z</time>
      </trkpt>
      <trkpt lat="-23.086739759892225" lon="15.881723938509822">
        <ele>978</ele>
        <time>2024-11-25T21:51:38Z</time>
      </trkpt>
      <trkpt lat="-23.086835816502571" lon="15.881553953513503">
        <ele>978.79999999999995</ele>
        <time>2024-11-25T21:51:48Z</time>
      </trkpt>
      <trkpt lat="-23.087035724893212" lon="15.881204176694155">
        <ele>979</ele>
        <time>2024-11-25T21:51:58Z</time>
      </trkpt>
      <trkpt lat="-23.087237142026424" lon="15.88084283284843">
        <ele>978.79999999999995</ele>
        <time>2024-11-25T21:52:08Z</time>
      </trkpt>
      <trkpt lat="-23.087549451738596" lon="15.880268337205052">
        <ele>977.39999999999998</ele>
        <time>2024-11-25T21:52:17Z</time>
      </trkpt>
      <trkpt lat="-23.087655734270811" lon="15.880070691928267">
        <ele>976.79999999999995</ele>
        <time>2024-11-25T21:52:27Z</time>
      </trkpt>
      <trkpt lat="-23.087867712602019" lon="15.879675820469856">
        <ele>976.60000000000002</ele>
        <time>2024-11-25T21:52:37Z</time>
      </trkpt>
      <trkpt lat="-23.088075751438737" lon="15.879296539351344">
        <ele>976.60000000000002</ele>
        <time>2024-11-25T21:52:47Z</time>
      </trkpt>
      <trkpt lat="-23.08817901648581" lon="15.879109119996428">
        <ele>976.39999999999998</ele>
        <time>2024-11-25T21:52:57Z</time>
      </trkpt>
      <trkpt lat="-23.088503982871771" lon="15.87855314835906">
        <ele>976</ele>
        <time>2024-11-25T21:53:06Z</time>
      </trkpt>
      <trkpt lat="-23.08860800229013" lon="15.878370674327016">
        <ele>976</ele>
        <time>2024-11-25T21:53:16Z</time>
      </trkpt>
      <trkpt lat="-23.088934980332851" lon="15.877812020480633">
        <ele>976.60000000000002</ele>
        <time>2024-11-25T21:53:26Z</time>
      </trkpt>
      <trkpt lat="-23.089037658646703" lon="15.877629714086652">
        <ele>977</ele>
        <time>2024-11-25T21:53:36Z</time>
      </trkpt>
      <trkpt lat="-23.089138576760888" lon="15.87744832970202">
        <ele>977.60000000000002</ele>
        <time>2024-11-25T21:53:46Z</time>
      </trkpt>
      <trkpt lat="-23.08923882432282" lon="15.877266693860292">
        <ele>979.20000000000005</ele>
        <time>2024-11-25T21:53:55Z</time>
      </trkpt>
      <trkpt lat="-23.089343179017305" lon="15.877086315304041">
        <ele>981.20000000000005</ele>
        <time>2024-11-25T21:54:05Z</time>
      </trkpt>
      <trkpt lat="-23.089444013312459" lon="15.876907110214233">
        <ele>982.79999999999995</ele>
        <time>2024-11-25T21:54:15Z</time>
      </trkpt>
      <trkpt lat="-23.089545769616961" lon="15.876727737486362">
        <ele>985</ele>
        <time>2024-11-25T21:54:25Z</time>
      </trkpt>
      <trkpt lat="-23.089650124311447" lon="15.876549873501062">
        <ele>986.60000000000002</ele>
        <time>2024-11-25T21:54:35Z</time>
      </trkpt>
      <trkpt lat="-23.089862773194909" lon="15.876185344532132">
        <ele>988.60000000000002</ele>
        <time>2024-11-25T21:54:45Z</time>
      </trkpt>
      <trkpt lat="-23.089965870603919" lon="15.876002535223961">
        <ele>988.60000000000002</ele>
        <time>2024-11-25T21:54:54Z</time>
      </trkpt>
      <trkpt lat="-23.090057484805584" lon="15.875812014564872">
        <ele>988.60000000000002</ele>
        <time>2024-11-25T21:55:04Z</time>
      </trkpt>
      <trkpt lat="-23.090137196704745" lon="15.875613279640675">
        <ele>988.79999999999995</ele>
        <time>2024-11-25T21:55:14Z</time>
      </trkpt>
      <trkpt lat="-23.09020534157753" lon="15.875413287431002">
        <ele>989</ele>
        <time>2024-11-25T21:55:24Z</time>
      </trkpt>
      <trkpt lat="-23.090255381539464" lon="15.875205500051379">
        <ele>989</ele>
        <time>2024-11-25T21:55:34Z</time>
      </trkpt>
      <trkpt lat="-23.090294944122434" lon="15.874994359910488">
        <ele>989</ele>
        <time>2024-11-25T21:55:43Z</time>
      </trkpt>
      <trkpt lat="-23.090322101488709" lon="15.874784477055073">
        <ele>989.60000000000002</ele>
        <time>2024-11-25T21:55:53Z</time>
      </trkpt>
      <trkpt lat="-23.090336015447974" lon="15.874575767666101">
        <ele>990</ele>
        <time>2024-11-25T21:56:03Z</time>
      </trkpt>
      <trkpt lat="-23.090331740677357" lon="15.874367728829384">
        <ele>991</ele>
        <time>2024-11-25T21:56:13Z</time>
      </trkpt>
      <trkpt lat="-23.090309193357825" lon="15.874161785468459">
        <ele>991.60000000000002</ele>
        <time>2024-11-25T21:56:23Z</time>
      </trkpt>
      <trkpt lat="-23.090280527248979" lon="15.873956764116883">
        <ele>991.79999999999995</ele>
        <time>2024-11-25T21:56:33Z</time>
      </trkpt>
      <trkpt lat="-23.090254962444305" lon="15.873749144375324">
        <ele>992</ele>
        <time>2024-11-25T21:56:42Z</time>
      </trkpt>
      <trkpt lat="-23.090226044878364" lon="15.873541356995702">
        <ele>992.39999999999998</ele>
        <time>2024-11-25T21:56:52Z</time>
      </trkpt>
      <trkpt lat="-23.090195870026946" lon="15.873336922377348">
        <ele>993.39999999999998</ele>
        <time>2024-11-25T21:57:02Z</time>
      </trkpt>
      <trkpt lat="-23.090170137584209" lon="15.87314011529088">
        <ele>994</ele>
        <time>2024-11-25T21:57:12Z</time>
      </trkpt>
      <trkpt lat="-23.090144824236631" lon="15.872948421165347">
        <ele>994.79999999999995</ele>
        <time>2024-11-25T21:57:22Z</time>
      </trkpt>
      <trkpt lat="-23.090122193098068" lon="15.872767036780715">
        <ele>995.39999999999998</ele>
        <time>2024-11-25T21:57:32Z</time>
      </trkpt>
      <trkpt lat="-23.09010224416852" lon="15.872605852782726">
        <ele>996</ele>
        <time>2024-11-25T21:57:41Z</time>
      </trkpt>
      <trkpt lat="-23.090085899457335" lon="15.872462103143334">
        <ele>996</ele>
        <time>2024-11-25T21:57:51Z</time>
      </trkpt>
      <trkpt lat="-23.090070225298405" lon="15.872337715700269">
        <ele>996.20000000000005</ele>
        <time>2024-11-25T21:58:01Z</time>
      </trkpt>
      <trkpt lat="-23.090058239176869" lon="15.872227242216468">
        <ele>996.20000000000005</ele>
        <time>2024-11-25T21:58:11Z</time>
      </trkpt>
      <trkpt lat="-23.090048599988222" lon="15.872120121493936">
        <ele>996.20000000000005</ele>
        <time>2024-11-25T21:58:21Z</time>
      </trkpt>
      <trkpt lat="-23.090044241398573" lon="15.872007301077247">
        <ele>996.20000000000005</ele>
        <time>2024-11-25T21:58:31Z</time>
      </trkpt>
      <trkpt lat="-23.090046839788556" lon="15.871878806501627">
        <ele>996.20000000000005</ele>
        <time>2024-11-25T21:58:40Z</time>
      </trkpt>
      <trkpt lat="-23.090056646615267" lon="15.871741594746709">
        <ele>996.20000000000005</ele>
        <time>2024-11-25T21:58:50Z</time>
      </trkpt>
      <trkpt lat="-23.090078439563513" lon="15.871601197868586">
        <ele>996.20000000000005</ele>
        <time>2024-11-25T21:59:00Z</time>
      </trkpt>
      <trkpt lat="-23.090118085965514" lon="15.871463734656572">
        <ele>996.20000000000005</ele>
        <time>2024-11-25T21:59:10Z</time>
      </trkpt>
      <trkpt lat="-23.090176843106747" lon="15.871321745216846">
        <ele>996.20000000000005</ele>
        <time>2024-11-25T21:59:20Z</time>
      </trkpt>
      <trkpt lat="-23.09024884365499" lon="15.871173217892647">
        <ele>996.20000000000005</ele>
        <time>2024-11-25T21:59:30Z</time>
      </trkpt>
      <trkpt lat="-23.090329142287374" lon="15.87102041579783">
        <ele>996</ele>
        <time>2024-11-25T21:59:40Z</time>
      </trkpt>
      <trkpt lat="-23.090415727347136" lon="15.870865099132061">
        <ele>995.79999999999995</ele>
        <time>2024-11-25T21:59:49Z</time>
      </trkpt>
      <trkpt lat="-23.090504743158817" lon="15.870703663676977">
        <ele>995.20000000000005</ele>
        <time>2024-11-25T21:59:59Z</time>
      </trkpt>
      <trkpt lat="-23.090596189722419" lon="15.870535857975483">
        <ele>994.60000000000002</ele>
        <time>2024-11-25T22:00:09Z</time>
      </trkpt>
      <trkpt lat="-23.090687468647957" lon="15.870366040617228">
        <ele>994.39999999999998</ele>
        <time>2024-11-25T22:00:19Z</time>
      </trkpt>
      <trkpt lat="-23.09077656827867" lon="15.870194211602211">
        <ele>993.39999999999998</ele>
        <time>2024-11-25T22:00:29Z</time>
      </trkpt>
      <trkpt lat="-23.090864662081003" lon="15.870024310424924">
        <ele>992.20000000000005</ele>
        <time>2024-11-25T22:00:39Z</time>
      </trkpt>
      <trkpt lat="-23.090954180806875" lon="15.869857259094715">
        <ele>991</ele>
        <time>2024-11-25T22:00:49Z</time>
      </trkpt>
      <trkpt lat="-23.091046046465635" lon="15.869692722335458">
        <ele>989.60000000000002</ele>
        <time>2024-11-25T22:00:58Z</time>
      </trkpt>
      <trkpt lat="-23.091127434745431" lon="15.869524329900742">
        <ele>988.79999999999995</ele>
        <time>2024-11-25T22:01:08Z</time>
      </trkpt>
      <trkpt lat="-23.091199100017548" lon="15.869346298277378">
        <ele>988.20000000000005</ele>
        <time>2024-11-25T22:01:18Z</time>
      </trkpt>
      <trkpt lat="-23.091260204091668" lon="15.869160052388906">
        <ele>987.60000000000002</ele>
        <time>2024-11-25T22:01:28Z</time>
      </trkpt>
      <trkpt lat="-23.091305969282985" lon="15.868972549214959">
        <ele>986.20000000000005</ele>
        <time>2024-11-25T22:01:38Z</time>
      </trkpt>
      <trkpt lat="-23.09133019298315" lon="15.868785716593266">
        <ele>985.79999999999995</ele>
        <time>2024-11-25T22:01:48Z</time>
      </trkpt>
      <trkpt lat="-23.091336647048593" lon="15.868597626686096">
        <ele>984.39999999999998</ele>
        <time>2024-11-25T22:01:58Z</time>
      </trkpt>
      <trkpt lat="-23.091298760846257" lon="15.868233097717166">
        <ele>982.60000000000002</ele>
        <time>2024-11-25T22:02:07Z</time>
      </trkpt>
      <trkpt lat="-23.091263305395842" lon="15.868051797151566">
        <ele>981.79999999999995</ele>
        <time>2024-11-25T22:02:17Z</time>
      </trkpt>
      <trkpt lat="-23.091219803318381" lon="15.867874268442392">
        <ele>981.39999999999998</ele>
        <time>2024-11-25T22:02:27Z</time>
      </trkpt>
      <trkpt lat="-23.091118382290006" lon="15.867521641775966">
        <ele>979.39999999999998</ele>
        <time>2024-11-25T22:02:37Z</time>
      </trkpt>
      <trkpt lat="-23.091057445853949" lon="15.867339503020048">
        <ele>978.20000000000005</ele>
        <time>2024-11-25T22:02:47Z</time>
      </trkpt>
      <trkpt lat="-23.09099399484694" lon="15.867154849693179">
        <ele>977.39999999999998</ele>
        <time>2024-11-25T22:02:57Z</time>
      </trkpt>
      <trkpt lat="-23.090939177200198" lon="15.866963071748614">
        <ele>976.79999999999995</ele>
        <time>2024-11-25T22:03:07Z</time>
      </trkpt>
      <trkpt lat="-23.090839181095362" lon="15.866556968539953">
        <ele>975.20000000000005</ele>
        <time>2024-11-25T22:03:17Z</time>
      </trkpt>
      <trkpt lat="-23.090744130313396" lon="15.866141393780708">
        <ele>972.60000000000002</ele>
        <time>2024-11-25T22:03:26Z</time>
      </trkpt>
      <trkpt lat="-23.090688139200211" lon="15.865936875343323">
        <ele>971.20000000000005</ele>
        <time>2024-11-25T22:03:36Z</time>
      </trkpt>
      <trkpt lat="-23.09062066487968" lon="15.865741996094584">
        <ele>969.39999999999998</ele>
        <time>2024-11-25T22:03:46Z</time>
      </trkpt>
      <trkpt lat="-23.090541204437613" lon="15.865571005269885">
        <ele>969.39999999999998</ele>
        <time>2024-11-25T22:03:56Z</time>
      </trkpt>
      <trkpt lat="-23.090459648519754" lon="15.865407641977072">
        <ele>969.39999999999998</ele>
        <time>2024-11-25T22:04:06Z</time>
      </trkpt>
      <trkpt lat="-23.090375661849976" lon="15.865264981985092">
        <ele>969.39999999999998</ele>
        <time>2024-11-25T22:04:16Z</time>
      </trkpt>
      <trkpt lat="-23.090285807847977" lon="15.865128105506301">
        <ele>969.79999999999995</ele>
        <time>2024-11-25T22:04:26Z</time>
      </trkpt>
      <trkpt lat="-23.090187823399901" lon="15.864989636465907">
        <ele>971.60000000000002</ele>
        <time>2024-11-25T22:04:36Z</time>
      </trkpt>
      <trkpt lat="-23.089870903640985" lon="15.864540282636881">
        <ele>972.20000000000005</ele>
        <time>2024-11-25T22:04:46Z</time>
      </trkpt>
      <trkpt lat="-23.08954912237823" lon="15.864076763391495">
        <ele>970.20000000000005</ele>
        <time>2024-11-25T22:04:55Z</time>
      </trkpt>
      <trkpt lat="-23.089334797114134" lon="15.863742912188172">
        <ele>968.39999999999998</ele>
        <time>2024-11-25T22:05:05Z</time>
      </trkpt>
      <trkpt lat="-23.089098846539855" lon="15.863397493958473">
        <ele>966.20000000000005</ele>
        <time>2024-11-25T22:05:15Z</time>
      </trkpt>
      <trkpt lat="-23.088979739695787" lon="15.863232538104057">
        <ele>964.39999999999998</ele>
        <time>2024-11-25T22:05:25Z</time>
      </trkpt>
      <trkpt lat="-23.088746890425682" lon="15.862916205078363">
        <ele>964.39999999999998</ele>
        <time>2024-11-25T22:05:35Z</time>
      </trkpt>
      <trkpt lat="-23.088634321466088" lon="15.862758541479707">
        <ele>964.39999999999998</ele>
        <time>2024-11-25T22:05:45Z</time>
      </trkpt>
      <trkpt lat="-23.088529296219349" lon="15.862601213157177">
        <ele>964.39999999999998</ele>
        <time>2024-11-25T22:05:55Z</time>
      </trkpt>
      <trkpt lat="-23.088430054485798" lon="15.862441537901759">
        <ele>964.39999999999998</ele>
        <time>2024-11-25T22:06:05Z</time>
      </trkpt>
      <trkpt lat="-23.088190918788314" lon="15.861911131069064">
        <ele>964.39999999999998</ele>
        <time>2024-11-25T22:06:15Z</time>
      </trkpt>
      <trkpt lat="-23.088020598515868" lon="15.861301431432366">
        <ele>962.79999999999995</ele>
        <time>2024-11-25T22:06:25Z</time>
      </trkpt>
      <trkpt lat="-23.08786972425878" lon="15.860690893605351">
        <ele>962.79999999999995</ele>
        <time>2024-11-25T22:06:35Z</time>
      </trkpt>
      <trkpt lat="-23.087822953239083" lon="15.860493667423725">
        <ele>963.39999999999998</ele>
        <time>2024-11-25T22:06:44Z</time>
      </trkpt>
      <trkpt lat="-23.087776517495513" lon="15.860295183956623">
        <ele>964.39999999999998</ele>
        <time>2024-11-25T22:06:54Z</time>
      </trkpt>
      <trkpt lat="-23.087736619636416" lon="15.860098544508219">
        <ele>964.79999999999995</ele>
        <time>2024-11-25T22:07:04Z</time>
      </trkpt>
      <trkpt lat="-23.087709881365299" lon="15.859908610582352">
        <ele>965</ele>
        <time>2024-11-25T22:07:14Z</time>
      </trkpt>
      <trkpt lat="-23.087703678756952" lon="15.859717503190041">
        <ele>965</ele>
        <time>2024-11-25T22:07:24Z</time>
      </trkpt>
      <trkpt lat="-23.087719604372978" lon="15.859528994187713">
        <ele>965</ele>
        <time>2024-11-25T22:07:34Z</time>
      </trkpt>
      <trkpt lat="-23.087755143642426" lon="15.859342329204082">
        <ele>964.79999999999995</ele>
        <time>2024-11-25T22:07:44Z</time>
      </trkpt>
      <trkpt lat="-23.087799064815044" lon="15.859163207933307">
        <ele>963.60000000000002</ele>
        <time>2024-11-25T22:07:54Z</time>
      </trkpt>
      <trkpt lat="-23.087846674025059" lon="15.858991714194417">
        <ele>962.79999999999995</ele>
        <time>2024-11-25T22:08:04Z</time>
      </trkpt>
      <trkpt lat="-23.087883638218045" lon="15.858827428892255">
        <ele>962.20000000000005</ele>
        <time>2024-11-25T22:08:14Z</time>
      </trkpt>
      <trkpt lat="-23.087904676795006" lon="15.858657611533999">
        <ele>960.60000000000002</ele>
        <time>2024-11-25T22:08:24Z</time>
      </trkpt>
      <trkpt lat="-23.087898809462786" lon="15.858483519405127">
        <ele>959.60000000000002</ele>
        <time>2024-11-25T22:08:34Z</time>
      </trkpt>
      <trkpt lat="-23.087864946573973" lon="15.858316048979759">
        <ele>957.39999999999998</ele>
        <time>2024-11-25T22:08:44Z</time>
      </trkpt>
      <trkpt lat="-23.087806608527899" lon="15.858158972114325">
        <ele>957</ele>
        <time>2024-11-25T22:08:54Z</time>
      </trkpt>
      <trkpt lat="-23.087726728990674" lon="15.858017150312662">
        <ele>955.79999999999995</ele>
        <time>2024-11-25T22:09:03Z</time>
      </trkpt>
      <trkpt lat="-23.087634947150946" lon="15.857883458957076">
        <ele>954.60000000000002</ele>
        <time>2024-11-25T22:09:13Z</time>
      </trkpt>
      <trkpt lat="-23.087540818378329" lon="15.85774146951735">
        <ele>954</ele>
        <time>2024-11-25T22:09:23Z</time>
      </trkpt>
      <trkpt lat="-23.087449204176664" lon="15.857592271640897">
        <ele>953.60000000000002</ele>
        <time>2024-11-25T22:09:33Z</time>
      </trkpt>
      <trkpt lat="-23.087363122031093" lon="15.857437960803509">
        <ele>952.39999999999998</ele>
        <time>2024-11-25T22:09:43Z</time>
      </trkpt>
      <trkpt lat="-23.087219120934606" lon="15.857127327471972">
        <ele>951.39999999999998</ele>
        <time>2024-11-25T22:09:53Z</time>
      </trkpt>
      <trkpt lat="-23.087161034345627" lon="15.856967568397522">
        <ele>950.60000000000002</ele>
        <time>2024-11-25T22:10:03Z</time>
      </trkpt>
      <trkpt lat="-23.087119795382023" lon="15.856808312237263">
        <ele>949.60000000000002</ele>
        <time>2024-11-25T22:10:13Z</time>
      </trkpt>
      <trkpt lat="-23.087087944149971" lon="15.856638075783849">
        <ele>949.20000000000005</ele>
        <time>2024-11-25T22:10:23Z</time>
      </trkpt>
      <trkpt lat="-23.087057517841458" lon="15.856464067474008">
        <ele>948.39999999999998</ele>
        <time>2024-11-25T22:10:33Z</time>
      </trkpt>
      <trkpt lat="-23.086998760700226" lon="15.85608646273613">
        <ele>946.60000000000002</ele>
        <time>2024-11-25T22:10:43Z</time>
      </trkpt>
      <trkpt lat="-23.086972525343299" lon="15.855889152735472">
        <ele>945.60000000000002</ele>
        <time>2024-11-25T22:10:53Z</time>
      </trkpt>
      <trkpt lat="-23.086945284157991" lon="15.855689747259021">
        <ele>943.79999999999995</ele>
        <time>2024-11-25T22:11:03Z</time>
      </trkpt>
      <trkpt lat="-23.086915696039796" lon="15.855492018163204">
        <ele>941.60000000000002</ele>
        <time>2024-11-25T22:11:13Z</time>
      </trkpt>
      <trkpt lat="-23.086886946111917" lon="15.855295713990927">
        <ele>940.39999999999998</ele>
        <time>2024-11-25T22:11:23Z</time>
      </trkpt>
      <trkpt lat="-23.086819052696228" lon="15.854909308254719">
        <ele>938.79999999999995</ele>
        <time>2024-11-25T22:11:33Z</time>
      </trkpt>
      <trkpt lat="-23.08678200468421" lon="15.854726163670421">
        <ele>938.39999999999998</ele>
        <time>2024-11-25T22:11:43Z</time>
      </trkpt>
      <trkpt lat="-23.086749482899904" lon="15.854548886418343">
        <ele>938.20000000000005</ele>
        <time>2024-11-25T22:11:53Z</time>
      </trkpt>
      <trkpt lat="-23.086724001914263" lon="15.854373369365931">
        <ele>938.20000000000005</ele>
        <time>2024-11-25T22:12:03Z</time>
      </trkpt>
      <trkpt lat="-23.086698856204748" lon="15.854198690503836">
        <ele>938</ele>
        <time>2024-11-25T22:12:13Z</time>
      </trkpt>
      <trkpt lat="-23.08667404577136" lon="15.854017389938235">
        <ele>937.79999999999995</ele>
        <time>2024-11-25T22:12:23Z</time>
      </trkpt>
      <trkpt lat="-23.086650241166353" lon="15.853833490982652">
        <ele>936.60000000000002</ele>
        <time>2024-11-25T22:12:33Z</time>
      </trkpt>
      <trkpt lat="-23.086626017466187" lon="15.853643473237753">
        <ele>936.20000000000005</ele>
        <time>2024-11-25T22:12:42Z</time>
      </trkpt>
      <trkpt lat="-23.086597938090563" lon="15.853447504341602">
        <ele>934.79999999999995</ele>
        <time>2024-11-25T22:12:52Z</time>
      </trkpt>
      <trkpt lat="-23.086569607257843" lon="15.853251870721579">
        <ele>933.39999999999998</ele>
        <time>2024-11-25T22:13:02Z</time>
      </trkpt>
      <trkpt lat="-23.086540270596743" lon="15.853052213788033">
        <ele>931.60000000000002</ele>
        <time>2024-11-25T22:13:12Z</time>
      </trkpt>
      <trkpt lat="-23.086506826803088" lon="15.852854065597057">
        <ele>930.20000000000005</ele>
        <time>2024-11-25T22:13:22Z</time>
      </trkpt>
      <trkpt lat="-23.086472461000085" lon="15.852655163034797">
        <ele>929</ele>
        <time>2024-11-25T22:13:32Z</time>
      </trkpt>
      <trkpt lat="-23.086443711072206" lon="15.852458020672202">
        <ele>927.20000000000005</ele>
        <time>2024-11-25T22:13:42Z</time>
      </trkpt>
      <trkpt lat="-23.086419738829136" lon="15.852266578003764">
        <ele>926</ele>
        <time>2024-11-25T22:13:52Z</time>
      </trkpt>
      <trkpt lat="-23.086398364976048" lon="15.852071782574058">
        <ele>924.79999999999995</ele>
        <time>2024-11-25T22:14:02Z</time>
      </trkpt>
      <trkpt lat="-23.086374057456851" lon="15.85188721306622">
        <ele>923</ele>
        <time>2024-11-25T22:14:12Z</time>
      </trkpt>
      <trkpt lat="-23.086350336670876" lon="15.851709013804793">
        <ele>922.39999999999998</ele>
        <time>2024-11-25T22:14:22Z</time>
      </trkpt>
      <trkpt lat="-23.086322844028473" lon="15.851541375741363">
        <ele>922.39999999999998</ele>
        <time>2024-11-25T22:14:32Z</time>
      </trkpt>
      <trkpt lat="-23.086285209283233" lon="15.851377593353391">
        <ele>922.39999999999998</ele>
        <time>2024-11-25T22:14:42Z</time>
      </trkpt>
      <trkpt lat="-23.086236426606774" lon="15.851223114877939">
        <ele>922.39999999999998</ele>
        <time>2024-11-25T22:14:52Z</time>
      </trkpt>
      <trkpt lat="-23.086173478513956" lon="15.851081293076277">
        <ele>922.60000000000002</ele>
        <time>2024-11-25T22:15:02Z</time>
      </trkpt>
      <trkpt lat="-23.086095442995429" lon="15.850939303636551">
        <ele>922.60000000000002</ele>
        <time>2024-11-25T22:15:12Z</time>
      </trkpt>
      <trkpt lat="-23.085903162136674" lon="15.850658342242241">
        <ele>922.60000000000002</ele>
        <time>2024-11-25T22:15:22Z</time>
      </trkpt>
      <trkpt lat="-23.085567718371749" lon="15.85023807361722">
        <ele>921.39999999999998</ele>
        <time>2024-11-25T22:15:32Z</time>
      </trkpt>
      <trkpt lat="-23.085452886298299" lon="15.85008124820888">
        <ele>921</ele>
        <time>2024-11-25T22:15:42Z</time>
      </trkpt>
      <trkpt lat="-23.085075449198484" lon="15.849603395909071">
        <ele>919.39999999999998</ele>
        <time>2024-11-25T22:15:52Z</time>
      </trkpt>
      <trkpt lat="-23.084812592715025" lon="15.849280692636967">
        <ele>918.39999999999998</ele>
        <time>2024-11-25T22:16:02Z</time>
      </trkpt>
      <trkpt lat="-23.084684768691659" lon="15.849126214161515">
        <ele>918</ele>
        <time>2024-11-25T22:16:12Z</time>
      </trkpt>
      <trkpt lat="-23.084558621048927" lon="15.848973412066698">
        <ele>917.20000000000005</ele>
        <time>2024-11-25T22:16:22Z</time>
      </trkpt>
      <trkpt lat="-23.084438340738416" lon="15.848820609971881">
        <ele>917</ele>
        <time>2024-11-25T22:16:32Z</time>
      </trkpt>
      <trkpt lat="-23.084332309663296" lon="15.848664119839668">
        <ele>916.79999999999995</ele>
        <time>2024-11-25T22:16:42Z</time>
      </trkpt>
      <trkpt lat="-23.0842509213835" lon="15.848497990518808">
        <ele>916.20000000000005</ele>
        <time>2024-11-25T22:16:52Z</time>
      </trkpt>
      <trkpt lat="-23.084194930270314" lon="15.848329598084092">
        <ele>916</ele>
        <time>2024-11-25T22:17:02Z</time>
      </trkpt>
      <trkpt lat="-23.084156876429915" lon="15.848161960020661">
        <ele>915.79999999999995</ele>
        <time>2024-11-25T22:17:12Z</time>
      </trkpt>
      <trkpt lat="-23.084138855338097" lon="15.847993148490787">
        <ele>915.39999999999998</ele>
        <time>2024-11-25T22:17:22Z</time>
      </trkpt>
      <trkpt lat="-23.084151931107044" lon="15.847829030826688">
        <ele>914.79999999999995</ele>
        <time>2024-11-25T22:17:32Z</time>
      </trkpt>
      <trkpt lat="-23.084184536710382" lon="15.847673462703824">
        <ele>914.79999999999995</ele>
        <time>2024-11-25T22:17:42Z</time>
      </trkpt>
      <trkpt lat="-23.084223596379161" lon="15.847517643123865">
        <ele>914.79999999999995</ele>
        <time>2024-11-25T22:17:52Z</time>
      </trkpt>
      <trkpt lat="-23.084259554743767" lon="15.847354028373957">
        <ele>914.79999999999995</ele>
        <time>2024-11-25T22:18:02Z</time>
      </trkpt>
      <trkpt lat="-23.084439681842923" lon="15.846666293218732">
        <ele>915.39999999999998</ele>
        <time>2024-11-25T22:18:12Z</time>
      </trkpt>
      <trkpt lat="-23.084532972425222" lon="15.846317438408732">
        <ele>914</ele>
        <time>2024-11-25T22:18:22Z</time>
      </trkpt>
      <trkpt lat="-23.084577312693" lon="15.846148543059826">
        <ele>913</ele>
        <time>2024-11-25T22:18:32Z</time>
      </trkpt>
      <trkpt lat="-23.084618551656604" lon="15.845974534749985">
        <ele>912.39999999999998</ele>
        <time>2024-11-25T22:18:42Z</time>
      </trkpt>
      <trkpt lat="-23.0846515763551" lon="15.845798095688224">
        <ele>911.20000000000005</ele>
        <time>2024-11-25T22:18:52Z</time>
      </trkpt>
      <trkpt lat="-23.08474050834775" lon="15.845459047704935">
        <ele>909.79999999999995</ele>
        <time>2024-11-25T22:19:02Z</time>
      </trkpt>
      <trkpt lat="-23.084785267710686" lon="15.845293421298265">
        <ele>909.60000000000002</ele>
        <time>2024-11-25T22:19:12Z</time>
      </trkpt>
      <trkpt lat="-23.084824411198497" lon="15.845128046348691">
        <ele>909.60000000000002</ele>
        <time>2024-11-25T22:19:22Z</time>
      </trkpt>
      <trkpt lat="-23.084848048165441" lon="15.844969460740685">
        <ele>909.39999999999998</ele>
        <time>2024-11-25T22:19:32Z</time>
      </trkpt>
      <trkpt lat="-23.084845785051584" lon="15.844814479351044">
        <ele>909.39999999999998</ele>
        <time>2024-11-25T22:19:42Z</time>
      </trkpt>
      <trkpt lat="-23.084821561351418" lon="15.8446613419801">
        <ele>909.20000000000005</ele>
        <time>2024-11-25T22:19:52Z</time>
      </trkpt>
      <trkpt lat="-23.084788704290986" lon="15.844511725008488">
        <ele>909</ele>
        <time>2024-11-25T22:20:03Z</time>
      </trkpt>
      <trkpt lat="-23.084761379286647" lon="15.844358336180449">
        <ele>908.79999999999995</ele>
        <time>2024-11-25T22:20:13Z</time>
      </trkpt>
      <trkpt lat="-23.084740592166781" lon="15.84420251660049">
        <ele>908.39999999999998</ele>
        <time>2024-11-25T22:20:23Z</time>
      </trkpt>
      <trkpt lat="-23.084671692922711" lon="15.843728436157107">
        <ele>907.79999999999995</ele>
        <time>2024-11-25T22:20:33Z</time>
      </trkpt>
      <trkpt lat="-23.084637327119708" lon="15.843574041500688">
        <ele>907.79999999999995</ele>
        <time>2024-11-25T22:20:43Z</time>
      </trkpt>
      <trkpt lat="-23.084583431482315" lon="15.843255696818233">
        <ele>911.39999999999998</ele>
        <time>2024-11-25T22:20:53Z</time>
      </trkpt>
      <trkpt lat="-23.084547724574804" lon="15.84309920668602">
        <ele>913.60000000000002</ele>
        <time>2024-11-25T22:21:03Z</time>
      </trkpt>
      <trkpt lat="-23.084510006010532" lon="15.842947326600552">
        <ele>915</ele>
        <time>2024-11-25T22:21:13Z</time>
      </trkpt>
      <trkpt lat="-23.084451332688332" lon="15.84280994720757">
        <ele>917.79999999999995</ele>
        <time>2024-11-25T22:21:23Z</time>
      </trkpt>
      <trkpt lat="-23.084367932751775" lon="15.842684051021934">
        <ele>919.39999999999998</ele>
        <time>2024-11-25T22:21:33Z</time>
      </trkpt>
      <trkpt lat="-23.084269613027573" lon="15.84256905131042">
        <ele>920.39999999999998</ele>
        <time>2024-11-25T22:21:43Z</time>
      </trkpt>
      <trkpt lat="-23.084163246676326" lon="15.842461930587888">
        <ele>921.79999999999995</ele>
        <time>2024-11-25T22:21:53Z</time>
      </trkpt>
      <trkpt lat="-23.084043385460973" lon="15.842369981110096">
        <ele>922</ele>
        <time>2024-11-25T22:22:03Z</time>
      </trkpt>
      <trkpt lat="-23.083909694105387" lon="15.842288509011269">
        <ele>922.20000000000005</ele>
        <time>2024-11-25T22:22:13Z</time>
      </trkpt>
      <trkpt lat="-23.083767369389534" lon="15.842208545655012">
        <ele>922.60000000000002</ele>
        <time>2024-11-25T22:22:23Z</time>
      </trkpt>
      <trkpt lat="-23.083607191219926" lon="15.842129671946168">
        <ele>923.39999999999998</ele>
        <time>2024-11-25T22:22:33Z</time>
      </trkpt>
      <trkpt lat="-23.083437290042639" lon="15.842048199847341">
        <ele>924.39999999999998</ele>
        <time>2024-11-25T22:22:43Z</time>
      </trkpt>
      <trkpt lat="-23.08325900696218" lon="15.84196119569242">
        <ele>924.79999999999995</ele>
        <time>2024-11-25T22:22:53Z</time>
      </trkpt>
      <trkpt lat="-23.08307577855885" lon="15.841869916766882">
        <ele>925.39999999999998</ele>
        <time>2024-11-25T22:23:03Z</time>
      </trkpt>
      <trkpt lat="-23.082890035584569" lon="15.841776542365551">
        <ele>925.60000000000002</ele>
        <time>2024-11-25T22:23:13Z</time>
      </trkpt>
      <trkpt lat="-23.082707896828651" lon="15.841683587059379">
        <ele>926</ele>
        <time>2024-11-25T22:23:23Z</time>
      </trkpt>
      <trkpt lat="-23.082525338977575" lon="15.841595325618982">
        <ele>926.20000000000005</ele>
        <time>2024-11-25T22:23:33Z</time>
      </trkpt>
      <trkpt lat="-23.082340182736516" lon="15.841506561264396">
        <ele>926.60000000000002</ele>
        <time>2024-11-25T22:23:44Z</time>
      </trkpt>
      <trkpt lat="-23.08215812779963" lon="15.841417210176587">
        <ele>927.60000000000002</ele>
        <time>2024-11-25T22:23:54Z</time>
      </trkpt>
      <trkpt lat="-23.081986382603645" lon="15.841327272355556">
        <ele>928.60000000000002</ele>
        <time>2024-11-25T22:24:04Z</time>
      </trkpt>
      <trkpt lat="-23.081823773682117" lon="15.841240519657731">
        <ele>929.20000000000005</ele>
        <time>2024-11-25T22:24:14Z</time>
      </trkpt>
      <trkpt lat="-23.081668457016349" lon="15.841163070872426">
        <ele>930</ele>
        <time>2024-11-25T22:24:24Z</time>
      </trkpt>
      <trkpt lat="-23.081514565274119" lon="15.841088304296136">
        <ele>931.39999999999998</ele>
        <time>2024-11-25T22:24:34Z</time>
      </trkpt>
      <trkpt lat="-23.081360841169953" lon="15.841015633195639">
        <ele>932.60000000000002</ele>
        <time>2024-11-25T22:24:44Z</time>
      </trkpt>
      <trkpt lat="-23.081205608323216" lon="15.840942962095141">
        <ele>933.79999999999995</ele>
        <time>2024-11-25T22:24:54Z</time>
      </trkpt>
      <trkpt lat="-23.081050459295511" lon="15.840870710089803">
        <ele>935.20000000000005</ele>
        <time>2024-11-25T22:25:04Z</time>
      </trkpt>
      <trkpt lat="-23.080897824838758" lon="15.840798290446401">
        <ele>936</ele>
        <time>2024-11-25T22:25:14Z</time>
      </trkpt>
      <trkpt lat="-23.080745693296194" lon="15.840723691508174">
        <ele>937.20000000000005</ele>
        <time>2024-11-25T22:25:24Z</time>
      </trkpt>
      <trkpt lat="-23.080593142658472" lon="15.840645991265774">
        <ele>938</ele>
        <time>2024-11-25T22:25:34Z</time>
      </trkpt>
      <trkpt lat="-23.080440005287528" lon="15.840571727603674">
        <ele>938</ele>
        <time>2024-11-25T22:25:44Z</time>
      </trkpt>
      <trkpt lat="-23.080287203192711" lon="15.840497212484479">
        <ele>938</ele>
        <time>2024-11-25T22:25:54Z</time>
      </trkpt>
      <trkpt lat="-23.080132054165006" lon="15.840409621596336">
        <ele>937.79999999999995</ele>
        <time>2024-11-25T22:26:04Z</time>
      </trkpt>
      <trkpt lat="-23.079980006441474" lon="15.840311301872134">
        <ele>936.79999999999995</ele>
        <time>2024-11-25T22:26:15Z</time>
      </trkpt>
      <trkpt lat="-23.079833826050162" lon="15.840207366272807">
        <ele>935.39999999999998</ele>
        <time>2024-11-25T22:26:25Z</time>
      </trkpt>
      <trkpt lat="-23.079700218513608" lon="15.840103682130575">
        <ele>934.60000000000002</ele>
        <time>2024-11-25T22:26:35Z</time>
      </trkpt>
      <trkpt lat="-23.079579686746001" lon="15.839996477589011">
        <ele>934.60000000000002</ele>
        <time>2024-11-25T22:26:45Z</time>
      </trkpt>
      <trkpt lat="-23.079472733661532" lon="15.839882316067815">
        <ele>934.60000000000002</ele>
        <time>2024-11-25T22:26:55Z</time>
      </trkpt>
      <trkpt lat="-23.079383717849851" lon="15.839756168425083">
        <ele>935</ele>
        <time>2024-11-25T22:27:05Z</time>
      </trkpt>
      <trkpt lat="-23.079314902424812" lon="15.839616693556309">
        <ele>935.60000000000002</ele>
        <time>2024-11-25T22:27:15Z</time>
      </trkpt>
      <trkpt lat="-23.079265784472227" lon="15.839463723823428">
        <ele>935.79999999999995</ele>
        <time>2024-11-25T22:27:25Z</time>
      </trkpt>
      <trkpt lat="-23.079233430325985" lon="15.839307988062501">
        <ele>936</ele>
        <time>2024-11-25T22:27:35Z</time>
      </trkpt>
      <trkpt lat="-23.079214654862881" lon="15.839153341948986">
        <ele>936.20000000000005</ele>
        <time>2024-11-25T22:27:45Z</time>
      </trkpt>
      <trkpt lat="-23.079208116978407" lon="15.838998025283217">
        <ele>936.39999999999998</ele>
        <time>2024-11-25T22:27:55Z</time>
      </trkpt>
      <trkpt lat="-23.079204512760043" lon="15.838843714445829">
        <ele>937</ele>
        <time>2024-11-25T22:28:05Z</time>
      </trkpt>
      <trkpt lat="-23.079203926026821" lon="15.838695354759693">
        <ele>938.60000000000002</ele>
        <time>2024-11-25T22:28:16Z</time>
      </trkpt>
      <trkpt lat="-23.079206021502614" lon="15.838548755273223">
        <ele>941.20000000000005</ele>
        <time>2024-11-25T22:28:26Z</time>
      </trkpt>
      <trkpt lat="-23.079211302101612" lon="15.838401233777404">
        <ele>942.60000000000002</ele>
        <time>2024-11-25T22:28:36Z</time>
      </trkpt>
      <trkpt lat="-23.079219432547688" lon="15.838246755301952">
        <ele>944.20000000000005</ele>
        <time>2024-11-25T22:28:46Z</time>
      </trkpt>
      <trkpt lat="-23.079229993745685" lon="15.838092947378755">
        <ele>945.39999999999998</ele>
        <time>2024-11-25T22:28:56Z</time>
      </trkpt>
      <trkpt lat="-23.079243823885918" lon="15.837932769209146">
        <ele>946.39999999999998</ele>
        <time>2024-11-25T22:29:06Z</time>
      </trkpt>
      <trkpt lat="-23.079258240759373" lon="15.83776437677443">
        <ele>947.20000000000005</ele>
        <time>2024-11-25T22:29:16Z</time>
      </trkpt>
      <trkpt lat="-23.079264778643847" lon="15.837590536102653">
        <ele>948</ele>
        <time>2024-11-25T22:29:26Z</time>
      </trkpt>
      <trkpt lat="-23.079266874119639" lon="15.837414599955082">
        <ele>949</ele>
        <time>2024-11-25T22:29:36Z</time>
      </trkpt>
      <trkpt lat="-23.079263856634498" lon="15.83723958581686">
        <ele>949.60000000000002</ele>
        <time>2024-11-25T22:29:46Z</time>
      </trkpt>
      <trkpt lat="-23.07925371453166" lon="15.83706222474575">
        <ele>950.39999999999998</ele>
        <time>2024-11-25T22:29:56Z</time>
      </trkpt>
      <trkpt lat="-23.079229742288589" lon="15.836885534226894">
        <ele>951</ele>
        <time>2024-11-25T22:30:07Z</time>
      </trkpt>
      <trkpt lat="-23.07919554412365" lon="15.836703227832913">
        <ele>951.20000000000005</ele>
        <time>2024-11-25T22:30:17Z</time>
      </trkpt>
      <trkpt lat="-23.079156819730997" lon="15.836516311392188">
        <ele>951.39999999999998</ele>
        <time>2024-11-25T22:30:27Z</time>
      </trkpt>
      <trkpt lat="-23.07911541312933" lon="15.836321096867323">
        <ele>951.39999999999998</ele>
        <time>2024-11-25T22:30:37Z</time>
      </trkpt>
      <trkpt lat="-23.079076185822487" lon="15.836125463247299">
        <ele>951.39999999999998</ele>
        <time>2024-11-25T22:30:47Z</time>
      </trkpt>
      <trkpt lat="-23.079035952687263" lon="15.83593150600791">
        <ele>951.39999999999998</ele>
        <time>2024-11-25T22:30:57Z</time>
      </trkpt>
      <trkpt lat="-23.078991193324327" lon="15.835736459121108">
        <ele>951.20000000000005</ele>
        <time>2024-11-25T22:31:07Z</time>
      </trkpt>
      <trkpt lat="-23.078947858884931" lon="15.835539819672704">
        <ele>951</ele>
        <time>2024-11-25T22:31:17Z</time>
      </trkpt>
      <trkpt lat="-23.078903518617153" lon="15.835342090576887">
        <ele>950.79999999999995</ele>
        <time>2024-11-25T22:31:27Z</time>
      </trkpt>
      <trkpt lat="-23.078857166692615" lon="15.835147378966212">
        <ele>950</ele>
        <time>2024-11-25T22:31:38Z</time>
      </trkpt>
      <trkpt lat="-23.078809808939695" lon="15.834955601021647">
        <ele>948.79999999999995</ele>
        <time>2024-11-25T22:31:48Z</time>
      </trkpt>
      <trkpt lat="-23.078758092597127" lon="15.834774803370237">
        <ele>948.20000000000005</ele>
        <time>2024-11-25T22:31:58Z</time>
      </trkpt>
      <trkpt lat="-23.078690031543374" lon="15.834606746211648">
        <ele>947.60000000000002</ele>
        <time>2024-11-25T22:32:08Z</time>
      </trkpt>
      <trkpt lat="-23.078603614121675" lon="15.83445486612618">
        <ele>946.79999999999995</ele>
        <time>2024-11-25T22:32:18Z</time>
      </trkpt>
      <trkpt lat="-23.078497247770429" lon="15.834325533360243">
        <ele>946.20000000000005</ele>
        <time>2024-11-25T22:32:28Z</time>
      </trkpt>
      <trkpt lat="-23.078365819528699" lon="15.834218831732869">
        <ele>946</ele>
        <time>2024-11-25T22:32:38Z</time>
      </trkpt>
      <trkpt lat="-23.078217711299658" lon="15.834135767072439">
        <ele>946</ele>
        <time>2024-11-25T22:32:48Z</time>
      </trkpt>
      <trkpt lat="-23.078054348006845" lon="15.834069885313511">
        <ele>946</ele>
        <time>2024-11-25T22:32:58Z</time>
      </trkpt>
      <trkpt lat="-23.077874975278974" lon="15.834010792896152">
        <ele>946.20000000000005</ele>
        <time>2024-11-25T22:33:09Z</time>
      </trkpt>
      <trkpt lat="-23.077692501246929" lon="15.83395404741168">
        <ele>946.39999999999998</ele>
        <time>2024-11-25T22:33:19Z</time>
      </trkpt>
      <trkpt lat="-23.077507093548775" lon="15.833905432373285">
        <ele>946.60000000000002</ele>
        <time>2024-11-25T22:33:29Z</time>
      </trkpt>
      <trkpt lat="-23.077321769669652" lon="15.833865366876125">
        <ele>947</ele>
        <time>2024-11-25T22:33:39Z</time>
      </trkpt>
      <trkpt lat="-23.077137870714068" lon="15.833826139569283">
        <ele>947.39999999999998</ele>
        <time>2024-11-25T22:33:49Z</time>
      </trkpt>
      <trkpt lat="-23.076782561838627" lon="15.833741733804345">
        <ele>949.39999999999998</ele>
        <time>2024-11-25T22:33:59Z</time>
      </trkpt>
      <trkpt lat="-23.076609307900071" lon="15.833706948906183">
        <ele>951.20000000000005</ele>
        <time>2024-11-25T22:34:09Z</time>
      </trkpt>
      <trkpt lat="-23.076439741998911" lon="15.833666799589992">
        <ele>952</ele>
        <time>2024-11-25T22:34:19Z</time>
      </trkpt>
      <trkpt lat="-23.076273612678051" lon="15.833628075197339">
        <ele>953.60000000000002</ele>
        <time>2024-11-25T22:34:30Z</time>
      </trkpt>
      <trkpt lat="-23.076114943251014" lon="15.833591194823384">
        <ele>955.79999999999995</ele>
        <time>2024-11-25T22:34:40Z</time>
      </trkpt>
      <trkpt lat="-23.075960045680404" lon="15.833556745201349">
        <ele>956.79999999999995</ele>
        <time>2024-11-25T22:34:50Z</time>
      </trkpt>
      <trkpt lat="-23.075802382081747" lon="15.83352598361671">
        <ele>958</ele>
        <time>2024-11-25T22:35:00Z</time>
      </trkpt>
      <trkpt lat="-23.075641449540854" lon="15.833490695804358">
        <ele>958.20000000000005</ele>
        <time>2024-11-25T22:35:10Z</time>
      </trkpt>
      <trkpt lat="-23.075478421524167" lon="15.833456162363291">
        <ele>958.20000000000005</ele>
        <time>2024-11-25T22:35:20Z</time>
      </trkpt>
      <trkpt lat="-23.075311370193958" lon="15.833420706912875">
        <ele>958.20000000000005</ele>
        <time>2024-11-25T22:35:30Z</time>
      </trkpt>
      <trkpt lat="-23.075138535350561" lon="15.833378713577986">
        <ele>958.20000000000005</ele>
        <time>2024-11-25T22:35:41Z</time>
      </trkpt>
      <trkpt lat="-23.07495966553688" lon="15.833327416330576">
        <ele>957.79999999999995</ele>
        <time>2024-11-25T22:35:51Z</time>
      </trkpt>
      <trkpt lat="-23.07478180155158" lon="15.833288608118892">
        <ele>957</ele>
        <time>2024-11-25T22:36:01Z</time>
      </trkpt>
      <trkpt lat="-23.074604189023376" lon="15.833248626440763">
        <ele>956.79999999999995</ele>
        <time>2024-11-25T22:36:11Z</time>
      </trkpt>
      <trkpt lat="-23.074424564838409" lon="15.83320839330554">
        <ele>956.79999999999995</ele>
        <time>2024-11-25T22:36:21Z</time>
      </trkpt>
      <trkpt lat="-23.074249131605029" lon="15.833165813237429">
        <ele>956.79999999999995</ele>
        <time>2024-11-25T22:36:31Z</time>
      </trkpt>
      <trkpt lat="-23.074076883494854" lon="15.833126334473491">
        <ele>957</ele>
        <time>2024-11-25T22:36:41Z</time>
      </trkpt>
      <trkpt lat="-23.073906898498535" lon="15.83308576606214">
        <ele>958</ele>
        <time>2024-11-25T22:36:52Z</time>
      </trkpt>
      <trkpt lat="-23.073738003149629" lon="15.833044778555632">
        <ele>958.79999999999995</ele>
        <time>2024-11-25T22:37:02Z</time>
      </trkpt>
      <trkpt lat="-23.073566677048802" lon="15.833005970343947">
        <ele>959.79999999999995</ele>
        <time>2024-11-25T22:37:12Z</time>
      </trkpt>
      <trkpt lat="-23.073397865518928" lon="15.832967916503549">
        <ele>960.60000000000002</ele>
        <time>2024-11-25T22:37:22Z</time>
      </trkpt>
      <trkpt lat="-23.073230814188719" lon="15.832931371405721">
        <ele>961.20000000000005</ele>
        <time>2024-11-25T22:37:32Z</time>
      </trkpt>
      <trkpt lat="-23.073063008487225" lon="15.832893317565322">
        <ele>962.20000000000005</ele>
        <time>2024-11-25T22:37:42Z</time>
      </trkpt>
      <trkpt lat="-23.072892101481557" lon="15.832852078601718">
        <ele>962.60000000000002</ele>
        <time>2024-11-25T22:37:53Z</time>
      </trkpt>
      <trkpt lat="-23.072721445932984" lon="15.832809749990702">
        <ele>963.60000000000002</ele>
        <time>2024-11-25T22:38:03Z</time>
      </trkpt>
      <trkpt lat="-23.072548778727651" lon="15.832769013941288">
        <ele>964.20000000000005</ele>
        <time>2024-11-25T22:38:13Z</time>
      </trkpt>
      <trkpt lat="-23.072375021874905" lon="15.832729451358318">
        <ele>964.39999999999998</ele>
        <time>2024-11-25T22:38:23Z</time>
      </trkpt>
      <trkpt lat="-23.072198498994112" lon="15.832688296213746">
        <ele>965.20000000000005</ele>
        <time>2024-11-25T22:38:33Z</time>
      </trkpt>
      <trkpt lat="-23.072020886465907" lon="15.832648063078523">
        <ele>965.60000000000002</ele>
        <time>2024-11-25T22:38:43Z</time>
      </trkpt>
      <trkpt lat="-23.071841346099973" lon="15.832607494667172">
        <ele>965.79999999999995</ele>
        <time>2024-11-25T22:38:54Z</time>
      </trkpt>
      <trkpt lat="-23.071659123525023" lon="15.832565668970346">
        <ele>965.79999999999995</ele>
        <time>2024-11-25T22:39:04Z</time>
      </trkpt>
      <trkpt lat="-23.071473883464932" lon="15.832523005083203">
        <ele>965.79999999999995</ele>
        <time>2024-11-25T22:39:14Z</time>
      </trkpt>
      <trkpt lat="-23.071284033358097" lon="15.832479670643806">
        <ele>965.79999999999995</ele>
        <time>2024-11-25T22:39:24Z</time>
      </trkpt>
      <trkpt lat="-23.071091752499342" lon="15.832433821633458">
        <ele>965.60000000000002</ele>
        <time>2024-11-25T22:39:34Z</time>
      </trkpt>
      <trkpt lat="-23.070898968726397" lon="15.832387302070856">
        <ele>965.39999999999998</ele>
        <time>2024-11-25T22:39:44Z</time>
      </trkpt>
      <trkpt lat="-23.070705682039261" lon="15.832343297079206">
        <ele>965.39999999999998</ele>
        <time>2024-11-25T22:39:55Z</time>
      </trkpt>
      <trkpt lat="-23.07051214389503" lon="15.832298789173365">
        <ele>965.39999999999998</ele>
        <time>2024-11-25T22:40:05Z</time>
      </trkpt>
      <trkpt lat="-23.070315336808562" lon="15.832251682877541">
        <ele>965.39999999999998</ele>
        <time>2024-11-25T22:40:15Z</time>
      </trkpt>
      <trkpt lat="-23.070116182789207" lon="15.832204325124621">
        <ele>965.60000000000002</ele>
        <time>2024-11-25T22:40:25Z</time>
      </trkpt>
      <trkpt lat="-23.069916693493724" lon="15.832160403952003">
        <ele>965.79999999999995</ele>
        <time>2024-11-25T22:40:35Z</time>
      </trkpt>
      <trkpt lat="-23.069719215855002" lon="15.832117740064859">
        <ele>966</ele>
        <time>2024-11-25T22:40:45Z</time>
      </trkpt>
      <trkpt lat="-23.069522408768535" lon="15.832075495272875">
        <ele>966.39999999999998</ele>
        <time>2024-11-25T22:40:56Z</time>
      </trkpt>
      <trkpt lat="-23.069321410730481" lon="15.832029143348336">
        <ele>966.60000000000002</ele>
        <time>2024-11-25T22:41:06Z</time>
      </trkpt>
      <trkpt lat="-23.069116305559874" lon="15.831982037052512">
        <ele>966.60000000000002</ele>
        <time>2024-11-25T22:41:16Z</time>
      </trkpt>
      <trkpt lat="-23.068906171247363" lon="15.831932835280895">
        <ele>966.60000000000002</ele>
        <time>2024-11-25T22:41:26Z</time>
      </trkpt>
      <trkpt lat="-23.06869444437325" lon="15.831884806975722">
        <ele>966.60000000000002</ele>
        <time>2024-11-25T22:41:36Z</time>
      </trkpt>
      <trkpt lat="-23.068481124937534" lon="15.831836108118296">
        <ele>965.79999999999995</ele>
        <time>2024-11-25T22:41:46Z</time>
      </trkpt>
      <trkpt lat="-23.06826495565474" lon="15.831788331270218">
        <ele>965.20000000000005</ele>
        <time>2024-11-25T22:41:57Z</time>
      </trkpt>
      <trkpt lat="-23.068047948181629" lon="15.83174055442214">
        <ele>965</ele>
        <time>2024-11-25T22:42:07Z</time>
      </trkpt>
      <trkpt lat="-23.067830353975296" lon="15.831691939383745">
        <ele>965</ele>
        <time>2024-11-25T22:42:17Z</time>
      </trkpt>
      <trkpt lat="-23.067612843587995" lon="15.831643575802445">
        <ele>965</ele>
        <time>2024-11-25T22:42:27Z</time>
      </trkpt>
      <trkpt lat="-23.067397009581327" lon="15.83159638568759">
        <ele>965</ele>
        <time>2024-11-25T22:42:37Z</time>
      </trkpt>
      <trkpt lat="-23.067183522507548" lon="15.831552799791098">
        <ele>965.60000000000002</ele>
        <time>2024-11-25T22:42:48Z</time>
      </trkpt>
      <trkpt lat="-23.066970873624086" lon="15.831505274400115">
        <ele>966.39999999999998</ele>
        <time>2024-11-25T22:42:58Z</time>
      </trkpt>
      <trkpt lat="-23.066761074587703" lon="15.831457497552037">
        <ele>967.20000000000005</ele>
        <time>2024-11-25T22:43:08Z</time>
      </trkpt>
      <trkpt lat="-23.066556137055159" lon="15.831414079293609">
        <ele>968</ele>
        <time>2024-11-25T22:43:18Z</time>
      </trkpt>
      <trkpt lat="-23.066353211179376" lon="15.831369319930673">
        <ele>968.60000000000002</ele>
        <time>2024-11-25T22:43:28Z</time>
      </trkpt>
      <trkpt lat="-23.06615648791194" lon="15.831322884187102">
        <ele>970.20000000000005</ele>
        <time>2024-11-25T22:43:39Z</time>
      </trkpt>
      <trkpt lat="-23.06595716625452" lon="15.831276280805469">
        <ele>971.39999999999998</ele>
        <time>2024-11-25T22:43:49Z</time>
      </trkpt>
      <trkpt lat="-23.065762119367719" lon="15.831231521442533">
        <ele>973</ele>
        <time>2024-11-25T22:43:59Z</time>
      </trkpt>
      <trkpt lat="-23.065567323938012" lon="15.831183409318328">
        <ele>973.39999999999998</ele>
        <time>2024-11-25T22:44:09Z</time>
      </trkpt>
      <trkpt lat="-23.065371019765735" lon="15.83113906905055">
        <ele>974.20000000000005</ele>
        <time>2024-11-25T22:44:19Z</time>
      </trkpt>
      <trkpt lat="-23.065177816897631" lon="15.83109606988728">
        <ele>975.39999999999998</ele>
        <time>2024-11-25T22:44:30Z</time>
      </trkpt>
      <trkpt lat="-23.064983524382114" lon="15.831051310524344">
        <ele>976.20000000000005</ele>
        <time>2024-11-25T22:44:40Z</time>
      </trkpt>
      <trkpt lat="-23.06478688493371" lon="15.831004790961742">
        <ele>976.60000000000002</ele>
        <time>2024-11-25T22:44:50Z</time>
      </trkpt>
      <trkpt lat="-23.064588317647576" lon="15.830962378531694">
        <ele>977.60000000000002</ele>
        <time>2024-11-25T22:45:00Z</time>
      </trkpt>
      <trkpt lat="-23.064387151971459" lon="15.830917619168758">
        <ele>978</ele>
        <time>2024-11-25T22:45:11Z</time>
      </trkpt>
      <trkpt lat="-23.064186992123723" lon="15.830871602520347">
        <ele>979.20000000000005</ele>
        <time>2024-11-25T22:45:21Z</time>
      </trkpt>
      <trkpt lat="-23.063985910266638" lon="15.830826172605157">
        <ele>979.60000000000002</ele>
        <time>2024-11-25T22:45:31Z</time>
      </trkpt>
      <trkpt lat="-23.063787259161472" lon="15.830779653042555">
        <ele>980.20000000000005</ele>
        <time>2024-11-25T22:45:41Z</time>
      </trkpt>
      <trkpt lat="-23.063586680218577" lon="15.830731205642223">
        <ele>980.39999999999998</ele>
        <time>2024-11-25T22:45:51Z</time>
      </trkpt>
      <trkpt lat="-23.063384843990207" lon="15.830680495128036">
        <ele>980.39999999999998</ele>
        <time>2024-11-25T22:46:02Z</time>
      </trkpt>
      <trkpt lat="-23.063184935599566" lon="15.830627689138055">
        <ele>980.39999999999998</ele>
        <time>2024-11-25T22:46:12Z</time>
      </trkpt>
      <trkpt lat="-23.062984775751829" lon="15.830573625862598">
        <ele>980.60000000000002</ele>
        <time>2024-11-25T22:46:22Z</time>
      </trkpt>
      <trkpt lat="-23.062784615904093" lon="15.830525849014521">
        <ele>980.60000000000002</ele>
        <time>2024-11-25T22:46:32Z</time>
      </trkpt>
      <trkpt lat="-23.062591161578894" lon="15.830491399392486">
        <ele>980.60000000000002</ele>
        <time>2024-11-25T22:46:43Z</time>
      </trkpt>
      <trkpt lat="-23.06240483187139" lon="15.830468516796827">
        <ele>980.79999999999995</ele>
        <time>2024-11-25T22:46:53Z</time>
      </trkpt>
      <trkpt lat="-23.062222525477409" lon="15.830467259511352">
        <ele>981</ele>
        <time>2024-11-25T22:47:03Z</time>
      </trkpt>
      <trkpt lat="-23.062036698684096" lon="15.830491567030549">
        <ele>981.20000000000005</ele>
        <time>2024-11-25T22:47:13Z</time>
      </trkpt>
      <trkpt lat="-23.061855565756559" lon="15.83053951151669">
        <ele>981.20000000000005</ele>
        <time>2024-11-25T22:47:23Z</time>
      </trkpt>
      <trkpt lat="-23.061678037047386" lon="15.830612098798156">
        <ele>981.20000000000005</ele>
        <time>2024-11-25T22:47:34Z</time>
      </trkpt>
      <trkpt lat="-23.061502017080784" lon="15.830704048275948">
        <ele>981.20000000000005</ele>
        <time>2024-11-25T22:47:44Z</time>
      </trkpt>
      <trkpt lat="-23.061324656009674" lon="15.830805469304323">
        <ele>981</ele>
        <time>2024-11-25T22:47:54Z</time>
      </trkpt>
      <trkpt lat="-23.061142014339566" lon="15.830913679674268">
        <ele>981</ele>
        <time>2024-11-25T22:48:04Z</time>
      </trkpt>
      <trkpt lat="-23.060959875583649" lon="15.831024404615164">
        <ele>980.79999999999995</ele>
        <time>2024-11-25T22:48:15Z</time>
      </trkpt>
      <trkpt lat="-23.060771618038416" lon="15.831140745431185">
        <ele>980.60000000000002</ele>
        <time>2024-11-25T22:48:25Z</time>
      </trkpt>
      <trkpt lat="-23.060579588636756" lon="15.831262534484267">
        <ele>980.39999999999998</ele>
        <time>2024-11-25T22:48:35Z</time>
      </trkpt>
      <trkpt lat="-23.060385128483176" lon="15.831387592479587">
        <ele>980.20000000000005</ele>
        <time>2024-11-25T22:48:45Z</time>
      </trkpt>
      <trkpt lat="-23.06018790230155" lon="15.831516506150365">
        <ele>980</ele>
        <time>2024-11-25T22:48:56Z</time>
      </trkpt>
      <trkpt lat="-23.059987658634782" lon="15.831650700420141">
        <ele>980</ele>
        <time>2024-11-25T22:49:06Z</time>
      </trkpt>
      <trkpt lat="-23.059786325320601" lon="15.831788247451186">
        <ele>980</ele>
        <time>2024-11-25T22:49:16Z</time>
      </trkpt>
      <trkpt lat="-23.059585159644485" lon="15.831923112273216">
        <ele>980</ele>
        <time>2024-11-25T22:49:26Z</time>
      </trkpt>
      <trkpt lat="-23.059378461912274" lon="15.832057138904929">
        <ele>980.20000000000005</ele>
        <time>2024-11-25T22:49:37Z</time>
      </trkpt>
      <trkpt lat="-23.059174865484238" lon="15.832188902422786">
        <ele>980.39999999999998</ele>
        <time>2024-11-25T22:49:47Z</time>
      </trkpt>
      <trkpt lat="-23.058973615989089" lon="15.832320917397738">
        <ele>980.60000000000002</ele>
        <time>2024-11-25T22:49:57Z</time>
      </trkpt>
      <trkpt lat="-23.058770941570401" lon="15.83245201036334">
        <ele>980.60000000000002</ele>
        <time>2024-11-25T22:50:07Z</time>
      </trkpt>
      <trkpt lat="-23.058569105342031" lon="15.83258637227118">
        <ele>981</ele>
        <time>2024-11-25T22:50:18Z</time>
      </trkpt>
      <trkpt lat="-23.058369616046548" lon="15.832722075283527">
        <ele>981</ele>
        <time>2024-11-25T22:50:28Z</time>
      </trkpt>
      <trkpt lat="-23.058170964941382" lon="15.832856185734272">
        <ele>981.20000000000005</ele>
        <time>2024-11-25T22:50:38Z</time>
      </trkpt>
      <trkpt lat="-23.057972816750407" lon="15.832989038899541">
        <ele>981.39999999999998</ele>
        <time>2024-11-25T22:50:48Z</time>
      </trkpt>
      <trkpt lat="-23.057776177302003" lon="15.833121808245778">
        <ele>981.60000000000002</ele>
        <time>2024-11-25T22:50:59Z</time>
      </trkpt>
      <trkpt lat="-23.057583896443248" lon="15.833250470459461">
        <ele>981.79999999999995</ele>
        <time>2024-11-25T22:51:09Z</time>
      </trkpt>
      <trkpt lat="-23.057394046336412" lon="15.833373013883829">
        <ele>981.79999999999995</ele>
        <time>2024-11-25T22:51:19Z</time>
      </trkpt>
      <trkpt lat="-23.057204280048609" lon="15.833487594500184">
        <ele>982</ele>
        <time>2024-11-25T22:51:30Z</time>
      </trkpt>
      <trkpt lat="-23.0570147652179" lon="15.833592116832733">
        <ele>982</ele>
        <time>2024-11-25T22:51:40Z</time>
      </trkpt>
      <trkpt lat="-23.056822651997209" lon="15.833680965006351">
        <ele>982</ele>
        <time>2024-11-25T22:51:50Z</time>
      </trkpt>
      <trkpt lat="-23.056627186015248" lon="15.83375028334558">
        <ele>982</ele>
        <time>2024-11-25T22:52:00Z</time>
      </trkpt>
      <trkpt lat="-23.056433396413922" lon="15.833798898383975">
        <ele>981.79999999999995</ele>
        <time>2024-11-25T22:52:11Z</time>
      </trkpt>
      <trkpt lat="-23.056239271536469" lon="15.833828151226044">
        <ele>981.79999999999995</ele>
        <time>2024-11-25T22:52:21Z</time>
      </trkpt>
      <trkpt lat="-23.056048499420285" lon="15.83384265191853">
        <ele>981.79999999999995</ele>
        <time>2024-11-25T22:52:31Z</time>
      </trkpt>
      <trkpt lat="-23.055857392027974" lon="15.833845585584641">
        <ele>981.79999999999995</ele>
        <time>2024-11-25T22:52:41Z</time>
      </trkpt>
      <trkpt lat="-23.055665949359536" lon="15.833837538957596">
        <ele>981.79999999999995</ele>
        <time>2024-11-25T22:52:52Z</time>
      </trkpt>
      <trkpt lat="-23.055471237748861" lon="15.833831168711185">
        <ele>982.60000000000002</ele>
        <time>2024-11-25T22:53:02Z</time>
      </trkpt>
      <trkpt lat="-23.055080724880099" lon="15.83381331525743">
        <ele>984.20000000000005</ele>
        <time>2024-11-25T22:53:12Z</time>
      </trkpt>
      <trkpt lat="-23.054882241412997" lon="15.833795294165611">
        <ele>984.79999999999995</ele>
        <time>2024-11-25T22:53:23Z</time>
      </trkpt>
      <trkpt lat="-23.054683590307832" lon="15.833774507045746">
        <ele>986.60000000000002</ele>
        <time>2024-11-25T22:53:33Z</time>
      </trkpt>
      <trkpt lat="-23.054483430460095" lon="15.833754558116198">
        <ele>987.79999999999995</ele>
        <time>2024-11-25T22:53:43Z</time>
      </trkpt>
      <trkpt lat="-23.054072130471468" lon="15.833720527589321">
        <ele>989.60000000000002</ele>
        <time>2024-11-25T22:53:53Z</time>
      </trkpt>
      <trkpt lat="-23.053680863231421" lon="15.833666967228055">
        <ele>990.79999999999995</ele>
        <time>2024-11-25T22:54:04Z</time>
      </trkpt>
      <trkpt lat="-23.05349319241941" lon="15.833627404645085">
        <ele>991.20000000000005</ele>
        <time>2024-11-25T22:54:14Z</time>
      </trkpt>
      <trkpt lat="-23.053313735872507" lon="15.833569904789329">
        <ele>992.20000000000005</ele>
        <time>2024-11-25T22:54:24Z</time>
      </trkpt>
      <trkpt lat="-23.053146684542298" lon="15.833491450175643">
        <ele>992.60000000000002</ele>
        <time>2024-11-25T22:54:35Z</time>
      </trkpt>
      <trkpt lat="-23.052987931296229" lon="15.833397572860122">
        <ele>992.79999999999995</ele>
        <time>2024-11-25T22:54:45Z</time>
      </trkpt>
      <trkpt lat="-23.052838230505586" lon="15.833292966708541">
        <ele>993</ele>
        <time>2024-11-25T22:54:55Z</time>
      </trkpt>
      <trkpt lat="-23.052691547200084" lon="15.833182074129581">
        <ele>993.39999999999998</ele>
        <time>2024-11-25T22:55:06Z</time>
      </trkpt>
      <trkpt lat="-23.052546121180058" lon="15.833068080246449">
        <ele>993.79999999999995</ele>
        <time>2024-11-25T22:55:16Z</time>
      </trkpt>
      <trkpt lat="-23.0524040479213" lon="15.832954673096538">
        <ele>994.20000000000005</ele>
        <time>2024-11-25T22:55:26Z</time>
      </trkpt>
      <trkpt lat="-23.052269937470555" lon="15.832837577909231">
        <ele>994.20000000000005</ele>
        <time>2024-11-25T22:55:36Z</time>
      </trkpt>
      <trkpt lat="-23.052144208922982" lon="15.832710424438119">
        <ele>994.20000000000005</ele>
        <time>2024-11-25T22:55:47Z</time>
      </trkpt>
      <trkpt lat="-23.05204245261848" lon="15.832572625949979">
        <ele>994</ele>
        <time>2024-11-25T22:55:57Z</time>
      </trkpt>
      <trkpt lat="-23.051961399614811" lon="15.832422254607081">
        <ele>993.20000000000005</ele>
        <time>2024-11-25T22:56:07Z</time>
      </trkpt>
      <trkpt lat="-23.051896439865232" lon="15.832259813323617">
        <ele>992.20000000000005</ele>
        <time>2024-11-25T22:56:18Z</time>
      </trkpt>
      <trkpt lat="-23.051852937787771" lon="15.832090498879552">
        <ele>991.60000000000002</ele>
        <time>2024-11-25T22:56:28Z</time>
      </trkpt>
      <trkpt lat="-23.051823936402798" lon="15.831913305446506">
        <ele>991.20000000000005</ele>
        <time>2024-11-25T22:56:38Z</time>
      </trkpt>
      <trkpt lat="-23.051805999130011" lon="15.831731585785747">
        <ele>990.39999999999998</ele>
        <time>2024-11-25T22:56:49Z</time>
      </trkpt>
      <trkpt lat="-23.051793510094285" lon="15.831542825326324">
        <ele>989.79999999999995</ele>
        <time>2024-11-25T22:56:59Z</time>
      </trkpt>
      <trkpt lat="-23.051782278344035" lon="15.831346604973078">
        <ele>989.20000000000005</ele>
        <time>2024-11-25T22:57:09Z</time>
      </trkpt>
      <trkpt lat="-23.051773058250546" lon="15.831148540601134">
        <ele>988.79999999999995</ele>
        <time>2024-11-25T22:57:20Z</time>
      </trkpt>
      <trkpt lat="-23.051761575043201" lon="15.830946285277605">
        <ele>988.60000000000002</ele>
        <time>2024-11-25T22:57:30Z</time>
      </trkpt>
      <trkpt lat="-23.05175319314003" lon="15.830741934478283">
        <ele>988</ele>
        <time>2024-11-25T22:57:40Z</time>
      </trkpt>
      <trkpt lat="-23.051746655255556" lon="15.830533979460597">
        <ele>986.79999999999995</ele>
        <time>2024-11-25T22:57:51Z</time>
      </trkpt>
      <trkpt lat="-23.051741793751717" lon="15.830321665853262">
        <ele>985.20000000000005</ele>
        <time>2024-11-25T22:58:01Z</time>
      </trkpt>
      <trkpt lat="-23.051734166219831" lon="15.830109687522054">
        <ele>983.39999999999998</ele>
        <time>2024-11-25T22:58:11Z</time>
      </trkpt>
      <trkpt lat="-23.05172679014504" lon="15.829894943162799">
        <ele>982</ele>
        <time>2024-11-25T22:58:21Z</time>
      </trkpt>
      <trkpt lat="-23.051722683012486" lon="15.829677348956466">
        <ele>979.79999999999995</ele>
        <time>2024-11-25T22:58:32Z</time>
      </trkpt>
      <trkpt lat="-23.051714301109314" lon="15.829228917136788">
        <ele>977.60000000000002</ele>
        <time>2024-11-25T22:58:42Z</time>
      </trkpt>
      <trkpt lat="-23.051710613071918" lon="15.829000761732459">
        <ele>976</ele>
        <time>2024-11-25T22:58:52Z</time>
      </trkpt>
      <trkpt lat="-23.051699716597795" lon="15.828548474237323">
        <ele>974.20000000000005</ele>
        <time>2024-11-25T22:59:03Z</time>
      </trkpt>
      <trkpt lat="-23.051674403250217" lon="15.828107334673405">
        <ele>973</ele>
        <time>2024-11-25T22:59:13Z</time>
      </trkpt>
      <trkpt lat="-23.051663003861904" lon="15.827888902276754">
        <ele>972.79999999999995</ele>
        <time>2024-11-25T22:59:23Z</time>
      </trkpt>
      <trkpt lat="-23.051653280854225" lon="15.827676253393292">
        <ele>972.60000000000002</ele>
        <time>2024-11-25T22:59:34Z</time>
      </trkpt>
      <trkpt lat="-23.051644479855895" lon="15.827463185414672">
        <ele>972.60000000000002</ele>
        <time>2024-11-25T22:59:44Z</time>
      </trkpt>
      <trkpt lat="-23.051637522876263" lon="15.827253805473447">
        <ele>972.79999999999995</ele>
        <time>2024-11-25T22:59:55Z</time>
      </trkpt>
      <trkpt lat="-23.051629308611155" lon="15.827049622312188">
        <ele>972.60000000000002</ele>
        <time>2024-11-25T23:00:05Z</time>
      </trkpt>
      <trkpt lat="-23.051620926707983" lon="15.826852396130562">
        <ele>972.60000000000002</ele>
        <time>2024-11-25T23:00:15Z</time>
      </trkpt>
      <trkpt lat="-23.051612125709653" lon="15.826656427234411">
        <ele>972.79999999999995</ele>
        <time>2024-11-25T23:00:26Z</time>
      </trkpt>
      <trkpt lat="-23.051604917272925" lon="15.826464481651783">
        <ele>973.20000000000005</ele>
        <time>2024-11-25T23:00:36Z</time>
      </trkpt>
      <trkpt lat="-23.051599133759737" lon="15.826272368431091">
        <ele>973.39999999999998</ele>
        <time>2024-11-25T23:00:46Z</time>
      </trkpt>
      <trkpt lat="-23.051594104617834" lon="15.82607489079237">
        <ele>973.20000000000005</ele>
        <time>2024-11-25T23:00:57Z</time>
      </trkpt>
      <trkpt lat="-23.051568791270256" lon="15.825484050437808">
        <ele>972.39999999999998</ele>
        <time>2024-11-25T23:01:07Z</time>
      </trkpt>
      <trkpt lat="-23.051549261435866" lon="15.825299983844161">
        <ele>970.60000000000002</ele>
        <time>2024-11-25T23:01:17Z</time>
      </trkpt>
      <trkpt lat="-23.051525037735701" lon="15.825121533125639">
        <ele>969</ele>
        <time>2024-11-25T23:01:28Z</time>
      </trkpt>
      <trkpt lat="-23.051487905904651" lon="15.824942998588085">
        <ele>967.39999999999998</ele>
        <time>2024-11-25T23:01:38Z</time>
      </trkpt>
      <trkpt lat="-23.051430992782116" lon="15.824763458222151">
        <ele>966.39999999999998</ele>
        <time>2024-11-25T23:01:48Z</time>
      </trkpt>
      <trkpt lat="-23.051363602280617" lon="15.824583834037185">
        <ele>965.20000000000005</ele>
        <time>2024-11-25T23:01:59Z</time>
      </trkpt>
      <trkpt lat="-23.051286404952407" lon="15.824411418288946">
        <ele>963.20000000000005</ele>
        <time>2024-11-25T23:02:09Z</time>
      </trkpt>
      <trkpt lat="-23.051203256472945" lon="15.824241852387786">
        <ele>962.60000000000002</ele>
        <time>2024-11-25T23:02:19Z</time>
      </trkpt>
      <trkpt lat="-23.051113234832883" lon="15.824077650904655">
        <ele>961</ele>
        <time>2024-11-25T23:02:30Z</time>
      </trkpt>
      <trkpt lat="-23.050923133268952" lon="15.823769113048911">
        <ele>961</ele>
        <time>2024-11-25T23:02:40Z</time>
      </trkpt>
      <trkpt lat="-23.050822634249926" lon="15.823618238791823">
        <ele>961</ele>
        <time>2024-11-25T23:02:51Z</time>
      </trkpt>
      <trkpt lat="-23.050724230706692" lon="15.823466274887323">
        <ele>962.39999999999998</ele>
        <time>2024-11-25T23:03:01Z</time>
      </trkpt>
      <trkpt lat="-23.050634041428566" lon="15.823324955999851">
        <ele>963.39999999999998</ele>
        <time>2024-11-25T23:03:11Z</time>
      </trkpt>
      <trkpt lat="-23.050545528531075" lon="15.823189755901694">
        <ele>964.60000000000002</ele>
        <time>2024-11-25T23:03:22Z</time>
      </trkpt>
      <trkpt lat="-23.050452573224902" lon="15.823061261326075">
        <ele>965.39999999999998</ele>
        <time>2024-11-25T23:03:32Z</time>
      </trkpt>
      <trkpt lat="-23.050352158024907" lon="15.822932431474328">
        <ele>967</ele>
        <time>2024-11-25T23:03:42Z</time>
      </trkpt>
      <trkpt lat="-23.050036495551467" lon="15.822483999654651">
        <ele>967</ele>
        <time>2024-11-25T23:03:53Z</time>
      </trkpt>
      <trkpt lat="-23.049820829182863" lon="15.822140090167522">
        <ele>965</ele>
        <time>2024-11-25T23:04:03Z</time>
      </trkpt>
      <trkpt lat="-23.049711110070348" lon="15.821964656934142">
        <ele>963.60000000000002</ele>
        <time>2024-11-25T23:04:14Z</time>
      </trkpt>
      <trkpt lat="-23.049492761492729" lon="15.821627788245678">
        <ele>961.79999999999995</ele>
        <time>2024-11-25T23:04:24Z</time>
      </trkpt>
      <trkpt lat="-23.04918983951211" lon="15.821138871833682">
        <ele>961.20000000000005</ele>
        <time>2024-11-25T23:04:34Z</time>
      </trkpt>
      <trkpt lat="-23.049100069329143" lon="15.820981208235025">
        <ele>961.20000000000005</ele>
        <time>2024-11-25T23:04:45Z</time>
      </trkpt>
      <trkpt lat="-23.049009796231985" lon="15.820823544636369">
        <ele>963.79999999999995</ele>
        <time>2024-11-25T23:04:55Z</time>
      </trkpt>
      <trkpt lat="-23.048919523134828" lon="15.820666132494807">
        <ele>966.60000000000002</ele>
        <time>2024-11-25T23:05:05Z</time>
      </trkpt>
      <trkpt lat="-23.048831932246685" lon="15.820511821657419">
        <ele>968.79999999999995</ele>
        <time>2024-11-25T23:05:16Z</time>
      </trkpt>
      <trkpt lat="-23.048749286681414" lon="15.820359522476792">
        <ele>969.79999999999995</ele>
        <time>2024-11-25T23:05:26Z</time>
      </trkpt>
      <trkpt lat="-23.048668401315808" lon="15.82020403817296">
        <ele>970.79999999999995</ele>
        <time>2024-11-25T23:05:37Z</time>
      </trkpt>
      <trkpt lat="-23.048591539263725" lon="15.820042602717876">
        <ele>973</ele>
        <time>2024-11-25T23:05:47Z</time>
      </trkpt>
      <trkpt lat="-23.048518616706133" lon="15.819876976311207">
        <ele>974</ele>
        <time>2024-11-25T23:05:57Z</time>
      </trkpt>
      <trkpt lat="-23.048444436863065" lon="15.819701543077826">
        <ele>974.20000000000005</ele>
        <time>2024-11-25T23:06:08Z</time>
      </trkpt>
      <trkpt lat="-23.048372939229012" lon="15.819518733769655">
        <ele>974.20000000000005</ele>
        <time>2024-11-25T23:06:18Z</time>
      </trkpt>
      <trkpt lat="-23.048304710537195" lon="15.819329135119915">
        <ele>974.20000000000005</ele>
        <time>2024-11-25T23:06:29Z</time>
      </trkpt>
      <trkpt lat="-23.048235643655062" lon="15.819137524813414">
        <ele>974.20000000000005</ele>
        <time>2024-11-25T23:06:39Z</time>
      </trkpt>
      <trkpt lat="-23.04816422984004" lon="15.81894725561142">
        <ele>973.60000000000002</ele>
        <time>2024-11-25T23:06:49Z</time>
      </trkpt>
      <trkpt lat="-23.048094240948558" lon="15.818757154047489">
        <ele>973</ele>
        <time>2024-11-25T23:07:00Z</time>
      </trkpt>
      <trkpt lat="-23.048033136874437" lon="15.818569818511605">
        <ele>972.20000000000005</ele>
        <time>2024-11-25T23:07:10Z</time>
      </trkpt>
      <trkpt lat="-23.047981839627028" lon="15.81839413382113">
        <ele>972.20000000000005</ele>
        <time>2024-11-25T23:07:21Z</time>
      </trkpt>
      <trkpt lat="-23.047952251508832" lon="15.818215766921639">
        <ele>972</ele>
        <time>2024-11-25T23:07:31Z</time>
      </trkpt>
      <trkpt lat="-23.047953844070435" lon="15.818036645650864">
        <ele>971.79999999999995</ele>
        <time>2024-11-25T23:07:41Z</time>
      </trkpt>
      <trkpt lat="-23.047984186559916" lon="15.817860290408134">
        <ele>971.79999999999995</ele>
        <time>2024-11-25T23:07:52Z</time>
      </trkpt>
      <trkpt lat="-23.048038836568594" lon="15.81768854521215">
        <ele>971.79999999999995</ele>
        <time>2024-11-25T23:08:02Z</time>
      </trkpt>
      <trkpt lat="-23.048101281747222" lon="15.817510010674596">
        <ele>971.79999999999995</ele>
        <time>2024-11-25T23:08:13Z</time>
      </trkpt>
      <trkpt lat="-23.048176551237702" lon="15.817330805584788">
        <ele>971.20000000000005</ele>
        <time>2024-11-25T23:08:23Z</time>
      </trkpt>
      <trkpt lat="-23.048255760222673" lon="15.817145397886634">
        <ele>970.20000000000005</ele>
        <time>2024-11-25T23:08:33Z</time>
      </trkpt>
      <trkpt lat="-23.048339411616325" lon="15.816952446475625">
        <ele>969</ele>
        <time>2024-11-25T23:08:44Z</time>
      </trkpt>
      <trkpt lat="-23.048425745218992" lon="15.816756058484316">
        <ele>968</ele>
        <time>2024-11-25T23:08:54Z</time>
      </trkpt>
      <trkpt lat="-23.048508474603295" lon="15.816552881151438">
        <ele>966</ele>
        <time>2024-11-25T23:09:05Z</time>
      </trkpt>
      <trkpt lat="-23.048592796549201" lon="15.816345931962132">
        <ele>965</ele>
        <time>2024-11-25T23:09:15Z</time>
      </trkpt>
      <trkpt lat="-23.048675777390599" lon="15.816139318048954">
        <ele>962.39999999999998</ele>
        <time>2024-11-25T23:09:26Z</time>
      </trkpt>
      <trkpt lat="-23.048761943355203" lon="15.815931865945458">
        <ele>961.39999999999998</ele>
        <time>2024-11-25T23:09:36Z</time>
      </trkpt>
      <trkpt lat="-23.048850372433662" lon="15.815726341679692">
        <ele>959.79999999999995</ele>
        <time>2024-11-25T23:09:46Z</time>
      </trkpt>
      <trkpt lat="-23.048939891159534" lon="15.815520901232958">
        <ele>958.79999999999995</ele>
        <time>2024-11-25T23:09:57Z</time>
      </trkpt>
      <trkpt lat="-23.049117000773549" lon="15.815124688670039">
        <ele>956.20000000000005</ele>
        <time>2024-11-25T23:10:07Z</time>
      </trkpt>
      <trkpt lat="-23.049212973564863" lon="15.814935257658362">
        <ele>954.79999999999995</ele>
        <time>2024-11-25T23:10:18Z</time>
      </trkpt>
      <trkpt lat="-23.049314646050334" lon="15.814752448350191">
        <ele>953.79999999999995</ele>
        <time>2024-11-25T23:10:28Z</time>
      </trkpt>
      <trkpt lat="-23.049422353506088" lon="15.814571483060718">
        <ele>952</ele>
        <time>2024-11-25T23:10:39Z</time>
      </trkpt>
      <trkpt lat="-23.049537185579538" lon="15.814391858875751">
        <ele>951</ele>
        <time>2024-11-25T23:10:49Z</time>
      </trkpt>
      <trkpt lat="-23.049658723175526" lon="15.814210306853056">
        <ele>949.39999999999998</ele>
        <time>2024-11-25T23:10:59Z</time>
      </trkpt>
      <trkpt lat="-23.049784619361162" lon="15.814030850306153">
        <ele>947.39999999999998</ele>
        <time>2024-11-25T23:11:10Z</time>
      </trkpt>
      <trkpt lat="-23.049912862479687" lon="15.813857931643724">
        <ele>945.20000000000005</ele>
        <time>2024-11-25T23:11:20Z</time>
      </trkpt>
      <trkpt lat="-23.050159458070993" lon="15.813513100147247">
        <ele>944.79999999999995</ele>
        <time>2024-11-25T23:11:31Z</time>
      </trkpt>
      <trkpt lat="-23.050276637077332" lon="15.813355688005686">
        <ele>944.79999999999995</ele>
        <time>2024-11-25T23:11:41Z</time>
      </trkpt>
      <trkpt lat="-23.050515605136752" lon="15.813016975298524">
        <ele>947</ele>
        <time>2024-11-25T23:11:52Z</time>
      </trkpt>
      <trkpt lat="-23.050636053085327" lon="15.81284137442708">
        <ele>948.20000000000005</ele>
        <time>2024-11-25T23:12:02Z</time>
      </trkpt>
      <trkpt lat="-23.050757339224219" lon="15.812663258984685">
        <ele>949.39999999999998</ele>
        <time>2024-11-25T23:12:12Z</time>
      </trkpt>
      <trkpt lat="-23.050875775516033" lon="15.812489585950971">
        <ele>950.60000000000002</ele>
        <time>2024-11-25T23:12:23Z</time>
      </trkpt>
      <trkpt lat="-23.051101416349411" lon="15.81215238198638">
        <ele>952</ele>
        <time>2024-11-25T23:12:33Z</time>
      </trkpt>
      <trkpt lat="-23.051208117976785" lon="15.81199211999774">
        <ele>954</ele>
        <time>2024-11-25T23:12:44Z</time>
      </trkpt>
      <trkpt lat="-23.051311215385795" lon="15.811845185235143">
        <ele>955.20000000000005</ele>
        <time>2024-11-25T23:12:54Z</time>
      </trkpt>
      <trkpt lat="-23.051418336108327" lon="15.811701519414783">
        <ele>957.20000000000005</ele>
        <time>2024-11-25T23:13:05Z</time>
      </trkpt>
      <trkpt lat="-23.051519338041544" lon="15.811559278517962">
        <ele>958.20000000000005</ele>
        <time>2024-11-25T23:13:15Z</time>
      </trkpt>
      <trkpt lat="-23.051620172336698" lon="15.811413181945682">
        <ele>960.60000000000002</ele>
        <time>2024-11-25T23:13:26Z</time>
      </trkpt>
      <trkpt lat="-23.051722850650549" lon="15.81126406788826">
        <ele>961.20000000000005</ele>
        <time>2024-11-25T23:13:36Z</time>
      </trkpt>
      <trkpt lat="-23.051825109869242" lon="15.81111554056406">
        <ele>962.79999999999995</ele>
        <time>2024-11-25T23:13:47Z</time>
      </trkpt>
      <trkpt lat="-23.051927285268903" lon="15.81096307374537">
        <ele>964</ele>
        <time>2024-11-25T23:13:57Z</time>
      </trkpt>
      <trkpt lat="-23.052032981067896" lon="15.810806332156062">
        <ele>965.39999999999998</ele>
        <time>2024-11-25T23:14:07Z</time>
      </trkpt>
      <trkpt lat="-23.052141610532999" lon="15.810647243633866">
        <ele>966</ele>
        <time>2024-11-25T23:14:18Z</time>
      </trkpt>
      <trkpt lat="-23.052253592759371" lon="15.810485389083624">
        <ele>966.79999999999995</ele>
        <time>2024-11-25T23:14:28Z</time>
      </trkpt>
      <trkpt lat="-23.052367335185409" lon="15.810319092124701">
        <ele>967.60000000000002</ele>
        <time>2024-11-25T23:14:39Z</time>
      </trkpt>
      <trkpt lat="-23.052478730678558" lon="15.81014852039516">
        <ele>968.39999999999998</ele>
        <time>2024-11-25T23:14:49Z</time>
      </trkpt>
      <trkpt lat="-23.052591718733311" lon="15.809974931180477">
        <ele>969.39999999999998</ele>
        <time>2024-11-25T23:15:00Z</time>
      </trkpt>
      <trkpt lat="-23.052708813920617" lon="15.809799497947097">
        <ele>970.79999999999995</ele>
        <time>2024-11-25T23:15:10Z</time>
      </trkpt>
      <trkpt lat="-23.052826747298241" lon="15.809621466323733">
        <ele>971.39999999999998</ele>
        <time>2024-11-25T23:15:21Z</time>
      </trkpt>
      <trkpt lat="-23.052949290722609" lon="15.809442261233926">
        <ele>972.20000000000005</ele>
        <time>2024-11-25T23:15:31Z</time>
      </trkpt>
      <trkpt lat="-23.053071582689881" lon="15.809262385591865">
        <ele>972.79999999999995</ele>
        <time>2024-11-25T23:15:42Z</time>
      </trkpt>
      <trkpt lat="-23.053189516067505" lon="15.809083515778184">
        <ele>973.39999999999998</ele>
        <time>2024-11-25T23:15:52Z</time>
      </trkpt>
      <trkpt lat="-23.053299989551306" lon="15.808907831087708">
        <ele>974.60000000000002</ele>
        <time>2024-11-25T23:16:03Z</time>
      </trkpt>
      <trkpt lat="-23.05340719409287" lon="15.808732565492392">
        <ele>976.39999999999998</ele>
        <time>2024-11-25T23:16:13Z</time>
      </trkpt>
      <trkpt lat="-23.053511716425419" lon="15.808554030954838">
        <ele>977.20000000000005</ele>
        <time>2024-11-25T23:16:24Z</time>
      </trkpt>
      <trkpt lat="-23.053615568205714" lon="15.808371724560857">
        <ele>978.39999999999998</ele>
        <time>2024-11-25T23:16:34Z</time>
      </trkpt>
      <trkpt lat="-23.053720844909549" lon="15.808185394853354">
        <ele>979.39999999999998</ele>
        <time>2024-11-25T23:16:44Z</time>
      </trkpt>
      <trkpt lat="-23.05382888764143" lon="15.807995880022645">
        <ele>979.39999999999998</ele>
        <time>2024-11-25T23:16:55Z</time>
      </trkpt>
      <trkpt lat="-23.053938020020723" lon="15.8078030962497">
        <ele>979.39999999999998</ele>
        <time>2024-11-25T23:17:05Z</time>
      </trkpt>
      <trkpt lat="-23.05404732003808" lon="15.807602852582932">
        <ele>979.39999999999998</ele>
        <time>2024-11-25T23:17:16Z</time>
      </trkpt>
      <trkpt lat="-23.054157290607691" lon="15.807399591431022">
        <ele>978.60000000000002</ele>
        <time>2024-11-25T23:17:26Z</time>
      </trkpt>
      <trkpt lat="-23.054268015548587" lon="15.807196162641048">
        <ele>978.20000000000005</ele>
        <time>2024-11-25T23:17:37Z</time>
      </trkpt>
      <trkpt lat="-23.054381087422371" lon="15.806988794356585">
        <ele>977.60000000000002</ele>
        <time>2024-11-25T23:17:47Z</time>
      </trkpt>
      <trkpt lat="-23.054496087133884" lon="15.806780839338899">
        <ele>977.39999999999998</ele>
        <time>2024-11-25T23:17:58Z</time>
      </trkpt>
      <trkpt lat="-23.054611003026366" lon="15.806573135778308">
        <ele>976.79999999999995</ele>
        <time>2024-11-25T23:18:08Z</time>
      </trkpt>
      <trkpt lat="-23.054723404347897" lon="15.8063645940274">
        <ele>976.60000000000002</ele>
        <time>2024-11-25T23:18:19Z</time>
      </trkpt>
      <trkpt lat="-23.054834213107824" lon="15.80615303479135">
        <ele>976.20000000000005</ele>
        <time>2024-11-25T23:18:29Z</time>
      </trkpt>
      <trkpt lat="-23.054943261668086" lon="15.805943235754967">
        <ele>976</ele>
        <time>2024-11-25T23:18:40Z</time>
      </trkpt>
      <trkpt lat="-23.055050885304809" lon="15.805737292394042">
        <ele>975.79999999999995</ele>
        <time>2024-11-25T23:18:50Z</time>
      </trkpt>
      <trkpt lat="-23.055159095674753" lon="15.805535037070513">
        <ele>975.60000000000002</ele>
        <time>2024-11-25T23:19:01Z</time>
      </trkpt>
      <trkpt lat="-23.055270072072744" lon="15.805334290489554">
        <ele>975.20000000000005</ele>
        <time>2024-11-25T23:19:11Z</time>
      </trkpt>
      <trkpt lat="-23.055380377918482" lon="15.805129855871201">
        <ele>974.60000000000002</ele>
        <time>2024-11-25T23:19:22Z</time>
      </trkpt>
      <trkpt lat="-23.055489426478744" lon="15.804926427081227">
        <ele>973.60000000000002</ele>
        <time>2024-11-25T23:19:32Z</time>
      </trkpt>
      <trkpt lat="-23.055595373734832" lon="15.804729452356696">
        <ele>972.39999999999998</ele>
        <time>2024-11-25T23:19:43Z</time>
      </trkpt>
      <trkpt lat="-23.055692268535495" lon="15.804541949182749">
        <ele>971.39999999999998</ele>
        <time>2024-11-25T23:19:53Z</time>
      </trkpt>
      <trkpt lat="-23.055792013183236" lon="15.804361319169402">
        <ele>969.60000000000002</ele>
        <time>2024-11-25T23:20:04Z</time>
      </trkpt>
      <trkpt lat="-23.055883878841996" lon="15.804181359708309">
        <ele>969.20000000000005</ele>
        <time>2024-11-25T23:20:14Z</time>
      </trkpt>
      <trkpt lat="-23.055974990129471" lon="15.804006597027183">
        <ele>969.20000000000005</ele>
        <time>2024-11-25T23:20:25Z</time>
      </trkpt>
      <trkpt lat="-23.056070124730468" lon="15.803827978670597">
        <ele>969.20000000000005</ele>
        <time>2024-11-25T23:20:35Z</time>
      </trkpt>
      <trkpt lat="-23.056276738643646" lon="15.803465461358428">
        <ele>971.20000000000005</ele>
        <time>2024-11-25T23:20:46Z</time>
      </trkpt>
      <trkpt lat="-23.056380758062005" lon="15.80327401868999">
        <ele>972.20000000000005</ele>
        <time>2024-11-25T23:20:56Z</time>
      </trkpt>
      <trkpt lat="-23.05648310109973" lon="15.803073942661285">
        <ele>973.39999999999998</ele>
        <time>2024-11-25T23:21:07Z</time>
      </trkpt>
      <trkpt lat="-23.05658913217485" lon="15.802872944623232">
        <ele>974.60000000000002</ele>
        <time>2024-11-25T23:21:17Z</time>
      </trkpt>
      <trkpt lat="-23.056802786886692" lon="15.80246482975781">
        <ele>977</ele>
        <time>2024-11-25T23:21:28Z</time>
      </trkpt>
      <trkpt lat="-23.056913260370493" lon="15.802254946902394">
        <ele>978.20000000000005</ele>
        <time>2024-11-25T23:21:39Z</time>
      </trkpt>
      <trkpt lat="-23.057127334177494" lon="15.80182914622128">
        <ele>979.20000000000005</ele>
        <time>2024-11-25T23:21:49Z</time>
      </trkpt>
      <trkpt lat="-23.05745305493474" lon="15.801183572039008">
        <ele>979.79999999999995</ele>
        <time>2024-11-25T23:22:00Z</time>
      </trkpt>
      <trkpt lat="-23.057560091838241" lon="15.800960781052709">
        <ele>980</ele>
        <time>2024-11-25T23:22:10Z</time>
      </trkpt>
      <trkpt lat="-23.057665284723043" lon="15.800736397504807">
        <ele>979.79999999999995</ele>
        <time>2024-11-25T23:22:21Z</time>
      </trkpt>
      <trkpt lat="-23.057774668559432" lon="15.800515785813332">
        <ele>979.79999999999995</ele>
        <time>2024-11-25T23:22:31Z</time>
      </trkpt>
      <trkpt lat="-23.057882878929377" lon="15.80029240809381">
        <ele>979.60000000000002</ele>
        <time>2024-11-25T23:22:42Z</time>
      </trkpt>
      <trkpt lat="-23.057992598041892" lon="15.800064671784639">
        <ele>979.39999999999998</ele>
        <time>2024-11-25T23:22:52Z</time>
      </trkpt>
      <trkpt lat="-23.058104328811169" lon="15.799836935475469">
        <ele>978.39999999999998</ele>
        <time>2024-11-25T23:23:03Z</time>
      </trkpt>
      <trkpt lat="-23.058218322694302" lon="15.799609869718552">
        <ele>976.79999999999995</ele>
        <time>2024-11-25T23:23:13Z</time>
      </trkpt>
      <trkpt lat="-23.058333322405815" lon="15.799382384866476">
        <ele>975.39999999999998</ele>
        <time>2024-11-25T23:23:24Z</time>
      </trkpt>
      <trkpt lat="-23.058446310460567" lon="15.79915439710021">
        <ele>973.79999999999995</ele>
        <time>2024-11-25T23:23:34Z</time>
      </trkpt>
      <trkpt lat="-23.058557203039527" lon="15.798923559486866">
        <ele>971.79999999999995</ele>
        <time>2024-11-25T23:23:45Z</time>
      </trkpt>
      <trkpt lat="-23.058667844161391" lon="15.798691883683205">
        <ele>971</ele>
        <time>2024-11-25T23:23:56Z</time>
      </trkpt>
      <trkpt lat="-23.058781586587429" lon="15.798463728278875">
        <ele>969.79999999999995</ele>
        <time>2024-11-25T23:24:06Z</time>
      </trkpt>
      <trkpt lat="-23.05900982581079" lon="15.798007752746344">
        <ele>967.79999999999995</ele>
        <time>2024-11-25T23:24:17Z</time>
      </trkpt>
      <trkpt lat="-23.059121137484908" lon="15.797783536836505">
        <ele>967</ele>
        <time>2024-11-25T23:24:27Z</time>
      </trkpt>
      <trkpt lat="-23.059233790263534" lon="15.797559237107635">
        <ele>965.79999999999995</ele>
        <time>2024-11-25T23:24:38Z</time>
      </trkpt>
      <trkpt lat="-23.059449372813106" lon="15.797122372314334">
        <ele>965.60000000000002</ele>
        <time>2024-11-25T23:24:48Z</time>
      </trkpt>
      <trkpt lat="-23.059557331725955" lon="15.796913327649236">
        <ele>965.60000000000002</ele>
        <time>2024-11-25T23:24:59Z</time>
      </trkpt>
      <trkpt lat="-23.059662189334631" lon="15.796705540269613">
        <ele>965.79999999999995</ele>
        <time>2024-11-25T23:25:09Z</time>
      </trkpt>
      <trkpt lat="-23.05976721458137" lon="15.796495992690325">
        <ele>967.20000000000005</ele>
        <time>2024-11-25T23:25:20Z</time>
      </trkpt>
      <trkpt lat="-23.059871736913919" lon="15.796286026015878">
        <ele>968.20000000000005</ele>
        <time>2024-11-25T23:25:31Z</time>
      </trkpt>
      <trkpt lat="-23.059977516531944" lon="15.796075891703367">
        <ele>969.39999999999998</ele>
        <time>2024-11-25T23:25:41Z</time>
      </trkpt>
      <trkpt lat="-23.060086062178016" lon="15.795863913372159">
        <ele>970.79999999999995</ele>
        <time>2024-11-25T23:25:52Z</time>
      </trkpt>
      <trkpt lat="-23.060305835679173" lon="15.795428473502398">
        <ele>972.60000000000002</ele>
        <time>2024-11-25T23:26:02Z</time>
      </trkpt>
      <trkpt lat="-23.060527704656124" lon="15.794980963692069">
        <ele>974.60000000000002</ele>
        <time>2024-11-25T23:26:13Z</time>
      </trkpt>
      <trkpt lat="-23.060745466500521" lon="15.794532531872392">
        <ele>975.79999999999995</ele>
        <time>2024-11-25T23:26:23Z</time>
      </trkpt>
      <trkpt lat="-23.060856442898512" lon="15.794305801391602">
        <ele>976.79999999999995</ele>
        <time>2024-11-25T23:26:34Z</time>
      </trkpt>
      <trkpt lat="-23.061084095388651" lon="15.793844629079103">
        <ele>978.20000000000005</ele>
        <time>2024-11-25T23:26:45Z</time>
      </trkpt>
      <trkpt lat="-23.061318704858422" lon="15.793376583606005">
        <ele>980.20000000000005</ele>
        <time>2024-11-25T23:26:55Z</time>
      </trkpt>
      <trkpt lat="-23.061435045674443" lon="15.793141219764948">
        <ele>980.79999999999995</ele>
        <time>2024-11-25T23:27:06Z</time>
      </trkpt>
      <trkpt lat="-23.061552308499813" lon="15.792906694114208">
        <ele>981.20000000000005</ele>
        <time>2024-11-25T23:27:16Z</time>
      </trkpt>
      <trkpt lat="-23.061665883287787" lon="15.792675772681832">
        <ele>981.79999999999995</ele>
        <time>2024-11-25T23:27:27Z</time>
      </trkpt>
      <trkpt lat="-23.0617740098387" lon="15.792445102706552">
        <ele>982.20000000000005</ele>
        <time>2024-11-25T23:27:38Z</time>
      </trkpt>
      <trkpt lat="-23.061884567141533" lon="15.792216360569">
        <ele>982.60000000000002</ele>
        <time>2024-11-25T23:27:48Z</time>
      </trkpt>
      <trkpt lat="-23.061996214091778" lon="15.791986947879195">
        <ele>982.60000000000002</ele>
        <time>2024-11-25T23:27:59Z</time>
      </trkpt>
      <trkpt lat="-23.062105933204293" lon="15.791763905435801">
        <ele>982.60000000000002</ele>
        <time>2024-11-25T23:28:09Z</time>
      </trkpt>
      <trkpt lat="-23.062212886288762" lon="15.791542874649167">
        <ele>982.60000000000002</ele>
        <time>2024-11-25T23:28:20Z</time>
      </trkpt>
      <trkpt lat="-23.062314977869391" lon="15.791327878832817">
        <ele>982.20000000000005</ele>
        <time>2024-11-25T23:28:31Z</time>
      </trkpt>
      <trkpt lat="-23.06241656653583" lon="15.791116738691926">
        <ele>982</ele>
        <time>2024-11-25T23:28:41Z</time>
      </trkpt>
      <trkpt lat="-23.062519077211618" lon="15.790904089808464">
        <ele>981.20000000000005</ele>
        <time>2024-11-25T23:28:52Z</time>
      </trkpt>
      <trkpt lat="-23.062625443562865" lon="15.790696386247873">
        <ele>979.60000000000002</ele>
        <time>2024-11-25T23:29:02Z</time>
      </trkpt>
      <trkpt lat="-23.062727199867368" lon="15.790500920265913">
        <ele>978.60000000000002</ele>
        <time>2024-11-25T23:29:13Z</time>
      </trkpt>
      <trkpt lat="-23.062821077182889" lon="15.790313165634871">
        <ele>976.60000000000002</ele>
        <time>2024-11-25T23:29:24Z</time>
      </trkpt>
      <trkpt lat="-23.062910260632634" lon="15.790133625268936">
        <ele>974.39999999999998</ele>
        <time>2024-11-25T23:29:34Z</time>
      </trkpt>
      <trkpt lat="-23.062999108806252" lon="15.789956599473953">
        <ele>971.60000000000002</ele>
        <time>2024-11-25T23:29:45Z</time>
      </trkpt>
      <trkpt lat="-23.063084771856666" lon="15.789783261716366">
        <ele>971.60000000000002</ele>
        <time>2024-11-25T23:29:55Z</time>
      </trkpt>
      <trkpt lat="-23.063169093802571" lon="15.789608415216208">
        <ele>971.60000000000002</ele>
        <time>2024-11-25T23:30:06Z</time>
      </trkpt>
      <trkpt lat="-23.063254253938794" lon="15.78942971304059">
        <ele>971.60000000000002</ele>
        <time>2024-11-25T23:30:17Z</time>
      </trkpt>
      <trkpt lat="-23.063427088782191" lon="15.789060322567821">
        <ele>973.60000000000002</ele>
        <time>2024-11-25T23:30:27Z</time>
      </trkpt>
      <trkpt lat="-23.063517948612571" lon="15.788871562108397">
        <ele>974.60000000000002</ele>
        <time>2024-11-25T23:30:38Z</time>
      </trkpt>
      <trkpt lat="-23.063606545329094" lon="15.788687663152814">
        <ele>975.60000000000002</ele>
        <time>2024-11-25T23:30:48Z</time>
      </trkpt>
      <trkpt lat="-23.063774853944778" lon="15.78831315971911">
        <ele>978.20000000000005</ele>
        <time>2024-11-25T23:30:59Z</time>
      </trkpt>
      <trkpt lat="-23.063853140920401" lon="15.788127332925797">
        <ele>980.60000000000002</ele>
        <time>2024-11-25T23:31:10Z</time>
      </trkpt>
      <trkpt lat="-23.063930841162801" lon="15.787939913570881">
        <ele>981.60000000000002</ele>
        <time>2024-11-25T23:31:20Z</time>
      </trkpt>
      <trkpt lat="-23.064008122310042" lon="15.787751153111458">
        <ele>981.60000000000002</ele>
        <time>2024-11-25T23:31:31Z</time>
      </trkpt>
      <trkpt lat="-23.064233427867293" lon="15.787163749337196">
        <ele>981</ele>
        <time>2024-11-25T23:31:42Z</time>
      </trkpt>
      <trkpt lat="-23.064314564689994" lon="15.786965936422348">
        <ele>979.20000000000005</ele>
        <time>2024-11-25T23:31:52Z</time>
      </trkpt>
      <trkpt lat="-23.064389163628221" lon="15.786776170134544">
        <ele>978.79999999999995</ele>
        <time>2024-11-25T23:32:03Z</time>
      </trkpt>
      <trkpt lat="-23.064461750909686" lon="15.786591432988644">
        <ele>978.60000000000002</ele>
        <time>2024-11-25T23:32:13Z</time>
      </trkpt>
      <trkpt lat="-23.064533500000834" lon="15.786410300061107">
        <ele>978.39999999999998</ele>
        <time>2024-11-25T23:32:24Z</time>
      </trkpt>
      <trkpt lat="-23.064605249091983" lon="15.786233441904187">
        <ele>978.20000000000005</ele>
        <time>2024-11-25T23:32:35Z</time>
      </trkpt>
      <trkpt lat="-23.064677249640226" lon="15.786064630374312">
        <ele>978.39999999999998</ele>
        <time>2024-11-25T23:32:45Z</time>
      </trkpt>
      <trkpt lat="-23.064744472503662" lon="15.785906882956624">
        <ele>978.60000000000002</ele>
        <time>2024-11-25T23:32:56Z</time>
      </trkpt>
      <trkpt lat="-23.064805744215846" lon="15.785759948194027">
        <ele>978.79999999999995</ele>
        <time>2024-11-25T23:33:07Z</time>
      </trkpt>
      <trkpt lat="-23.064862573519349" lon="15.785613767802715">
        <ele>979.39999999999998</ele>
        <time>2024-11-25T23:33:17Z</time>
      </trkpt>
      <trkpt lat="-23.064920492470264" lon="15.785466078668833">
        <ele>982</ele>
        <time>2024-11-25T23:33:28Z</time>
      </trkpt>
      <trkpt lat="-23.064979165792465" lon="15.785316126421094">
        <ele>983</ele>
        <time>2024-11-25T23:33:39Z</time>
      </trkpt>
      <trkpt lat="-23.065038258209825" lon="15.785162569954991">
        <ele>983.60000000000002</ele>
        <time>2024-11-25T23:33:49Z</time>
      </trkpt>
      <trkpt lat="-23.065097350627184" lon="15.785002559423447">
        <ele>983.79999999999995</ele>
        <time>2024-11-25T23:34:00Z</time>
      </trkpt>
      <trkpt lat="-23.065160298720002" lon="15.784836430102587">
        <ele>984.20000000000005</ele>
        <time>2024-11-25T23:34:11Z</time>
      </trkpt>
      <trkpt lat="-23.065223330631852" lon="15.78466753475368">
        <ele>984.39999999999998</ele>
        <time>2024-11-25T23:34:21Z</time>
      </trkpt>
      <trkpt lat="-23.065287284553051" lon="15.7844955381006">
        <ele>984.79999999999995</ele>
        <time>2024-11-25T23:34:32Z</time>
      </trkpt>
      <trkpt lat="-23.06534931063652" lon="15.784322703257203">
        <ele>985.20000000000005</ele>
        <time>2024-11-25T23:34:42Z</time>
      </trkpt>
      <trkpt lat="-23.065412929281592" lon="15.784149449318647">
        <ele>985.20000000000005</ele>
        <time>2024-11-25T23:34:53Z</time>
      </trkpt>
      <trkpt lat="-23.065478140488267" lon="15.783971585333347">
        <ele>985.60000000000002</ele>
        <time>2024-11-25T23:35:04Z</time>
      </trkpt>
      <trkpt lat="-23.06554569862783" lon="15.783794391900301">
        <ele>985.79999999999995</ele>
        <time>2024-11-25T23:35:14Z</time>
      </trkpt>
      <trkpt lat="-23.065614681690931" lon="15.78361501917243">
        <ele>986.39999999999998</ele>
        <time>2024-11-25T23:35:25Z</time>
      </trkpt>
      <trkpt lat="-23.065683916211128" lon="15.783434053882957">
        <ele>986.79999999999995</ele>
        <time>2024-11-25T23:35:36Z</time>
      </trkpt>
      <trkpt lat="-23.065753653645515" lon="15.783253507688642">
        <ele>986.79999999999995</ele>
        <time>2024-11-25T23:35:46Z</time>
      </trkpt>
      <trkpt lat="-23.0658252350986" lon="15.783073464408517">
        <ele>986.79999999999995</ele>
        <time>2024-11-25T23:35:57Z</time>
      </trkpt>
      <trkpt lat="-23.065899079665542" lon="15.782889984548092">
        <ele>987.20000000000005</ele>
        <time>2024-11-25T23:36:08Z</time>
      </trkpt>
      <trkpt lat="-23.06597912684083" lon="15.78270566649735">
        <ele>987</ele>
        <time>2024-11-25T23:36:18Z</time>
      </trkpt>
      <trkpt lat="-23.066063029691577" lon="15.78252780251205">
        <ele>986.79999999999995</ele>
        <time>2024-11-25T23:36:29Z</time>
      </trkpt>
      <trkpt lat="-23.066149866208434" lon="15.782356560230255">
        <ele>986.60000000000002</ele>
        <time>2024-11-25T23:36:40Z</time>
      </trkpt>
      <trkpt lat="-23.066240306943655" lon="15.782187078148127">
        <ele>986.20000000000005</ele>
        <time>2024-11-25T23:36:50Z</time>
      </trkpt>
      <trkpt lat="-23.066335860639811" lon="15.782020026817918">
        <ele>985.20000000000005</ele>
        <time>2024-11-25T23:37:01Z</time>
      </trkpt>
      <trkpt lat="-23.066440047696233" lon="15.781849706545472">
        <ele>984.79999999999995</ele>
        <time>2024-11-25T23:37:12Z</time>
      </trkpt>
      <trkpt lat="-23.066550604999065" lon="15.781678883358836">
        <ele>982.79999999999995</ele>
        <time>2024-11-25T23:37:22Z</time>
      </trkpt>
      <trkpt lat="-23.066665856167674" lon="15.781509652733803">
        <ele>981.39999999999998</ele>
        <time>2024-11-25T23:37:33Z</time>
      </trkpt>
      <trkpt lat="-23.06677901186049" lon="15.781337153166533">
        <ele>978.60000000000002</ele>
        <time>2024-11-25T23:37:44Z</time>
      </trkpt>
      <trkpt lat="-23.066894095391035" lon="15.781160378828645">
        <ele>976</ele>
        <time>2024-11-25T23:37:54Z</time>
      </trkpt>
      <trkpt lat="-23.067012028768659" lon="15.780985616147518">
        <ele>973.79999999999995</ele>
        <time>2024-11-25T23:38:05Z</time>
      </trkpt>
      <trkpt lat="-23.067131722345948" lon="15.780810434371233">
        <ele>971.60000000000002</ele>
        <time>2024-11-25T23:38:16Z</time>
      </trkpt>
      <trkpt lat="-23.067245045676827" lon="15.780635252594948">
        <ele>970</ele>
        <time>2024-11-25T23:38:26Z</time>
      </trkpt>
      <trkpt lat="-23.067352585494518" lon="15.780466357246041">
        <ele>968</ele>
        <time>2024-11-25T23:38:37Z</time>
      </trkpt>
      <trkpt lat="-23.067454928532243" lon="15.780310286208987">
        <ele>966.60000000000002</ele>
        <time>2024-11-25T23:38:48Z</time>
      </trkpt>
      <trkpt lat="-23.067551152780652" lon="15.780158657580614">
        <ele>964.79999999999995</ele>
        <time>2024-11-25T23:38:58Z</time>
      </trkpt>
      <trkpt lat="-23.067643102258444" lon="15.780010633170605">
        <ele>964</ele>
        <time>2024-11-25T23:39:09Z</time>
      </trkpt>
      <trkpt lat="-23.067729519680142" lon="15.779870403930545">
        <ele>964</ele>
        <time>2024-11-25T23:39:20Z</time>
      </trkpt>
      <trkpt lat="-23.067812081426382" lon="15.779731851071119">
        <ele>964</ele>
        <time>2024-11-25T23:39:30Z</time>
      </trkpt>
      <trkpt lat="-23.067901264876127" lon="15.779601177200675">
        <ele>964</ele>
        <time>2024-11-25T23:39:41Z</time>
      </trkpt>
      <trkpt lat="-23.067993465811014" lon="15.779472263529897">
        <ele>965.39999999999998</ele>
        <time>2024-11-25T23:39:52Z</time>
      </trkpt>
      <trkpt lat="-23.068080972880125" lon="15.779342008754611">
        <ele>968.39999999999998</ele>
        <time>2024-11-25T23:40:03Z</time>
      </trkpt>
      <trkpt lat="-23.068175185471773" lon="15.779203455895185">
        <ele>969.39999999999998</ele>
        <time>2024-11-25T23:40:13Z</time>
      </trkpt>
      <trkpt lat="-23.068274091929197" lon="15.77906247228384">
        <ele>972</ele>
        <time>2024-11-25T23:40:24Z</time>
      </trkpt>
      <trkpt lat="-23.068466791883111" lon="15.778775727376342">
        <ele>973.79999999999995</ele>
        <time>2024-11-25T23:40:35Z</time>
      </trkpt>
      <trkpt lat="-23.068565698340535" lon="15.778630971908569">
        <ele>975</ele>
        <time>2024-11-25T23:40:45Z</time>
      </trkpt>
      <trkpt lat="-23.06866024620831" lon="15.778485545888543">
        <ele>976.60000000000002</ele>
        <time>2024-11-25T23:40:56Z</time>
      </trkpt>
      <trkpt lat="-23.068754207342863" lon="15.778337605297565">
        <ele>977.60000000000002</ele>
        <time>2024-11-25T23:41:07Z</time>
      </trkpt>
      <trkpt lat="-23.068851437419653" lon="15.778191089630127">
        <ele>979</ele>
        <time>2024-11-25T23:41:17Z</time>
      </trkpt>
      <trkpt lat="-23.068951852619648" lon="15.778040885925293">
        <ele>980.79999999999995</ele>
        <time>2024-11-25T23:41:28Z</time>
      </trkpt>
      <trkpt lat="-23.06905260309577" lon="15.777888586744666">
        <ele>982.20000000000005</ele>
        <time>2024-11-25T23:41:39Z</time>
      </trkpt>
      <trkpt lat="-23.069154107943177" lon="15.777734611183405">
        <ele>983.60000000000002</ele>
        <time>2024-11-25T23:41:49Z</time>
      </trkpt>
      <trkpt lat="-23.069366253912449" lon="15.777422385290265">
        <ele>985.60000000000002</ele>
        <time>2024-11-25T23:42:00Z</time>
      </trkpt>
      <trkpt lat="-23.0694689322263" lon="15.777262290939689">
        <ele>986.20000000000005</ele>
        <time>2024-11-25T23:42:11Z</time>
      </trkpt>
      <trkpt lat="-23.069570939987898" lon="15.777099514380097">
        <ele>986.79999999999995</ele>
        <time>2024-11-25T23:42:22Z</time>
      </trkpt>
      <trkpt lat="-23.069672361016273" lon="15.776931708678603">
        <ele>987.39999999999998</ele>
        <time>2024-11-25T23:42:32Z</time>
      </trkpt>
      <trkpt lat="-23.069774704053998" lon="15.776760634034872">
        <ele>988.79999999999995</ele>
        <time>2024-11-25T23:42:43Z</time>
      </trkpt>
      <trkpt lat="-23.069877717643976" lon="15.776584446430206">
        <ele>989.39999999999998</ele>
        <time>2024-11-25T23:42:54Z</time>
      </trkpt>
      <trkpt lat="-23.069980312138796" lon="15.776406833902001">
        <ele>990.39999999999998</ele>
        <time>2024-11-25T23:43:04Z</time>
      </trkpt>
      <trkpt lat="-23.070073937997222" lon="15.776223437860608">
        <ele>991.60000000000002</ele>
        <time>2024-11-25T23:43:15Z</time>
      </trkpt>
      <trkpt lat="-23.070154655724764" lon="15.776032414287329">
        <ele>992</ele>
        <time>2024-11-25T23:43:26Z</time>
      </trkpt>
      <trkpt lat="-23.070220286026597" lon="15.775834685191512">
        <ele>992.20000000000005</ele>
        <time>2024-11-25T23:43:37Z</time>
      </trkpt>
      <trkpt lat="-23.070272756740451" lon="15.775636369362473">
        <ele>992.60000000000002</ele>
        <time>2024-11-25T23:43:47Z</time>
      </trkpt>
      <trkpt lat="-23.07031424716115" lon="15.775430258363485">
        <ele>993</ele>
        <time>2024-11-25T23:43:58Z</time>
      </trkpt>
      <trkpt lat="-23.070342326536775" lon="15.775221884250641">
        <ele>994.39999999999998</ele>
        <time>2024-11-25T23:44:09Z</time>
      </trkpt>
      <trkpt lat="-23.070349870249629" lon="15.775018706917763">
        <ele>995.20000000000005</ele>
        <time>2024-11-25T23:44:19Z</time>
      </trkpt>
      <trkpt lat="-23.070341907441616" lon="15.774808488786221">
        <ele>996</ele>
        <time>2024-11-25T23:44:30Z</time>
      </trkpt>
      <trkpt lat="-23.070315085351467" lon="15.774598438292742">
        <ele>996.20000000000005</ele>
        <time>2024-11-25T23:44:41Z</time>
      </trkpt>
      <trkpt lat="-23.070277199149132" lon="15.774385621771216">
        <ele>997</ele>
        <time>2024-11-25T23:44:52Z</time>
      </trkpt>
      <trkpt lat="-23.07022774592042" lon="15.774166854098439">
        <ele>997.39999999999998</ele>
        <time>2024-11-25T23:45:02Z</time>
      </trkpt>
      <trkpt lat="-23.070165803655982" lon="15.773949595168233">
        <ele>997.60000000000002</ele>
        <time>2024-11-25T23:45:13Z</time>
      </trkpt>
      <trkpt lat="-23.070095395669341" lon="15.773734515532851">
        <ele>997.79999999999995</ele>
        <time>2024-11-25T23:45:24Z</time>
      </trkpt>
      <trkpt lat="-23.070022724568844" lon="15.773517759516835">
        <ele>998.20000000000005</ele>
        <time>2024-11-25T23:45:34Z</time>
      </trkpt>
      <trkpt lat="-23.069944772869349" lon="15.773294633254409">
        <ele>998.20000000000005</ele>
        <time>2024-11-25T23:45:45Z</time>
      </trkpt>
      <trkpt lat="-23.069862043485045" lon="15.773068657144904">
        <ele>998.20000000000005</ele>
        <time>2024-11-25T23:45:56Z</time>
      </trkpt>
      <trkpt lat="-23.069778811186552" lon="15.772841004654765">
        <ele>998</ele>
        <time>2024-11-25T23:46:07Z</time>
      </trkpt>
      <trkpt lat="-23.069693651050329" lon="15.772609915584326">
        <ele>997.79999999999995</ele>
        <time>2024-11-25T23:46:17Z</time>
      </trkpt>
      <trkpt lat="-23.069607904180884" lon="15.772376144304872">
        <ele>997.60000000000002</ele>
        <time>2024-11-25T23:46:28Z</time>
      </trkpt>
      <trkpt lat="-23.069520564749837" lon="15.772137176245451">
        <ele>996.79999999999995</ele>
        <time>2024-11-25T23:46:39Z</time>
      </trkpt>
      <trkpt lat="-23.069430962204933" lon="15.771900555118918">
        <ele>995.60000000000002</ele>
        <time>2024-11-25T23:46:50Z</time>
      </trkpt>
      <trkpt lat="-23.069340940564871" lon="15.771667119115591">
        <ele>995.39999999999998</ele>
        <time>2024-11-25T23:47:00Z</time>
      </trkpt>
      <trkpt lat="-23.069252343848348" lon="15.771434521302581">
        <ele>995.20000000000005</ele>
        <time>2024-11-25T23:47:11Z</time>
      </trkpt>
      <trkpt lat="-23.069160729646683" lon="15.771196056157351">
        <ele>995.20000000000005</ele>
        <time>2024-11-25T23:47:22Z</time>
      </trkpt>
      <trkpt lat="-23.069071462377906" lon="15.770959183573723">
        <ele>995</ele>
        <time>2024-11-25T23:47:33Z</time>
      </trkpt>
      <trkpt lat="-23.068983284756541" lon="15.770719042047858">
        <ele>995</ele>
        <time>2024-11-25T23:47:43Z</time>
      </trkpt>
      <trkpt lat="-23.068893263116479" lon="15.770479654893279">
        <ele>995</ele>
        <time>2024-11-25T23:47:54Z</time>
      </trkpt>
      <trkpt lat="-23.068802654743195" lon="15.770241776481271">
        <ele>995</ele>
        <time>2024-11-25T23:48:05Z</time>
      </trkpt>
      <trkpt lat="-23.068711291998625" lon="15.770002389326692">
        <ele>994.20000000000005</ele>
        <time>2024-11-25T23:48:16Z</time>
      </trkpt>
      <trkpt lat="-23.068618085235357" lon="15.76976727694273">
        <ele>994</ele>
        <time>2024-11-25T23:48:26Z</time>
      </trkpt>
      <trkpt lat="-23.068527225404978" lon="15.769527973607183">
        <ele>994</ele>
        <time>2024-11-25T23:48:37Z</time>
      </trkpt>
      <trkpt lat="-23.068439550697803" lon="15.769286323338747">
        <ele>993.79999999999995</ele>
        <time>2024-11-25T23:48:48Z</time>
      </trkpt>
      <trkpt lat="-23.068351373076439" lon="15.769046433269978">
        <ele>993.60000000000002</ele>
        <time>2024-11-25T23:48:59Z</time>
      </trkpt>
      <trkpt lat="-23.068176358938217" lon="15.76858283020556">
        <ele>993.60000000000002</ele>
        <time>2024-11-25T23:49:09Z</time>
      </trkpt>
      <trkpt lat="-23.068085247650743" lon="15.76835467480123">
        <ele>993.20000000000005</ele>
        <time>2024-11-25T23:49:20Z</time>
      </trkpt>
      <trkpt lat="-23.067996567115188" lon="15.76812400482595">
        <ele>992.79999999999995</ele>
        <time>2024-11-25T23:49:31Z</time>
      </trkpt>
      <trkpt lat="-23.067910065874457" lon="15.767894927412271">
        <ele>992.79999999999995</ele>
        <time>2024-11-25T23:49:42Z</time>
      </trkpt>
      <trkpt lat="-23.067824319005013" lon="15.767666855826974">
        <ele>992.79999999999995</ele>
        <time>2024-11-25T23:49:52Z</time>
      </trkpt>
      <trkpt lat="-23.067735219374299" lon="15.767439873889089">
        <ele>993</ele>
        <time>2024-11-25T23:50:03Z</time>
      </trkpt>
      <trkpt lat="-23.067549476400018" lon="15.766969313845038">
        <ele>994</ele>
        <time>2024-11-25T23:50:14Z</time>
      </trkpt>
      <trkpt lat="-23.067459119483829" lon="15.766732441261411">
        <ele>994.79999999999995</ele>
        <time>2024-11-25T23:50:25Z</time>
      </trkpt>
      <trkpt lat="-23.067281171679497" lon="15.766260204836726">
        <ele>995.20000000000005</ele>
        <time>2024-11-25T23:50:36Z</time>
      </trkpt>
      <trkpt lat="-23.067105067893863" lon="15.765775395557284">
        <ele>996.79999999999995</ele>
        <time>2024-11-25T23:50:46Z</time>
      </trkpt>
      <trkpt lat="-23.066843468695879" lon="15.765051199123263">
        <ele>997.20000000000005</ele>
        <time>2024-11-25T23:50:57Z</time>
      </trkpt>
      <trkpt lat="-23.066664766520262" lon="15.764572592452168">
        <ele>997.60000000000002</ele>
        <time>2024-11-25T23:51:08Z</time>
      </trkpt>
      <trkpt lat="-23.066484471783042" lon="15.764104714617133">
        <ele>998.39999999999998</ele>
        <time>2024-11-25T23:51:19Z</time>
      </trkpt>
      <trkpt lat="-23.066394282504916" lon="15.763869769871235">
        <ele>998.39999999999998</ele>
        <time>2024-11-25T23:51:29Z</time>
      </trkpt>
      <trkpt lat="-23.066304260864854" lon="15.763631807640195">
        <ele>998.39999999999998</ele>
        <time>2024-11-25T23:51:40Z</time>
      </trkpt>
      <trkpt lat="-23.06621658615768" lon="15.763391749933362">
        <ele>998.39999999999998</ele>
        <time>2024-11-25T23:51:51Z</time>
      </trkpt>
      <trkpt lat="-23.066129246726632" lon="15.763149848207831">
        <ele>998.20000000000005</ele>
        <time>2024-11-25T23:52:02Z</time>
      </trkpt>
      <trkpt lat="-23.066034698858857" lon="15.762908617034554">
        <ele>998</ele>
        <time>2024-11-25T23:52:13Z</time>
      </trkpt>
      <trkpt lat="-23.065941659733653" lon="15.762667553499341">
        <ele>997.39999999999998</ele>
        <time>2024-11-25T23:52:23Z</time>
      </trkpt>
      <trkpt lat="-23.065848536789417" lon="15.762423640117049">
        <ele>996.60000000000002</ele>
        <time>2024-11-25T23:52:34Z</time>
      </trkpt>
      <trkpt lat="-23.065753737464547" lon="15.762179223820567">
        <ele>996.39999999999998</ele>
        <time>2024-11-25T23:52:45Z</time>
      </trkpt>
      <trkpt lat="-23.065658854320645" lon="15.761936316266656">
        <ele>996.39999999999998</ele>
        <time>2024-11-25T23:52:56Z</time>
      </trkpt>
      <trkpt lat="-23.065566569566727" lon="15.761696342378855">
        <ele>996.39999999999998</ele>
        <time>2024-11-25T23:53:07Z</time>
      </trkpt>
      <trkpt lat="-23.06547487154603" lon="15.761453937739134">
        <ele>996.79999999999995</ele>
        <time>2024-11-25T23:53:17Z</time>
      </trkpt>
      <trkpt lat="-23.065382754430175" lon="15.761212036013603">
        <ele>997.20000000000005</ele>
        <time>2024-11-25T23:53:28Z</time>
      </trkpt>
      <trkpt lat="-23.065199693664908" lon="15.760732591152191">
        <ele>997.60000000000002</ele>
        <time>2024-11-25T23:53:39Z</time>
      </trkpt>
      <trkpt lat="-23.065110426396132" lon="15.760495970025659">
        <ele>997.79999999999995</ele>
        <time>2024-11-25T23:53:50Z</time>
      </trkpt>
      <trkpt lat="-23.064842959865928" lon="15.759791806340218">
        <ele>999.20000000000005</ele>
        <time>2024-11-25T23:54:01Z</time>
      </trkpt>
      <trkpt lat="-23.064572140574455" lon="15.75909074395895">
        <ele>1000</ele>
        <time>2024-11-25T23:54:12Z</time>
      </trkpt>
      <trkpt lat="-23.064486142247915" lon="15.758858816698194">
        <ele>1000.2</ele>
        <time>2024-11-25T23:54:22Z</time>
      </trkpt>
      <trkpt lat="-23.064399976283312" lon="15.758628146722913">
        <ele>1000.4</ele>
        <time>2024-11-25T23:54:33Z</time>
      </trkpt>
      <trkpt lat="-23.064313642680645" lon="15.758392699062824">
        <ele>1000.6</ele>
        <time>2024-11-25T23:54:44Z</time>
      </trkpt>
      <trkpt lat="-23.064221274107695" lon="15.758161777630448">
        <ele>1000.6</ele>
        <time>2024-11-25T23:54:55Z</time>
      </trkpt>
      <trkpt lat="-23.064129995182157" lon="15.757925575599074">
        <ele>1000.8</ele>
        <time>2024-11-25T23:55:06Z</time>
      </trkpt>
      <trkpt lat="-23.064039722084999" lon="15.75768643990159">
        <ele>1001.4</ele>
        <time>2024-11-25T23:55:17Z</time>
      </trkpt>
      <trkpt lat="-23.063948778435588" lon="15.75745040550828">
        <ele>1001.6</ele>
        <time>2024-11-25T23:55:27Z</time>
      </trkpt>
      <trkpt lat="-23.063857918605208" lon="15.757212359458208">
        <ele>1001.6</ele>
        <time>2024-11-25T23:55:38Z</time>
      </trkpt>
      <trkpt lat="-23.063770662993193" lon="15.756976408883929">
        <ele>1001.8</ele>
        <time>2024-11-25T23:55:49Z</time>
      </trkpt>
      <trkpt lat="-23.06368357501924" lon="15.75674188323319">
        <ele>1001.8</ele>
        <time>2024-11-25T23:56:00Z</time>
      </trkpt>
      <trkpt lat="-23.063594307750463" lon="15.756512135267258">
        <ele>1002.2</ele>
        <time>2024-11-25T23:56:11Z</time>
      </trkpt>
      <trkpt lat="-23.063505459576845" lon="15.756280040368438">
        <ele>1002.4</ele>
        <time>2024-11-25T23:56:22Z</time>
      </trkpt>
      <trkpt lat="-23.063416862860322" lon="15.756047358736396">
        <ele>1003</ele>
        <time>2024-11-25T23:56:32Z</time>
      </trkpt>
      <trkpt lat="-23.063327427953482" lon="15.755813671275973">
        <ele>1003.4</ele>
        <time>2024-11-25T23:56:43Z</time>
      </trkpt>
      <trkpt lat="-23.06323648430407" lon="15.755581492558122">
        <ele>1003.6</ele>
        <time>2024-11-25T23:56:54Z</time>
      </trkpt>
      <trkpt lat="-23.063145708292723" lon="15.755350906401873">
        <ele>1003.8</ele>
        <time>2024-11-25T23:57:05Z</time>
      </trkpt>
      <trkpt lat="-23.063057949766517" lon="15.755120068788528">
        <ele>1003.8</ele>
        <time>2024-11-25T23:57:16Z</time>
      </trkpt>
      <trkpt lat="-23.06297454982996" lon="15.754886716604233">
        <ele>1003.8</ele>
        <time>2024-11-25T23:57:27Z</time>
      </trkpt>
      <trkpt lat="-23.062887713313103" lon="15.754659986123443">
        <ele>1004</ele>
        <time>2024-11-25T23:57:38Z</time>
      </trkpt>
      <trkpt lat="-23.062799284234643" lon="15.754429986700416">
        <ele>1003.8</ele>
        <time>2024-11-25T23:57:48Z</time>
      </trkpt>
      <trkpt lat="-23.062710938975215" lon="15.754200909286737">
        <ele>1004</ele>
        <time>2024-11-25T23:57:59Z</time>
      </trkpt>
      <trkpt lat="-23.06262569501996" lon="15.753973424434662">
        <ele>1004</ele>
        <time>2024-11-25T23:58:10Z</time>
      </trkpt>
      <trkpt lat="-23.062540534883738" lon="15.753749711439013">
        <ele>1003.8</ele>
        <time>2024-11-25T23:58:21Z</time>
      </trkpt>
      <trkpt lat="-23.062457386404276" lon="15.753519712015986">
        <ele>1003.8</ele>
        <time>2024-11-25T23:58:32Z</time>
      </trkpt>
      <trkpt lat="-23.062369795516133" lon="15.753292227163911">
        <ele>1003.4</ele>
        <time>2024-11-25T23:58:43Z</time>
      </trkpt>
      <trkpt lat="-23.062283210456371" lon="15.753061892464757">
        <ele>1003.4</ele>
        <time>2024-11-25T23:58:54Z</time>
      </trkpt>
      <trkpt lat="-23.062199307605624" lon="15.752830049023032">
        <ele>1003.4</ele>
        <time>2024-11-25T23:59:04Z</time>
      </trkpt>
      <trkpt lat="-23.062111716717482" lon="15.752595858648419">
        <ele>1003.4</ele>
        <time>2024-11-25T23:59:15Z</time>
      </trkpt>
      <trkpt lat="-23.062026808038354" lon="15.752358315512538">
        <ele>1004</ele>
        <time>2024-11-25T23:59:26Z</time>
      </trkpt>
      <trkpt lat="-23.061941228806973" lon="15.752120520919561">
        <ele>1004.8</ele>
        <time>2024-11-25T23:59:37Z</time>
      </trkpt>
      <trkpt lat="-23.061852799728513" lon="15.751881469041109">
        <ele>1005.8</ele>
        <time>2024-11-25T23:59:48Z</time>
      </trkpt>
      <trkpt lat="-23.061763951554894" lon="15.751642500981688">
        <ele>1006</ele>
        <time>2024-11-25T23:59:59Z</time>
      </trkpt>
      <trkpt lat="-23.061676193028688" lon="15.751407640054822">
        <ele>1006.4</ele>
        <time>2024-11-26T00:00:10Z</time>
      </trkpt>
      <trkpt lat="-23.0615892726928" lon="15.751171102747321">
        <ele>1007</ele>
        <time>2024-11-26T00:00:21Z</time>
      </trkpt>
      <trkpt lat="-23.061499670147896" lon="15.750938756391406">
        <ele>1007.8</ele>
        <time>2024-11-26T00:00:31Z</time>
      </trkpt>
      <trkpt lat="-23.061409732326865" lon="15.750708421692252">
        <ele>1008.8</ele>
        <time>2024-11-26T00:00:42Z</time>
      </trkpt>
      <trkpt lat="-23.061318453401327" lon="15.750476745888591">
        <ele>1009.2</ele>
        <time>2024-11-26T00:00:53Z</time>
      </trkpt>
      <trkpt lat="-23.061228850856423" lon="15.750248339027166">
        <ele>1010.2</ele>
        <time>2024-11-26T00:01:04Z</time>
      </trkpt>
      <trkpt lat="-23.061142014339566" lon="15.750020435079932">
        <ele>1011.2</ele>
        <time>2024-11-26T00:01:15Z</time>
      </trkpt>
      <trkpt lat="-23.061055177822709" lon="15.749792782589793">
        <ele>1011.6</ele>
        <time>2024-11-26T00:01:26Z</time>
      </trkpt>
      <trkpt lat="-23.060970101505518" lon="15.749564040452242">
        <ele>1012.4</ele>
        <time>2024-11-26T00:01:37Z</time>
      </trkpt>
      <trkpt lat="-23.060884438455105" lon="15.749335633590817">
        <ele>1013.2</ele>
        <time>2024-11-26T00:01:48Z</time>
      </trkpt>
      <trkpt lat="-23.060794668272138" lon="15.749107729643583">
        <ele>1013.8</ele>
        <time>2024-11-26T00:01:59Z</time>
      </trkpt>
      <trkpt lat="-23.0607068259269" lon="15.748881418257952">
        <ele>1014.2</ele>
        <time>2024-11-26T00:02:09Z</time>
      </trkpt>
      <trkpt lat="-23.060620911419392" lon="15.748652424663305">
        <ele>1014.6</ele>
        <time>2024-11-26T00:02:20Z</time>
      </trkpt>
      <trkpt lat="-23.060535835102201" lon="15.748422844335437">
        <ele>1015</ele>
        <time>2024-11-26T00:02:31Z</time>
      </trkpt>
      <trkpt lat="-23.060451513156295" lon="15.748193934559822">
        <ele>1015</ele>
        <time>2024-11-26T00:02:42Z</time>
      </trkpt>
      <trkpt lat="-23.060366688296199" lon="15.747966282069683">
        <ele>1015.4</ele>
        <time>2024-11-26T00:02:53Z</time>
      </trkpt>
      <trkpt lat="-23.060279600322247" lon="15.747742652893066">
        <ele>1015.8</ele>
        <time>2024-11-26T00:03:04Z</time>
      </trkpt>
      <trkpt lat="-23.060193015262485" lon="15.74751902371645">
        <ele>1016.6</ele>
        <time>2024-11-26T00:03:15Z</time>
      </trkpt>
      <trkpt lat="-23.060108944773674" lon="15.747297825291753">
        <ele>1017.2</ele>
        <time>2024-11-26T00:03:26Z</time>
      </trkpt>
      <trkpt lat="-23.060025293380022" lon="15.747079644352198">
        <ele>1018.2</ele>
        <time>2024-11-26T00:03:37Z</time>
      </trkpt>
      <trkpt lat="-23.059942983090878" lon="15.746859787032008">
        <ele>1019</ele>
        <time>2024-11-26T00:03:48Z</time>
      </trkpt>
      <trkpt lat="-23.059861343353987" lon="15.746632385998964">
        <ele>1019.8</ele>
        <time>2024-11-26T00:03:58Z</time>
      </trkpt>
      <trkpt lat="-23.059776686131954" lon="15.746401296928525">
        <ele>1020.2</ele>
        <time>2024-11-26T00:04:09Z</time>
      </trkpt>
      <trkpt lat="-23.059690520167351" lon="15.746173225343227">
        <ele>1020.4</ele>
        <time>2024-11-26T00:04:20Z</time>
      </trkpt>
      <trkpt lat="-23.059604773297906" lon="15.745940627530217">
        <ele>1020.6</ele>
        <time>2024-11-26T00:04:31Z</time>
      </trkpt>
      <trkpt lat="-23.059518942609429" lon="15.7457066886127">
        <ele>1020.6</ele>
        <time>2024-11-26T00:04:42Z</time>
      </trkpt>
      <trkpt lat="-23.05943101644516" lon="15.745471240952611">
        <ele>1020.6</ele>
        <time>2024-11-26T00:04:53Z</time>
      </trkpt>
      <trkpt lat="-23.059341078624129" lon="15.745237218216062">
        <ele>1020.4</ele>
        <time>2024-11-26T00:05:04Z</time>
      </trkpt>
      <trkpt lat="-23.059254745021462" lon="15.745003027841449">
        <ele>1020.4</ele>
        <time>2024-11-26T00:05:15Z</time>
      </trkpt>
      <trkpt lat="-23.059165310114622" lon="15.74476464651525">
        <ele>1020</ele>
        <time>2024-11-26T00:05:26Z</time>
      </trkpt>
      <trkpt lat="-23.059074869379401" lon="15.744525259360671">
        <ele>1019.6</ele>
        <time>2024-11-26T00:05:37Z</time>
      </trkpt>
      <trkpt lat="-23.05898392572999" lon="15.744287548586726">
        <ele>1019.4</ele>
        <time>2024-11-26T00:05:48Z</time>
      </trkpt>
      <trkpt lat="-23.058894323185086" lon="15.744045814499259">
        <ele>1018.8</ele>
        <time>2024-11-26T00:05:59Z</time>
      </trkpt>
      <trkpt lat="-23.058804469183087" lon="15.743802655488253">
        <ele>1018.6</ele>
        <time>2024-11-26T00:06:10Z</time>
      </trkpt>
      <trkpt lat="-23.058715285733342" lon="15.743562430143356">
        <ele>1018.4</ele>
        <time>2024-11-26T00:06:20Z</time>
      </trkpt>
      <trkpt lat="-23.058622665703297" lon="15.743320528417826">
        <ele>1018.4</ele>
        <time>2024-11-26T00:06:31Z</time>
      </trkpt>
      <trkpt lat="-23.058529207482934" lon="15.743078961968422">
        <ele>1018.4</ele>
        <time>2024-11-26T00:06:42Z</time>
      </trkpt>
      <trkpt lat="-23.058436419814825" lon="15.742836724966764">
        <ele>1018.8</ele>
        <time>2024-11-26T00:06:53Z</time>
      </trkpt>
      <trkpt lat="-23.058346146717668" lon="15.74259364977479">
        <ele>1019.2</ele>
        <time>2024-11-26T00:07:04Z</time>
      </trkpt>
      <trkpt lat="-23.0582563765347" lon="15.742347640916705">
        <ele>1019.4</ele>
        <time>2024-11-26T00:07:15Z</time>
      </trkpt>
      <trkpt lat="-23.058164762333035" lon="15.742103392258286">
        <ele>1019.6</ele>
        <time>2024-11-26T00:07:26Z</time>
      </trkpt>
      <trkpt lat="-23.05807264521718" lon="15.741855790838599">
        <ele>1019.8</ele>
        <time>2024-11-26T00:07:37Z</time>
      </trkpt>
      <trkpt lat="-23.057980947196484" lon="15.741607854142785">
        <ele>1020</ele>
        <time>2024-11-26T00:07:48Z</time>
      </trkpt>
      <trkpt lat="-23.057886986061931" lon="15.741359414532781">
        <ele>1020</ele>
        <time>2024-11-26T00:07:59Z</time>
      </trkpt>
      <trkpt lat="-23.057792438194156" lon="15.741111394017935">
        <ele>1020.2</ele>
        <time>2024-11-26T00:08:10Z</time>
      </trkpt>
      <trkpt lat="-23.057697303593159" lon="15.740864211693406">
        <ele>1020.2</ele>
        <time>2024-11-26T00:08:21Z</time>
      </trkpt>
      <trkpt lat="-23.057602923363447" lon="15.740615436807275">
        <ele>1020.6</ele>
        <time>2024-11-26T00:08:32Z</time>
      </trkpt>
      <trkpt lat="-23.057508878409863" lon="15.740362554788589">
        <ele>1020.8</ele>
        <time>2024-11-26T00:08:43Z</time>
      </trkpt>
      <trkpt lat="-23.057415252551436" lon="15.740113696083426">
        <ele>1020.8</ele>
        <time>2024-11-26T00:08:54Z</time>
      </trkpt>
      <trkpt lat="-23.057320956140757" lon="15.73987296782434">
        <ele>1021.2</ele>
        <time>2024-11-26T00:09:05Z</time>
      </trkpt>
      <trkpt lat="-23.057227246463299" lon="15.7396384421736">
        <ele>1021.4</ele>
        <time>2024-11-26T00:09:16Z</time>
      </trkpt>
      <trkpt lat="-23.057138649746776" lon="15.739407520741224">
        <ele>1021.4</ele>
        <time>2024-11-26T00:09:27Z</time>
      </trkpt>
      <trkpt lat="-23.057053321972489" lon="15.739180287346244">
        <ele>1021.6</ele>
        <time>2024-11-26T00:09:38Z</time>
      </trkpt>
      <trkpt lat="-23.056967156007886" lon="15.738951712846756">
        <ele>1021.6</ele>
        <time>2024-11-26T00:09:48Z</time>
      </trkpt>
      <trkpt lat="-23.056878140196204" lon="15.738720204681158">
        <ele>1021.6</ele>
        <time>2024-11-26T00:09:59Z</time>
      </trkpt>
      <trkpt lat="-23.056787783280015" lon="15.73848626576364">
        <ele>1021.4</ele>
        <time>2024-11-26T00:10:10Z</time>
      </trkpt>
      <trkpt lat="-23.056695079430938" lon="15.738249644637108">
        <ele>1021</ele>
        <time>2024-11-26T00:10:21Z</time>
      </trkpt>
      <trkpt lat="-23.056601537391543" lon="15.738016711547971">
        <ele>1020.4</ele>
        <time>2024-11-26T00:10:32Z</time>
      </trkpt>
      <trkpt lat="-23.05651486851275" lon="15.737786460667849">
        <ele>1019.4</ele>
        <time>2024-11-26T00:10:43Z</time>
      </trkpt>
      <trkpt lat="-23.056428534910083" lon="15.737558891996741">
        <ele>1018.8</ele>
        <time>2024-11-26T00:10:54Z</time>
      </trkpt>
      <trkpt lat="-23.056338597089052" lon="15.737336436286569">
        <ele>1018.6</ele>
        <time>2024-11-26T00:11:05Z</time>
      </trkpt>
      <trkpt lat="-23.056252263486385" lon="15.737112052738667">
        <ele>1018.6</ele>
        <time>2024-11-26T00:11:16Z</time>
      </trkpt>
      <trkpt lat="-23.056168528273702" lon="15.736882640048862">
        <ele>1018.2</ele>
        <time>2024-11-26T00:11:27Z</time>
      </trkpt>
      <trkpt lat="-23.056084373965859" lon="15.73665582574904">
        <ele>1017.8</ele>
        <time>2024-11-26T00:11:38Z</time>
      </trkpt>
      <trkpt lat="-23.055816572159529" lon="15.735987201333046">
        <ele>1018.2</ele>
        <time>2024-11-26T00:11:49Z</time>
      </trkpt>
      <trkpt lat="-23.055736189708114" lon="15.735763404518366">
        <ele>1018.2</ele>
        <time>2024-11-26T00:12:00Z</time>
      </trkpt>
      <trkpt lat="-23.055661004036665" lon="15.735539356246591">
        <ele>1018.6</ele>
        <time>2024-11-26T00:12:11Z</time>
      </trkpt>
      <trkpt lat="-23.055586656555533" lon="15.735315391793847">
        <ele>1020</ele>
        <time>2024-11-26T00:12:22Z</time>
      </trkpt>
      <trkpt lat="-23.055517673492432" lon="15.735091511160135">
        <ele>1021.4</ele>
        <time>2024-11-26T00:12:33Z</time>
      </trkpt>
      <trkpt lat="-23.05545506067574" lon="15.734865115955472">
        <ele>1022.8</ele>
        <time>2024-11-26T00:12:44Z</time>
      </trkpt>
      <trkpt lat="-23.05539689026773" lon="15.734635703265667">
        <ele>1024.4000000000001</ele>
        <time>2024-11-26T00:12:55Z</time>
      </trkpt>
      <trkpt lat="-23.0553431622684" lon="15.734408218413591">
        <ele>1025.4000000000001</ele>
        <time>2024-11-26T00:13:06Z</time>
      </trkpt>
      <trkpt lat="-23.055291781201959" lon="15.734178135171533">
        <ele>1026.5999999999999</ele>
        <time>2024-11-26T00:13:17Z</time>
      </trkpt>
      <trkpt lat="-23.055202178657055" lon="15.733724171295762">
        <ele>1028.4000000000001</ele>
        <time>2024-11-26T00:13:28Z</time>
      </trkpt>
      <trkpt lat="-23.055169070139527" lon="15.733504313975573">
        <ele>1029</ele>
        <time>2024-11-26T00:13:39Z</time>
      </trkpt>
      <trkpt lat="-23.055145852267742" lon="15.733285211026669">
        <ele>1029.8</ele>
        <time>2024-11-26T00:13:50Z</time>
      </trkpt>
      <trkpt lat="-23.055130681023002" lon="15.733059402555227">
        <ele>1029.8</ele>
        <time>2024-11-26T00:14:01Z</time>
      </trkpt>
      <trkpt lat="-23.055122550576925" lon="15.732827140018344">
        <ele>1029.8</ele>
        <time>2024-11-26T00:14:12Z</time>
      </trkpt>
      <trkpt lat="-23.05512229911983" lon="15.73258800432086">
        <ele>1029.8</ele>
        <time>2024-11-26T00:14:23Z</time>
      </trkpt>
      <trkpt lat="-23.055128837004304" lon="15.732338977977633">
        <ele>1029.5999999999999</ele>
        <time>2024-11-26T00:14:34Z</time>
      </trkpt>
      <trkpt lat="-23.055148283019662" lon="15.732087772339582">
        <ele>1029</ele>
        <time>2024-11-26T00:14:45Z</time>
      </trkpt>
      <trkpt lat="-23.055172422900796" lon="15.731840003281832">
        <ele>1027.5999999999999</ele>
        <time>2024-11-26T00:14:56Z</time>
      </trkpt>
      <trkpt lat="-23.05519899353385" lon="15.731585612520576">
        <ele>1026</ele>
        <time>2024-11-26T00:15:07Z</time>
      </trkpt>
      <trkpt lat="-23.055230090394616" lon="15.731334909796715">
        <ele>1025</ele>
        <time>2024-11-26T00:15:18Z</time>
      </trkpt>
      <trkpt lat="-23.055259846150875" lon="15.7310835365206">
        <ele>1023.8</ele>
        <time>2024-11-26T00:15:29Z</time>
      </trkpt>
      <trkpt lat="-23.055293373763561" lon="15.730835599824786">
        <ele>1022.6</ele>
        <time>2024-11-26T00:15:40Z</time>
      </trkpt>
      <trkpt lat="-23.055332684889436" lon="15.730595290660858">
        <ele>1021.4</ele>
        <time>2024-11-26T00:15:51Z</time>
      </trkpt>
      <trkpt lat="-23.055373253300786" lon="15.730355987325311">
        <ele>1020.6</ele>
        <time>2024-11-26T00:16:02Z</time>
      </trkpt>
      <trkpt lat="-23.055413570255041" lon="15.730120958760381">
        <ele>1020.6</ele>
        <time>2024-11-26T00:16:13Z</time>
      </trkpt>
      <trkpt lat="-23.055448522791266" lon="15.729882661253214">
        <ele>1020.6</ele>
        <time>2024-11-26T00:16:24Z</time>
      </trkpt>
      <trkpt lat="-23.055490013211966" lon="15.729637490585446">
        <ele>1020.8</ele>
        <time>2024-11-26T00:16:35Z</time>
      </trkpt>
      <trkpt lat="-23.05558062158525" lon="15.729154525324702">
        <ele>1023.6</ele>
        <time>2024-11-26T00:16:46Z</time>
      </trkpt>
      <trkpt lat="-23.055625464767218" lon="15.728911450132728">
        <ele>1023.8</ele>
        <time>2024-11-26T00:16:57Z</time>
      </trkpt>
      <trkpt lat="-23.055712971836329" lon="15.728425299748778">
        <ele>1025</ele>
        <time>2024-11-26T00:17:08Z</time>
      </trkpt>
      <trkpt lat="-23.055807016789913" lon="15.727938059717417">
        <ele>1026.4000000000001</ele>
        <time>2024-11-26T00:17:19Z</time>
      </trkpt>
      <trkpt lat="-23.055896451696754" lon="15.727457776665688">
        <ele>1027.2</ele>
        <time>2024-11-26T00:17:30Z</time>
      </trkpt>
      <trkpt lat="-23.055938696488738" lon="15.727218892425299">
        <ele>1027.5999999999999</ele>
        <time>2024-11-26T00:17:41Z</time>
      </trkpt>
      <trkpt lat="-23.055981192737818" lon="15.726984199136496">
        <ele>1027.8</ele>
        <time>2024-11-26T00:17:53Z</time>
      </trkpt>
      <trkpt lat="-23.056020922958851" lon="15.726755037903786">
        <ele>1029</ele>
        <time>2024-11-26T00:18:04Z</time>
      </trkpt>
      <trkpt lat="-23.056060234084725" lon="15.726525206118822">
        <ele>1029.8</ele>
        <time>2024-11-26T00:18:15Z</time>
      </trkpt>
      <trkpt lat="-23.056098204106092" lon="15.726299146190286">
        <ele>1030.4000000000001</ele>
        <time>2024-11-26T00:18:26Z</time>
      </trkpt>
      <trkpt lat="-23.056135503575206" lon="15.726068643853068">
        <ele>1031.5999999999999</ele>
        <time>2024-11-26T00:18:37Z</time>
      </trkpt>
      <trkpt lat="-23.056175904348493" lon="15.725834788754582">
        <ele>1032.2</ele>
        <time>2024-11-26T00:18:48Z</time>
      </trkpt>
      <trkpt lat="-23.05622074753046" lon="15.725597497075796">
        <ele>1032.2</ele>
        <time>2024-11-26T00:18:59Z</time>
      </trkpt>
      <trkpt lat="-23.056264836341143" lon="15.72535777464509">
        <ele>1032.2</ele>
        <time>2024-11-26T00:19:10Z</time>
      </trkpt>
      <trkpt lat="-23.056310014799237" lon="15.725115202367306">
        <ele>1032.2</ele>
        <time>2024-11-26T00:19:21Z</time>
      </trkpt>
      <trkpt lat="-23.056354690343142" lon="15.724866343662143">
        <ele>1031.8</ele>
        <time>2024-11-26T00:19:32Z</time>
      </trkpt>
      <trkpt lat="-23.056396683678031" lon="15.724614299833775">
        <ele>1030.5999999999999</ele>
        <time>2024-11-26T00:19:43Z</time>
      </trkpt>
      <trkpt lat="-23.056439515203238" lon="15.724364770576358">
        <ele>1030</ele>
        <time>2024-11-26T00:19:54Z</time>
      </trkpt>
      <trkpt lat="-23.056481257081032" lon="15.724121863022447">
        <ele>1030</ele>
        <time>2024-11-26T00:20:05Z</time>
      </trkpt>
      <trkpt lat="-23.056525429710746" lon="15.723880296573043">
        <ele>1030</ele>
        <time>2024-11-26T00:20:16Z</time>
      </trkpt>
      <trkpt lat="-23.056569350883365" lon="15.723640657961369">
        <ele>1030</ele>
        <time>2024-11-26T00:20:27Z</time>
      </trkpt>
      <trkpt lat="-23.056609500199556" lon="15.723404958844185">
        <ele>1030.2</ele>
        <time>2024-11-26T00:20:38Z</time>
      </trkpt>
      <trkpt lat="-23.056649649515748" lon="15.723171103745699">
        <ele>1031.4000000000001</ele>
        <time>2024-11-26T00:20:49Z</time>
      </trkpt>
      <trkpt lat="-23.056693151593208" lon="15.722933057695627">
        <ele>1032.8</ele>
        <time>2024-11-26T00:21:00Z</time>
      </trkpt>
      <trkpt lat="-23.056734977290034" lon="15.722689647227526">
        <ele>1034.2</ele>
        <time>2024-11-26T00:21:11Z</time>
      </trkpt>
      <trkpt lat="-23.05677630007267" lon="15.722446069121361">
        <ele>1035.4000000000001</ele>
        <time>2024-11-26T00:21:23Z</time>
      </trkpt>
      <trkpt lat="-23.056816700845957" lon="15.722200563177466">
        <ele>1036</ele>
        <time>2024-11-26T00:21:34Z</time>
      </trkpt>
      <trkpt lat="-23.056856766343117" lon="15.721958829089999">
        <ele>1036.5999999999999</ele>
        <time>2024-11-26T00:21:45Z</time>
      </trkpt>
      <trkpt lat="-23.056897837668657" lon="15.721722040325403">
        <ele>1037.8</ele>
        <time>2024-11-26T00:21:56Z</time>
      </trkpt>
      <trkpt lat="-23.056940082460642" lon="15.721483323723078">
        <ele>1037.8</ele>
        <time>2024-11-26T00:22:07Z</time>
      </trkpt>
      <trkpt lat="-23.056984003633261" lon="15.721236476674676">
        <ele>1037.8</ele>
        <time>2024-11-26T00:22:18Z</time>
      </trkpt>
      <trkpt lat="-23.057030187919736" lon="15.720983175560832">
        <ele>1037.8</ele>
        <time>2024-11-26T00:22:29Z</time>
      </trkpt>
      <trkpt lat="-23.057077629491687" lon="15.72072702459991">
        <ele>1037.2</ele>
        <time>2024-11-26T00:22:40Z</time>
      </trkpt>
      <trkpt lat="-23.057127669453621" lon="15.720468778163195">
        <ele>1035.5999999999999</ele>
        <time>2024-11-26T00:22:51Z</time>
      </trkpt>
      <trkpt lat="-23.057176200672984" lon="15.720212124288082">
        <ele>1034</ele>
        <time>2024-11-26T00:23:02Z</time>
      </trkpt>
      <trkpt lat="-23.057221295312047" lon="15.71995547041297">
        <ele>1032.4000000000001</ele>
        <time>2024-11-26T00:23:13Z</time>
      </trkpt>
      <trkpt lat="-23.057259684428573" lon="15.719700995832682">
        <ele>1031.5999999999999</ele>
        <time>2024-11-26T00:23:24Z</time>
      </trkpt>
      <trkpt lat="-23.057301845401525" lon="15.719445934519172">
        <ele>1031.2</ele>
        <time>2024-11-26T00:23:36Z</time>
      </trkpt>
      <trkpt lat="-23.05734601803124" lon="15.719197075814009">
        <ele>1031</ele>
        <time>2024-11-26T00:23:47Z</time>
      </trkpt>
      <trkpt lat="-23.057389184832573" lon="15.718957521021366">
        <ele>1031</ele>
        <time>2024-11-26T00:23:58Z</time>
      </trkpt>
      <trkpt lat="-23.057428579777479" lon="15.7187295332551">
        <ele>1031</ele>
        <time>2024-11-26T00:24:09Z</time>
      </trkpt>
      <trkpt lat="-23.057466046884656" lon="15.718512861058116">
        <ele>1032.2</ele>
        <time>2024-11-26T00:24:20Z</time>
      </trkpt>
      <trkpt lat="-23.057500496506691" lon="15.71830834262073">
        <ele>1032.8</ele>
        <time>2024-11-26T00:24:31Z</time>
      </trkpt>
      <trkpt lat="-23.057535449042916" lon="15.718103237450123">
        <ele>1033.4000000000001</ele>
        <time>2024-11-26T00:24:42Z</time>
      </trkpt>
      <trkpt lat="-23.057572413235903" lon="15.717908777296543">
        <ele>1033.4000000000001</ele>
        <time>2024-11-26T00:24:53Z</time>
      </trkpt>
      <trkpt lat="-23.05761088617146" lon="15.717721106484532">
        <ele>1033.4000000000001</ele>
        <time>2024-11-26T00:25:04Z</time>
      </trkpt>
      <trkpt lat="-23.057644749060273" lon="15.717545421794057">
        <ele>1033.4000000000001</ele>
        <time>2024-11-26T00:25:15Z</time>
      </trkpt>
      <trkpt lat="-23.057676600292325" lon="15.717382980510592">
        <ele>1032.2</ele>
        <time>2024-11-26T00:25:26Z</time>
      </trkpt>
      <trkpt lat="-23.057705434039235" lon="15.717233447358012">
        <ele>1031.4000000000001</ele>
        <time>2024-11-26T00:25:38Z</time>
      </trkpt>
      <trkpt lat="-23.057732675224543" lon="15.717098750174046">
        <ele>1030.4000000000001</ele>
        <time>2024-11-26T00:25:49Z</time>
      </trkpt>
      <trkpt lat="-23.057756312191486" lon="15.716983247548342">
        <ele>1030</ele>
        <time>2024-11-26T00:26:00Z</time>
      </trkpt>
      <trkpt lat="-23.057763688266277" lon="15.716884508728981">
        <ele>1029.5999999999999</ele>
        <time>2024-11-26T00:26:11Z</time>
      </trkpt>
      <trkpt lat="-23.057749271392822" lon="15.716799097135663">
        <ele>1029.4000000000001</ele>
        <time>2024-11-26T00:26:22Z</time>
      </trkpt>
      <trkpt lat="-23.057718006893992" lon="15.716736484318972">
        <ele>1029.2</ele>
        <time>2024-11-26T00:26:33Z</time>
      </trkpt>
      </trkseg></trk></gpx>