<?xml version='1.0' encoding='utf-8'?>
<gpx xmlns="http://www.topografix.com/GPX/1/1" version="1.1" creator="DesertDash stage split"><trk><name>Stage 5: CP4 - Goanikontes to Finish - Platz am Meer</name><trkseg><trkpt lat="-22.667646026238799" lon="14.816322019323707">
        <ele>202.80000000000001</ele>
      </trkpt>
      <trkpt lat="-22.667635967954993" lon="14.816299974918365">
        <ele>202.80000000000001</ele>
      </trkpt>
      <trkpt lat="-22.667616019025445" lon="14.816279020160437">
        <ele>203</ele>
      </trkpt>
      <trkpt lat="-22.667595986276865" lon="14.816254964098334">
        <ele>203</ele>
      </trkpt>
      <trkpt lat="-22.667576959356666" lon="14.816230991855264">
        <ele>203</ele>
      </trkpt>
      <trkpt lat="-22.66756203956902" lon="14.816204002127051">
        <ele>203</ele>
      </trkpt>
      <trkpt lat="-22.667544018477201" lon="14.816172989085317">
        <ele>203</ele>
      </trkpt>
      <trkpt lat="-22.667522979900241" lon="14.816138036549091">
        <ele>203</ele>
      </trkpt>
      <trkpt lat="-22.667501019313931" lon="14.816103000193834">
        <ele>203</ele>
      </trkpt>
      <trkpt lat="-22.667474029585719" lon="14.81607299298048">
        <ele>203</ele>
      </trkpt>
      <trkpt lat="-22.667444022372365" lon="14.816048014909029">
        <ele>203</ele>
      </trkpt>
      <trkpt lat="-22.667407980188727" lon="14.81602898798883">
        <ele>203</ele>
      </trkpt>
      <trkpt lat="-22.667373027652502" lon="14.816013984382153">
        <ele>203</ele>
      </trkpt>
      <trkpt lat="-22.66732600517571" lon="14.815998980775476">
        <ele>203</ele>
      </trkpt>
      <trkpt lat="-22.667270014062524" lon="14.815981965512037">
        <ele>203</ele>
      </trkpt>
      <trkpt lat="-22.66722097992897" lon="14.815967967733741">
        <ele>202.80000000000001</ele>
      </trkpt>
      <trkpt lat="-22.667168006300926" lon="14.815956987440586">
        <ele>202.59999999999999</ele>
      </trkpt>
      <trkpt lat="-22.66711201518774" lon="14.81594399549067">
        <ele>202.19999999999999</ele>
      </trkpt>
      <trkpt lat="-22.667056024074554" lon="14.815933015197515">
        <ele>202.19999999999999</ele>
      </trkpt>
      <trkpt lat="-22.666998021304607" lon="14.815922034904361">
        <ele>202</ele>
      </trkpt>
      <trkpt lat="-22.66694001853466" lon="14.815912982448936">
        <ele>202</ele>
      </trkpt>
      <trkpt lat="-22.666881009936333" lon="14.815906025469303">
        <ele>202</ele>
      </trkpt>
      <trkpt lat="-22.666823007166386" lon="14.815895967185497">
        <ele>201.80000000000001</ele>
      </trkpt>
      <trkpt lat="-22.666765004396439" lon="14.815885992720723">
        <ele>201.80000000000001</ele>
      </trkpt>
      <trkpt lat="-22.666707001626492" lon="14.81587702408433">
        <ele>201.59999999999999</ele>
      </trkpt>
      <trkpt lat="-22.666647993028164" lon="14.815865037962794">
        <ele>201.59999999999999</ele>
      </trkpt>
      <trkpt lat="-22.666589990258217" lon="14.815854979678988">
        <ele>201.40000000000001</ele>
      </trkpt>
      <trkpt lat="-22.666530981659889" lon="14.815845005214214">
        <ele>201.40000000000001</ele>
      </trkpt>
      <trkpt lat="-22.666472978889942" lon="14.815833019092679">
        <ele>201.40000000000001</ele>
      </trkpt>
      <trkpt lat="-22.666426040232182" lon="14.815820027142763">
        <ele>201.19999999999999</ele>
      </trkpt>
      <trkpt lat="-22.666354961693287" lon="14.815798988565803">
        <ele>201</ele>
      </trkpt>
      <trkpt lat="-22.66629695892334" lon="14.815783984959126">
        <ele>201</ele>
      </trkpt>
      <trkpt lat="-22.666239039972425" lon="14.815767975524068">
        <ele>201</ele>
      </trkpt>
      <trkpt lat="-22.666181959211826" lon="14.81575196608901">
        <ele>200.80000000000001</ele>
      </trkpt>
      <trkpt lat="-22.66612496227026" lon="14.815736962482333">
        <ele>200.80000000000001</ele>
      </trkpt>
      <trkpt lat="-22.666069976985455" lon="14.815724976360798">
        <ele>200.80000000000001</ele>
      </trkpt>
      <trkpt lat="-22.666018009185791" lon="14.815709972754121">
        <ele>200.80000000000001</ele>
      </trkpt>
      <trkpt lat="-22.66597400419414" lon="14.815689017996192">
        <ele>200.80000000000001</ele>
      </trkpt>
      <trkpt lat="-22.66593100503087" lon="14.815667979419231">
        <ele>200.59999999999999</ele>
      </trkpt>
      <trkpt lat="-22.665898986160755" lon="14.81564300134778">
        <ele>200.59999999999999</ele>
      </trkpt>
      <trkpt lat="-22.665878031402826" lon="14.815618023276329">
        <ele>200.59999999999999</ele>
      </trkpt>
      <trkpt lat="-22.665863027796149" lon="14.815587010234594">
        <ele>200.40000000000001</ele>
      </trkpt>
      <trkpt lat="-22.665853975340724" lon="14.815562032163143">
        <ele>200.40000000000001</ele>
      </trkpt>
      <trkpt lat="-22.665851041674614" lon="14.815534958615899">
        <ele>200.40000000000001</ele>
      </trkpt>
      <trkpt lat="-22.665849030017853" lon="14.815500006079674">
        <ele>200.40000000000001</ele>
      </trkpt>
      <trkpt lat="-22.66584500670433" lon="14.815460024401546">
        <ele>200.40000000000001</ele>
      </trkpt>
      <trkpt lat="-22.665838971734047" lon="14.815419036895037">
        <ele>200.40000000000001</ele>
      </trkpt>
      <trkpt lat="-22.665826985612512" lon="14.815382994711399">
        <ele>200.40000000000001</ele>
      </trkpt>
      <trkpt lat="-22.665812987834215" lon="14.815351981669664">
        <ele>200.40000000000001</ele>
      </trkpt>
      <trkpt lat="-22.665795972570777" lon="14.81532096862793">
        <ele>200.40000000000001</ele>
      </trkpt>
      <trkpt lat="-22.665777029469609" lon="14.815289033576846">
        <ele>200.19999999999999</ele>
      </trkpt>
      <trkpt lat="-22.665754985064268" lon="14.81525500304997">
        <ele>200.19999999999999</ele>
      </trkpt>
      <trkpt lat="-22.665735958144069" lon="14.815221978351474">
        <ele>200.19999999999999</ele>
      </trkpt>
      <trkpt lat="-22.665710980072618" lon="14.815181996673346">
        <ele>200.19999999999999</ele>
      </trkpt>
      <trkpt lat="-22.665690025314689" lon="14.815151989459991">
        <ele>200.19999999999999</ele>
      </trkpt>
      <trkpt lat="-22.665667980909348" lon="14.815131034702063">
        <ele>200.19999999999999</ele>
      </trkpt>
      <trkpt lat="-22.665633028373122" lon="14.815097004175186">
        <ele>200.19999999999999</ele>
      </trkpt>
      <trkpt lat="-22.665603021159768" lon="14.815068002790213">
        <ele>200.19999999999999</ele>
      </trkpt>
      <trkpt lat="-22.665577037259936" lon="14.81504000723362">
        <ele>200.19999999999999</ele>
      </trkpt>
      <trkpt lat="-22.665550969541073" lon="14.815012011677027">
        <ele>200.19999999999999</ele>
      </trkpt>
      <trkpt lat="-22.665531020611525" lon="14.814987033605576">
        <ele>200.19999999999999</ele>
      </trkpt>
      <trkpt lat="-22.66550000756979" lon="14.814949985593557">
        <ele>200</ele>
      </trkpt>
      <trkpt lat="-22.665473017841578" lon="14.814915033057332">
        <ele>200</ele>
      </trkpt>
      <trkpt lat="-22.665446028113365" lon="14.814883014187217">
        <ele>200</ele>
      </trkpt>
      <trkpt lat="-22.665418032556772" lon="14.814845966175199">
        <ele>200</ele>
      </trkpt>
      <trkpt lat="-22.665396993979812" lon="14.814818976446986">
        <ele>200</ele>
      </trkpt>
      <trkpt lat="-22.665367992594838" lon="14.814781006425619">
        <ele>200</ele>
      </trkpt>
      <trkpt lat="-22.665344020351768" lon="14.814749993383884">
        <ele>200</ele>
      </trkpt>
      <trkpt lat="-22.665323987603188" lon="14.814715962857008">
        <ele>200</ele>
      </trkpt>
      <trkpt lat="-22.66530797816813" lon="14.814686961472034">
        <ele>200</ele>
      </trkpt>
      <trkpt lat="-22.66528501175344" lon="14.814640022814274">
        <ele>200</ele>
      </trkpt>
      <trkpt lat="-22.665262967348099" lon="14.814603980630636">
        <ele>200</ele>
      </trkpt>
      <trkpt lat="-22.665240000933409" lon="14.814570033922791">
        <ele>200</ele>
      </trkpt>
      <trkpt lat="-22.665213011205196" lon="14.814536003395915">
        <ele>200</ele>
      </trkpt>
      <trkpt lat="-22.665179986506701" lon="14.8145039845258">
        <ele>199.80000000000001</ele>
      </trkpt>
      <trkpt lat="-22.665154002606869" lon="14.814483029767871">
        <ele>199.80000000000001</ele>
      </trkpt>
      <trkpt lat="-22.665115026757121" lon="14.814452016726136">
        <ele>199.80000000000001</ele>
      </trkpt>
      <trkpt lat="-22.665084013715386" lon="14.814424021169543">
        <ele>199.80000000000001</ele>
      </trkpt>
      <trkpt lat="-22.665061969310045" lon="14.814401976764202">
        <ele>199.80000000000001</ele>
      </trkpt>
      <trkpt lat="-22.665041014552116" lon="14.81437498703599">
        <ele>199.80000000000001</ele>
      </trkpt>
      <trkpt lat="-22.665022993460298" lon="14.814349003136158">
        <ele>199.80000000000001</ele>
      </trkpt>
      <trkpt lat="-22.665005978196859" lon="14.814322013407946">
        <ele>199.80000000000001</ele>
      </trkpt>
      <trkpt lat="-22.66498401761055" lon="14.814286977052689">
        <ele>199.59999999999999</ele>
      </trkpt>
      <trkpt lat="-22.664965996518731" lon="14.814258981496096">
        <ele>199.59999999999999</ele>
      </trkpt>
      <trkpt lat="-22.66494101844728" lon="14.814231991767883">
        <ele>199.59999999999999</ele>
      </trkpt>
      <trkpt lat="-22.664911011233926" lon="14.814210031181574">
        <ele>199.59999999999999</ele>
      </trkpt>
      <trkpt lat="-22.664878992363811" lon="14.814191004261374">
        <ele>199.59999999999999</ele>
      </trkpt>
      <trkpt lat="-22.664840016514063" lon="14.814162002876401">
        <ele>199.40000000000001</ele>
      </trkpt>
      <trkpt lat="-22.664815038442612" lon="14.81413995847106">
        <ele>199.40000000000001</ele>
      </trkpt>
      <trkpt lat="-22.664781007915735" lon="14.814111040905118">
        <ele>199.40000000000001</ele>
      </trkpt>
      <trkpt lat="-22.664747983217239" lon="14.814081033691764">
        <ele>199.40000000000001</ele>
      </trkpt>
      <trkpt lat="-22.664716970175505" lon="14.814053038135171">
        <ele>199.19999999999999</ele>
      </trkpt>
      <trkpt lat="-22.664680005982518" lon="14.814014984294772">
        <ele>199.19999999999999</ele>
      </trkpt>
      <trkpt lat="-22.664657961577177" lon="14.813985982909799">
        <ele>199.19999999999999</ele>
      </trkpt>
      <trkpt lat="-22.664628960192204" lon="14.813951030373573">
        <ele>199.19999999999999</ele>
      </trkpt>
      <trkpt lat="-22.664600964635611" lon="14.813916999846697">
        <ele>199.19999999999999</ele>
      </trkpt>
      <trkpt lat="-22.664574980735779" lon="14.813881041482091">
        <ele>199.19999999999999</ele>
      </trkpt>
      <trkpt lat="-22.664546985179186" lon="14.813848016783595">
        <ele>199.19999999999999</ele>
      </trkpt>
      <trkpt lat="-22.664514966309071" lon="14.813814992085099">
        <ele>199.19999999999999</ele>
      </trkpt>
      <trkpt lat="-22.664480013772845" lon="14.813776016235352">
        <ele>199.19999999999999</ele>
      </trkpt>
      <trkpt lat="-22.664450006559491" lon="14.813735028728843">
        <ele>199</ele>
      </trkpt>
      <trkpt lat="-22.664424022659659" lon="14.813692029565573">
        <ele>199</ele>
      </trkpt>
      <trkpt lat="-22.664406001567841" lon="14.813653975725174">
        <ele>199</ele>
      </trkpt>
      <trkpt lat="-22.664392003789544" lon="14.813622962683439">
        <ele>199</ele>
      </trkpt>
      <trkpt lat="-22.664377000182867" lon="14.813593961298466">
        <ele>199</ele>
      </trkpt>
      <trkpt lat="-22.664358979091048" lon="14.813564959913492">
        <ele>199</ele>
      </trkpt>
      <trkpt lat="-22.664344981312752" lon="14.81353897601366">
        <ele>199</ele>
      </trkpt>
      <trkpt lat="-22.664332995191216" lon="14.81351600959897">
        <ele>198.80000000000001</ele>
      </trkpt>
      <trkpt lat="-22.664325032383204" lon="14.813496982678771">
        <ele>198.80000000000001</ele>
      </trkpt>
      <trkpt lat="-22.66431899741292" lon="14.813486002385616">
        <ele>198.80000000000001</ele>
      </trkpt>
      <trkpt lat="-22.664313968271017" lon="14.813480973243713">
        <ele>198.59999999999999</ele>
      </trkpt>
      <trkpt lat="-22.664310028776526" lon="14.813474016264081">
        <ele>198.59999999999999</ele>
      </trkpt>
      <trkpt lat="-22.664303993806243" lon="14.813464963808656">
        <ele>198.59999999999999</ele>
      </trkpt>
      <trkpt lat="-22.66429896466434" lon="14.813454989343882">
        <ele>198.59999999999999</ele>
      </trkpt>
      <trkpt lat="-22.664292007684708" lon="14.813445014879107">
        <ele>198.59999999999999</ele>
      </trkpt>
      <trkpt lat="-22.664281027391553" lon="14.813435962423682">
        <ele>198.59999999999999</ele>
      </trkpt>
      <trkpt lat="-22.664266023784876" lon="14.813426993787289">
        <ele>198.59999999999999</ele>
      </trkpt>
      <trkpt lat="-22.66425303183496" lon="14.813421964645386">
        <ele>198.59999999999999</ele>
      </trkpt>
      <trkpt lat="-22.664245991036296" lon="14.813418025150895">
        <ele>198.59999999999999</ele>
      </trkpt>
      <trkpt lat="-22.664245991036296" lon="14.813418025150895">
        <ele>198.59999999999999</ele>
      </trkpt>
      <trkpt lat="-22.664245991036296" lon="14.813418025150895">
        <ele>198.59999999999999</ele>
      </trkpt>
      <trkpt lat="-22.664245991036296" lon="14.813418025150895">
        <ele>198.59999999999999</ele>
      </trkpt>
      <trkpt lat="-22.664244985207915" lon="14.813418025150895">
        <ele>198.19999999999999</ele>
      </trkpt>
      <trkpt lat="-22.664239034056664" lon="14.813411990180612">
        <ele>198.19999999999999</ele>
      </trkpt>
      <trkpt lat="-22.664228975772858" lon="14.813395980745554">
        <ele>198.19999999999999</ele>
      </trkpt>
      <trkpt lat="-22.664216989651322" lon="14.813373014330864">
        <ele>198.19999999999999</ele>
      </trkpt>
      <trkpt lat="-22.664205003529787" lon="14.813349964097142">
        <ele>198.19999999999999</ele>
      </trkpt>
      <trkpt lat="-22.66418999992311" lon="14.813329009339213">
        <ele>198.19999999999999</ele>
      </trkpt>
      <trkpt lat="-22.664173990488052" lon="14.813309982419014">
        <ele>198.19999999999999</ele>
      </trkpt>
      <trkpt lat="-22.664159992709756" lon="14.813286010175943">
        <ele>198.19999999999999</ele>
      </trkpt>
      <trkpt lat="-22.664143983274698" lon="14.813262959942222">
        <ele>198.19999999999999</ele>
      </trkpt>
      <trkpt lat="-22.664125962182879" lon="14.813235970214009">
        <ele>198.19999999999999</ele>
      </trkpt>
      <trkpt lat="-22.664113976061344" lon="14.813209986314178">
        <ele>198.19999999999999</ele>
      </trkpt>
      <trkpt lat="-22.664100984111428" lon="14.813189031556249">
        <ele>198.19999999999999</ele>
      </trkpt>
      <trkpt lat="-22.664088997989893" lon="14.813173022121191">
        <ele>198.19999999999999</ele>
      </trkpt>
      <trkpt lat="-22.664076006039977" lon="14.813161035999656">
        <ele>198.19999999999999</ele>
      </trkpt>
      <trkpt lat="-22.664070976898074" lon="14.813156006857753">
        <ele>198</ele>
      </trkpt>
      <trkpt lat="-22.664064019918442" lon="14.813147038221359">
        <ele>198</ele>
      </trkpt>
      <trkpt lat="-22.664056979119778" lon="14.813134968280792">
        <ele>198</ele>
      </trkpt>
      <trkpt lat="-22.664050022140145" lon="14.813123987987638">
        <ele>198</ele>
      </trkpt>
      <trkpt lat="-22.664042981341481" lon="14.813113007694483">
        <ele>198</ele>
      </trkpt>
      <trkpt lat="-22.664036024361849" lon="14.813103033229709">
        <ele>198</ele>
      </trkpt>
      <trkpt lat="-22.664028983563185" lon="14.813091969117522">
        <ele>198</ele>
      </trkpt>
      <trkpt lat="-22.664021020755172" lon="14.813081994652748">
        <ele>198</ele>
      </trkpt>
      <trkpt lat="-22.664012974128127" lon="14.813074031844735">
        <ele>198</ele>
      </trkpt>
      <trkpt lat="-22.664005011320114" lon="14.813063973560929">
        <ele>198</ele>
      </trkpt>
      <trkpt lat="-22.66399797052145" lon="14.813050981611013">
        <ele>198</ele>
      </trkpt>
      <trkpt lat="-22.663991013541818" lon="14.813037989661098">
        <ele>198</ele>
      </trkpt>
      <trkpt lat="-22.663983972743154" lon="14.813026003539562">
        <ele>198</ele>
      </trkpt>
      <trkpt lat="-22.663980033248663" lon="14.813019968569279">
        <ele>198</ele>
      </trkpt>
      <trkpt lat="-22.663980033248663" lon="14.813019968569279">
        <ele>198</ele>
      </trkpt>
      <trkpt lat="-22.663978021591902" lon="14.813018040731549">
        <ele>198</ele>
      </trkpt>
      <trkpt lat="-22.663969974964857" lon="14.813010999932885">
        <ele>198</ele>
      </trkpt>
      <trkpt lat="-22.663961006328464" lon="14.813002031296492">
        <ele>198</ele>
      </trkpt>
      <trkpt lat="-22.663951031863689" lon="14.812990967184305">
        <ele>198</ele>
      </trkpt>
      <trkpt lat="-22.663940973579884" lon="14.812977975234389">
        <ele>198</ele>
      </trkpt>
      <trkpt lat="-22.663929993286729" lon="14.812962971627712">
        <ele>198</ele>
      </trkpt>
      <trkpt lat="-22.663918007165194" lon="14.812946040183306">
        <ele>198</ele>
      </trkpt>
      <trkpt lat="-22.663904009386897" lon="14.812929024919868">
        <ele>198</ele>
      </trkpt>
      <trkpt lat="-22.663886994123459" lon="14.812911003828049">
        <ele>198</ele>
      </trkpt>
      <trkpt lat="-22.663870984688401" lon="14.812890971079469">
        <ele>198</ele>
      </trkpt>
      <trkpt lat="-22.663854975253344" lon="14.81287102214992">
        <ele>198</ele>
      </trkpt>
      <trkpt lat="-22.663842989131808" lon="14.812855012714863">
        <ele>198</ele>
      </trkpt>
      <trkpt lat="-22.663831003010273" lon="14.812844032421708">
        <ele>198</ele>
      </trkpt>
      <trkpt lat="-22.663820022717118" lon="14.812836991623044">
        <ele>198</ele>
      </trkpt>
      <trkpt lat="-22.663807030767202" lon="14.812829028815031">
        <ele>198</ele>
      </trkpt>
      <trkpt lat="-22.663800995796919" lon="14.812822993844748">
        <ele>198</ele>
      </trkpt>
      <trkpt lat="-22.663798984140158" lon="14.812819976359606">
        <ele>198</ele>
      </trkpt>
      <trkpt lat="-22.663798984140158" lon="14.812819976359606">
        <ele>198</ele>
      </trkpt>
      <trkpt lat="-22.663798984140158" lon="14.812819976359606">
        <ele>198</ele>
      </trkpt>
      <trkpt lat="-22.663798984140158" lon="14.812819976359606">
        <ele>198</ele>
      </trkpt>
      <trkpt lat="-22.663798984140158" lon="14.812819976359606">
        <ele>198</ele>
      </trkpt>
      <trkpt lat="-22.663798984140158" lon="14.812819976359606">
        <ele>198</ele>
      </trkpt>
      <trkpt lat="-22.663798984140158" lon="14.812819976359606">
        <ele>198</ele>
      </trkpt>
      <trkpt lat="-22.663794960826635" lon="14.812816958874464">
        <ele>198</ele>
      </trkpt>
      <trkpt lat="-22.663786998018622" lon="14.81280799023807">
        <ele>197.80000000000001</ele>
      </trkpt>
      <trkpt lat="-22.663778029382229" lon="14.812796004116535">
        <ele>197.80000000000001</ele>
      </trkpt>
      <trkpt lat="-22.663761014118791" lon="14.812773037701845">
        <ele>197.80000000000001</ele>
      </trkpt>
      <trkpt lat="-22.663741987198591" lon="14.812743030488491">
        <ele>197.80000000000001</ele>
      </trkpt>
      <trkpt lat="-22.663725977763534" lon="14.812710005789995">
        <ele>197.80000000000001</ele>
      </trkpt>
      <trkpt lat="-22.663712985813618" lon="14.812673963606358">
        <ele>197.80000000000001</ele>
      </trkpt>
      <trkpt lat="-22.663703011348844" lon="14.812640016898513">
        <ele>197.59999999999999</ele>
      </trkpt>
      <trkpt lat="-22.663691025227308" lon="14.81261202134192">
        <ele>197.59999999999999</ele>
      </trkpt>
      <trkpt lat="-22.663673004135489" lon="14.812585031613708">
        <ele>197.59999999999999</ele>
      </trkpt>
      <trkpt lat="-22.663651965558529" lon="14.812557036057115">
        <ele>197.59999999999999</ele>
      </trkpt>
      <trkpt lat="-22.663636961951852" lon="14.812531974166632">
        <ele>197.59999999999999</ele>
      </trkpt>
      <trkpt lat="-22.663630004972219" lon="14.812516970559955">
        <ele>197.80000000000001</ele>
      </trkpt>
      <trkpt lat="-22.663622964173555" lon="14.812509007751942">
        <ele>197.80000000000001</ele>
      </trkpt>
      <trkpt lat="-22.663618018850684" lon="14.812501966953278">
        <ele>197.80000000000001</ele>
      </trkpt>
      <trkpt lat="-22.663609972223639" lon="14.812495009973645">
        <ele>197.59999999999999</ele>
      </trkpt>
      <trkpt lat="-22.663603015244007" lon="14.812488975003362">
        <ele>197.80000000000001</ele>
      </trkpt>
      <trkpt lat="-22.663597986102104" lon="14.812482018023729">
        <ele>197.59999999999999</ele>
      </trkpt>
      <trkpt lat="-22.663594968616962" lon="14.812475983053446">
        <ele>197.59999999999999</ele>
      </trkpt>
      <trkpt lat="-22.663590023294091" lon="14.812471037730575">
        <ele>197.59999999999999</ele>
      </trkpt>
      <trkpt lat="-22.663582982495427" lon="14.812470031902194">
        <ele>197.59999999999999</ele>
      </trkpt>
      <trkpt lat="-22.663573008030653" lon="14.812469026073813">
        <ele>197.40000000000001</ele>
      </trkpt>
      <trkpt lat="-22.663558004423976" lon="14.812466008588672">
        <ele>197.40000000000001</ele>
      </trkpt>
      <trkpt lat="-22.663541994988918" lon="14.812460979446769">
        <ele>197.40000000000001</ele>
      </trkpt>
      <trkpt lat="-22.663531014695764" lon="14.812453016638756">
        <ele>197.40000000000001</ele>
      </trkpt>
      <trkpt lat="-22.663521040230989" lon="14.812444970011711">
        <ele>197.40000000000001</ele>
      </trkpt>
      <trkpt lat="-22.663509976118803" lon="14.81244002468884">
        <ele>197.40000000000001</ele>
      </trkpt>
      <trkpt lat="-22.663505030795932" lon="14.812437007203698">
        <ele>197.40000000000001</ele>
      </trkpt>
      <trkpt lat="-22.663505030795932" lon="14.812437007203698">
        <ele>197.40000000000001</ele>
      </trkpt>
      <trkpt lat="-22.663505030795932" lon="14.812437007203698">
        <ele>197.40000000000001</ele>
      </trkpt>
      <trkpt lat="-22.663505030795932" lon="14.812437007203698">
        <ele>197.40000000000001</ele>
      </trkpt>
      <trkpt lat="-22.663505030795932" lon="14.812437007203698">
        <ele>197.40000000000001</ele>
      </trkpt>
      <trkpt lat="-22.66350201331079" lon="14.812438013032079">
        <ele>197.40000000000001</ele>
      </trkpt>
      <trkpt lat="-22.663492960855365" lon="14.812433989718556">
        <ele>197.19999999999999</ele>
      </trkpt>
      <trkpt lat="-22.663482986390591" lon="14.812428960576653">
        <ele>197.19999999999999</ele>
      </trkpt>
      <trkpt lat="-22.663469994440675" lon="14.812422003597021">
        <ele>197.19999999999999</ele>
      </trkpt>
      <trkpt lat="-22.663454990833998" lon="14.812412029132247">
        <ele>197.19999999999999</ele>
      </trkpt>
      <trkpt lat="-22.66343898139894" lon="14.812395013868809">
        <ele>197.19999999999999</ele>
      </trkpt>
      <trkpt lat="-22.663420960307121" lon="14.81237699277699">
        <ele>197.19999999999999</ele>
      </trkpt>
      <trkpt lat="-22.663396988064051" lon="14.812360983341932">
        <ele>197.19999999999999</ele>
      </trkpt>
      <trkpt lat="-22.663371004164219" lon="14.812345979735255">
        <ele>197.19999999999999</ele>
      </trkpt>
      <trkpt lat="-22.663344014436007" lon="14.812327958643436">
        <ele>197.40000000000001</ele>
      </trkpt>
      <trkpt lat="-22.663317024707794" lon="14.812309015542269">
        <ele>197.19999999999999</ele>
      </trkpt>
      <trkpt lat="-22.663295986130834" lon="14.81229099445045">
        <ele>197.19999999999999</ele>
      </trkpt>
      <trkpt lat="-22.663282994180918" lon="14.812279008328915">
        <ele>197.19999999999999</ele>
      </trkpt>
      <trkpt lat="-22.663272013887763" lon="14.812271967530251">
        <ele>197.19999999999999</ele>
      </trkpt>
      <trkpt lat="-22.66326597891748" lon="14.812267022207379">
        <ele>197.19999999999999</ele>
      </trkpt>
      <trkpt lat="-22.663258016109467" lon="14.812258975580335">
        <ele>197.19999999999999</ele>
      </trkpt>
      <trkpt lat="-22.663248041644692" lon="14.812249001115561">
        <ele>197.19999999999999</ele>
      </trkpt>
      <trkpt lat="-22.663238989189267" lon="14.812239026650786">
        <ele>197.19999999999999</ele>
      </trkpt>
      <trkpt lat="-22.663231026381254" lon="14.812229974195361">
        <ele>197.19999999999999</ele>
      </trkpt>
      <trkpt lat="-22.663221973925829" lon="14.812218993902206">
        <ele>197.19999999999999</ele>
      </trkpt>
      <trkpt lat="-22.663213005289435" lon="14.812202984467149">
        <ele>197.19999999999999</ele>
      </trkpt>
      <trkpt lat="-22.663204958662391" lon="14.812192004173994">
        <ele>197.19999999999999</ele>
      </trkpt>
      <trkpt lat="-22.6632010191679" lon="14.81218202970922">
        <ele>197.19999999999999</ele>
      </trkpt>
      <trkpt lat="-22.6632010191679" lon="14.812177000567317">
        <ele>197.19999999999999</ele>
      </trkpt>
      <trkpt lat="-22.663196995854378" lon="14.812171971425414">
        <ele>197.19999999999999</ele>
      </trkpt>
      <trkpt lat="-22.663189033046365" lon="14.812167026102543">
        <ele>197.19999999999999</ele>
      </trkpt>
      <trkpt lat="-22.663177968934178" lon="14.812158979475498">
        <ele>197.19999999999999</ele>
      </trkpt>
      <trkpt lat="-22.663166988641024" lon="14.812146993353963">
        <ele>197.19999999999999</ele>
      </trkpt>
      <trkpt lat="-22.66315802000463" lon="14.812136013060808">
        <ele>197.19999999999999</ele>
      </trkpt>
      <trkpt lat="-22.663152990862727" lon="14.812130983918905">
        <ele>197</ele>
      </trkpt>
      <trkpt lat="-22.663141004741192" lon="14.81211899779737">
        <ele>197</ele>
      </trkpt>
      <trkpt lat="-22.663131030276418" lon="14.812108017504215">
        <ele>197</ele>
      </trkpt>
      <trkpt lat="-22.663120971992612" lon="14.812097037211061">
        <ele>197</ele>
      </trkpt>
      <trkpt lat="-22.663112003356218" lon="14.812085973098874">
        <ele>197</ele>
      </trkpt>
      <trkpt lat="-22.663102028891444" lon="14.812077004462481">
        <ele>197</ele>
      </trkpt>
      <trkpt lat="-22.663095993921161" lon="14.812072981148958">
        <ele>197</ele>
      </trkpt>
      <trkpt lat="-22.663095993921161" lon="14.812072981148958">
        <ele>197</ele>
      </trkpt>
      <trkpt lat="-22.66309498809278" lon="14.812069963663816">
        <ele>197</ele>
      </trkpt>
      <trkpt lat="-22.663088031113148" lon="14.812060995027423">
        <ele>197</ele>
      </trkpt>
      <trkpt lat="-22.663076967000961" lon="14.812048003077507">
        <ele>197</ele>
      </trkpt>
      <trkpt lat="-22.663061963394284" lon="14.812028976157308">
        <ele>197</ele>
      </trkpt>
      <trkpt lat="-22.663044026121497" lon="14.812000980600715">
        <ele>197</ele>
      </trkpt>
      <trkpt lat="-22.663023993372917" lon="14.811972985044122">
        <ele>197</ele>
      </trkpt>
      <trkpt lat="-22.663002032786608" lon="14.811939960345626">
        <ele>197</ele>
      </trkpt>
      <trkpt lat="-22.662978982552886" lon="14.811907019466162">
        <ele>197</ele>
      </trkpt>
      <trkpt lat="-22.662960039451718" lon="14.811870977282524">
        <ele>197</ele>
      </trkpt>
      <trkpt lat="-22.662948975339532" lon="14.811843987554312">
        <ele>197</ele>
      </trkpt>
      <trkpt lat="-22.662946963682771" lon="14.811830995604396">
        <ele>197</ele>
      </trkpt>
      <trkpt lat="-22.66294302418828" lon="14.811816997826099">
        <ele>197</ele>
      </trkpt>
      <trkpt lat="-22.662934977561235" lon="14.811806017532945">
        <ele>197</ele>
      </trkpt>
      <trkpt lat="-22.662923997268081" lon="14.8117979709059">
        <ele>197</ele>
      </trkpt>
      <trkpt lat="-22.662914022803307" lon="14.811786990612745">
        <ele>197</ele>
      </trkpt>
      <trkpt lat="-22.662906982004642" lon="14.811771987006068">
        <ele>197</ele>
      </trkpt>
      <trkpt lat="-22.66290002502501" lon="14.811750026419759">
        <ele>197</ele>
      </trkpt>
      <trkpt lat="-22.662887033075094" lon="14.811723958700895">
        <ele>197</ele>
      </trkpt>
      <trkpt lat="-22.662874041125178" lon="14.811694035306573">
        <ele>197</ele>
      </trkpt>
      <trkpt lat="-22.662861971184611" lon="14.811664028093219">
        <ele>197</ele>
      </trkpt>
      <trkpt lat="-22.662851996719837" lon="14.811637960374355">
        <ele>197</ele>
      </trkpt>
      <trkpt lat="-22.662839004769921" lon="14.811596972867846">
        <ele>197</ele>
      </trkpt>
      <trkpt lat="-22.662826012820005" lon="14.811562020331621">
        <ele>197</ele>
      </trkpt>
      <trkpt lat="-22.662811009213328" lon="14.811522038653493">
        <ele>197</ele>
      </trkpt>
      <trkpt lat="-22.662798017263412" lon="14.811478033661842">
        <ele>197</ele>
      </trkpt>
      <trkpt lat="-22.662785025313497" lon="14.811435034498572">
        <ele>197</ele>
      </trkpt>
      <trkpt lat="-22.662773039191961" lon="14.811392035335302">
        <ele>196.80000000000001</ele>
      </trkpt>
      <trkpt lat="-22.662759963423014" lon="14.811349958181381">
        <ele>196.80000000000001</ele>
      </trkpt>
      <trkpt lat="-22.66274998895824" lon="14.811320034787059">
        <ele>196.80000000000001</ele>
      </trkpt>
      <trkpt lat="-22.662744037806988" lon="14.811279969289899">
        <ele>196.80000000000001</ele>
      </trkpt>
      <trkpt lat="-22.662736997008324" lon="14.811239987611771">
        <ele>196.80000000000001</ele>
      </trkpt>
      <trkpt lat="-22.662732973694801" lon="14.811211992055178">
        <ele>196.80000000000001</ele>
      </trkpt>
      <trkpt lat="-22.66272702254355" lon="14.811187013983727">
        <ele>196.80000000000001</ele>
      </trkpt>
      <trkpt lat="-22.662719981744885" lon="14.811165975406766">
        <ele>196.80000000000001</ele>
      </trkpt>
      <trkpt lat="-22.662713024765253" lon="14.811139991506934">
        <ele>196.80000000000001</ele>
      </trkpt>
      <trkpt lat="-22.66270799562335" lon="14.811113001778722">
        <ele>196.80000000000001</ele>
      </trkpt>
      <trkpt lat="-22.662702966481447" lon="14.811092969030142">
        <ele>196.80000000000001</ele>
      </trkpt>
      <trkpt lat="-22.662698021158576" lon="14.811072014272213">
        <ele>196.80000000000001</ele>
      </trkpt>
      <trkpt lat="-22.662696009501815" lon="14.811052987352014">
        <ele>196.80000000000001</ele>
      </trkpt>
      <trkpt lat="-22.662697015330195" lon="14.811034966260195">
        <ele>196.80000000000001</ele>
      </trkpt>
      <trkpt lat="-22.662699026986957" lon="14.811031026765704">
        <ele>196.80000000000001</ele>
      </trkpt>
      <trkpt lat="-22.662699026986957" lon="14.811031026765704">
        <ele>196.59999999999999</ele>
      </trkpt>
      <trkpt lat="-22.662697015330195" lon="14.811025997623801">
        <ele>196.59999999999999</ele>
      </trkpt>
      <trkpt lat="-22.662690980359912" lon="14.811015017330647">
        <ele>196.59999999999999</ele>
      </trkpt>
      <trkpt lat="-22.662686035037041" lon="14.811005964875221">
        <ele>196.59999999999999</ele>
      </trkpt>
      <trkpt lat="-22.662676982581615" lon="14.810990961268544">
        <ele>196.59999999999999</ele>
      </trkpt>
      <trkpt lat="-22.662672037258744" lon="14.810982998460531">
        <ele>196.59999999999999</ele>
      </trkpt>
      <trkpt lat="-22.662671031430364" lon="14.81098098680377">
        <ele>196.59999999999999</ele>
      </trkpt>
      <trkpt lat="-22.662671031430364" lon="14.810976041480899">
        <ele>196.59999999999999</ele>
      </trkpt>
      <trkpt lat="-22.662670025601983" lon="14.810970006510615">
        <ele>196.59999999999999</ele>
      </trkpt>
      <trkpt lat="-22.662669019773602" lon="14.810966989025474">
        <ele>196.59999999999999</ele>
      </trkpt>
      <trkpt lat="-22.662669019773602" lon="14.810966989025474">
        <ele>196.59999999999999</ele>
      </trkpt>
      <trkpt lat="-22.662669019773602" lon="14.810965983197093">
        <ele>196.59999999999999</ele>
      </trkpt>
      <trkpt lat="-22.662667008116841" lon="14.810963971540332">
        <ele>196.59999999999999</ele>
      </trkpt>
      <trkpt lat="-22.66266499646008" lon="14.810963971540332">
        <ele>196.59999999999999</ele>
      </trkpt>
      <trkpt lat="-22.662660973146558" lon="14.81095802038908">
        <ele>196.59999999999999</ele>
      </trkpt>
      <trkpt lat="-22.662656027823687" lon="14.810943016782403">
        <ele>196.59999999999999</ele>
      </trkpt>
      <trkpt lat="-22.662649992853403" lon="14.810920972377062">
        <ele>196.59999999999999</ele>
      </trkpt>
      <trkpt lat="-22.662643035873771" lon="14.81089498847723">
        <ele>196.59999999999999</ele>
      </trkpt>
      <trkpt lat="-22.662637000903487" lon="14.810863975435495">
        <ele>196.59999999999999</ele>
      </trkpt>
      <trkpt lat="-22.662631971761584" lon="14.810832040384412">
        <ele>196.59999999999999</ele>
      </trkpt>
      <trkpt lat="-22.662626020610332" lon="14.810793986544013">
        <ele>196.59999999999999</ele>
      </trkpt>
      <trkpt lat="-22.662615962326527" lon="14.810761967673898">
        <ele>196.59999999999999</ele>
      </trkpt>
      <trkpt lat="-22.662605987861753" lon="14.810742018744349">
        <ele>196.59999999999999</ele>
      </trkpt>
      <trkpt lat="-22.66260196454823" lon="14.810728020966053">
        <ele>196.59999999999999</ele>
      </trkpt>
      <trkpt lat="-22.66259802505374" lon="14.810717962682247">
        <ele>196.59999999999999</ele>
      </trkpt>
      <trkpt lat="-22.662592995911837" lon="14.810711005702615">
        <ele>196.59999999999999</ele>
      </trkpt>
      <trkpt lat="-22.662586960941553" lon="14.810702037066221">
        <ele>196.59999999999999</ele>
      </trkpt>
      <trkpt lat="-22.662581009790301" lon="14.810690972954035">
        <ele>196.59999999999999</ele>
      </trkpt>
      <trkpt lat="-22.662573968991637" lon="14.810680998489261">
        <ele>196.59999999999999</ele>
      </trkpt>
      <trkpt lat="-22.662566006183624" lon="14.810671024024487">
        <ele>196.59999999999999</ele>
      </trkpt>
      <trkpt lat="-22.66255795955658" lon="14.8106599599123">
        <ele>196.59999999999999</ele>
      </trkpt>
      <trkpt lat="-22.662549996748567" lon="14.810645040124655">
        <ele>196.59999999999999</ele>
      </trkpt>
      <trkpt lat="-22.662545973435044" lon="14.810634981840849">
        <ele>196.59999999999999</ele>
      </trkpt>
      <trkpt lat="-22.662545973435044" lon="14.810632970184088">
        <ele>196.59999999999999</ele>
      </trkpt>
      <trkpt lat="-22.662545973435044" lon="14.810632970184088">
        <ele>196.59999999999999</ele>
      </trkpt>
      <trkpt lat="-22.662545973435044" lon="14.810632970184088">
        <ele>196.59999999999999</ele>
      </trkpt>
      <trkpt lat="-22.662545973435044" lon="14.810632970184088">
        <ele>196.59999999999999</ele>
      </trkpt>
      <trkpt lat="-22.662543039768934" lon="14.810631964355707">
        <ele>196.59999999999999</ele>
      </trkpt>
      <trkpt lat="-22.66253599897027" lon="14.810624001547694">
        <ele>196.59999999999999</ele>
      </trkpt>
      <trkpt lat="-22.662528958171606" lon="14.810613021254539">
        <ele>196.59999999999999</ele>
      </trkpt>
      <trkpt lat="-22.662518983706832" lon="14.81059298850596">
        <ele>196.59999999999999</ele>
      </trkpt>
      <trkpt lat="-22.662508003413677" lon="14.810565998777747">
        <ele>196.40000000000001</ele>
      </trkpt>
      <trkpt lat="-22.662496017292142" lon="14.810533979907632">
        <ele>196.40000000000001</ele>
      </trkpt>
      <trkpt lat="-22.662483025342226" lon="14.810500033199787">
        <ele>196.40000000000001</ele>
      </trkpt>
      <trkpt lat="-22.662467015907168" lon="14.810462985187769">
        <ele>196.40000000000001</ele>
      </trkpt>
      <trkpt lat="-22.662451006472111" lon="14.810425015166402">
        <ele>196.40000000000001</ele>
      </trkpt>
      <trkpt lat="-22.662436002865434" lon="14.810386039316654">
        <ele>196.40000000000001</ele>
      </trkpt>
      <trkpt lat="-22.662422005087137" lon="14.810348991304636">
        <ele>196.40000000000001</ele>
      </trkpt>
      <trkpt lat="-22.662413958460093" lon="14.810317978262901">
        <ele>196.40000000000001</ele>
      </trkpt>
      <trkpt lat="-22.662409013137221" lon="14.810297023504972">
        <ele>196.40000000000001</ele>
      </trkpt>
      <trkpt lat="-22.662402978166938" lon="14.810285959392786">
        <ele>196.40000000000001</ele>
      </trkpt>
      <trkpt lat="-22.662399960681796" lon="14.810284031555057">
        <ele>196.40000000000001</ele>
      </trkpt>
      <trkpt lat="-22.662390992045403" lon="14.810277996584773">
        <ele>196.40000000000001</ele>
      </trkpt>
      <trkpt lat="-22.66238302923739" lon="14.810268022119999">
        <ele>196.40000000000001</ele>
      </trkpt>
      <trkpt lat="-22.662382023409009" lon="14.810265004634857">
        <ele>196.40000000000001</ele>
      </trkpt>
      <trkpt lat="-22.662382023409009" lon="14.810265004634857">
        <ele>196.40000000000001</ele>
      </trkpt>
      <trkpt lat="-22.662382023409009" lon="14.810265004634857">
        <ele>196.40000000000001</ele>
      </trkpt>
      <trkpt lat="-22.662382023409009" lon="14.810261987149715">
        <ele>196.40000000000001</ele>
      </trkpt>
      <trkpt lat="-22.662382023409009" lon="14.810255030170083">
        <ele>196.40000000000001</ele>
      </trkpt>
      <trkpt lat="-22.662376994267106" lon="14.810239020735025">
        <ele>196.40000000000001</ele>
      </trkpt>
      <trkpt lat="-22.662368025630713" lon="14.810212031006813">
        <ele>196.40000000000001</ele>
      </trkpt>
      <trkpt lat="-22.662361990660429" lon="14.810187974944711">
        <ele>196.40000000000001</ele>
      </trkpt>
      <trkpt lat="-22.662350004538894" lon="14.810156039893627">
        <ele>196.40000000000001</ele>
      </trkpt>
      <trkpt lat="-22.662331983447075" lon="14.81012100353837">
        <ele>196.40000000000001</ele>
      </trkpt>
      <trkpt lat="-22.66231999732554" lon="14.810098959133029">
        <ele>196.40000000000001</ele>
      </trkpt>
      <trkpt lat="-22.662312034517527" lon="14.810082027688622">
        <ele>196.40000000000001</ele>
      </trkpt>
      <trkpt lat="-22.66230097040534" lon="14.810061994940042">
        <ele>196.40000000000001</ele>
      </trkpt>
      <trkpt lat="-22.662289990112185" lon="14.810041962191463">
        <ele>196.40000000000001</ele>
      </trkpt>
      <trkpt lat="-22.662279009819031" lon="14.810016984120011">
        <ele>196.19999999999999</ele>
      </trkpt>
      <trkpt lat="-22.66227800399065" lon="14.810003992170095">
        <ele>196.19999999999999</ele>
      </trkpt>
      <trkpt lat="-22.662273980677128" lon="14.810000974684954">
        <ele>196.19999999999999</ele>
      </trkpt>
      <trkpt lat="-22.662265012040734" lon="14.809996029362082">
        <ele>196.19999999999999</ele>
      </trkpt>
      <trkpt lat="-22.662253025919199" lon="14.809986976906657">
        <ele>196.40000000000001</ele>
      </trkpt>
      <trkpt lat="-22.662245985120535" lon="14.809977002441883">
        <ele>196.40000000000001</ele>
      </trkpt>
      <trkpt lat="-22.662241039797664" lon="14.80996803380549">
        <ele>196.40000000000001</ele>
      </trkpt>
      <trkpt lat="-22.662240033969283" lon="14.809965016320348">
        <ele>196.40000000000001</ele>
      </trkpt>
      <trkpt lat="-22.662240033969283" lon="14.809965016320348">
        <ele>196.40000000000001</ele>
      </trkpt>
      <trkpt lat="-22.662240033969283" lon="14.809965016320348">
        <ele>196.40000000000001</ele>
      </trkpt>
      <trkpt lat="-22.662239028140903" lon="14.809961998835206">
        <ele>196.40000000000001</ele>
      </trkpt>
      <trkpt lat="-22.662231987342238" lon="14.809953030198812">
        <ele>196.40000000000001</ele>
      </trkpt>
      <trkpt lat="-22.662218995392323" lon="14.809936014935374">
        <ele>196.40000000000001</ele>
      </trkpt>
      <trkpt lat="-22.662198962643743" lon="14.809909025207162">
        <ele>196.40000000000001</ele>
      </trkpt>
      <trkpt lat="-22.662183037027717" lon="14.809887986630201">
        <ele>196.40000000000001</ele>
      </trkpt>
      <trkpt lat="-22.662158980965614" lon="14.809857979416847">
        <ele>196.19999999999999</ele>
      </trkpt>
      <trkpt lat="-22.662134002894163" lon="14.809824032709002">
        <ele>196.19999999999999</ele>
      </trkpt>
      <trkpt lat="-22.662111958488822" lon="14.809786984696984">
        <ele>196.19999999999999</ele>
      </trkpt>
      <trkpt lat="-22.662088992074132" lon="14.809750020503998">
        <ele>196</ele>
      </trkpt>
      <trkpt lat="-22.662069965153933" lon="14.809707021340728">
        <ele>196</ele>
      </trkpt>
      <trkpt lat="-22.662056973204017" lon="14.809664022177458">
        <ele>196</ele>
      </trkpt>
      <trkpt lat="-22.662045992910862" lon="14.809625968337059">
        <ele>196</ele>
      </trkpt>
      <trkpt lat="-22.662037024274468" lon="14.809596966952085">
        <ele>196</ele>
      </trkpt>
      <trkpt lat="-22.662027971819043" lon="14.809575006365776">
        <ele>196</ele>
      </trkpt>
      <trkpt lat="-22.66202000901103" lon="14.809552961960435">
        <ele>196</ele>
      </trkpt>
      <trkpt lat="-22.662012968212366" lon="14.809528989717364">
        <ele>196</ele>
      </trkpt>
      <trkpt lat="-22.662006011232734" lon="14.809506023302674">
        <ele>196</ele>
      </trkpt>
      <trkpt lat="-22.661996958777308" lon="14.809485990554094">
        <ele>196</ele>
      </trkpt>
      <trkpt lat="-22.661986984312534" lon="14.809470986947417">
        <ele>196</ele>
      </trkpt>
      <trkpt lat="-22.661979021504521" lon="14.809463024139404">
        <ele>196</ele>
      </trkpt>
      <trkpt lat="-22.66197600401938" lon="14.809461012482643">
        <ele>196</ele>
      </trkpt>
      <trkpt lat="-22.661974998190999" lon="14.809461012482643">
        <ele>196</ele>
      </trkpt>
      <trkpt lat="-22.661969969049096" lon="14.809456989169121">
        <ele>196</ele>
      </trkpt>
      <trkpt lat="-22.661963012069464" lon="14.809449026361108">
        <ele>196</ele>
      </trkpt>
      <trkpt lat="-22.661954965442419" lon="14.809434022754431">
        <ele>196</ele>
      </trkpt>
      <trkpt lat="-22.661944990977645" lon="14.809414995834231">
        <ele>196</ele>
      </trkpt>
      <trkpt lat="-22.66193300485611" lon="14.809395968914032">
        <ele>196</ele>
      </trkpt>
      <trkpt lat="-22.661916995421052" lon="14.809373002499342">
        <ele>196</ele>
      </trkpt>
      <trkpt lat="-22.661904003471136" lon="14.809345006942749">
        <ele>196</ele>
      </trkpt>
      <trkpt lat="-22.661888999864459" lon="14.809313993901014">
        <ele>196</ele>
      </trkpt>
      <trkpt lat="-22.661873996257782" lon="14.809279963374138">
        <ele>196</ele>
      </trkpt>
      <trkpt lat="-22.661856980994344" lon="14.809242999181151">
        <ele>196</ele>
      </trkpt>
      <trkpt lat="-22.661839965730906" lon="14.809204023331404">
        <ele>196</ele>
      </trkpt>
      <trkpt lat="-22.661824962124228" lon="14.809165969491005">
        <ele>196</ele>
      </trkpt>
      <trkpt lat="-22.661809958517551" lon="14.809124981984496">
        <ele>196</ele>
      </trkpt>
      <trkpt lat="-22.661795960739255" lon="14.809082988649607">
        <ele>196</ele>
      </trkpt>
      <trkpt lat="-22.66178104095161" lon="14.809043006971478">
        <ele>196</ele>
      </trkpt>
      <trkpt lat="-22.661766037344933" lon="14.809001013636589">
        <ele>196</ele>
      </trkpt>
      <trkpt lat="-22.661752039566636" lon="14.8089590203017">
        <ele>196</ele>
      </trkpt>
      <trkpt lat="-22.661737035959959" lon="14.808915015310049">
        <ele>196</ele>
      </trkpt>
      <trkpt lat="-22.661726977676153" lon="14.80887302197516">
        <ele>196</ele>
      </trkpt>
      <trkpt lat="-22.66171800903976" lon="14.80883002281189">
        <ele>196</ele>
      </trkpt>
      <trkpt lat="-22.661709040403366" lon="14.808785011991858">
        <ele>196</ele>
      </trkpt>
      <trkpt lat="-22.661699987947941" lon="14.808740001171827">
        <ele>196</ele>
      </trkpt>
      <trkpt lat="-22.661694958806038" lon="14.808692978695035">
        <ele>196</ele>
      </trkpt>
      <trkpt lat="-22.661691019311547" lon="14.808646962046623">
        <ele>196</ele>
      </trkpt>
      <trkpt lat="-22.661690013483167" lon="14.808603040874004">
        <ele>196</ele>
      </trkpt>
      <trkpt lat="-22.661688001826406" lon="14.808562975376844">
        <ele>196</ele>
      </trkpt>
      <trkpt lat="-22.661684984341264" lon="14.808528022840619">
        <ele>195.80000000000001</ele>
      </trkpt>
      <trkpt lat="-22.661682972684503" lon="14.808496003970504">
        <ele>195.80000000000001</ele>
      </trkpt>
      <trkpt lat="-22.661680039018393" lon="14.808464990928769">
        <ele>195.80000000000001</ele>
      </trkpt>
      <trkpt lat="-22.66167601570487" lon="14.808432972058654">
        <ele>195.80000000000001</ele>
      </trkpt>
      <trkpt lat="-22.661670986562967" lon="14.80840103700757">
        <ele>195.80000000000001</ele>
      </trkpt>
      <trkpt lat="-22.661669980734587" lon="14.808370023965836">
        <ele>195.80000000000001</ele>
      </trkpt>
      <trkpt lat="-22.661671992391348" lon="14.80833800509572">
        <ele>195.80000000000001</ele>
      </trkpt>
      <trkpt lat="-22.661672998219728" lon="14.808306992053986">
        <ele>195.80000000000001</ele>
      </trkpt>
      <trkpt lat="-22.661674004048109" lon="14.808278996497393">
        <ele>195.80000000000001</ele>
      </trkpt>
      <trkpt lat="-22.661674004048109" lon="14.80825200676918">
        <ele>195.80000000000001</ele>
      </trkpt>
      <trkpt lat="-22.661671992391348" lon="14.808223005384207">
        <ele>195.59999999999999</ele>
      </trkpt>
      <trkpt lat="-22.661668974906206" lon="14.808192998170853">
        <ele>195.59999999999999</ele>
      </trkpt>
      <trkpt lat="-22.661664029583335" lon="14.808162990957499">
        <ele>195.59999999999999</ele>
      </trkpt>
      <trkpt lat="-22.661657994613051" lon="14.808130972087383">
        <ele>195.59999999999999</ele>
      </trkpt>
      <trkpt lat="-22.661651959642768" lon="14.80810197070241">
        <ele>195.40000000000001</ele>
      </trkpt>
      <trkpt lat="-22.661650031805038" lon="14.808072969317436">
        <ele>195.40000000000001</ele>
      </trkpt>
      <trkpt lat="-22.661650031805038" lon="14.808046985417604">
        <ele>195.40000000000001</ele>
      </trkpt>
      <trkpt lat="-22.661653971299529" lon="14.808027036488056">
        <ele>195.40000000000001</ele>
      </trkpt>
      <trkpt lat="-22.661660006269813" lon="14.808004992082715">
        <ele>195.40000000000001</ele>
      </trkpt>
      <trkpt lat="-22.661662017926574" lon="14.807980014011264">
        <ele>195.40000000000001</ele>
      </trkpt>
      <trkpt lat="-22.661662017926574" lon="14.807956963777542">
        <ele>195.40000000000001</ele>
      </trkpt>
      <trkpt lat="-22.661662017926574" lon="14.807937014847994">
        <ele>195.40000000000001</ele>
      </trkpt>
      <trkpt lat="-22.661660006269813" lon="14.807922011241317">
        <ele>195.40000000000001</ele>
      </trkpt>
      <trkpt lat="-22.661660006269813" lon="14.807916982099414">
        <ele>195.19999999999999</ele>
      </trkpt>
      <trkpt lat="-22.661659000441432" lon="14.807912958785892">
        <ele>195.19999999999999</ele>
      </trkpt>
      <trkpt lat="-22.661659000441432" lon="14.807912036776543">
        <ele>195.19999999999999</ele>
      </trkpt>
      <trkpt lat="-22.661660006269813" lon="14.80790700763464">
        <ele>195.19999999999999</ele>
      </trkpt>
      <trkpt lat="-22.661660006269813" lon="14.807899966835976">
        <ele>195.19999999999999</ele>
      </trkpt>
      <trkpt lat="-22.661653971299529" lon="14.807890998199582">
        <ele>195.19999999999999</ele>
      </trkpt>
      <trkpt lat="-22.661646008491516" lon="14.807882029563189">
        <ele>195.19999999999999</ele>
      </trkpt>
      <trkpt lat="-22.661638967692852" lon="14.807871971279383">
        <ele>195.19999999999999</ele>
      </trkpt>
      <trkpt lat="-22.661636034026742" lon="14.80786501429975">
        <ele>195.19999999999999</ele>
      </trkpt>
      <trkpt lat="-22.661636034026742" lon="14.80786501429975">
        <ele>195.19999999999999</ele>
      </trkpt>
      <trkpt lat="-22.661636034026742" lon="14.80786501429975">
        <ele>195.19999999999999</ele>
      </trkpt>
      <trkpt lat="-22.661636034026742" lon="14.807861996814609">
        <ele>195.19999999999999</ele>
      </trkpt>
      <trkpt lat="-22.661635028198361" lon="14.807851016521454">
        <ele>195.19999999999999</ele>
      </trkpt>
      <trkpt lat="-22.661635028198361" lon="14.807835007086396">
        <ele>195.19999999999999</ele>
      </trkpt>
      <trkpt lat="-22.661637961864471" lon="14.807817991822958">
        <ele>195.19999999999999</ele>
      </trkpt>
      <trkpt lat="-22.661643996834755" lon="14.807803994044662">
        <ele>195.19999999999999</ele>
      </trkpt>
      <trkpt lat="-22.661648020148277" lon="14.807797037065029">
        <ele>195.19999999999999</ele>
      </trkpt>
      <trkpt lat="-22.66165497712791" lon="14.807792007923126">
        <ele>195.19999999999999</ele>
      </trkpt>
      <trkpt lat="-22.661666041240096" lon="14.807783039286733">
        <ele>195.19999999999999</ele>
      </trkpt>
      <trkpt lat="-22.661678027361631" lon="14.807771975174546">
        <ele>195.19999999999999</ele>
      </trkpt>
      <trkpt lat="-22.661688001826406" lon="14.807759989053011">
        <ele>195.19999999999999</ele>
      </trkpt>
      <trkpt lat="-22.661691019311547" lon="14.807753032073379">
        <ele>195.19999999999999</ele>
      </trkpt>
      <trkpt lat="-22.661691019311547" lon="14.807753032073379">
        <ele>195.19999999999999</ele>
      </trkpt>
      <trkpt lat="-22.661692025139928" lon="14.807751020416617">
        <ele>195.19999999999999</ele>
      </trkpt>
      <trkpt lat="-22.661692025139928" lon="14.807741967961192">
        <ele>195.19999999999999</ele>
      </trkpt>
      <trkpt lat="-22.661694036796689" lon="14.807725958526134">
        <ele>195.19999999999999</ele>
      </trkpt>
      <trkpt lat="-22.661696970462799" lon="14.807707015424967">
        <ele>195.19999999999999</ele>
      </trkpt>
      <trkpt lat="-22.661699987947941" lon="14.807685976848006">
        <ele>195.19999999999999</ele>
      </trkpt>
      <trkpt lat="-22.661705017089844" lon="14.807667033746839">
        <ele>195.19999999999999</ele>
      </trkpt>
      <trkpt lat="-22.661707028746605" lon="14.807652030140162">
        <ele>195.19999999999999</ele>
      </trkpt>
      <trkpt lat="-22.661709962412715" lon="14.807634009048343">
        <ele>195.19999999999999</ele>
      </trkpt>
      <trkpt lat="-22.661711974069476" lon="14.807611964643002">
        <ele>195.19999999999999</ele>
      </trkpt>
      <trkpt lat="-22.661715997382998" lon="14.807582041248679">
        <ele>195.19999999999999</ele>
      </trkpt>
      <trkpt lat="-22.66171901486814" lon="14.807549016550183">
        <ele>195.19999999999999</ele>
      </trkpt>
      <trkpt lat="-22.66171901486814" lon="14.807514986023307">
        <ele>195.19999999999999</ele>
      </trkpt>
      <trkpt lat="-22.661715997382998" lon="14.807480033487082">
        <ele>195.19999999999999</ele>
      </trkpt>
      <trkpt lat="-22.661708034574986" lon="14.807443991303444">
        <ele>195.40000000000001</ele>
      </trkpt>
      <trkpt lat="-22.661696970462799" lon="14.807409038767219">
        <ele>195.40000000000001</ele>
      </trkpt>
      <trkpt lat="-22.661680961027741" lon="14.807375008240342">
        <ele>195.40000000000001</ele>
      </trkpt>
      <trkpt lat="-22.661662017926574" lon="14.807336032390594">
        <ele>195.59999999999999</ele>
      </trkpt>
      <trkpt lat="-22.661647014319897" lon="14.807294961065054">
        <ele>195.59999999999999</ele>
      </trkpt>
      <trkpt lat="-22.661637961864471" lon="14.807253973558545">
        <ele>195.59999999999999</ele>
      </trkpt>
      <trkpt lat="-22.661634022369981" lon="14.807217009365559">
        <ele>195.59999999999999</ele>
      </trkpt>
      <trkpt lat="-22.661627987399697" lon="14.807181973010302">
        <ele>195.59999999999999</ele>
      </trkpt>
      <trkpt lat="-22.661622958257794" lon="14.807149032130837">
        <ele>195.59999999999999</ele>
      </trkpt>
      <trkpt lat="-22.661621030420065" lon="14.807122964411974">
        <ele>195.59999999999999</ele>
      </trkpt>
      <trkpt lat="-22.661621030420065" lon="14.807107038795948">
        <ele>195.59999999999999</ele>
      </trkpt>
      <trkpt lat="-22.661620024591684" lon="14.807098992168903">
        <ele>195.59999999999999</ele>
      </trkpt>
      <trkpt lat="-22.661623964086175" lon="14.807093041017652">
        <ele>195.40000000000001</ele>
      </trkpt>
      <trkpt lat="-22.661627987399697" lon="14.807081976905465">
        <ele>195.40000000000001</ele>
      </trkpt>
      <trkpt lat="-22.661624969914556" lon="14.807062027975917">
        <ele>195.19999999999999</ele>
      </trkpt>
      <trkpt lat="-22.661614995449781" lon="14.807038977742195">
        <ele>195.19999999999999</ele>
      </trkpt>
      <trkpt lat="-22.661604015156627" lon="14.807016011327505">
        <ele>195.19999999999999</ele>
      </trkpt>
      <trkpt lat="-22.661602003499866" lon="14.806995978578925">
        <ele>195.19999999999999</ele>
      </trkpt>
      <trkpt lat="-22.661603009328246" lon="14.80698399245739">
        <ele>195.19999999999999</ele>
      </trkpt>
      <trkpt lat="-22.661604015156627" lon="14.806973012164235">
        <ele>195.19999999999999</ele>
      </trkpt>
      <trkpt lat="-22.661606026813388" lon="14.80696203187108">
        <ele>195.19999999999999</ele>
      </trkpt>
      <trkpt lat="-22.661608038470149" lon="14.806954991072416">
        <ele>195.19999999999999</ele>
      </trkpt>
      <trkpt lat="-22.661609966307878" lon="14.806949961930513">
        <ele>195.19999999999999</ele>
      </trkpt>
      <trkpt lat="-22.661609966307878" lon="14.806949961930513">
        <ele>195</ele>
      </trkpt>
      <trkpt lat="-22.661609966307878" lon="14.806949961930513">
        <ele>195</ele>
      </trkpt>
      <trkpt lat="-22.66161197796464" lon="14.806945016607642">
        <ele>195</ele>
      </trkpt>
      <trkpt lat="-22.66161298379302" lon="14.806931018829346">
        <ele>195</ele>
      </trkpt>
      <trkpt lat="-22.661613989621401" lon="14.806911991909146">
        <ele>195</ele>
      </trkpt>
      <trkpt lat="-22.661613989621401" lon="14.806887013837695">
        <ele>195</ele>
      </trkpt>
      <trkpt lat="-22.66161197796464" lon="14.806858012452722">
        <ele>195</ele>
      </trkpt>
      <trkpt lat="-22.661606026813388" lon="14.806824987754226">
        <ele>195</ele>
      </trkpt>
      <trkpt lat="-22.661599991843104" lon="14.80679296888411">
        <ele>195</ele>
      </trkpt>
      <trkpt lat="-22.661592029035091" lon="14.806754998862743">
        <ele>195</ele>
      </trkpt>
      <trkpt lat="-22.661585994064808" lon="14.806711999699473">
        <ele>195</ele>
      </trkpt>
      <trkpt lat="-22.661581970751286" lon="14.806667994707823">
        <ele>195</ele>
      </trkpt>
      <trkpt lat="-22.661579959094524" lon="14.806623989716172">
        <ele>195</ele>
      </trkpt>
      <trkpt lat="-22.661581970751286" lon="14.806580990552902">
        <ele>195</ele>
      </trkpt>
      <trkpt lat="-22.661580964922905" lon="14.806540003046393">
        <ele>195</ele>
      </trkpt>
      <trkpt lat="-22.661579959094524" lon="14.806498009711504">
        <ele>195</ele>
      </trkpt>
      <trkpt lat="-22.661577025428414" lon="14.806452998891473">
        <ele>195</ele>
      </trkpt>
      <trkpt lat="-22.661573002114892" lon="14.806406982243061">
        <ele>195</ele>
      </trkpt>
      <trkpt lat="-22.661571996286511" lon="14.806360965594649">
        <ele>195</ele>
      </trkpt>
      <trkpt lat="-22.661573002114892" lon="14.806311009451747">
        <ele>195</ele>
      </trkpt>
      <trkpt lat="-22.661571996286511" lon="14.806261975318193">
        <ele>195</ele>
      </trkpt>
      <trkpt lat="-22.661571996286511" lon="14.806214030832052">
        <ele>195</ele>
      </trkpt>
      <trkpt lat="-22.66156998462975" lon="14.806169020012021">
        <ele>195</ele>
      </trkpt>
      <trkpt lat="-22.661565039306879" lon="14.806119985878468">
        <ele>195</ele>
      </trkpt>
      <trkpt lat="-22.661560010164976" lon="14.806074975058436">
        <ele>195</ele>
      </trkpt>
      <trkpt lat="-22.661559004336596" lon="14.806028958410025">
        <ele>195</ele>
      </trkpt>
      <trkpt lat="-22.661557998508215" lon="14.805985037237406">
        <ele>195</ele>
      </trkpt>
      <trkpt lat="-22.661557998508215" lon="14.805947989225388">
        <ele>195</ele>
      </trkpt>
      <trkpt lat="-22.661557998508215" lon="14.805914964526892">
        <ele>195</ele>
      </trkpt>
      <trkpt lat="-22.661556992679834" lon="14.805882023647428">
        <ele>195</ele>
      </trkpt>
      <trkpt lat="-22.661556992679834" lon="14.805850004777312">
        <ele>194.80000000000001</ele>
      </trkpt>
      <trkpt lat="-22.661560010164976" lon="14.805815974250436">
        <ele>194.80000000000001</ele>
      </trkpt>
      <trkpt lat="-22.661565039306879" lon="14.805784961208701">
        <ele>194.80000000000001</ele>
      </trkpt>
      <trkpt lat="-22.66156897880137" lon="14.805757971480489">
        <ele>195</ele>
      </trkpt>
      <trkpt lat="-22.66156998462975" lon="14.805732993409038">
        <ele>195</ele>
      </trkpt>
      <trkpt lat="-22.66156897880137" lon="14.805709021165967">
        <ele>195</ele>
      </trkpt>
      <trkpt lat="-22.661567972972989" lon="14.805684965103865">
        <ele>195</ele>
      </trkpt>
      <trkpt lat="-22.66156897880137" lon="14.805661998689175">
        <ele>194.80000000000001</ele>
      </trkpt>
      <trkpt lat="-22.66156897880137" lon="14.805638026446104">
        <ele>195</ele>
      </trkpt>
      <trkpt lat="-22.66156998462975" lon="14.805614976212382">
        <ele>195</ele>
      </trkpt>
      <trkpt lat="-22.661570990458131" lon="14.805597038939595">
        <ele>195</ele>
      </trkpt>
      <trkpt lat="-22.66156998462975" lon="14.805578012019396">
        <ele>195</ele>
      </trkpt>
      <trkpt lat="-22.66156998462975" lon="14.805555967614055">
        <ele>195</ele>
      </trkpt>
      <trkpt lat="-22.661571996286511" lon="14.805530989542603">
        <ele>194.80000000000001</ele>
      </trkpt>
      <trkpt lat="-22.661570990458131" lon="14.805502993986011">
        <ele>194.80000000000001</ele>
      </trkpt>
      <trkpt lat="-22.661571996286511" lon="14.805471980944276">
        <ele>195</ele>
      </trkpt>
      <trkpt lat="-22.66156897880137" lon="14.805439040064812">
        <ele>194.59999999999999</ele>
      </trkpt>
      <trkpt lat="-22.661566967144608" lon="14.805408027023077">
        <ele>194.80000000000001</ele>
      </trkpt>
      <trkpt lat="-22.661565039306879" lon="14.805378019809723">
        <ele>194.59999999999999</ele>
      </trkpt>
      <trkpt lat="-22.661562021821737" lon="14.80535002425313">
        <ele>194.80000000000001</ele>
      </trkpt>
      <trkpt lat="-22.661555986851454" lon="14.805324040353298">
        <ele>194.59999999999999</ele>
      </trkpt>
      <trkpt lat="-22.661551963537931" lon="14.805295038968325">
        <ele>194.59999999999999</ele>
      </trkpt>
      <trkpt lat="-22.66154701821506" lon="14.805265031754971">
        <ele>194.59999999999999</ele>
      </trkpt>
      <trkpt lat="-22.661542994901538" lon="14.805238964036107">
        <ele>194.59999999999999</ele>
      </trkpt>
      <trkpt lat="-22.661541989073157" lon="14.805212980136275">
        <ele>194.59999999999999</ele>
      </trkpt>
      <trkpt lat="-22.661540983244777" lon="14.805185990408063">
        <ele>194.59999999999999</ele>
      </trkpt>
      <trkpt lat="-22.661541989073157" lon="14.80515799485147">
        <ele>194.59999999999999</ele>
      </trkpt>
      <trkpt lat="-22.661544000729918" lon="14.805124970152974">
        <ele>194.59999999999999</ele>
      </trkpt>
      <trkpt lat="-22.661542994901538" lon="14.805090017616749">
        <ele>194.59999999999999</ele>
      </trkpt>
      <trkpt lat="-22.661541989073157" lon="14.805056992918253">
        <ele>194.59999999999999</ele>
      </trkpt>
      <trkpt lat="-22.661539977416396" lon="14.805024974048138">
        <ele>194.80000000000001</ele>
      </trkpt>
      <trkpt lat="-22.661536037921906" lon="14.804995972663164">
        <ele>194.80000000000001</ele>
      </trkpt>
      <trkpt lat="-22.661531008780003" lon="14.804977029561996">
        <ele>194.80000000000001</ele>
      </trkpt>
      <trkpt lat="-22.661527991294861" lon="14.8049630317837">
        <ele>194.80000000000001</ele>
      </trkpt>
      <trkpt lat="-22.66152698546648" lon="14.804946016520262">
        <ele>194.80000000000001</ele>
      </trkpt>
      <trkpt lat="-22.661528997123241" lon="14.804923972114921">
        <ele>194.80000000000001</ele>
      </trkpt>
      <trkpt lat="-22.661530002951622" lon="14.804892959073186">
        <ele>194.80000000000001</ele>
      </trkpt>
      <trkpt lat="-22.661531008780003" lon="14.804858006536961">
        <ele>194.80000000000001</ele>
      </trkpt>
      <trkpt lat="-22.661531008780003" lon="14.804820036515594">
        <ele>194.80000000000001</ele>
      </trkpt>
      <trkpt lat="-22.661533020436764" lon="14.804780976846814">
        <ele>194.80000000000001</ele>
      </trkpt>
      <trkpt lat="-22.661536037921906" lon="14.804745018482208">
        <ele>194.80000000000001</ele>
      </trkpt>
      <trkpt lat="-22.661536037921906" lon="14.804710987955332">
        <ele>194.80000000000001</ele>
      </trkpt>
      <trkpt lat="-22.661532014608383" lon="14.804677041247487">
        <ele>194.80000000000001</ele>
      </trkpt>
      <trkpt lat="-22.66152698546648" lon="14.804643010720611">
        <ele>194.80000000000001</ele>
      </trkpt>
      <trkpt lat="-22.661522040143609" lon="14.804602023214102">
        <ele>194.80000000000001</ele>
      </trkpt>
      <trkpt lat="-22.661520028486848" lon="14.804558018222451">
        <ele>194.80000000000001</ele>
      </trkpt>
      <trkpt lat="-22.661517011001706" lon="14.80451300740242">
        <ele>194.80000000000001</ele>
      </trkpt>
      <trkpt lat="-22.661513993516564" lon="14.804467996582389">
        <ele>194.80000000000001</ele>
      </trkpt>
      <trkpt lat="-22.661508964374661" lon="14.804421979933977">
        <ele>194.80000000000001</ele>
      </trkpt>
      <trkpt lat="-22.661506030708551" lon="14.804380992427468">
        <ele>194.80000000000001</ele>
      </trkpt>
      <trkpt lat="-22.661507036536932" lon="14.804351991042495">
        <ele>194.80000000000001</ele>
      </trkpt>
      <trkpt lat="-22.661507958546281" lon="14.804338999092579">
        <ele>194.80000000000001</ele>
      </trkpt>
      <trkpt lat="-22.661508964374661" lon="14.804327012971044">
        <ele>194.80000000000001</ele>
      </trkpt>
      <trkpt lat="-22.661509970203042" lon="14.804311003535986">
        <ele>194.80000000000001</ele>
      </trkpt>
      <trkpt lat="-22.661511981859803" lon="14.804292982444167">
        <ele>194.80000000000001</ele>
      </trkpt>
      <trkpt lat="-22.661507958546281" lon="14.804273033514619">
        <ele>194.80000000000001</ele>
      </trkpt>
      <trkpt lat="-22.66150301322341" lon="14.804246965795755">
        <ele>194.80000000000001</ele>
      </trkpt>
      <trkpt lat="-22.661499995738268" lon="14.80421201325953">
        <ele>194.80000000000001</ele>
      </trkpt>
      <trkpt lat="-22.661495972424746" lon="14.804177982732654">
        <ele>194.59999999999999</ele>
      </trkpt>
      <trkpt lat="-22.661491027101874" lon="14.804141018539667">
        <ele>194.59999999999999</ele>
      </trkpt>
      <trkpt lat="-22.66148398630321" lon="14.804101958870888">
        <ele>194.40000000000001</ele>
      </trkpt>
      <trkpt lat="-22.661476023495197" lon="14.804063988849521">
        <ele>194.40000000000001</ele>
      </trkpt>
      <trkpt lat="-22.661467976868153" lon="14.804029958322644">
        <ele>194.40000000000001</ele>
      </trkpt>
      <trkpt lat="-22.661458002403378" lon="14.803996011614799">
        <ele>194.40000000000001</ele>
      </trkpt>
      <trkpt lat="-22.661444004625082" lon="14.803961981087923">
        <ele>194.40000000000001</ele>
      </trkpt>
      <trkpt lat="-22.661426989361644" lon="14.80393398553133">
        <ele>194.19999999999999</ele>
      </trkpt>
      <trkpt lat="-22.661407962441444" lon="14.803904984146357">
        <ele>194.19999999999999</ele>
      </trkpt>
      <trkpt lat="-22.661389019340277" lon="14.803874976933002">
        <ele>194.19999999999999</ele>
      </trkpt>
      <trkpt lat="-22.661370998248458" lon="14.803845975548029">
        <ele>194.19999999999999</ele>
      </trkpt>
      <trkpt lat="-22.661350965499878" lon="14.803817979991436">
        <ele>194.19999999999999</ele>
      </trkpt>
      <trkpt lat="-22.66133202239871" lon="14.803787972778082">
        <ele>194.19999999999999</ele>
      </trkpt>
      <trkpt lat="-22.661318024620414" lon="14.803756037726998">
        <ele>194.19999999999999</ele>
      </trkpt>
      <trkpt lat="-22.661306038498878" lon="14.803721001371741">
        <ele>194.19999999999999</ele>
      </trkpt>
      <trkpt lat="-22.661294974386692" lon="14.803681019693613">
        <ele>194.19999999999999</ele>
      </trkpt>
      <trkpt lat="-22.661283994093537" lon="14.803635003045201">
        <ele>194.19999999999999</ele>
      </trkpt>
      <trkpt lat="-22.661277037113905" lon="14.803585968911648">
        <ele>194.19999999999999</ele>
      </trkpt>
      <trkpt lat="-22.661266978830099" lon="14.803536012768745">
        <ele>194.19999999999999</ele>
      </trkpt>
      <trkpt lat="-22.661255998536944" lon="14.803474992513657">
        <ele>194.19999999999999</ele>
      </trkpt>
      <trkpt lat="-22.661250969395041" lon="14.803420007228851">
        <ele>194.19999999999999</ele>
      </trkpt>
      <trkpt lat="-22.661250969395041" lon="14.803376002237201">
        <ele>194.19999999999999</ele>
      </trkpt>
      <trkpt lat="-22.661249041557312" lon="14.803321016952395">
        <ele>194.19999999999999</ele>
      </trkpt>
      <trkpt lat="-22.661244012415409" lon="14.803263014182448">
        <ele>194.19999999999999</ele>
      </trkpt>
      <trkpt lat="-22.661238983273506" lon="14.803205011412501">
        <ele>194</ele>
      </trkpt>
      <trkpt lat="-22.661229008808732" lon="14.803147008642554">
        <ele>194</ele>
      </trkpt>
      <trkpt lat="-22.661218028515577" lon="14.803089005872607">
        <ele>194</ele>
      </trkpt>
      <trkpt lat="-22.66120201908052" lon="14.803034020587802">
        <ele>194</ele>
      </trkpt>
      <trkpt lat="-22.661180980503559" lon="14.802980041131377">
        <ele>194</ele>
      </trkpt>
      <trkpt lat="-22.66115901991725" lon="14.802926983684301">
        <ele>194</ele>
      </trkpt>
      <trkpt lat="-22.661134041845798" lon="14.802873004227877">
        <ele>194</ele>
      </trkpt>
      <trkpt lat="-22.661107974126935" lon="14.802818018943071">
        <ele>194</ele>
      </trkpt>
      <trkpt lat="-22.661081990227103" lon="14.802764039486647">
        <ele>193.80000000000001</ele>
      </trkpt>
      <trkpt lat="-22.661060029640794" lon="14.802710982039571">
        <ele>193.80000000000001</ele>
      </trkpt>
      <trkpt lat="-22.661043014377356" lon="14.802657002583146">
        <ele>193.80000000000001</ele>
      </trkpt>
      <trkpt lat="-22.661033039912581" lon="14.802598999813199">
        <ele>193.80000000000001</ele>
      </trkpt>
      <trkpt lat="-22.661027004942298" lon="14.802539991214871">
        <ele>193.80000000000001</ele>
      </trkpt>
      <trkpt lat="-22.661022981628776" lon="14.802478970959783">
        <ele>193.80000000000001</ele>
      </trkpt>
      <trkpt lat="-22.661020969972014" lon="14.802416022866964">
        <ele>193.59999999999999</ele>
      </trkpt>
      <trkpt lat="-22.661020969972014" lon="14.802352990955114">
        <ele>193.59999999999999</ele>
      </trkpt>
      <trkpt lat="-22.661022981628776" lon="14.802288031205535">
        <ele>193.59999999999999</ele>
      </trkpt>
      <trkpt lat="-22.661025999113917" lon="14.802222987636924">
        <ele>193.59999999999999</ele>
      </trkpt>
      <trkpt lat="-22.66103102825582" lon="14.802160961553454">
        <ele>193.59999999999999</ele>
      </trkpt>
      <trkpt lat="-22.661036979407072" lon="14.802098013460636">
        <ele>193.59999999999999</ele>
      </trkpt>
      <trkpt lat="-22.661043014377356" lon="14.802032969892025">
        <ele>193.59999999999999</ele>
      </trkpt>
      <trkpt lat="-22.66105399467051" lon="14.80195602402091">
        <ele>193.40000000000001</ele>
      </trkpt>
      <trkpt lat="-22.661060029640794" lon="14.801904978230596">
        <ele>193.40000000000001</ele>
      </trkpt>
      <trkpt lat="-22.661065980792046" lon="14.801842030137777">
        <ele>193.40000000000001</ele>
      </trkpt>
      <trkpt lat="-22.661068998277187" lon="14.801781009882689">
        <ele>193.40000000000001</ele>
      </trkpt>
      <trkpt lat="-22.6610769610852" lon="14.801709009334445">
        <ele>193.40000000000001</ele>
      </trkpt>
      <trkpt lat="-22.661082996055484" lon="14.801648994907737">
        <ele>193.40000000000001</ele>
      </trkpt>
      <trkpt lat="-22.661086013540626" lon="14.801601972430944">
        <ele>193.40000000000001</ele>
      </trkpt>
      <trkpt lat="-22.661085007712245" lon="14.801536006852984">
        <ele>193.19999999999999</ele>
      </trkpt>
      <trkpt lat="-22.661079978570342" lon="14.801501976326108">
        <ele>193.19999999999999</ele>
      </trkpt>
      <trkpt lat="-22.661066986620426" lon="14.801460988819599">
        <ele>193.19999999999999</ele>
      </trkpt>
      <trkpt lat="-22.661046031862497" lon="14.801429975777864">
        <ele>193.19999999999999</ele>
      </trkpt>
      <trkpt lat="-22.661024993285537" lon="14.801407009363174">
        <ele>193.19999999999999</ele>
      </trkpt>
      <trkpt lat="-22.660995991900563" lon="14.801380019634962">
        <ele>193.19999999999999</ele>
      </trkpt>
      <trkpt lat="-22.660961961373687" lon="14.80135696940124">
        <ele>193.19999999999999</ele>
      </trkpt>
      <trkpt lat="-22.660926003009081" lon="14.801337020471692">
        <ele>193</ele>
      </trkpt>
      <trkpt lat="-22.660885015502572" lon="14.801325034350157">
        <ele>193</ele>
      </trkpt>
      <trkpt lat="-22.660841010510921" lon="14.801315981894732">
        <ele>193</ele>
      </trkpt>
      <trkpt lat="-22.66079599969089" lon="14.80131103657186">
        <ele>193</ele>
      </trkpt>
      <trkpt lat="-22.66075199469924" lon="14.801303995773196">
        <ele>193</ele>
      </trkpt>
      <trkpt lat="-22.660712013021111" lon="14.801297960802913">
        <ele>193</ele>
      </trkpt>
      <trkpt lat="-22.660675970837474" lon="14.801294021308422">
        <ele>193</ele>
      </trkpt>
      <trkpt lat="-22.66064403578639" lon="14.801286980509758">
        <ele>193</ele>
      </trkpt>
      <trkpt lat="-22.660614028573036" lon="14.801280023530126">
        <ele>193</ele>
      </trkpt>
      <trkpt lat="-22.660584021359682" lon="14.801266025751829">
        <ele>193</ele>
      </trkpt>
      <trkpt lat="-22.660555019974709" lon="14.80124699883163">
        <ele>193</ele>
      </trkpt>
      <trkpt lat="-22.660526018589735" lon="14.801222020760179">
        <ele>193</ele>
      </trkpt>
      <trkpt lat="-22.660499028861523" lon="14.801196958869696">
        <ele>193</ele>
      </trkpt>
      <trkpt lat="-22.660468015819788" lon="14.801165023818612">
        <ele>193</ele>
      </trkpt>
      <trkpt lat="-22.660438008606434" lon="14.801131999120116">
        <ele>193</ele>
      </trkpt>
      <trkpt lat="-22.660406995564699" lon="14.80109796859324">
        <ele>193.19999999999999</ele>
      </trkpt>
      <trkpt lat="-22.660376988351345" lon="14.801061004400253">
        <ele>193.40000000000001</ele>
      </trkpt>
      <trkpt lat="-22.660347986966372" lon="14.801019011065364">
        <ele>193.59999999999999</ele>
      </trkpt>
      <trkpt lat="-22.660319991409779" lon="14.800971988588572">
        <ele>193.80000000000001</ele>
      </trkpt>
      <trkpt lat="-22.660290990024805" lon="14.800924966111779">
        <ele>194</ele>
      </trkpt>
      <trkpt lat="-22.660261988639832" lon="14.800878027454019">
        <ele>194</ele>
      </trkpt>
      <trkpt lat="-22.660232987254858" lon="14.800832010805607">
        <ele>194</ele>
      </trkpt>
      <trkpt lat="-22.660202980041504" lon="14.800788005813956">
        <ele>194</ele>
      </trkpt>
      <trkpt lat="-22.66017297282815" lon="14.800746012479067">
        <ele>194</ele>
      </trkpt>
      <trkpt lat="-22.660141037777066" lon="14.800708964467049">
        <ele>194</ele>
      </trkpt>
      <trkpt lat="-22.660110024735332" lon="14.800679041072726">
        <ele>194</ele>
      </trkpt>
      <trkpt lat="-22.660074988380075" lon="14.800651967525482">
        <ele>194</ele>
      </trkpt>
      <trkpt lat="-22.660039030015469" lon="14.800626989454031">
        <ele>194</ele>
      </trkpt>
      <trkpt lat="-22.659999970346689" lon="14.80060201138258">
        <ele>194.19999999999999</ele>
      </trkpt>
      <trkpt lat="-22.659954959526658" lon="14.800576027482748">
        <ele>194.19999999999999</ele>
      </trkpt>
      <trkpt lat="-22.659905003383756" lon="14.800555994734168">
        <ele>194.19999999999999</ele>
      </trkpt>
      <trkpt lat="-22.659853035584092" lon="14.80053998529911">
        <ele>194.19999999999999</ele>
      </trkpt>
      <trkpt lat="-22.659796038642526" lon="14.800525987520814">
        <ele>194.19999999999999</ele>
      </trkpt>
      <trkpt lat="-22.659736024215817" lon="14.800514001399279">
        <ele>194.19999999999999</ele>
      </trkpt>
      <trkpt lat="-22.65967701561749" lon="14.800507966428995">
        <ele>194.19999999999999</ele>
      </trkpt>
      <trkpt lat="-22.659618007019162" lon="14.800503021106124">
        <ele>194.19999999999999</ele>
      </trkpt>
      <trkpt lat="-22.659561010077596" lon="14.800504026934505">
        <ele>194.40000000000001</ele>
      </trkpt>
      <trkpt lat="-22.659500995650887" lon="14.800502015277743">
        <ele>194.40000000000001</ele>
      </trkpt>
      <trkpt lat="-22.659437963739038" lon="14.800500003620982">
        <ele>194.40000000000001</ele>
      </trkpt>
      <trkpt lat="-22.659374009817839" lon="14.800497991964221">
        <ele>194.40000000000001</ele>
      </trkpt>
      <trkpt lat="-22.659309972077608" lon="14.800500003620982">
        <ele>194.40000000000001</ele>
      </trkpt>
      <trkpt lat="-22.65924802981317" lon="14.800507966428995">
        <ele>194.40000000000001</ele>
      </trkpt>
      <trkpt lat="-22.65918499790132" lon="14.800520958378911">
        <ele>194.40000000000001</ele>
      </trkpt>
      <trkpt lat="-22.65911903232336" lon="14.800531016662717">
        <ele>194.40000000000001</ele>
      </trkpt>
      <trkpt lat="-22.65905600041151" lon="14.800541996955872">
        <ele>194.19999999999999</ele>
      </trkpt>
      <trkpt lat="-22.65899196267128" lon="14.800552977249026">
        <ele>194.19999999999999</ele>
      </trkpt>
      <trkpt lat="-22.65892599709332" lon="14.80056001804769">
        <ele>194</ele>
      </trkpt>
      <trkpt lat="-22.65886103734374" lon="14.800564963370562">
        <ele>193.80000000000001</ele>
      </trkpt>
      <trkpt lat="-22.658795993775129" lon="14.800569992512465">
        <ele>193.40000000000001</ele>
      </trkpt>
      <trkpt lat="-22.658734973520041" lon="14.800573009997606">
        <ele>193.40000000000001</ele>
      </trkpt>
      <trkpt lat="-22.658674959093332" lon="14.800575021654367">
        <ele>193.19999999999999</ele>
      </trkpt>
      <trkpt lat="-22.658614022657275" lon="14.800578039139509">
        <ele>193</ele>
      </trkpt>
      <trkpt lat="-22.658553002402186" lon="14.800579966977239">
        <ele>192.80000000000001</ele>
      </trkpt>
      <trkpt lat="-22.658489970490336" lon="14.800583990290761">
        <ele>192.80000000000001</ele>
      </trkpt>
      <trkpt lat="-22.658428028225899" lon="14.800589019432664">
        <ele>192.80000000000001</ele>
      </trkpt>
      <trkpt lat="-22.658368013799191" lon="14.800599999725819">
        <ele>192.80000000000001</ele>
      </trkpt>
      <trkpt lat="-22.658310011029243" lon="14.800616009160876">
        <ele>192.80000000000001</ele>
      </trkpt>
      <trkpt lat="-22.658253014087677" lon="14.800637969747186">
        <ele>192.59999999999999</ele>
      </trkpt>
      <trkpt lat="-22.658199034631252" lon="14.800665965303779">
        <ele>192.59999999999999</ele>
      </trkpt>
      <trkpt lat="-22.658143965527415" lon="14.800695972517133">
        <ele>192.59999999999999</ele>
      </trkpt>
      <trkpt lat="-22.658089986070991" lon="14.800726985558867">
        <ele>192.59999999999999</ele>
      </trkpt>
      <trkpt lat="-22.658036006614566" lon="14.800757998600602">
        <ele>192.59999999999999</ele>
      </trkpt>
      <trkpt lat="-22.657982027158141" lon="14.800792029127479">
        <ele>192.59999999999999</ele>
      </trkpt>
      <trkpt lat="-22.657929975539446" lon="14.800827987492085">
        <ele>192.59999999999999</ele>
      </trkpt>
      <trkpt lat="-22.657880019396544" lon="14.800863023847342">
        <ele>192.59999999999999</ele>
      </trkpt>
      <trkpt lat="-22.65783098526299" lon="14.800894958898425">
        <ele>192.59999999999999</ele>
      </trkpt>
      <trkpt lat="-22.657781029120088" lon="14.80092303827405">
        <ele>192.40000000000001</ele>
      </trkpt>
      <trkpt lat="-22.657726965844631" lon="14.800948016345501">
        <ele>192.40000000000001</ele>
      </trkpt>
      <trkpt lat="-22.657670974731445" lon="14.80096897110343">
        <ele>192.40000000000001</ele>
      </trkpt>
      <trkpt lat="-22.657610960304737" lon="14.800982968881726">
        <ele>192.40000000000001</ele>
      </trkpt>
      <trkpt lat="-22.65755002386868" lon="14.800992021337152">
        <ele>192.40000000000001</ele>
      </trkpt>
      <trkpt lat="-22.657490009441972" lon="14.801001995801926">
        <ele>192.40000000000001</ele>
      </trkpt>
      <trkpt lat="-22.657431000843644" lon="14.801021022722125">
        <ele>192.40000000000001</ele>
      </trkpt>
      <trkpt lat="-22.657377021387219" lon="14.801044994965196">
        <ele>192.40000000000001</ele>
      </trkpt>
      <trkpt lat="-22.657327987253666" lon="14.80107600800693">
        <ele>192.40000000000001</ele>
      </trkpt>
      <trkpt lat="-22.657279036939144" lon="14.801110038533807">
        <ele>192.40000000000001</ele>
      </trkpt>
      <trkpt lat="-22.657227991148829" lon="14.80114096775651">
        <ele>192.59999999999999</ele>
      </trkpt>
      <trkpt lat="-22.657177029177547" lon="14.801168963313103">
        <ele>192.59999999999999</ele>
      </trkpt>
      <trkpt lat="-22.657130006700754" lon="14.801196958869696">
        <ele>192.59999999999999</ele>
      </trkpt>
      <trkpt lat="-22.657081978395581" lon="14.801220009103417">
        <ele>192.59999999999999</ele>
      </trkpt>
      <trkpt lat="-22.657030010595918" lon="14.801239036023617">
        <ele>192.59999999999999</ele>
      </trkpt>
      <trkpt lat="-22.656976031139493" lon="14.801253033801913">
        <ele>192.59999999999999</ele>
      </trkpt>
      <trkpt lat="-22.656920040026307" lon="14.801264014095068">
        <ele>192.59999999999999</ele>
      </trkpt>
      <trkpt lat="-22.65686497092247" lon="14.801276000216603">
        <ele>192.59999999999999</ele>
      </trkpt>
      <trkpt lat="-22.656808979809284" lon="14.801283041015267">
        <ele>192.59999999999999</ele>
      </trkpt>
      <trkpt lat="-22.656750977039337" lon="14.801288992166519">
        <ele>192.59999999999999</ele>
      </trkpt>
      <trkpt lat="-22.656690962612629" lon="14.80129100382328">
        <ele>192.80000000000001</ele>
      </trkpt>
      <trkpt lat="-22.656632037833333" lon="14.8012899979949">
        <ele>193</ele>
      </trkpt>
      <trkpt lat="-22.656573029235005" lon="14.801286980509758">
        <ele>193</ele>
      </trkpt>
      <trkpt lat="-22.656514020636678" lon="14.801283963024616">
        <ele>193</ele>
      </trkpt>
      <trkpt lat="-22.656458029523492" lon="14.801279017701745">
        <ele>193.19999999999999</ele>
      </trkpt>
      <trkpt lat="-22.656403966248035" lon="14.801272982731462">
        <ele>193.40000000000001</ele>
      </trkpt>
      <trkpt lat="-22.656353004276752" lon="14.80126803740859">
        <ele>193.59999999999999</ele>
      </trkpt>
      <trkpt lat="-22.656302964314818" lon="14.801264014095068">
        <ele>193.80000000000001</ele>
      </trkpt>
      <trkpt lat="-22.656256025657058" lon="14.801262002438307">
        <ele>194</ele>
      </trkpt>
      <trkpt lat="-22.656212020665407" lon="14.801262002438307">
        <ele>194</ele>
      </trkpt>
      <trkpt lat="-22.656172038987279" lon="14.801266025751829">
        <ele>194.19999999999999</ele>
      </trkpt>
      <trkpt lat="-22.6561329793185" lon="14.801273988559842">
        <ele>194.19999999999999</ele>
      </trkpt>
      <trkpt lat="-22.656094003468752" lon="14.801282035186887">
        <ele>194.19999999999999</ele>
      </trkpt>
      <trkpt lat="-22.656055027619004" lon="14.801294021308422">
        <ele>194.40000000000001</ele>
      </trkpt>
      <trkpt lat="-22.656018985435367" lon="14.80131103657186">
        <ele>194.59999999999999</ele>
      </trkpt>
      <trkpt lat="-22.655985960736871" lon="14.801330985501409">
        <ele>194.80000000000001</ele>
      </trkpt>
      <trkpt lat="-22.655953019857407" lon="14.801351018249989">
        <ele>195.19999999999999</ele>
      </trkpt>
      <trkpt lat="-22.655922006815672" lon="14.801371973007917">
        <ele>195.59999999999999</ele>
      </trkpt>
      <trkpt lat="-22.655885964632034" lon="14.8013970348984">
        <ele>195.80000000000001</ele>
      </trkpt>
      <trkpt lat="-22.655846988782287" lon="14.801422012969851">
        <ele>196</ele>
      </trkpt>
      <trkpt lat="-22.6558100245893" lon="14.801441039890051">
        <ele>196.40000000000001</ele>
      </trkpt>
      <trkpt lat="-22.65576995909214" lon="14.801458977162838">
        <ele>196.59999999999999</ele>
      </trkpt>
      <trkpt lat="-22.655730983242393" lon="14.801474986597896">
        <ele>196.80000000000001</ele>
      </trkpt>
      <trkpt lat="-22.655692007392645" lon="14.801488984376192">
        <ele>197</ele>
      </trkpt>
      <trkpt lat="-22.655653031542897" lon="14.801503987982869">
        <ele>197.19999999999999</ele>
      </trkpt>
      <trkpt lat="-22.655615983530879" lon="14.801518991589546">
        <ele>197.40000000000001</ele>
      </trkpt>
      <trkpt lat="-22.655580025166273" lon="14.801536006852984">
        <ele>197.59999999999999</ele>
      </trkpt>
      <trkpt lat="-22.655543982982635" lon="14.801554027944803">
        <ele>197.80000000000001</ele>
      </trkpt>
      <trkpt lat="-22.65551196411252" lon="14.801572971045971">
        <ele>198.19999999999999</ele>
      </trkpt>
      <trkpt lat="-22.655479023233056" lon="14.801595015451312">
        <ele>198.40000000000001</ele>
      </trkpt>
      <trkpt lat="-22.655442981049418" lon="14.801619993522763">
        <ele>198.59999999999999</ele>
      </trkpt>
      <trkpt lat="-22.655408028513193" lon="14.801642959937453">
        <ele>198.80000000000001</ele>
      </trkpt>
      <trkpt lat="-22.655372992157936" lon="14.801666010171175">
        <ele>198.80000000000001</ele>
      </trkpt>
      <trkpt lat="-22.65533703379333" lon="14.801690988242626">
        <ele>199</ele>
      </trkpt>
      <trkpt lat="-22.655304009094834" lon="14.801712026819587">
        <ele>199.19999999999999</ele>
      </trkpt>
      <trkpt lat="-22.655269978567958" lon="14.801734993234277">
        <ele>199.59999999999999</ele>
      </trkpt>
      <trkpt lat="-22.655235026031733" lon="14.801756031811237">
        <ele>199.80000000000001</ele>
      </trkpt>
      <trkpt lat="-22.655200995504856" lon="14.801778998225927">
        <ele>200</ele>
      </trkpt>
      <trkpt lat="-22.65516503714025" lon="14.801800958812237">
        <ele>200.19999999999999</ele>
      </trkpt>
      <trkpt lat="-22.655130000784993" lon="14.801823003217578">
        <ele>200.40000000000001</ele>
      </trkpt>
      <trkpt lat="-22.655094964429736" lon="14.801842030137777">
        <ele>200.59999999999999</ele>
      </trkpt>
      <trkpt lat="-22.655056994408369" lon="14.801859967410564">
        <ele>200.80000000000001</ele>
      </trkpt>
      <trkpt lat="-22.655019024387002" lon="14.801878994330764">
        <ele>200.80000000000001</ele>
      </trkpt>
      <trkpt lat="-22.654982982203364" lon="14.801897015422583">
        <ele>201</ele>
      </trkpt>
      <trkpt lat="-22.654948029667139" lon="14.801914030686021">
        <ele>201.19999999999999</ele>
      </trkpt>
      <trkpt lat="-22.654912993311882" lon="14.801930040121078">
        <ele>201.40000000000001</ele>
      </trkpt>
      <trkpt lat="-22.654875023290515" lon="14.801944959908724">
        <ele>201.59999999999999</ele>
      </trkpt>
      <trkpt lat="-22.654836969450116" lon="14.801959963515401">
        <ele>201.80000000000001</ele>
      </trkpt>
      <trkpt lat="-22.654796987771988" lon="14.801973961293697">
        <ele>202</ele>
      </trkpt>
      <trkpt lat="-22.654760023579001" lon="14.801986031234264">
        <ele>202.19999999999999</ele>
      </trkpt>
      <trkpt lat="-22.654722975566983" lon="14.8019980173558">
        <ele>202.40000000000001</ele>
      </trkpt>
      <trkpt lat="-22.654685005545616" lon="14.802011009305716">
        <ele>202.80000000000001</ele>
      </trkpt>
      <trkpt lat="-22.654647035524249" lon="14.802024001255631">
        <ele>202.80000000000001</ele>
      </trkpt>
      <trkpt lat="-22.65460797585547" lon="14.802035987377167">
        <ele>203</ele>
      </trkpt>
      <trkpt lat="-22.654570005834103" lon="14.802050990983844">
        <ele>203</ele>
      </trkpt>
      <trkpt lat="-22.654530024155974" lon="14.802062977105379">
        <ele>203</ele>
      </trkpt>
      <trkpt lat="-22.654489958658814" lon="14.802074963226914">
        <ele>203.19999999999999</ele>
      </trkpt>
      <trkpt lat="-22.654449976980686" lon="14.802088038995862">
        <ele>203.40000000000001</ele>
      </trkpt>
      <trkpt lat="-22.654412006959319" lon="14.802101030945778">
        <ele>203.40000000000001</ele>
      </trkpt>
      <trkpt lat="-22.654373031109571" lon="14.802114022895694">
        <ele>203.59999999999999</ele>
      </trkpt>
      <trkpt lat="-22.654332965612411" lon="14.802126009017229">
        <ele>203.80000000000001</ele>
      </trkpt>
      <trkpt lat="-22.654293989762664" lon="14.802139000967145">
        <ele>203.80000000000001</ele>
      </trkpt>
      <trkpt lat="-22.654255013912916" lon="14.802155010402203">
        <ele>204</ele>
      </trkpt>
      <trkpt lat="-22.654218971729279" lon="14.802172025665641">
        <ele>204</ele>
      </trkpt>
      <trkpt lat="-22.654182007536292" lon="14.802189962938428">
        <ele>204.19999999999999</ele>
      </trkpt>
      <trkpt lat="-22.654145965352654" lon="14.802206978201866">
        <ele>204.40000000000001</ele>
      </trkpt>
      <trkpt lat="-22.654111012816429" lon="14.802224999293685">
        <ele>204.80000000000001</ele>
      </trkpt>
      <trkpt lat="-22.654075976461172" lon="14.802242014557123">
        <ele>204.59999999999999</ele>
      </trkpt>
      <trkpt lat="-22.654041023924947" lon="14.802261041477323">
        <ele>204.80000000000001</ele>
      </trkpt>
      <trkpt lat="-22.654007999226451" lon="14.802280990406871">
        <ele>205</ele>
      </trkpt>
      <trkpt lat="-22.653975980356336" lon="14.80229901149869">
        <ele>205</ele>
      </trkpt>
      <trkpt lat="-22.653943039476871" lon="14.802318038418889">
        <ele>205.40000000000001</ele>
      </trkpt>
      <trkpt lat="-22.653910014778376" lon="14.802335975691676">
        <ele>205.59999999999999</ele>
      </trkpt>
      <trkpt lat="-22.65387799590826" lon="14.802357014268637">
        <ele>205.80000000000001</ele>
      </trkpt>
      <trkpt lat="-22.653844971209764" lon="14.802375035360456">
        <ele>205.80000000000001</ele>
      </trkpt>
      <trkpt lat="-22.6538120303303" lon="14.802394984290004">
        <ele>205.80000000000001</ele>
      </trkpt>
      <trkpt lat="-22.653776993975043" lon="14.802411999553442">
        <ele>206</ele>
      </trkpt>
      <trkpt lat="-22.653742041438818" lon="14.802431026473641">
        <ele>206.19999999999999</ele>
      </trkpt>
      <trkpt lat="-22.653707005083561" lon="14.80245097540319">
        <ele>206.19999999999999</ele>
      </trkpt>
      <trkpt lat="-22.653669035062194" lon="14.802468996495008">
        <ele>206.40000000000001</ele>
      </trkpt>
      <trkpt lat="-22.653632992878556" lon="14.802485005930066">
        <ele>206.59999999999999</ele>
      </trkpt>
      <trkpt lat="-22.65359703451395" lon="14.802502021193504">
        <ele>207</ele>
      </trkpt>
      <trkpt lat="-22.653560992330313" lon="14.802520964294672">
        <ele>207</ele>
      </trkpt>
      <trkpt lat="-22.653525033965707" lon="14.802538985386491">
        <ele>207.19999999999999</ele>
      </trkpt>
      <trkpt lat="-22.653486980125308" lon="14.80255700647831">
        <ele>207.40000000000001</ele>
      </trkpt>
      <trkpt lat="-22.653450015932322" lon="14.802574021741748">
        <ele>207.40000000000001</ele>
      </trkpt>
      <trkpt lat="-22.653413973748684" lon="14.802589025348425">
        <ele>207.80000000000001</ele>
      </trkpt>
      <trkpt lat="-22.653374997898936" lon="14.802605034783483">
        <ele>207.80000000000001</ele>
      </trkpt>
      <trkpt lat="-22.653335016220808" lon="14.80262003839016">
        <ele>208.19999999999999</ele>
      </trkpt>
      <trkpt lat="-22.653294028714299" lon="14.802634036168456">
        <ele>208.19999999999999</ele>
      </trkpt>
      <trkpt lat="-22.65325496904552" lon="14.802648033946753">
        <ele>208.40000000000001</ele>
      </trkpt>
      <trkpt lat="-22.653216999024153" lon="14.802663959562778">
        <ele>208.59999999999999</ele>
      </trkpt>
      <trkpt lat="-22.653179029002786" lon="14.802680974826217">
        <ele>208.80000000000001</ele>
      </trkpt>
      <trkpt lat="-22.653139969334006" lon="14.802696984261274">
        <ele>209</ele>
      </trkpt>
      <trkpt lat="-22.653100993484259" lon="14.802711987867951">
        <ele>209.19999999999999</ele>
      </trkpt>
      <trkpt lat="-22.653059000149369" lon="14.802725985646248">
        <ele>209.19999999999999</ele>
      </trkpt>
      <trkpt lat="-22.653010971844196" lon="14.802745012566447">
        <ele>209.40000000000001</ele>
      </trkpt>
      <trkpt lat="-22.652979958802462" lon="14.802761022001505">
        <ele>209.40000000000001</ele>
      </trkpt>
      <trkpt lat="-22.652938971295953" lon="14.802779965102673">
        <ele>209.59999999999999</ele>
      </trkpt>
      <trkpt lat="-22.652896977961063" lon="14.802799997851253">
        <ele>209.80000000000001</ele>
      </trkpt>
      <trkpt lat="-22.652853978797793" lon="14.802818018943071">
        <ele>209.80000000000001</ele>
      </trkpt>
      <trkpt lat="-22.652812991291285" lon="14.802836962044239">
        <ele>210</ele>
      </trkpt>
      <trkpt lat="-22.652769992128015" lon="14.802855988964438">
        <ele>210</ele>
      </trkpt>
      <trkpt lat="-22.652726992964745" lon="14.802874010056257">
        <ele>210.40000000000001</ele>
      </trkpt>
      <trkpt lat="-22.652683993801475" lon="14.802891025319695">
        <ele>210.59999999999999</ele>
      </trkpt>
      <trkpt lat="-22.652642000466585" lon="14.802909968420863">
        <ele>210.80000000000001</ele>
      </trkpt>
      <trkpt lat="-22.652600007131696" lon="14.802928995341063">
        <ele>210.80000000000001</ele>
      </trkpt>
      <trkpt lat="-22.652556002140045" lon="14.802949028089643">
        <ele>211</ele>
      </trkpt>
      <trkpt lat="-22.652514008805156" lon="14.802968977019191">
        <ele>211.19999999999999</ele>
      </trkpt>
      <trkpt lat="-22.652471009641886" lon="14.802985992282629">
        <ele>211.19999999999999</ele>
      </trkpt>
      <trkpt lat="-22.652429016306996" lon="14.803006025031209">
        <ele>211.59999999999999</ele>
      </trkpt>
      <trkpt lat="-22.652389034628868" lon="14.803023040294647">
        <ele>211.59999999999999</ele>
      </trkpt>
      <trkpt lat="-22.652349974960089" lon="14.803038965910673">
        <ele>211.80000000000001</ele>
      </trkpt>
      <trkpt lat="-22.652313010767102" lon="14.803056987002492">
        <ele>211.80000000000001</ele>
      </trkpt>
      <trkpt lat="-22.652275962755084" lon="14.803077019751072">
        <ele>212</ele>
      </trkpt>
      <trkpt lat="-22.652238998562098" lon="14.80309696868062">
        <ele>212.19999999999999</ele>
      </trkpt>
      <trkpt lat="-22.65220102854073" lon="14.80311599560082">
        <ele>212.40000000000001</ele>
      </trkpt>
      <trkpt lat="-22.652162974700332" lon="14.8031360283494">
        <ele>212.40000000000001</ele>
      </trkpt>
      <trkpt lat="-22.652125004678965" lon="14.803156983107328">
        <ele>212.59999999999999</ele>
      </trkpt>
      <trkpt lat="-22.652088962495327" lon="14.80318003334105">
        <ele>212.80000000000001</ele>
      </trkpt>
      <trkpt lat="-22.652054009959102" lon="14.803198976442218">
        <ele>212.80000000000001</ele>
      </trkpt>
      <trkpt lat="-22.652017967775464" lon="14.803216997534037">
        <ele>213</ele>
      </trkpt>
      <trkpt lat="-22.651981003582478" lon="14.803237030282617">
        <ele>213.19999999999999</ele>
      </trkpt>
      <trkpt lat="-22.65194303356111" lon="14.803258990868926">
        <ele>213.40000000000001</ele>
      </trkpt>
      <trkpt lat="-22.651901040226221" lon="14.803283968940377">
        <ele>213.40000000000001</ele>
      </trkpt>
      <trkpt lat="-22.651873966678977" lon="14.803299978375435">
        <ele>213.59999999999999</ele>
      </trkpt>
      <trkpt lat="-22.651840019971132" lon="14.803322022780776">
        <ele>213.80000000000001</ele>
      </trkpt>
      <trkpt lat="-22.651806995272636" lon="14.803344989195466">
        <ele>214</ele>
      </trkpt>
      <trkpt lat="-22.65177296474576" lon="14.803368961438537">
        <ele>214</ele>
      </trkpt>
      <trkpt lat="-22.651738012209535" lon="14.803392011672258">
        <ele>214.19999999999999</ele>
      </trkpt>
      <trkpt lat="-22.651701970025897" lon="14.803415983915329">
        <ele>214.40000000000001</ele>
      </trkpt>
      <trkpt lat="-22.651668023318052" lon="14.803439034149051">
        <ele>214.40000000000001</ele>
      </trkpt>
      <trkpt lat="-22.651632986962795" lon="14.803458983078599">
        <ele>214.80000000000001</ele>
      </trkpt>
      <trkpt lat="-22.651597028598189" lon="14.80348002165556">
        <ele>214.80000000000001</ele>
      </trkpt>
      <trkpt lat="-22.65155796892941" lon="14.803499970585108">
        <ele>215</ele>
      </trkpt>
      <trkpt lat="-22.651518993079662" lon="14.803521009162068">
        <ele>215.19999999999999</ele>
      </trkpt>
      <trkpt lat="-22.651482028886676" lon="14.803541963919997">
        <ele>215.40000000000001</ele>
      </trkpt>
      <trkpt lat="-22.651447998359799" lon="14.803560990840197">
        <ele>215.40000000000001</ele>
      </trkpt>
      <trkpt lat="-22.651407010853291" lon="14.803585968911648">
        <ele>215.40000000000001</ele>
      </trkpt>
      <trkpt lat="-22.651378009468317" lon="14.803603990003467">
        <ele>215.59999999999999</ele>
      </trkpt>
      <trkpt lat="-22.651340961456299" lon="14.803622011095285">
        <ele>215.80000000000001</ele>
      </trkpt>
      <trkpt lat="-22.651302991434932" lon="14.803639026358724">
        <ele>216</ele>
      </trkpt>
      <trkpt lat="-22.651264015585184" lon="14.803657969459891">
        <ele>216.19999999999999</ele>
      </trkpt>
      <trkpt lat="-22.651224033907056" lon="14.803676996380091">
        <ele>216.40000000000001</ele>
      </trkpt>
      <trkpt lat="-22.651185980066657" lon="14.803698034957051">
        <ele>216.40000000000001</ele>
      </trkpt>
      <trkpt lat="-22.651151027530432" lon="14.80371898971498">
        <ele>216.59999999999999</ele>
      </trkpt>
      <trkpt lat="-22.651114985346794" lon="14.803741034120321">
        <ele>217</ele>
      </trkpt>
      <trkpt lat="-22.651077015325427" lon="14.80376198887825">
        <ele>217.19999999999999</ele>
      </trkpt>
      <trkpt lat="-22.651038039475679" lon="14.803785039111972">
        <ele>217.19999999999999</ele>
      </trkpt>
      <trkpt lat="-22.650999985635281" lon="14.803806999698281">
        <ele>217.40000000000001</ele>
      </trkpt>
      <trkpt lat="-22.650963021442294" lon="14.803828960284591">
        <ele>217.59999999999999</ele>
      </trkpt>
      <trkpt lat="-22.650923961773515" lon="14.803851004689932">
        <ele>217.80000000000001</ele>
      </trkpt>
      <trkpt lat="-22.650879034772515" lon="14.803877994418144">
        <ele>218</ele>
      </trkpt>
      <trkpt lat="-22.650851039215922" lon="14.803896015509963">
        <ele>218</ele>
      </trkpt>
      <trkpt lat="-22.650816002860665" lon="14.803920993581414">
        <ele>218.19999999999999</ele>
      </trkpt>
      <trkpt lat="-22.650780966505408" lon="14.803944965824485">
        <ele>218.40000000000001</ele>
      </trkpt>
      <trkpt lat="-22.650748025625944" lon="14.803969021886587">
        <ele>218.59999999999999</ele>
      </trkpt>
      <trkpt lat="-22.650712989270687" lon="14.803993999958038">
        <ele>218.80000000000001</ele>
      </trkpt>
      <trkpt lat="-22.650677030906081" lon="14.804016966372728">
        <ele>218.80000000000001</ele>
      </trkpt>
      <trkpt lat="-22.650639982894063" lon="14.804039010778069">
        <ele>219</ele>
      </trkpt>
      <trkpt lat="-22.650605030357838" lon="14.80406298302114">
        <ele>219.40000000000001</ele>
      </trkpt>
      <trkpt lat="-22.650567982345819" lon="14.804085027426481">
        <ele>219.59999999999999</ele>
      </trkpt>
      <trkpt lat="-22.650532023981214" lon="14.80410598218441">
        <ele>219.80000000000001</ele>
      </trkpt>
      <trkpt lat="-22.650494975969195" lon="14.804124003276229">
        <ele>220.19999999999999</ele>
      </trkpt>
      <trkpt lat="-22.65046002343297" lon="14.804142024368048">
        <ele>220.40000000000001</ele>
      </trkpt>
      <trkpt lat="-22.650421969592571" lon="14.804160967469215">
        <ele>220.59999999999999</ele>
      </trkpt>
      <trkpt lat="-22.650383999571204" lon="14.804179994389415">
        <ele>220.59999999999999</ele>
      </trkpt>
      <trkpt lat="-22.650345023721457" lon="14.804194997996092">
        <ele>220.80000000000001</ele>
      </trkpt>
      <trkpt lat="-22.650307975709438" lon="14.80421201325953">
        <ele>220.80000000000001</ele>
      </trkpt>
      <trkpt lat="-22.650270005688071" lon="14.804229028522968">
        <ele>221</ele>
      </trkpt>
      <trkpt lat="-22.650232035666704" lon="14.804242020472884">
        <ele>221.19999999999999</ele>
      </trkpt>
      <trkpt lat="-22.650192975997925" lon="14.804254006594419">
        <ele>221.19999999999999</ele>
      </trkpt>
      <trkpt lat="-22.650152994319797" lon="14.804264986887574">
        <ele>221.40000000000001</ele>
      </trkpt>
      <trkpt lat="-22.65011603012681" lon="14.804278984665871">
        <ele>221.40000000000001</ele>
      </trkpt>
      <trkpt lat="-22.65007495880127" lon="14.80429801158607">
        <ele>221.80000000000001</ele>
      </trkpt>
      <trkpt lat="-22.650034977123141" lon="14.804313015192747">
        <ele>221.80000000000001</ele>
      </trkpt>
      <trkpt lat="-22.649986026808619" lon="14.804331958293915">
        <ele>222</ele>
      </trkpt>
      <trkpt lat="-22.649954007938504" lon="14.804346961900592">
        <ele>222.19999999999999</ele>
      </trkpt>
      <trkpt lat="-22.649913020431995" lon="14.804362971335649">
        <ele>222.19999999999999</ele>
      </trkpt>
      <trkpt lat="-22.649872032925487" lon="14.804379986599088">
        <ele>222.40000000000001</ele>
      </trkpt>
      <trkpt lat="-22.649832973256707" lon="14.804397001862526">
        <ele>222.59999999999999</ele>
      </trkpt>
      <trkpt lat="-22.649792991578579" lon="14.804417034611106">
        <ele>222.80000000000001</ele>
      </trkpt>
      <trkpt lat="-22.649756027385592" lon="14.804435977712274">
        <ele>223</ele>
      </trkpt>
      <trkpt lat="-22.649716967716813" lon="14.804456010460854">
        <ele>223.19999999999999</ele>
      </trkpt>
      <trkpt lat="-22.649671034887433" lon="14.804478976875544">
        <ele>223.59999999999999</ele>
      </trkpt>
      <trkpt lat="-22.649632981047034" lon="14.804499009624124">
        <ele>223.80000000000001</ele>
      </trkpt>
      <trkpt lat="-22.649600962176919" lon="14.804514013230801">
        <ele>224</ele>
      </trkpt>
      <trkpt lat="-22.649562992155552" lon="14.804532034322619">
        <ele>224</ele>
      </trkpt>
      <trkpt lat="-22.649523010477424" lon="14.804550977423787">
        <ele>224.19999999999999</ele>
      </trkpt>
      <trkpt lat="-22.649476993829012" lon="14.804572016000748">
        <ele>224.40000000000001</ele>
      </trkpt>
      <trkpt lat="-22.649446986615658" lon="14.804584002122283">
        <ele>224.40000000000001</ele>
      </trkpt>
      <trkpt lat="-22.64940700493753" lon="14.804600011557341">
        <ele>224.59999999999999</ele>
      </trkpt>
      <trkpt lat="-22.64936400577426" lon="14.804616020992398">
        <ele>224.80000000000001</ele>
      </trkpt>
      <trkpt lat="-22.64932201243937" lon="14.804629012942314">
        <ele>224.80000000000001</ele>
      </trkpt>
      <trkpt lat="-22.649283036589622" lon="14.80464200489223">
        <ele>225</ele>
      </trkpt>
      <trkpt lat="-22.649243976920843" lon="14.804654996842146">
        <ele>225.19999999999999</ele>
      </trkpt>
      <trkpt lat="-22.649205001071095" lon="14.804668994620442">
        <ele>225.40000000000001</ele>
      </trkpt>
      <trkpt lat="-22.649154961109161" lon="14.804687015712261">
        <ele>225.59999999999999</ele>
      </trkpt>
      <trkpt lat="-22.649111039936543" lon="14.804701013490558">
        <ele>225.59999999999999</ele>
      </trkpt>
      <trkpt lat="-22.649079021066427" lon="14.804711993783712">
        <ele>225.59999999999999</ele>
      </trkpt>
      <trkpt lat="-22.649036021903157" lon="14.804723979905248">
        <ele>225.80000000000001</ele>
      </trkpt>
      <trkpt lat="-22.648995034396648" lon="14.804736971855164">
        <ele>226.19999999999999</ele>
      </trkpt>
      <trkpt lat="-22.648953963071108" lon="14.804751975461841">
        <ele>226.40000000000001</ele>
      </trkpt>
      <trkpt lat="-22.648912975564599" lon="14.804767984896898">
        <ele>226.40000000000001</ele>
      </trkpt>
      <trkpt lat="-22.64887098222971" lon="14.804785000160336">
        <ele>226.40000000000001</ele>
      </trkpt>
      <trkpt lat="-22.648829994723201" lon="14.804802015423775">
        <ele>226.59999999999999</ele>
      </trkpt>
      <trkpt lat="-22.648786995559931" lon="14.804818024858832">
        <ele>226.80000000000001</ele>
      </trkpt>
      <trkpt lat="-22.648747013881803" lon="14.80483696796">
        <ele>226.80000000000001</ele>
      </trkpt>
      <trkpt lat="-22.648696973919868" lon="14.804858006536961">
        <ele>227</ele>
      </trkpt>
      <trkpt lat="-22.648664033040404" lon="14.804870998486876">
        <ele>227.19999999999999</ele>
      </trkpt>
      <trkpt lat="-22.648622961714864" lon="14.804888013750315">
        <ele>227.40000000000001</ele>
      </trkpt>
      <trkpt lat="-22.648584991693497" lon="14.804905029013753">
        <ele>227.59999999999999</ele>
      </trkpt>
      <trkpt lat="-22.648536041378975" lon="14.804921960458159">
        <ele>227.80000000000001</ele>
      </trkpt>
      <trkpt lat="-22.648494970053434" lon="14.804935958236456">
        <ele>227.80000000000001</ele>
      </trkpt>
      <trkpt lat="-22.64846202917397" lon="14.804946016520262">
        <ele>228</ele>
      </trkpt>
      <trkpt lat="-22.648421041667461" lon="14.804959008470178">
        <ele>228.19999999999999</ele>
      </trkpt>
      <trkpt lat="-22.648374019190669" lon="14.804975017905235">
        <ele>228.59999999999999</ele>
      </trkpt>
      <trkpt lat="-22.64833495952189" lon="14.80498599819839">
        <ele>228.80000000000001</ele>
      </trkpt>
      <trkpt lat="-22.648295983672142" lon="14.804997984319925">
        <ele>228.80000000000001</ele>
      </trkpt>
      <trkpt lat="-22.648264970630407" lon="14.805007036775351">
        <ele>228.80000000000001</ele>
      </trkpt>
      <trkpt lat="-22.64822700060904" lon="14.805018017068505">
        <ele>229.19999999999999</ele>
      </trkpt>
      <trkpt lat="-22.648180983960629" lon="14.80502899736166">
        <ele>229.40000000000001</ele>
      </trkpt>
      <trkpt lat="-22.648149970918894" lon="14.805036960169673">
        <ele>229.59999999999999</ele>
      </trkpt>
      <trkpt lat="-22.648109989240766" lon="14.805045006796718">
        <ele>229.80000000000001</ele>
      </trkpt>
      <trkpt lat="-22.648069001734257" lon="14.805053975433111">
        <ele>229.80000000000001</ele>
      </trkpt>
      <trkpt lat="-22.648029020056129" lon="14.805065961554646">
        <ele>230</ele>
      </trkpt>
      <trkpt lat="-22.647989038378" lon="14.805079037323594">
        <ele>230.40000000000001</ele>
      </trkpt>
      <trkpt lat="-22.64794796705246" lon="14.805091023445129">
        <ele>230.59999999999999</ele>
      </trkpt>
      <trkpt lat="-22.647898010909557" lon="14.805100997909904">
        <ele>230.80000000000001</ele>
      </trkpt>
      <trkpt lat="-22.647863980382681" lon="14.805108960717916">
        <ele>231</ele>
      </trkpt>
      <trkpt lat="-22.647823998704553" lon="14.805120024830103">
        <ele>231.19999999999999</ele>
      </trkpt>
      <trkpt lat="-22.647774964570999" lon="14.805132010951638">
        <ele>231.40000000000001</ele>
      </trkpt>
      <trkpt lat="-22.647734982892871" lon="14.805142991244793">
        <ele>231.59999999999999</ele>
      </trkpt>
      <trkpt lat="-22.647701958194375" lon="14.805151959881186">
        <ele>231.80000000000001</ele>
      </trkpt>
      <trkpt lat="-22.647659964859486" lon="14.805161012336612">
        <ele>232</ele>
      </trkpt>
      <trkpt lat="-22.647618977352977" lon="14.805168975144625">
        <ele>232.19999999999999</ele>
      </trkpt>
      <trkpt lat="-22.647578995674849" lon="14.80517802760005">
        <ele>232.40000000000001</ele>
      </trkpt>
      <trkpt lat="-22.647540019825101" lon="14.805186996236444">
        <ele>232.59999999999999</ele>
      </trkpt>
      <trkpt lat="-22.647500960156322" lon="14.805196970701218">
        <ele>232.59999999999999</ele>
      </trkpt>
      <trkpt lat="-22.647458966821432" lon="14.805206023156643">
        <ele>232.80000000000001</ele>
      </trkpt>
      <trkpt lat="-22.647417979314923" lon="14.805213985964656">
        <ele>233</ele>
      </trkpt>
      <trkpt lat="-22.647376991808414" lon="14.805225972086191">
        <ele>233</ele>
      </trkpt>
      <trkpt lat="-22.647337010130286" lon="14.805237958207726">
        <ele>233.19999999999999</ele>
      </trkpt>
      <trkpt lat="-22.647295016795397" lon="14.805247010663152">
        <ele>233.40000000000001</ele>
      </trkpt>
      <trkpt lat="-22.647252017632127" lon="14.805252961814404">
        <ele>233.59999999999999</ele>
      </trkpt>
      <trkpt lat="-22.647209018468857" lon="14.805261008441448">
        <ele>233.80000000000001</ele>
      </trkpt>
      <trkpt lat="-22.647167025133967" lon="14.805269977077842">
        <ele>234.19999999999999</ele>
      </trkpt>
      <trkpt lat="-22.647124025970697" lon="14.805278023704886">
        <ele>234.19999999999999</ele>
      </trkpt>
      <trkpt lat="-22.647082032635808" lon="14.805285986512899">
        <ele>234.40000000000001</ele>
      </trkpt>
      <trkpt lat="-22.647039033472538" lon="14.805294033139944">
        <ele>234.59999999999999</ele>
      </trkpt>
      <trkpt lat="-22.646997040137649" lon="14.805303001776338">
        <ele>234.59999999999999</ele>
      </trkpt>
      <trkpt lat="-22.646953035145998" lon="14.80530995875597">
        <ele>234.80000000000001</ele>
      </trkpt>
      <trkpt lat="-22.646909030154347" lon="14.805318005383015">
        <ele>235</ele>
      </trkpt>
      <trkpt lat="-22.646866030991077" lon="14.805324040353298">
        <ele>235.19999999999999</ele>
      </trkpt>
      <trkpt lat="-22.646823031827807" lon="14.80532999150455">
        <ele>235.59999999999999</ele>
      </trkpt>
      <trkpt lat="-22.646781960502267" lon="14.805335020646453">
        <ele>235.80000000000001</ele>
      </trkpt>
      <trkpt lat="-22.646739967167377" lon="14.805341977626085">
        <ele>236</ele>
      </trkpt>
      <trkpt lat="-22.646698979660869" lon="14.805346000939608">
        <ele>236.19999999999999</ele>
      </trkpt>
      <trkpt lat="-22.64665799215436" lon="14.80535002425313">
        <ele>236.40000000000001</ele>
      </trkpt>
      <trkpt lat="-22.646619016304612" lon="14.805352035909891">
        <ele>236.40000000000001</ele>
      </trkpt>
      <trkpt lat="-22.646578028798103" lon="14.805352035909891">
        <ele>236.59999999999999</ele>
      </trkpt>
      <trkpt lat="-22.646537963300943" lon="14.80535002425313">
        <ele>236.59999999999999</ele>
      </trkpt>
      <trkpt lat="-22.646494964137673" lon="14.805347006767988">
        <ele>236.80000000000001</ele>
      </trkpt>
      <trkpt lat="-22.646453976631165" lon="14.805344995111227">
        <ele>237</ele>
      </trkpt>
      <trkpt lat="-22.646411983296275" lon="14.805343989282846">
        <ele>237.19999999999999</ele>
      </trkpt>
      <trkpt lat="-22.646370995789766" lon="14.805343989282846">
        <ele>237.59999999999999</ele>
      </trkpt>
      <trkpt lat="-22.646327996626496" lon="14.805341977626085">
        <ele>237.59999999999999</ele>
      </trkpt>
      <trkpt lat="-22.646287009119987" lon="14.805339965969324">
        <ele>237.80000000000001</ele>
      </trkpt>
      <trkpt lat="-22.64624803327024" lon="14.805338960140944">
        <ele>238</ele>
      </trkpt>
      <trkpt lat="-22.64620897360146" lon="14.805337032303214">
        <ele>238.19999999999999</ele>
      </trkpt>
      <trkpt lat="-22.646168991923332" lon="14.805335020646453">
        <ele>238.40000000000001</ele>
      </trkpt>
      <trkpt lat="-22.646129010245204" lon="14.805333008989692">
        <ele>238.59999999999999</ele>
      </trkpt>
      <trkpt lat="-22.646088022738695" lon="14.805332003161311">
        <ele>238.80000000000001</ele>
      </trkpt>
      <trkpt lat="-22.646048963069916" lon="14.805336026474833">
        <ele>239</ele>
      </trkpt>
      <trkpt lat="-22.646007975563407" lon="14.805338038131595">
        <ele>239.40000000000001</ele>
      </trkpt>
      <trkpt lat="-22.645965982228518" lon="14.805338960140944">
        <ele>239.40000000000001</ele>
      </trkpt>
      <trkpt lat="-22.645916026085615" lon="14.805341977626085">
        <ele>239.59999999999999</ele>
      </trkpt>
      <trkpt lat="-22.645883001387119" lon="14.805342983454466">
        <ele>239.80000000000001</ele>
      </trkpt>
      <trkpt lat="-22.64584201388061" lon="14.805344995111227">
        <ele>240</ele>
      </trkpt>
      <trkpt lat="-22.645802032202482" lon="14.805348012596369">
        <ele>240.19999999999999</ele>
      </trkpt>
      <trkpt lat="-22.645760960876942" lon="14.805352035909891">
        <ele>240.19999999999999</ele>
      </trkpt>
      <trkpt lat="-22.645720979198813" lon="14.805353963747621">
        <ele>240.40000000000001</ele>
      </trkpt>
      <trkpt lat="-22.645677980035543" lon="14.805355975404382">
        <ele>240.40000000000001</ele>
      </trkpt>
      <trkpt lat="-22.645636992529035" lon="14.805359998717904">
        <ele>240.59999999999999</ele>
      </trkpt>
      <trkpt lat="-22.645594999194145" lon="14.805362010374665">
        <ele>240.80000000000001</ele>
      </trkpt>
      <trkpt lat="-22.645553005859256" lon="14.805366033688188">
        <ele>241</ele>
      </trkpt>
      <trkpt lat="-22.645511012524366" lon="14.805371984839439">
        <ele>241.19999999999999</ele>
      </trkpt>
      <trkpt lat="-22.645472958683968" lon="14.805376008152962">
        <ele>241.40000000000001</ele>
      </trkpt>
      <trkpt lat="-22.645435994490981" lon="14.805380031466484">
        <ele>241.59999999999999</ele>
      </trkpt>
      <trkpt lat="-22.645399030297995" lon="14.805387994274497">
        <ele>241.80000000000001</ele>
      </trkpt>
      <trkpt lat="-22.645360976457596" lon="14.805397968739271">
        <ele>242</ele>
      </trkpt>
      <trkpt lat="-22.645326023921371" lon="14.805410038679838">
        <ele>242.19999999999999</ele>
      </trkpt>
      <trkpt lat="-22.645287970080972" lon="14.805422024801373">
        <ele>242.40000000000001</ele>
      </trkpt>
      <trkpt lat="-22.645251005887985" lon="14.805434010922909">
        <ele>242.40000000000001</ele>
      </trkpt>
      <trkpt lat="-22.645212030038238" lon="14.805444991216063">
        <ele>242.59999999999999</ele>
      </trkpt>
      <trkpt lat="-22.645173976197839" lon="14.805455971509218">
        <ele>242.59999999999999</ele>
      </trkpt>
      <trkpt lat="-22.645136006176472" lon="14.805468041449785">
        <ele>242.80000000000001</ele>
      </trkpt>
      <trkpt lat="-22.645098036155105" lon="14.805482961237431">
        <ele>242.80000000000001</ele>
      </trkpt>
      <trkpt lat="-22.645058976486325" lon="14.805496037006378">
        <ele>243</ele>
      </trkpt>
      <trkpt lat="-22.645022012293339" lon="14.805507017299533">
        <ele>243.19999999999999</ele>
      </trkpt>
      <trkpt lat="-22.644985970109701" lon="14.805520009249449">
        <ele>243.19999999999999</ele>
      </trkpt>
      <trkpt lat="-22.644950011745095" lon="14.805534007027745">
        <ele>243.40000000000001</ele>
      </trkpt>
      <trkpt lat="-22.644914975389838" lon="14.805549010634422">
        <ele>243.59999999999999</ele>
      </trkpt>
      <trkpt lat="-22.644881028681993" lon="14.805564014241099">
        <ele>243.59999999999999</ele>
      </trkpt>
      <trkpt lat="-22.644845992326736" lon="14.805577006191015">
        <ele>243.80000000000001</ele>
      </trkpt>
      <trkpt lat="-22.64481196179986" lon="14.805589998140931">
        <ele>244</ele>
      </trkpt>
      <trkpt lat="-22.644776003435254" lon="14.805600978434086">
        <ele>244.19999999999999</ele>
      </trkpt>
      <trkpt lat="-22.644739039242268" lon="14.805610030889511">
        <ele>244.40000000000001</ele>
      </trkpt>
      <trkpt lat="-22.64470299705863" lon="14.805615982040763">
        <ele>244.59999999999999</ele>
      </trkpt>
      <trkpt lat="-22.644667960703373" lon="14.805623022839427">
        <ele>244.80000000000001</ele>
      </trkpt>
      <trkpt lat="-22.644630996510386" lon="14.805626962333918">
        <ele>245</ele>
      </trkpt>
      <trkpt lat="-22.644595960155129" lon="14.805629979819059">
        <ele>245.40000000000001</ele>
      </trkpt>
      <trkpt lat="-22.644562013447285" lon="14.80563098564744">
        <ele>245.59999999999999</ele>
      </trkpt>
      <trkpt lat="-22.644525971263647" lon="14.805632997304201">
        <ele>246</ele>
      </trkpt>
      <trkpt lat="-22.644491018727422" lon="14.805632997304201">
        <ele>246.19999999999999</ele>
      </trkpt>
      <trkpt lat="-22.644454976543784" lon="14.805628973990679">
        <ele>246.40000000000001</ele>
      </trkpt>
      <trkpt lat="-22.644421029835939" lon="14.805625034496188">
        <ele>246.40000000000001</ele>
      </trkpt>
      <trkpt lat="-22.644386999309063" lon="14.805623022839427">
        <ele>246.59999999999999</ele>
      </trkpt>
      <trkpt lat="-22.644350035116076" lon="14.805616987869143">
        <ele>246.59999999999999</ele>
      </trkpt>
      <trkpt lat="-22.644314998760819" lon="14.805611036717892">
        <ele>246.80000000000001</ele>
      </trkpt>
      <trkpt lat="-22.644278034567833" lon="14.805605001747608">
        <ele>246.80000000000001</ele>
      </trkpt>
      <trkpt lat="-22.644245009869337" lon="14.805597038939595">
        <ele>246.80000000000001</ele>
      </trkpt>
      <trkpt lat="-22.644210979342461" lon="14.805588992312551">
        <ele>247.19999999999999</ele>
      </trkpt>
      <trkpt lat="-22.644176026806235" lon="14.805583963170648">
        <ele>247.40000000000001</ele>
      </trkpt>
      <trkpt lat="-22.644139984622598" lon="14.805579017847776">
        <ele>247.59999999999999</ele>
      </trkpt>
      <trkpt lat="-22.644104026257992" lon="14.805572982877493">
        <ele>247.80000000000001</ele>
      </trkpt>
      <trkpt lat="-22.644068989902735" lon="14.805567031726241">
        <ele>248</ele>
      </trkpt>
      <trkpt lat="-22.644034959375858" lon="14.805562002584338">
        <ele>248.40000000000001</ele>
      </trkpt>
      <trkpt lat="-22.643992966040969" lon="14.805558985099196">
        <ele>248.40000000000001</ele>
      </trkpt>
      <trkpt lat="-22.643963964655995" lon="14.805557979270816">
        <ele>248.59999999999999</ele>
      </trkpt>
      <trkpt lat="-22.643928006291389" lon="14.805554961785674">
        <ele>248.80000000000001</ele>
      </trkpt>
      <trkpt lat="-22.643890036270022" lon="14.805553033947945">
        <ele>249.19999999999999</ele>
      </trkpt>
      <trkpt lat="-22.643851982429624" lon="14.805551022291183">
        <ele>249.19999999999999</ele>
      </trkpt>
      <trkpt lat="-22.643815018236637" lon="14.805549010634422">
        <ele>249.40000000000001</ele>
      </trkpt>
      <trkpt lat="-22.643778976052999" lon="14.805546998977661">
        <ele>249.59999999999999</ele>
      </trkpt>
      <trkpt lat="-22.643742011860013" lon="14.8055449873209">
        <ele>249.80000000000001</ele>
      </trkpt>
      <trkpt lat="-22.643706975504756" lon="14.805543981492519">
        <ele>250</ele>
      </trkpt>
      <trkpt lat="-22.64367101714015" lon="14.805542975664139">
        <ele>250.19999999999999</ele>
      </trkpt>
      <trkpt lat="-22.643629023805261" lon="14.805542975664139">
        <ele>250.40000000000001</ele>
      </trkpt>
      <trkpt lat="-22.643595999106765" lon="14.805542975664139">
        <ele>250.59999999999999</ele>
      </trkpt>
      <trkpt lat="-22.643568003550172" lon="14.805541969835758">
        <ele>250.59999999999999</ele>
      </trkpt>
      <trkpt lat="-22.643531961366534" lon="14.805539958178997">
        <ele>250.80000000000001</ele>
      </trkpt>
      <trkpt lat="-22.643487034365535" lon="14.805539958178997">
        <ele>250.80000000000001</ele>
      </trkpt>
      <trkpt lat="-22.643450992181897" lon="14.805542975664139">
        <ele>251</ele>
      </trkpt>
      <trkpt lat="-22.643421990796924" lon="14.805543981492519">
        <ele>251.19999999999999</ele>
      </trkpt>
      <trkpt lat="-22.643385026603937" lon="14.805541969835758">
        <ele>251.40000000000001</ele>
      </trkpt>
      <trkpt lat="-22.643346972763538" lon="14.805536018684506">
        <ele>251.59999999999999</ele>
      </trkpt>
      <trkpt lat="-22.643309002742171" lon="14.805527972057462">
        <ele>251.80000000000001</ele>
      </trkpt>
      <trkpt lat="-22.643272960558534" lon="14.805519003421068">
        <ele>252.19999999999999</ele>
      </trkpt>
      <trkpt lat="-22.643239013850689" lon="14.805510034784675">
        <ele>252.19999999999999</ele>
      </trkpt>
      <trkpt lat="-22.643204983323812" lon="14.805497964844108">
        <ele>252.59999999999999</ele>
      </trkpt>
      <trkpt lat="-22.643173970282078" lon="14.805482039228082">
        <ele>252.80000000000001</ele>
      </trkpt>
      <trkpt lat="-22.643143963068724" lon="14.805467035621405">
        <ele>252.80000000000001</ele>
      </trkpt>
      <trkpt lat="-22.643114039674401" lon="14.805456977337599">
        <ele>252.80000000000001</ele>
      </trkpt>
      <trkpt lat="-22.643081014975905" lon="14.805448008701205">
        <ele>253</ele>
      </trkpt>
      <trkpt lat="-22.643044972792268" lon="14.805439040064812">
        <ele>253.19999999999999</ele>
      </trkpt>
      <trkpt lat="-22.643012031912804" lon="14.805427975952625">
        <ele>253.19999999999999</ele>
      </trkpt>
      <trkpt lat="-22.642970038577914" lon="14.805418001487851">
        <ele>253.59999999999999</ele>
      </trkpt>
      <trkpt lat="-22.642936008051038" lon="14.805410038679838">
        <ele>253.80000000000001</ele>
      </trkpt>
      <trkpt lat="-22.642909018322825" lon="14.805404003709555">
        <ele>254</ele>
      </trkpt>
      <trkpt lat="-22.642873981967568" lon="14.805396962910891">
        <ele>254</ele>
      </trkpt>
      <trkpt lat="-22.642830982804298" lon="14.805389000102878">
        <ele>254</ele>
      </trkpt>
      <trkpt lat="-22.642797036096454" lon="14.805381959304214">
        <ele>254.19999999999999</ele>
      </trkpt>
      <trkpt lat="-22.642760993912816" lon="14.805376008152962">
        <ele>254.40000000000001</ele>
      </trkpt>
      <trkpt lat="-22.642730986699462" lon="14.805370979011059">
        <ele>254.59999999999999</ele>
      </trkpt>
      <trkpt lat="-22.642686981707811" lon="14.805365027859807">
        <ele>254.80000000000001</ele>
      </trkpt>
      <trkpt lat="-22.642656974494457" lon="14.805364022031426">
        <ele>255</ele>
      </trkpt>
      <trkpt lat="-22.642612969502807" lon="14.805359998717904">
        <ele>255.19999999999999</ele>
      </trkpt>
      <trkpt lat="-22.642584973946214" lon="14.805357987061143">
        <ele>255.40000000000001</ele>
      </trkpt>
      <trkpt lat="-22.642550021409988" lon="14.805353963747621">
        <ele>255.59999999999999</ele>
      </trkpt>
      <trkpt lat="-22.642507022246718" lon="14.805349018424749">
        <ele>255.80000000000001</ele>
      </trkpt>
      <trkpt lat="-22.6424699742347" lon="14.805344995111227">
        <ele>256</ele>
      </trkpt>
      <trkpt lat="-22.642432004213333" lon="14.805344995111227">
        <ele>256</ele>
      </trkpt>
      <trkpt lat="-22.642401996999979" lon="14.805343989282846">
        <ele>256.39999999999998</ele>
      </trkpt>
      <trkpt lat="-22.642364026978612" lon="14.805344995111227">
        <ele>256.60000000000002</ele>
      </trkpt>
      <trkpt lat="-22.642326978966594" lon="14.805348012596369">
        <ele>256.80000000000001</ele>
      </trkpt>
      <trkpt lat="-22.642281968146563" lon="14.805349018424749">
        <ele>257</ele>
      </trkpt>
      <trkpt lat="-22.642241986468434" lon="14.80535002425313">
        <ele>257</ele>
      </trkpt>
      <trkpt lat="-22.642208961769938" lon="14.80535002425313">
        <ele>257.19999999999999</ele>
      </trkpt>
      <trkpt lat="-22.642161017283797" lon="14.805349018424749">
        <ele>257.19999999999999</ele>
      </trkpt>
      <trkpt lat="-22.642121035605669" lon="14.80535002425313">
        <ele>257.19999999999999</ele>
      </trkpt>
      <trkpt lat="-22.642078036442399" lon="14.805352035909891">
        <ele>257.39999999999998</ele>
      </trkpt>
      <trkpt lat="-22.642044005915523" lon="14.805353963747621">
        <ele>257.60000000000002</ele>
      </trkpt>
      <trkpt lat="-22.642002012580633" lon="14.805354969576001">
        <ele>257.80000000000001</ele>
      </trkpt>
      <trkpt lat="-22.64195297844708" lon="14.805353963747621">
        <ele>258</ele>
      </trkpt>
      <trkpt lat="-22.64191098511219" lon="14.80535002425313">
        <ele>258.19999999999999</ele>
      </trkpt>
      <trkpt lat="-22.641868991777301" lon="14.805348012596369">
        <ele>258.19999999999999</ele>
      </trkpt>
      <trkpt lat="-22.641836972907186" lon="14.805347006767988">
        <ele>258.39999999999998</ele>
      </trkpt>
      <trkpt lat="-22.641795985400677" lon="14.805348012596369">
        <ele>258.60000000000002</ele>
      </trkpt>
      <trkpt lat="-22.641753992065787" lon="14.805351030081511">
        <ele>258.80000000000001</ele>
      </trkpt>
      <trkpt lat="-22.64171501621604" lon="14.805352035909891">
        <ele>259</ele>
      </trkpt>
      <trkpt lat="-22.641675034537911" lon="14.805352035909891">
        <ele>259.19999999999999</ele>
      </trkpt>
      <trkpt lat="-22.641632035374641" lon="14.805351030081511">
        <ele>259.19999999999999</ele>
      </trkpt>
      <trkpt lat="-22.641594987362623" lon="14.805357987061143">
        <ele>259.39999999999998</ele>
      </trkpt>
      <trkpt lat="-22.641548970714211" lon="14.805362010374665">
        <ele>259.80000000000001</ele>
      </trkpt>
      <trkpt lat="-22.641511000692844" lon="14.805369973182678">
        <ele>260</ele>
      </trkpt>
      <trkpt lat="-22.641470013186336" lon="14.805381959304214">
        <ele>260.19999999999999</ele>
      </trkpt>
      <trkpt lat="-22.64143698848784" lon="14.805392017588019">
        <ele>260.39999999999998</ele>
      </trkpt>
      <trkpt lat="-22.641387032344937" lon="14.805405009537935">
        <ele>260.39999999999998</ele>
      </trkpt>
      <trkpt lat="-22.641355013474822" lon="14.805414984002709">
        <ele>260.60000000000002</ele>
      </trkpt>
      <trkpt lat="-22.641313020139933" lon="14.805426970124245">
        <ele>260.80000000000001</ele>
      </trkpt>
      <trkpt lat="-22.641272032633424" lon="14.805437028408051">
        <ele>260.80000000000001</ele>
      </trkpt>
      <trkpt lat="-22.641230039298534" lon="14.805443985387683">
        <ele>260.80000000000001</ele>
      </trkpt>
      <trkpt lat="-22.6411799993366" lon="14.805453037843108">
        <ele>261</ele>
      </trkpt>
      <trkpt lat="-22.64113700017333" lon="14.805463012307882">
        <ele>261.19999999999999</ele>
      </trkpt>
      <trkpt lat="-22.641095006838441" lon="14.805472986772656">
        <ele>261.39999999999998</ele>
      </trkpt>
      <trkpt lat="-22.641060976311564" lon="14.805480027571321">
        <ele>261.39999999999998</ele>
      </trkpt>
      <trkpt lat="-22.641017977148294" lon="14.805485978722572">
        <ele>261.60000000000002</ele>
      </trkpt>
      <trkpt lat="-22.640967015177011" lon="14.805493019521236">
        <ele>261.80000000000001</ele>
      </trkpt>
      <trkpt lat="-22.640925021842122" lon="14.805497964844108">
        <ele>262</ele>
      </trkpt>
      <trkpt lat="-22.640889985486865" lon="14.805499976500869">
        <ele>262.19999999999999</ele>
      </trkpt>
      <trkpt lat="-22.640846986323595" lon="14.80550198815763">
        <ele>262.19999999999999</ele>
      </trkpt>
      <trkpt lat="-22.640802981331944" lon="14.805502993986011">
        <ele>262.39999999999998</ele>
      </trkpt>
      <trkpt lat="-22.640760987997055" lon="14.805503999814391">
        <ele>262.60000000000002</ele>
      </trkpt>
      <trkpt lat="-22.640717988833785" lon="14.805502993986011">
        <ele>262.80000000000001</ele>
      </trkpt>
      <trkpt lat="-22.640675995498896" lon="14.805498970672488">
        <ele>262.80000000000001</ele>
      </trkpt>
      <trkpt lat="-22.640629978850484" lon="14.805491007864475">
        <ele>263</ele>
      </trkpt>
      <trkpt lat="-22.640584968030453" lon="14.805482961237431">
        <ele>263.19999999999999</ele>
      </trkpt>
      <trkpt lat="-22.640541968867183" lon="14.805474998429418">
        <ele>263.39999999999998</ele>
      </trkpt>
      <trkpt lat="-22.640499975532293" lon="14.805465023964643">
        <ele>263.39999999999998</ele>
      </trkpt>
      <trkpt lat="-22.640457982197404" lon="14.805456977337599">
        <ele>263.60000000000002</ele>
      </trkpt>
      <trkpt lat="-22.640414983034134" lon="14.805452032014728">
        <ele>263.60000000000002</ele>
      </trkpt>
      <trkpt lat="-22.640372989699244" lon="14.805450020357966">
        <ele>263.60000000000002</ele>
      </trkpt>
      <trkpt lat="-22.640330996364355" lon="14.805450020357966">
        <ele>264</ele>
      </trkpt>
      <trkpt lat="-22.640286991372705" lon="14.805445997044444">
        <ele>264.19999999999999</ele>
      </trkpt>
      <trkpt lat="-22.640243992209435" lon="14.805441973730922">
        <ele>264.39999999999998</ele>
      </trkpt>
      <trkpt lat="-22.640194036066532" lon="14.805435016751289">
        <ele>264.39999999999998</ele>
      </trkpt>
      <trkpt lat="-22.640152964740992" lon="14.805424958467484">
        <ele>264.60000000000002</ele>
      </trkpt>
      <trkpt lat="-22.640122035518289" lon="14.805413978174329">
        <ele>264.60000000000002</ele>
      </trkpt>
      <trkpt lat="-22.640080964192748" lon="14.805396962910891">
        <ele>264.80000000000001</ele>
      </trkpt>
      <trkpt lat="-22.640037965029478" lon="14.805379025638103">
        <ele>264.80000000000001</ele>
      </trkpt>
      <trkpt lat="-22.639991026371717" lon="14.805363016203046">
        <ele>265</ele>
      </trkpt>
      <trkpt lat="-22.639939980581403" lon="14.805351030081511">
        <ele>265</ele>
      </trkpt>
      <trkpt lat="-22.63988901861012" lon="14.805346000939608">
        <ele>265</ele>
      </trkpt>
      <trkpt lat="-22.639839984476566" lon="14.805343989282846">
        <ele>265.19999999999999</ele>
      </trkpt>
      <trkpt lat="-22.639794973656535" lon="14.80535002425313">
        <ele>265.19999999999999</ele>
      </trkpt>
      <trkpt lat="-22.639755997806787" lon="14.805362010374665">
        <ele>265.19999999999999</ele>
      </trkpt>
      <trkpt lat="-22.639715010300279" lon="14.805376008152962">
        <ele>265.39999999999998</ele>
      </trkpt>
      <trkpt lat="-22.639687014743686" lon="14.805392017588019">
        <ele>265.39999999999998</ele>
      </trkpt>
      <trkpt lat="-22.639669999480247" lon="14.805405009537935">
        <ele>265.19999999999999</ele>
      </trkpt>
      <trkpt lat="-22.639651978388429" lon="14.805420013144612">
        <ele>265.19999999999999</ele>
      </trkpt>
      <trkpt lat="-22.63963496312499" lon="14.805434010922909">
        <ele>265.19999999999999</ele>
      </trkpt>
      <trkpt lat="-22.639619037508965" lon="14.805450020357966">
        <ele>265.39999999999998</ele>
      </trkpt>
      <trkpt lat="-22.639606967568398" lon="14.805469969287515">
        <ele>265.19999999999999</ele>
      </trkpt>
      <trkpt lat="-22.639599004760385" lon="14.805491007864475">
        <ele>265.60000000000002</ele>
      </trkpt>
      <trkpt lat="-22.63959196396172" lon="14.805514980107546">
        <ele>265.60000000000002</ele>
      </trkpt>
      <trkpt lat="-22.639581989496946" lon="14.805545993149281">
        <ele>265.60000000000002</ele>
      </trkpt>
      <trkpt lat="-22.639570003375411" lon="14.805574994534254">
        <ele>265.60000000000002</ele>
      </trkpt>
      <trkpt lat="-22.639558017253876" lon="14.805603995919228">
        <ele>265.60000000000002</ele>
      </trkpt>
      <trkpt lat="-22.639543013647199" lon="14.805631991475821">
        <ele>265.60000000000002</ele>
      </trkpt>
      <trkpt lat="-22.639523986726999" lon="14.805658981204033">
        <ele>265.39999999999998</ele>
      </trkpt>
      <trkpt lat="-22.63950202614069" lon="14.805682031437755">
        <ele>265.60000000000002</ele>
      </trkpt>
      <trkpt lat="-22.639475958421826" lon="14.805708015337586">
        <ele>265.80000000000001</ele>
      </trkpt>
      <trkpt lat="-22.639449974521995" lon="14.805736010894179">
        <ele>266</ele>
      </trkpt>
      <trkpt lat="-22.639421978965402" lon="14.805763000622392">
        <ele>266.19999999999999</ele>
      </trkpt>
      <trkpt lat="-22.639400018379092" lon="14.805790996178985">
        <ele>266.19999999999999</ele>
      </trkpt>
      <trkpt lat="-22.63937596231699" lon="14.805817985907197">
        <ele>266.39999999999998</ele>
      </trkpt>
      <trkpt lat="-22.639346960932016" lon="14.805854028090835">
        <ele>266.39999999999998</ele>
      </trkpt>
      <trkpt lat="-22.639327012002468" lon="14.805878000333905">
        <ele>266.60000000000002</ele>
      </trkpt>
      <trkpt lat="-22.639298010617495" lon="14.805916976183653">
        <ele>266.80000000000001</ele>
      </trkpt>
      <trkpt lat="-22.639274038374424" lon="14.805945977568626">
        <ele>267</ele>
      </trkpt>
      <trkpt lat="-22.639255011454225" lon="14.805970033630729">
        <ele>267</ele>
      </trkpt>
      <trkpt lat="-22.639231039211154" lon="14.805999035015702">
        <ele>267</ele>
      </trkpt>
      <trkpt lat="-22.639206983149052" lon="14.806027030572295">
        <ele>267.19999999999999</ele>
      </trkpt>
      <trkpt lat="-22.63918099924922" lon="14.806053014472127">
        <ele>267.39999999999998</ele>
      </trkpt>
      <trkpt lat="-22.639154009521008" lon="14.80608101002872">
        <ele>267.60000000000002</ele>
      </trkpt>
      <trkpt lat="-22.639125008136034" lon="14.806110011413693">
        <ele>267.60000000000002</ele>
      </trkpt>
      <trkpt lat="-22.63909500092268" lon="14.806135995313525">
        <ele>267.80000000000001</ele>
      </trkpt>
      <trkpt lat="-22.639061976224184" lon="14.806163990870118">
        <ele>268</ele>
      </trkpt>
      <trkpt lat="-22.63903196901083" lon="14.806195003911853">
        <ele>268.19999999999999</ele>
      </trkpt>
      <trkpt lat="-22.639001039788127" lon="14.806221993640065">
        <ele>268.39999999999998</ele>
      </trkpt>
      <trkpt lat="-22.638971032574773" lon="14.806248983368278">
        <ele>268.60000000000002</ele>
      </trkpt>
      <trkpt lat="-22.638938007876277" lon="14.806273961439729">
        <ele>268.80000000000001</ele>
      </trkpt>
      <trkpt lat="-22.63890297152102" lon="14.806303968653083">
        <ele>269.19999999999999</ele>
      </trkpt>
      <trkpt lat="-22.638861984014511" lon="14.806337999179959">
        <ele>269.39999999999998</ele>
      </trkpt>
      <trkpt lat="-22.63883700594306" lon="14.806359959766269">
        <ele>269.60000000000002</ele>
      </trkpt>
      <trkpt lat="-22.638803981244564" lon="14.806386027485132">
        <ele>269.80000000000001</ele>
      </trkpt>
      <trkpt lat="-22.6387710403651" lon="14.806412011384964">
        <ele>270</ele>
      </trkpt>
      <trkpt lat="-22.638738015666604" lon="14.806439001113176">
        <ele>270</ele>
      </trkpt>
      <trkpt lat="-22.638704990968108" lon="14.806464985013008">
        <ele>270.19999999999999</ele>
      </trkpt>
      <trkpt lat="-22.638670960441232" lon="14.80649096891284">
        <ele>270.39999999999998</ele>
      </trkpt>
      <trkpt lat="-22.638638019561768" lon="14.806516030803323">
        <ele>270.39999999999998</ele>
      </trkpt>
      <trkpt lat="-22.638603989034891" lon="14.806540003046393">
        <ele>270.60000000000002</ele>
      </trkpt>
      <trkpt lat="-22.638569958508015" lon="14.806564981117845">
        <ele>271</ele>
      </trkpt>
      <trkpt lat="-22.63853601180017" lon="14.806589037179947">
        <ele>271.19999999999999</ele>
      </trkpt>
      <trkpt lat="-22.638500975444913" lon="14.806610997766256">
        <ele>271.39999999999998</ele>
      </trkpt>
      <trkpt lat="-22.638467028737068" lon="14.806632958352566">
        <ele>271.60000000000002</ele>
      </trkpt>
      <trkpt lat="-22.638430986553431" lon="14.806658020243049">
        <ele>271.80000000000001</ele>
      </trkpt>
      <trkpt lat="-22.638396034017205" lon="14.806680986657739">
        <ele>271.80000000000001</ele>
      </trkpt>
      <trkpt lat="-22.638362003490329" lon="14.80670303106308">
        <ele>272</ele>
      </trkpt>
      <trkpt lat="-22.638325039297342" lon="14.806722979992628">
        <ele>272.19999999999999</ele>
      </trkpt>
      <trkpt lat="-22.638288997113705" lon="14.80674703605473">
        <ele>272.39999999999998</ele>
      </trkpt>
      <trkpt lat="-22.638251027092338" lon="14.80676899664104">
        <ele>272.60000000000002</ele>
      </trkpt>
      <trkpt lat="-22.638212973251939" lon="14.806791041046381">
        <ele>272.80000000000001</ele>
      </trkpt>
      <trkpt lat="-22.638175003230572" lon="14.80681300163269">
        <ele>273</ele>
      </trkpt>
      <trkpt lat="-22.638136027380824" lon="14.80683303438127">
        <ele>273.19999999999999</ele>
      </trkpt>
      <trkpt lat="-22.638097973540425" lon="14.806850971654058">
        <ele>273.39999999999998</ele>
      </trkpt>
      <trkpt lat="-22.638060003519058" lon="14.806867986917496">
        <ele>273.60000000000002</ele>
      </trkpt>
      <trkpt lat="-22.638023961335421" lon="14.806886008009315">
        <ele>273.80000000000001</ele>
      </trkpt>
      <trkpt lat="-22.637985991314054" lon="14.806902017444372">
        <ele>273.80000000000001</ele>
      </trkpt>
      <trkpt lat="-22.637947015464306" lon="14.806916015222669">
        <ele>274</ele>
      </trkpt>
      <trkpt lat="-22.637905022129416" lon="14.806931018829346">
        <ele>274</ele>
      </trkpt>
      <trkpt lat="-22.637862022966146" lon="14.806948034092784">
        <ele>274.19999999999999</ele>
      </trkpt>
      <trkpt lat="-22.637816006317735" lon="14.806966977193952">
        <ele>274.19999999999999</ele>
      </trkpt>
      <trkpt lat="-22.637772001326084" lon="14.806988015770912">
        <ele>274.39999999999998</ele>
      </trkpt>
      <trkpt lat="-22.637726990506053" lon="14.807009976357222">
        <ele>274.60000000000002</ele>
      </trkpt>
      <trkpt lat="-22.637679968029261" lon="14.807032020762563">
        <ele>274.80000000000001</ele>
      </trkpt>
      <trkpt lat="-22.63763596303761" lon="14.807051969692111">
        <ele>275</ele>
      </trkpt>
      <trkpt lat="-22.63759296387434" lon="14.807072002440691">
        <ele>275</ele>
      </trkpt>
      <trkpt lat="-22.63754996471107" lon="14.807093041017652">
        <ele>275.39999999999998</ele>
      </trkpt>
      <trkpt lat="-22.637507971376181" lon="14.807116007432342">
        <ele>275.80000000000001</ele>
      </trkpt>
      <trkpt lat="-22.63746396638453" lon="14.807139979675412">
        <ele>276</ele>
      </trkpt>
      <trkpt lat="-22.637419961392879" lon="14.807164035737514">
        <ele>276.19999999999999</ele>
      </trkpt>
      <trkpt lat="-22.63737796805799" lon="14.807185996323824">
        <ele>276.19999999999999</ele>
      </trkpt>
      <trkpt lat="-22.63733496889472" lon="14.807209968566895">
        <ele>276.39999999999998</ele>
      </trkpt>
      <trkpt lat="-22.637292975559831" lon="14.807233018800616">
        <ele>276.39999999999998</ele>
      </trkpt>
      <trkpt lat="-22.637251988053322" lon="14.807252967730165">
        <ele>276.60000000000002</ele>
      </trkpt>
      <trkpt lat="-22.637208988890052" lon="14.807274006307125">
        <ele>276.80000000000001</ele>
      </trkpt>
      <trkpt lat="-22.637164983898401" lon="14.807294039055705">
        <ele>277</ele>
      </trkpt>
      <trkpt lat="-22.637122990563512" lon="14.807313987985253">
        <ele>277.19999999999999</ele>
      </trkpt>
      <trkpt lat="-22.637082003057003" lon="14.807336032390594">
        <ele>277.39999999999998</ele>
      </trkpt>
      <trkpt lat="-22.637040009722114" lon="14.807358998805285">
        <ele>277.39999999999998</ele>
      </trkpt>
      <trkpt lat="-22.636998016387224" lon="14.807382971048355">
        <ele>277.60000000000002</ele>
      </trkpt>
      <trkpt lat="-22.636957028880715" lon="14.807409038767219">
        <ele>277.80000000000001</ele>
      </trkpt>
      <trkpt lat="-22.636915035545826" lon="14.807433011010289">
        <ele>278</ele>
      </trkpt>
      <trkpt lat="-22.636873964220285" lon="14.80745798908174">
        <ele>278.19999999999999</ele>
      </trkpt>
      <trkpt lat="-22.636832976713777" lon="14.807479027658701">
        <ele>278.39999999999998</ele>
      </trkpt>
      <trkpt lat="-22.636791989207268" lon="14.80750098824501">
        <ele>278.60000000000002</ele>
      </trkpt>
      <trkpt lat="-22.636751001700759" lon="14.807524038478732">
        <ele>278.80000000000001</ele>
      </trkpt>
      <trkpt lat="-22.636711020022631" lon="14.807545999065042">
        <ele>279</ele>
      </trkpt>
      <trkpt lat="-22.636670032516122" lon="14.807567959651351">
        <ele>279</ele>
      </trkpt>
      <trkpt lat="-22.63662301003933" lon="14.807597966864705">
        <ele>279.19999999999999</ele>
      </trkpt>
      <trkpt lat="-22.636582022532821" lon="14.807623028755188">
        <ele>279.39999999999998</ele>
      </trkpt>
      <trkpt lat="-22.63653701171279" lon="14.807645995169878">
        <ele>279.60000000000002</ele>
      </trkpt>
      <trkpt lat="-22.636499963700771" lon="14.807665022090077">
        <ele>279.80000000000001</ele>
      </trkpt>
      <trkpt lat="-22.636455036699772" lon="14.807686982676387">
        <ele>279.80000000000001</ele>
      </trkpt>
      <trkpt lat="-22.636395022273064" lon="14.807711960747838">
        <ele>280</ele>
      </trkpt>
      <trkpt lat="-22.636343976482749" lon="14.807732999324799">
        <ele>280</ele>
      </trkpt>
      <trkpt lat="-22.636300977319479" lon="14.807752026244998">
        <ele>280.19999999999999</ele>
      </trkpt>
      <trkpt lat="-22.636243980377913" lon="14.807774992659688">
        <ele>280.19999999999999</ele>
      </trkpt>
      <trkpt lat="-22.636188995093107" lon="14.807798964902759">
        <ele>280.39999999999998</ele>
      </trkpt>
      <trkpt lat="-22.636133003979921" lon="14.807823020964861">
        <ele>280.39999999999998</ele>
      </trkpt>
      <trkpt lat="-22.636070977896452" lon="14.807851016521454">
        <ele>280.60000000000002</ele>
      </trkpt>
      <trkpt lat="-22.636029990389943" lon="14.807868031784892">
        <ele>280.60000000000002</ele>
      </trkpt>
      <trkpt lat="-22.63597802259028" lon="14.80788798071444">
        <ele>280.60000000000002</ele>
      </trkpt>
      <trkpt lat="-22.63591599650681" lon="14.807912036776543">
        <ele>280.80000000000001</ele>
      </trkpt>
      <trkpt lat="-22.635865034535527" lon="14.807931985706091">
        <ele>280.80000000000001</ele>
      </trkpt>
      <trkpt lat="-22.635814994573593" lon="14.807952018454671">
        <ele>281</ele>
      </trkpt>
      <trkpt lat="-22.635775012895465" lon="14.807969033718109">
        <ele>281</ele>
      </trkpt>
      <trkpt lat="-22.635724972933531" lon="14.807989988476038">
        <ele>281</ele>
      </trkpt>
      <trkpt lat="-22.635666970163584" lon="14.80801597237587">
        <ele>281</ele>
      </trkpt>
      <trkpt lat="-22.635620031505823" lon="14.808038016781211">
        <ele>281</ele>
      </trkpt>
      <trkpt lat="-22.635581977665424" lon="14.80805897153914">
        <ele>281</ele>
      </trkpt>
      <trkpt lat="-22.635535961017013" lon="14.808085039258003">
        <ele>281.19999999999999</ele>
      </trkpt>
      <trkpt lat="-22.635480975732207" lon="14.808117980137467">
        <ele>281.60000000000002</ele>
      </trkpt>
      <trkpt lat="-22.635434959083796" lon="14.808146981522441">
        <ele>282</ele>
      </trkpt>
      <trkpt lat="-22.635390032082796" lon="14.808174977079034">
        <ele>282</ele>
      </trkpt>
      <trkpt lat="-22.635354995727539" lon="14.808198027312756">
        <ele>282.19999999999999</ele>
      </trkpt>
      <trkpt lat="-22.63531300239265" lon="14.80822904035449">
        <ele>282.19999999999999</ele>
      </trkpt>
      <trkpt lat="-22.63527100905776" lon="14.808261981233954">
        <ele>282.39999999999998</ele>
      </trkpt>
      <trkpt lat="-22.635230021551251" lon="14.80829400010407">
        <ele>282.39999999999998</ele>
      </trkpt>
      <trkpt lat="-22.635177969932556" lon="14.808326018974185">
        <ele>282.39999999999998</ele>
      </trkpt>
      <trkpt lat="-22.63514100573957" lon="14.808341022580862">
        <ele>282.60000000000002</ele>
      </trkpt>
      <trkpt lat="-22.635094989091158" lon="14.808355020359159">
        <ele>282.60000000000002</ele>
      </trkpt>
      <trkpt lat="-22.635036986321211" lon="14.808373963460326">
        <ele>282.80000000000001</ele>
      </trkpt>
      <trkpt lat="-22.634988036006689" lon="14.808390978723764">
        <ele>282.80000000000001</ele>
      </trkpt>
      <trkpt lat="-22.63494897633791" lon="14.808407993987203">
        <ele>282.80000000000001</ele>
      </trkpt>
      <trkpt lat="-22.634897008538246" lon="14.808427020907402">
        <ele>283</ele>
      </trkpt>
      <trkpt lat="-22.634830959141254" lon="14.80844403617084">
        <ele>283.19999999999999</ele>
      </trkpt>
      <trkpt lat="-22.634772034361959" lon="14.808454010635614">
        <ele>283.19999999999999</ele>
      </trkpt>
      <trkpt lat="-22.634706990793347" lon="14.808460967615247">
        <ele>283.39999999999998</ele>
      </trkpt>
      <trkpt lat="-22.634655022993684" lon="14.808468008413911">
        <ele>283.39999999999998</ele>
      </trkpt>
      <trkpt lat="-22.634586039930582" lon="14.808478988707066">
        <ele>283.39999999999998</ele>
      </trkpt>
      <trkpt lat="-22.634499035775661" lon="14.808497009798884">
        <ele>283.39999999999998</ele>
      </trkpt>
      <trkpt lat="-22.634419994428754" lon="14.808516958728433">
        <ele>283.39999999999998</ele>
      </trkpt>
      <trkpt lat="-22.634355034679174" lon="14.808534979820251">
        <ele>283.39999999999998</ele>
      </trkpt>
      <trkpt lat="-22.634271970018744" lon="14.808558030053973">
        <ele>283.39999999999998</ele>
      </trkpt>
      <trkpt lat="-22.634172979742289" lon="14.808585019782186">
        <ele>283.39999999999998</ele>
      </trkpt>
      <trkpt lat="-22.63408899307251" lon="14.808604968711734">
        <ele>283.19999999999999</ele>
      </trkpt>
      <trkpt lat="-22.63400400057435" lon="14.808627013117075">
        <ele>282.80000000000001</ele>
      </trkpt>
      <trkpt lat="-22.633939040824771" lon="14.808643022552133">
        <ele>282.60000000000002</ele>
      </trkpt>
      <trkpt lat="-22.633862011134624" lon="14.80866095982492">
        <ele>282.19999999999999</ele>
      </trkpt>
      <trkpt lat="-22.633777018636465" lon="14.808684010058641">
        <ele>282.19999999999999</ele>
      </trkpt>
      <trkpt lat="-22.633717004209757" lon="14.808700019493699">
        <ele>281.80000000000001</ele>
      </trkpt>
      <trkpt lat="-22.633665958419442" lon="14.808710999786854">
        <ele>281.39999999999998</ele>
      </trkpt>
      <trkpt lat="-22.633635029196739" lon="14.808720974251628">
        <ele>280.60000000000002</ele>
      </trkpt>
      <trkpt lat="-22.633598987013102" lon="14.808731032535434">
        <ele>280.39999999999998</ele>
      </trkpt>
      <trkpt lat="-22.633580965921283" lon="14.808731032535434">
        <ele>280.19999999999999</ele>
      </trkpt>
      <trkpt lat="-22.633562022820115" lon="14.808733966201544">
        <ele>280</ele>
      </trkpt>
      <trkpt lat="-22.633551964536309" lon="14.808737989515066">
        <ele>280</ele>
      </trkpt>
      <trkpt lat="-22.633538972586393" lon="14.80874503031373">
        <ele>280</ele>
      </trkpt>
      <trkpt lat="-22.633519023656845" lon="14.808757016435266">
        <ele>280</ele>
      </trkpt>
      <trkpt lat="-22.633494967594743" lon="14.808773025870323">
        <ele>280</ele>
      </trkpt>
      <trkpt lat="-22.633474012836814" lon="14.80878702364862">
        <ele>280</ele>
      </trkpt>
      <trkpt lat="-22.633450040593743" lon="14.808802027255297">
        <ele>280</ele>
      </trkpt>
      <trkpt lat="-22.63342397287488" lon="14.808818958699703">
        <ele>280.39999999999998</ele>
      </trkpt>
      <trkpt lat="-22.633396983146667" lon="14.808834968134761">
        <ele>280.60000000000002</ele>
      </trkpt>
      <trkpt lat="-22.633363036438823" lon="14.80885399505496">
        <ele>281</ele>
      </trkpt>
      <trkpt lat="-22.63333898037672" lon="14.808866987004876">
        <ele>281.39999999999998</ele>
      </trkpt>
      <trkpt lat="-22.633305033668876" lon="14.808886013925076">
        <ele>281.60000000000002</ele>
      </trkpt>
      <trkpt lat="-22.633260022848845" lon="14.808908980339766">
        <ele>281.80000000000001</ele>
      </trkpt>
      <trkpt lat="-22.633225992321968" lon="14.808924989774823">
        <ele>282.19999999999999</ele>
      </trkpt>
      <trkpt lat="-22.633181987330317" lon="14.808948040008545">
        <ele>282.19999999999999</ele>
      </trkpt>
      <trkpt lat="-22.633136976510286" lon="14.808976035565138">
        <ele>282.39999999999998</ele>
      </trkpt>
      <trkpt lat="-22.633093977347016" lon="14.809007970616221">
        <ele>282.39999999999998</ele>
      </trkpt>
      <trkpt lat="-22.633044021204114" lon="14.80904895812273">
        <ele>282.60000000000002</ele>
      </trkpt>
      <trkpt lat="-22.633003033697605" lon="14.809083994477987">
        <ele>282.60000000000002</ele>
      </trkpt>
      <trkpt lat="-22.632961962372065" lon="14.809121964499354">
        <ele>282.60000000000002</ele>
      </trkpt>
      <trkpt lat="-22.632930027320981" lon="14.809149038046598">
        <ele>282.60000000000002</ele>
      </trkpt>
      <trkpt lat="-22.632891973480582" lon="14.809184996411204">
        <ele>282.80000000000001</ele>
      </trkpt>
      <trkpt lat="-22.632846040651202" lon="14.809229001402855">
        <ele>282.80000000000001</ele>
      </trkpt>
      <trkpt lat="-22.632808992639184" lon="14.809263031929731">
        <ele>282.80000000000001</ele>
      </trkpt>
      <trkpt lat="-22.632777979597449" lon="14.809287004172802">
        <ele>282.80000000000001</ele>
      </trkpt>
      <trkpt lat="-22.632740009576082" lon="14.809313993901014">
        <ele>283</ele>
      </trkpt>
      <trkpt lat="-22.632697010412812" lon="14.80934601277113">
        <ele>283</ele>
      </trkpt>
      <trkpt lat="-22.632663985714316" lon="14.809374008327723">
        <ele>283</ele>
      </trkpt>
      <trkpt lat="-22.632633978500962" lon="14.809400998055935">
        <ele>283</ele>
      </trkpt>
      <trkpt lat="-22.632613023743033" lon="14.809422036632895">
        <ele>283</ele>
      </trkpt>
      <trkpt lat="-22.632589973509312" lon="14.809443997219205">
        <ele>283.19999999999999</ele>
      </trkpt>
      <trkpt lat="-22.632561977952719" lon="14.809469981119037">
        <ele>283.39999999999998</ele>
      </trkpt>
      <trkpt lat="-22.632535994052887" lon="14.809491019695997">
        <ele>283.39999999999998</ele>
      </trkpt>
      <trkpt lat="-22.632511015981436" lon="14.809509962797165">
        <ele>283.39999999999998</ele>
      </trkpt>
      <trkpt lat="-22.632490983232856" lon="14.809526978060603">
        <ele>283.39999999999998</ele>
      </trkpt>
      <trkpt lat="-22.632459970191121" lon="14.809552961960435">
        <ele>283.80000000000001</ele>
      </trkpt>
      <trkpt lat="-22.632438009604812" lon="14.809569977223873">
        <ele>284</ele>
      </trkpt>
      <trkpt lat="-22.632403979077935" lon="14.809595961123705">
        <ele>284.39999999999998</ele>
      </trkpt>
      <trkpt lat="-22.632380006834865" lon="14.809613982215524">
        <ele>284.60000000000002</ele>
      </trkpt>
      <trkpt lat="-22.632349999621511" lon="14.809636026620865">
        <ele>284.80000000000001</ele>
      </trkpt>
      <trkpt lat="-22.632315969094634" lon="14.809661004692316">
        <ele>285</ele>
      </trkpt>
      <trkpt lat="-22.632286967709661" lon="14.809681037440896">
        <ele>285.19999999999999</ele>
      </trkpt>
      <trkpt lat="-22.632257966324687" lon="14.809700986370444">
        <ele>285.39999999999998</ele>
      </trkpt>
      <trkpt lat="-22.632233994081616" lon="14.80971397832036">
        <ele>285.60000000000002</ele>
      </trkpt>
      <trkpt lat="-22.632203986868262" lon="14.809730993583798">
        <ele>285.80000000000001</ele>
      </trkpt>
      <trkpt lat="-22.632173979654908" lon="14.809747003018856">
        <ele>286</ele>
      </trkpt>
      <trkpt lat="-22.632137015461922" lon="14.809766029939055">
        <ele>286.19999999999999</ele>
      </trkpt>
      <trkpt lat="-22.632109019905329" lon="14.809779021888971">
        <ele>286.39999999999998</ele>
      </trkpt>
      <trkpt lat="-22.632078006863594" lon="14.80979603715241">
        <ele>286.60000000000002</ele>
      </trkpt>
      <trkpt lat="-22.632039031013846" lon="14.809815986081958">
        <ele>286.80000000000001</ele>
      </trkpt>
      <trkpt lat="-22.632001983001828" lon="14.809834007173777">
        <ele>287.19999999999999</ele>
      </trkpt>
      <trkpt lat="-22.631965018808842" lon="14.809846999123693">
        <ele>287.39999999999998</ele>
      </trkpt>
      <trkpt lat="-22.631936017423868" lon="14.809856973588467">
        <ele>287.60000000000002</ele>
      </trkpt>
      <trkpt lat="-22.63189896941185" lon="14.809868959710002">
        <ele>288</ele>
      </trkpt>
      <trkpt lat="-22.631856976076961" lon="14.80988496914506">
        <ele>288.19999999999999</ele>
      </trkpt>
      <trkpt lat="-22.631821017712355" lon="14.809896033257246">
        <ele>288.19999999999999</ele>
      </trkpt>
      <trkpt lat="-22.631792016327381" lon="14.809903996065259">
        <ele>288.39999999999998</ele>
      </trkpt>
      <trkpt lat="-22.631754968315363" lon="14.809913970530033">
        <ele>288.60000000000002</ele>
      </trkpt>
      <trkpt lat="-22.631718004122376" lon="14.809923022985458">
        <ele>288.80000000000001</ele>
      </trkpt>
      <trkpt lat="-22.631672993302345" lon="14.809932997450233">
        <ele>289</ele>
      </trkpt>
      <trkpt lat="-22.631635023280978" lon="14.809941966086626">
        <ele>289.19999999999999</ele>
      </trkpt>
      <trkpt lat="-22.631607027724385" lon="14.80994800105691">
        <ele>289.39999999999998</ele>
      </trkpt>
      <trkpt lat="-22.631568973883986" lon="14.809959987178445">
        <ele>289.60000000000002</ele>
      </trkpt>
      <trkpt lat="-22.631525974720716" lon="14.809978008270264">
        <ele>289.80000000000001</ele>
      </trkpt>
      <trkpt lat="-22.63148901052773" lon="14.809993011876941">
        <ele>290.19999999999999</ele>
      </trkpt>
      <trkpt lat="-22.631452968344092" lon="14.810009021311998">
        <ele>290.39999999999998</ele>
      </trkpt>
      <trkpt lat="-22.63142597861588" lon="14.810023019090295">
        <ele>290.60000000000002</ele>
      </trkpt>
      <trkpt lat="-22.631390020251274" lon="14.810044979676604">
        <ele>290.60000000000002</ele>
      </trkpt>
      <trkpt lat="-22.631350960582495" lon="14.810071969404817">
        <ele>290.80000000000001</ele>
      </trkpt>
      <trkpt lat="-22.631320031359792" lon="14.810094013810158">
        <ele>290.80000000000001</ele>
      </trkpt>
      <trkpt lat="-22.631289018318057" lon="14.810117986053228">
        <ele>291.39999999999998</ele>
      </trkpt>
      <trkpt lat="-22.631264040246606" lon="14.810138018801808">
        <ele>291.60000000000002</ele>
      </trkpt>
      <trkpt lat="-22.631233027204871" lon="14.810165008530021">
        <ele>292</ele>
      </trkpt>
      <trkpt lat="-22.631197990849614" lon="14.810199039056897">
        <ele>292.39999999999998</ele>
      </trkpt>
      <trkpt lat="-22.631171001121402" lon="14.810225022956729">
        <ele>292.39999999999998</ele>
      </trkpt>
      <trkpt lat="-22.631148034706712" lon="14.810244971886277">
        <ele>292.60000000000002</ele>
      </trkpt>
      <trkpt lat="-22.631115010008216" lon="14.810273973271251">
        <ele>292.80000000000001</ele>
      </trkpt>
      <trkpt lat="-22.631080979481339" lon="14.810310015454888">
        <ele>293</ele>
      </trkpt>
      <trkpt lat="-22.631052983924747" lon="14.810339016839862">
        <ele>293.19999999999999</ele>
      </trkpt>
      <trkpt lat="-22.631023982539773" lon="14.810365000739694">
        <ele>293.39999999999998</ele>
      </trkpt>
      <trkpt lat="-22.630997998639941" lon="14.810385033488274">
        <ele>293.80000000000001</ele>
      </trkpt>
      <trkpt lat="-22.630967991426587" lon="14.810409005731344">
        <ele>294</ele>
      </trkpt>
      <trkpt lat="-22.630931027233601" lon="14.810434989631176">
        <ele>294.19999999999999</ele>
      </trkpt>
      <trkpt lat="-22.630893979221582" lon="14.810454016551375">
        <ele>294.60000000000002</ele>
      </trkpt>
      <trkpt lat="-22.630861038342118" lon="14.810469020158052">
        <ele>295</ele>
      </trkpt>
      <trkpt lat="-22.630836982280016" lon="14.810474971309304">
        <ele>295</ele>
      </trkpt>
      <trkpt lat="-22.630806975066662" lon="14.810477988794446">
        <ele>295.19999999999999</ele>
      </trkpt>
      <trkpt lat="-22.630774034187198" lon="14.810472959652543">
        <ele>295.39999999999998</ele>
      </trkpt>
      <trkpt lat="-22.630748972296715" lon="14.810466002672911">
        <ele>295.60000000000002</ele>
      </trkpt>
      <trkpt lat="-22.630721982568502" lon="14.810455022379756">
        <ele>295.80000000000001</ele>
      </trkpt>
      <trkpt lat="-22.630700021982193" lon="14.810445969924331">
        <ele>296</ele>
      </trkpt>
      <trkpt lat="-22.6306720264256" lon="14.810431972146034">
        <ele>296.19999999999999</ele>
      </trkpt>
      <trkpt lat="-22.630652999505401" lon="14.810423003509641">
        <ele>296.60000000000002</ele>
      </trkpt>
      <trkpt lat="-22.630627015605569" lon="14.810407999902964">
        <ele>296.80000000000001</ele>
      </trkpt>
      <trkpt lat="-22.63060899451375" lon="14.81039903126657">
        <ele>296.80000000000001</ele>
      </trkpt>
      <trkpt lat="-22.63058896176517" lon="14.810385033488274">
        <ele>297</ele>
      </trkpt>
      <trkpt lat="-22.630567001178861" lon="14.810371035709977">
        <ele>297.19999999999999</ele>
      </trkpt>
      <trkpt lat="-22.630548980087042" lon="14.810359971597791">
        <ele>297.39999999999998</ele>
      </trkpt>
      <trkpt lat="-22.630535988137126" lon="14.810352008789778">
        <ele>297.60000000000002</ele>
      </trkpt>
      <trkpt lat="-22.630526013672352" lon="14.810342034325004">
        <ele>297.80000000000001</ele>
      </trkpt>
      <trkpt lat="-22.630517967045307" lon="14.810331976041198">
        <ele>298.19999999999999</ele>
      </trkpt>
      <trkpt lat="-22.630506986752152" lon="14.810320995748043">
        <ele>298.60000000000002</ele>
      </trkpt>
      <trkpt lat="-22.630493994802237" lon="14.810308003798127">
        <ele>299</ele>
      </trkpt>
      <trkpt lat="-22.630475973710418" lon="14.81029300019145">
        <ele>299.39999999999998</ele>
      </trkpt>
      <trkpt lat="-22.630462981760502" lon="14.810279002413154">
        <ele>299.80000000000001</ele>
      </trkpt>
      <trkpt lat="-22.630444038659334" lon="14.810263998806477">
        <ele>300.19999999999999</ele>
      </trkpt>
      <trkpt lat="-22.630429035052657" lon="14.810257041826844">
        <ele>300.60000000000002</ele>
      </trkpt>
      <trkpt lat="-22.63041696511209" lon="14.810252012684941">
        <ele>301</ele>
      </trkpt>
      <trkpt lat="-22.630405984818935" lon="14.810251006856561">
        <ele>301.19999999999999</ele>
      </trkpt>
      <trkpt lat="-22.630389975383878" lon="14.810256035998464">
        <ele>301.60000000000002</ele>
      </trkpt>
      <trkpt lat="-22.630368014797568" lon="14.810263998806477">
        <ele>301.80000000000001</ele>
      </trkpt>
      <trkpt lat="-22.630346976220608" lon="14.810265004634857">
        <ele>302</ele>
      </trkpt>
      <trkpt lat="-22.63032803311944" lon="14.810256035998464">
        <ele>302.19999999999999</ele>
      </trkpt>
      <trkpt lat="-22.630319986492395" lon="14.810244971886277">
        <ele>302.60000000000002</ele>
      </trkpt>
      <trkpt lat="-22.630314035341144" lon="14.81022602878511">
        <ele>302.60000000000002</ele>
      </trkpt>
      <trkpt lat="-22.630305988714099" lon="14.810200966894627">
        <ele>302.80000000000001</ele>
      </trkpt>
      <trkpt lat="-22.630304982885718" lon="14.810182023793459">
        <ele>302.80000000000001</ele>
      </trkpt>
      <trkpt lat="-22.630303977057338" lon="14.810166014358401">
        <ele>303</ele>
      </trkpt>
      <trkpt lat="-22.630301965400577" lon="14.810154028236866">
        <ele>303</ele>
      </trkpt>
      <trkpt lat="-22.630300037562847" lon="14.810131983831525">
        <ele>303</ele>
      </trkpt>
      <trkpt lat="-22.630297020077705" lon="14.810104994103312">
        <ele>303</ele>
      </trkpt>
      <trkpt lat="-22.630277993157506" lon="14.810063000768423">
        <ele>303</ele>
      </trkpt>
      <trkpt lat="-22.630255026742816" lon="14.810037016868591">
        <ele>303</ele>
      </trkpt>
      <trkpt lat="-22.63022099621594" lon="14.810008015483618">
        <ele>303</ele>
      </trkpt>
      <trkpt lat="-22.630176991224289" lon="14.809972979128361">
        <ele>303</ele>
      </trkpt>
      <trkpt lat="-22.630132986232638" lon="14.809942971915007">
        <ele>302.80000000000001</ele>
      </trkpt>
      <trkpt lat="-22.630083030089736" lon="14.809909025207162">
        <ele>302.60000000000002</ele>
      </trkpt>
      <trkpt lat="-22.630041036754847" lon="14.809880023822188">
        <ele>302.39999999999998</ele>
      </trkpt>
      <trkpt lat="-22.629993008449674" lon="14.809840964153409">
        <ele>302</ele>
      </trkpt>
      <trkpt lat="-22.629949003458023" lon="14.8097999766469">
        <ele>301.80000000000001</ele>
      </trkpt>
      <trkpt lat="-22.629906004294753" lon="14.809753959998488">
        <ele>301.60000000000002</ele>
      </trkpt>
      <trkpt lat="-22.629861999303102" lon="14.809702998027205">
        <ele>301.19999999999999</ele>
      </trkpt>
      <trkpt lat="-22.629825035110116" lon="14.809649018570781">
        <ele>300.80000000000001</ele>
      </trkpt>
      <trkpt lat="-22.629794022068381" lon="14.809587998315692">
        <ele>300.60000000000002</ele>
      </trkpt>
      <trkpt lat="-22.629766026511788" lon="14.809521026909351">
        <ele>300.60000000000002</ele>
      </trkpt>
      <trkpt lat="-22.629739958792925" lon="14.809451038017869">
        <ele>300</ele>
      </trkpt>
      <trkpt lat="-22.629715986549854" lon="14.809381971135736">
        <ele>299.60000000000002</ele>
      </trkpt>
      <trkpt lat="-22.629691008478403" lon="14.809308964759111">
        <ele>299.39999999999998</ele>
      </trkpt>
      <trkpt lat="-22.629664018750191" lon="14.809234030544758">
        <ele>298.80000000000001</ele>
      </trkpt>
      <trkpt lat="-22.629634011536837" lon="14.809155995026231">
        <ele>298.39999999999998</ele>
      </trkpt>
      <trkpt lat="-22.629601992666721" lon="14.809077037498355">
        <ele>298</ele>
      </trkpt>
      <trkpt lat="-22.629566034302115" lon="14.808995984494686">
        <ele>297.39999999999998</ele>
      </trkpt>
      <trkpt lat="-22.629526974633336" lon="14.808913003653288">
        <ele>297</ele>
      </trkpt>
      <trkpt lat="-22.629485987126827" lon="14.80883102864027">
        <ele>296.60000000000002</ele>
      </trkpt>
      <trkpt lat="-22.629446005448699" lon="14.80874796397984">
        <ele>295.80000000000001</ele>
      </trkpt>
      <trkpt lat="-22.629403006285429" lon="14.8086619656533">
        <ele>295.39999999999998</ele>
      </trkpt>
      <trkpt lat="-22.629359001293778" lon="14.80857496149838">
        <ele>294.80000000000001</ele>
      </trkpt>
      <trkpt lat="-22.629317007958889" lon="14.80848602950573">
        <ele>294.39999999999998</ele>
      </trkpt>
      <trkpt lat="-22.629275014624" lon="14.808396007865667">
        <ele>293.60000000000002</ele>
      </trkpt>
      <trkpt lat="-22.629230003803968" lon="14.808306992053986">
        <ele>293</ele>
      </trkpt>
      <trkpt lat="-22.629184992983937" lon="14.808218982070684">
        <ele>292.39999999999998</ele>
      </trkpt>
      <trkpt lat="-22.629135036841035" lon="14.808129966259003">
        <ele>292</ele>
      </trkpt>
      <trkpt lat="-22.629081979393959" lon="14.808042040094733">
        <ele>291.60000000000002</ele>
      </trkpt>
      <trkpt lat="-22.629026994109154" lon="14.807956963777542">
        <ele>291</ele>
      </trkpt>
      <trkpt lat="-22.628968991339207" lon="14.807874988764524">
        <ele>291</ele>
      </trkpt>
      <trkpt lat="-22.62891098856926" lon="14.807797959074378">
        <ele>290.19999999999999</ele>
      </trkpt>
      <trkpt lat="-22.628848040476441" lon="14.807725036516786">
        <ele>289.60000000000002</ele>
      </trkpt>
      <trkpt lat="-22.62878299690783" lon="14.807656975463033">
        <ele>289</ele>
      </trkpt>
      <trkpt lat="-22.628710996359587" lon="14.807594027370214">
        <ele>288.19999999999999</ele>
      </trkpt>
      <trkpt lat="-22.628640001639724" lon="14.807538036257029">
        <ele>287.60000000000002</ele>
      </trkpt>
      <trkpt lat="-22.628562971949577" lon="14.807484978809953">
        <ele>287</ele>
      </trkpt>
      <trkpt lat="-22.628488959744573" lon="14.807437034323812">
        <ele>286.39999999999998</ele>
      </trkpt>
      <trkpt lat="-22.6284150313586" lon="14.807385988533497">
        <ele>285.80000000000001</ele>
      </trkpt>
      <trkpt lat="-22.628345964476466" lon="14.807334020733833">
        <ele>285.19999999999999</ele>
      </trkpt>
      <trkpt lat="-22.628281004726887" lon="14.807275012135506">
        <ele>284</ele>
      </trkpt>
      <trkpt lat="-22.628219984471798" lon="14.807210974395275">
        <ele>283.19999999999999</ele>
      </trkpt>
      <trkpt lat="-22.628166005015373" lon="14.807147020474076">
        <ele>282.80000000000001</ele>
      </trkpt>
      <trkpt lat="-22.6281179767102" lon="14.807077031582594">
        <ele>282.19999999999999</ele>
      </trkpt>
      <trkpt lat="-22.62807497754693" lon="14.807001007720828">
        <ele>281.39999999999998</ele>
      </trkpt>
      <trkpt lat="-22.628038013353944" lon="14.806917021051049">
        <ele>280.60000000000002</ele>
      </trkpt>
      <trkpt lat="-22.62800800614059" lon="14.806826999410987">
        <ele>279.80000000000001</ele>
      </trkpt>
      <trkpt lat="-22.6279850397259" lon="14.806732032448053">
        <ele>279.19999999999999</ele>
      </trkpt>
      <trkpt lat="-22.627970036119223" lon="14.806633964180946">
        <ele>278.60000000000002</ele>
      </trkpt>
      <trkpt lat="-22.627961989492178" lon="14.806535979732871">
        <ele>278.60000000000002</ele>
      </trkpt>
      <trkpt lat="-22.627961989492178" lon="14.806435983628035">
        <ele>278.19999999999999</ele>
      </trkpt>
      <trkpt lat="-22.6279660128057" lon="14.806335987523198">
        <ele>277.80000000000001</ele>
      </trkpt>
      <trkpt lat="-22.627970958128572" lon="14.806235991418362">
        <ele>277</ele>
      </trkpt>
      <trkpt lat="-22.627979004755616" lon="14.806133983656764">
        <ele>276.39999999999998</ele>
      </trkpt>
      <trkpt lat="-22.627983028069139" lon="14.806030970066786">
        <ele>275.80000000000001</ele>
      </trkpt>
      <trkpt lat="-22.627986967563629" lon="14.805927034467459">
        <ele>275.19999999999999</ele>
      </trkpt>
      <trkpt lat="-22.627989985048771" lon="14.805818991735578">
        <ele>274.60000000000002</ele>
      </trkpt>
      <trkpt lat="-22.627990990877151" lon="14.805710026994348">
        <ele>273.80000000000001</ele>
      </trkpt>
      <trkpt lat="-22.627994008362293" lon="14.805597038939595">
        <ele>273.19999999999999</ele>
      </trkpt>
      <trkpt lat="-22.627996020019054" lon="14.805485978722572">
        <ele>272.39999999999998</ele>
      </trkpt>
      <trkpt lat="-22.627999037504196" lon="14.805375002324581">
        <ele>271.60000000000002</ele>
      </trkpt>
      <trkpt lat="-22.628002976998687" lon="14.80526402592659">
        <ele>271</ele>
      </trkpt>
      <trkpt lat="-22.628007000312209" lon="14.805156989023089">
        <ele>270.60000000000002</ele>
      </trkpt>
      <trkpt lat="-22.628014963120222" lon="14.80505196377635">
        <ele>270.39999999999998</ele>
      </trkpt>
      <trkpt lat="-22.628024015575647" lon="14.804950039833784">
        <ele>269.39999999999998</ele>
      </trkpt>
      <trkpt lat="-22.628032984212041" lon="14.804848032072186">
        <ele>268.39999999999998</ele>
      </trkpt>
      <trkpt lat="-22.628042036667466" lon="14.80474803596735">
        <ele>267.80000000000001</ele>
      </trkpt>
      <trkpt lat="-22.628053016960621" lon="14.804651979357004">
        <ele>267.19999999999999</ele>
      </trkpt>
      <trkpt lat="-22.628067014738917" lon="14.804555000737309">
        <ele>266.39999999999998</ele>
      </trkpt>
      <trkpt lat="-22.628080006688833" lon="14.804457016289234">
        <ele>266</ele>
      </trkpt>
      <trkpt lat="-22.62809400446713" lon="14.804360037669539">
        <ele>265.39999999999998</ele>
      </trkpt>
      <trkpt lat="-22.628104984760284" lon="14.804261969402432">
        <ele>265.39999999999998</ele>
      </trkpt>
      <trkpt lat="-22.62811403721571" lon="14.804165996611118">
        <ele>265</ele>
      </trkpt>
      <trkpt lat="-22.628122000023723" lon="14.804067006334662">
        <ele>264.60000000000002</ele>
      </trkpt>
      <trkpt lat="-22.628128034994006" lon="14.803968016058207">
        <ele>264.19999999999999</ele>
      </trkpt>
      <trkpt lat="-22.628132980316877" lon="14.803871037438512">
        <ele>263.80000000000001</ele>
      </trkpt>
      <trkpt lat="-22.62813800945878" lon="14.803776992484927">
        <ele>263.60000000000002</ele>
      </trkpt>
      <trkpt lat="-22.628143038600683" lon="14.803684037178755">
        <ele>263.39999999999998</ele>
      </trkpt>
      <trkpt lat="-22.628149995580316" lon="14.803590998053551">
        <ele>262.80000000000001</ele>
      </trkpt>
      <trkpt lat="-22.628157958388329" lon="14.803497958928347">
        <ele>262.39999999999998</ele>
      </trkpt>
      <trkpt lat="-22.628167010843754" lon="14.803405003622174">
        <ele>261.80000000000001</ele>
      </trkpt>
      <trkpt lat="-22.62818000279367" lon="14.80331196449697">
        <ele>261.60000000000002</ele>
      </trkpt>
      <trkpt lat="-22.628198023885489" lon="14.803220015019178">
        <ele>261.39999999999998</ele>
      </trkpt>
      <trkpt lat="-22.628220990300179" lon="14.803128987550735">
        <ele>261.19999999999999</ele>
      </trkpt>
      <trkpt lat="-22.628248985856771" lon="14.803042989224195">
        <ele>261</ele>
      </trkpt>
      <trkpt lat="-22.628276981413364" lon="14.802957996726036">
        <ele>260.80000000000001</ele>
      </trkpt>
      <trkpt lat="-22.628304976969957" lon="14.802870992571115">
        <ele>260.60000000000002</ele>
      </trkpt>
      <trkpt lat="-22.62833297252655" lon="14.802781976759434">
        <ele>260.19999999999999</ele>
      </trkpt>
      <trkpt lat="-22.628359040245414" lon="14.802691033110023">
        <ele>259.80000000000001</ele>
      </trkpt>
      <trkpt lat="-22.628384018316865" lon="14.802602017298341">
        <ele>259.39999999999998</ele>
      </trkpt>
      <trkpt lat="-22.628407990559936" lon="14.802507972344756">
        <ele>259.19999999999999</ele>
      </trkpt>
      <trkpt lat="-22.628429029136896" lon="14.802411999553442">
        <ele>259.19999999999999</ele>
      </trkpt>
      <trkpt lat="-22.628450989723206" lon="14.802317032590508">
        <ele>258.80000000000001</ele>
      </trkpt>
      <trkpt lat="-22.628475967794657" lon="14.802223993465304">
        <ele>258.19999999999999</ele>
      </trkpt>
      <trkpt lat="-22.628498012199998" lon="14.80212802067399">
        <ele>257.80000000000001</ele>
      </trkpt>
      <trkpt lat="-22.628519972786307" lon="14.802032969892025">
        <ele>257.60000000000002</ele>
      </trkpt>
      <trkpt lat="-22.628542017191648" lon="14.801938002929091">
        <ele>257.19999999999999</ele>
      </trkpt>
      <trkpt lat="-22.628561966121197" lon="14.801843035966158">
        <ele>256.80000000000001</ele>
      </trkpt>
      <trkpt lat="-22.628579987213016" lon="14.801748991012573">
        <ele>256.60000000000002</ele>
      </trkpt>
      <trkpt lat="-22.628595996648073" lon="14.80165502987802">
        <ele>256.19999999999999</ele>
      </trkpt>
      <trkpt lat="-22.628613011911511" lon="14.801562996581197">
        <ele>255.80000000000001</ele>
      </trkpt>
      <trkpt lat="-22.628627009689808" lon="14.801470963284373">
        <ele>255.59999999999999</ele>
      </trkpt>
      <trkpt lat="-22.628640001639724" lon="14.801379013806581">
        <ele>255.40000000000001</ele>
      </trkpt>
      <trkpt lat="-22.628649976104498" lon="14.801286980509758">
        <ele>255.19999999999999</ele>
      </trkpt>
      <trkpt lat="-22.628657016903162" lon="14.801195031031966">
        <ele>254.59999999999999</ele>
      </trkpt>
      <trkpt lat="-22.628661962226033" lon="14.801099980250001">
        <ele>254.19999999999999</ele>
      </trkpt>
      <trkpt lat="-22.628666991367936" lon="14.801006019115448">
        <ele>253.80000000000001</ele>
      </trkpt>
      <trkpt lat="-22.6286740321666" lon="14.800909040495753">
        <ele>253.19999999999999</ele>
      </trkpt>
      <trkpt lat="-22.628677971661091" lon="14.800812983885407">
        <ele>252.80000000000001</ele>
      </trkpt>
      <trkpt lat="-22.628679983317852" lon="14.800717011094093">
        <ele>252.40000000000001</ele>
      </trkpt>
      <trkpt lat="-22.628680989146233" lon="14.800618020817637">
        <ele>252</ele>
      </trkpt>
      <trkpt lat="-22.628679983317852" lon="14.800520036369562">
        <ele>251.59999999999999</ele>
      </trkpt>
      <trkpt lat="-22.628680989146233" lon="14.800422973930836">
        <ele>251.59999999999999</ele>
      </trkpt>
      <trkpt lat="-22.628681994974613" lon="14.80032498948276">
        <ele>251.40000000000001</ele>
      </trkpt>
      <trkpt lat="-22.628680989146233" lon="14.800229016691446">
        <ele>251</ele>
      </trkpt>
      <trkpt lat="-22.628681994974613" lon="14.800135977566242">
        <ele>250.80000000000001</ele>
      </trkpt>
      <trkpt lat="-22.628683000802994" lon="14.800045033916831">
        <ele>250.40000000000001</ele>
      </trkpt>
      <trkpt lat="-22.628688029944897" lon="14.799955012276769">
        <ele>250</ele>
      </trkpt>
      <trkpt lat="-22.62869699858129" lon="14.799863984808326">
        <ele>249.59999999999999</ele>
      </trkpt>
      <trkpt lat="-22.628704961389303" lon="14.799773963168263">
        <ele>249.40000000000001</ele>
      </trkpt>
      <trkpt lat="-22.628715019673109" lon="14.799683019518852">
        <ele>249.19999999999999</ele>
      </trkpt>
      <trkpt lat="-22.628727005794644" lon="14.799595009535551">
        <ele>248.59999999999999</ele>
      </trkpt>
      <trkpt lat="-22.62873999774456" lon="14.799503982067108">
        <ele>247.80000000000001</ele>
      </trkpt>
      <trkpt lat="-22.628752989694476" lon="14.799413038417697">
        <ele>247.40000000000001</ele>
      </trkpt>
      <trkpt lat="-22.628767993301153" lon="14.799323016777635">
        <ele>247</ele>
      </trkpt>
      <trkpt lat="-22.62878299690783" lon="14.799236012622714">
        <ele>246.80000000000001</ele>
      </trkpt>
      <trkpt lat="-22.628796994686127" lon="14.799151020124555">
        <ele>246.59999999999999</ele>
      </trkpt>
      <trkpt lat="-22.628810992464423" lon="14.799066027626395">
        <ele>246.40000000000001</ele>
      </trkpt>
      <trkpt lat="-22.628823984414339" lon="14.798981035128236">
        <ele>245.80000000000001</ele>
      </trkpt>
      <trkpt lat="-22.628837982192636" lon="14.798897970467806">
        <ele>245.80000000000001</ele>
      </trkpt>
      <trkpt lat="-22.628850974142551" lon="14.798814989626408">
        <ele>245.40000000000001</ele>
      </trkpt>
      <trkpt lat="-22.628864971920848" lon="14.798729997128248">
        <ele>245.19999999999999</ele>
      </trkpt>
      <trkpt lat="-22.628878969699144" lon="14.798645004630089">
        <ele>245.19999999999999</ele>
      </trkpt>
      <trkpt lat="-22.628894979134202" lon="14.798559006303549">
        <ele>244.80000000000001</ele>
      </trkpt>
      <trkpt lat="-22.628908976912498" lon="14.798469990491867">
        <ele>244.40000000000001</ele>
      </trkpt>
      <trkpt lat="-22.628926998004317" lon="14.798380974680185">
        <ele>244.19999999999999</ele>
      </trkpt>
      <trkpt lat="-22.628946024924517" lon="14.798294976353645">
        <ele>244</ele>
      </trkpt>
      <trkpt lat="-22.628963040187955" lon="14.798209983855486">
        <ele>243.19999999999999</ele>
      </trkpt>
      <trkpt lat="-22.628977037966251" lon="14.798125997185707">
        <ele>242.80000000000001</ele>
      </trkpt>
      <trkpt lat="-22.628988018259406" lon="14.798042010515928">
        <ele>242.59999999999999</ele>
      </trkpt>
      <trkpt lat="-22.6289969868958" lon="14.797960035502911">
        <ele>242.40000000000001</ele>
      </trkpt>
      <trkpt lat="-22.629004027694464" lon="14.797878982499242">
        <ele>242.19999999999999</ele>
      </trkpt>
      <trkpt lat="-22.629012996330857" lon="14.797797007486224">
        <ele>242</ele>
      </trkpt>
      <trkpt lat="-22.629023976624012" lon="14.797716960310936">
        <ele>241.59999999999999</ele>
      </trkpt>
      <trkpt lat="-22.629037974402308" lon="14.79763800278306">
        <ele>241.40000000000001</ele>
      </trkpt>
      <trkpt lat="-22.629055995494127" lon="14.797558961436152">
        <ele>241.19999999999999</ele>
      </trkpt>
      <trkpt lat="-22.629078039899468" lon="14.797481009736657">
        <ele>240.80000000000001</ele>
      </trkpt>
      <trkpt lat="-22.62910301797092" lon="14.79740297421813">
        <ele>240.40000000000001</ele>
      </trkpt>
      <trkpt lat="-22.629129001870751" lon="14.797326028347015">
        <ele>240.19999999999999</ele>
      </trkpt>
      <trkpt lat="-22.629156997427344" lon="14.79725101031363">
        <ele>239.80000000000001</ele>
      </trkpt>
      <trkpt lat="-22.629180969670415" lon="14.797173980623484">
        <ele>239.59999999999999</ele>
      </trkpt>
      <trkpt lat="-22.629202008247375" lon="14.797094017267227">
        <ele>239.19999999999999</ele>
      </trkpt>
      <trkpt lat="-22.629222040995955" lon="14.797012964263558">
        <ele>239.19999999999999</ele>
      </trkpt>
      <trkpt lat="-22.629237966611981" lon="14.796933000907302">
        <ele>239</ele>
      </trkpt>
      <trkpt lat="-22.629253976047039" lon="14.796847002580762">
        <ele>238.80000000000001</ele>
      </trkpt>
      <trkpt lat="-22.629268979653716" lon="14.796758992597461">
        <ele>238.59999999999999</ele>
      </trkpt>
      <trkpt lat="-22.629284989088774" lon="14.79667098261416">
        <ele>238.59999999999999</ele>
      </trkpt>
      <trkpt lat="-22.629299992695451" lon="14.796582972630858">
        <ele>238.19999999999999</ele>
      </trkpt>
      <trkpt lat="-22.629316002130508" lon="14.796491023153067">
        <ele>238</ele>
      </trkpt>
      <trkpt lat="-22.629333017393947" lon="14.796401001513004">
        <ele>237.59999999999999</ele>
      </trkpt>
      <trkpt lat="-22.629349026829004" lon="14.796309974044561">
        <ele>237.19999999999999</ele>
      </trkpt>
      <trkpt lat="-22.629368975758553" lon="14.79621802456677">
        <ele>236.80000000000001</ele>
      </trkpt>
      <trkpt lat="-22.629388002678752" lon="14.796121967956424">
        <ele>236.59999999999999</ele>
      </trkpt>
      <trkpt lat="-22.629409041255713" lon="14.796030018478632">
        <ele>236.40000000000001</ele>
      </trkpt>
      <trkpt lat="-22.629429996013641" lon="14.79593999683857">
        <ele>236.19999999999999</ele>
      </trkpt>
      <trkpt lat="-22.629451034590602" lon="14.795848969370127">
        <ele>235.80000000000001</ele>
      </trkpt>
      <trkpt lat="-22.629475006833673" lon="14.795757019892335">
        <ele>235.59999999999999</ele>
      </trkpt>
      <trkpt lat="-22.629498979076743" lon="14.795663980767131">
        <ele>235.40000000000001</ele>
      </trkpt>
      <trkpt lat="-22.629522029310465" lon="14.795571025460958">
        <ele>235</ele>
      </trkpt>
      <trkpt lat="-22.629544995725155" lon="14.795476980507374">
        <ele>234.80000000000001</ele>
      </trkpt>
      <trkpt lat="-22.629566034302115" lon="14.795385031029582">
        <ele>234.80000000000001</ele>
      </trkpt>
      <trkpt lat="-22.629591012373567" lon="14.795291991904378">
        <ele>234.40000000000001</ele>
      </trkpt>
      <trkpt lat="-22.629613978788257" lon="14.795199958607554">
        <ele>234.40000000000001</ele>
      </trkpt>
      <trkpt lat="-22.629636023193598" lon="14.795108009129763">
        <ele>234</ele>
      </trkpt>
      <trkpt lat="-22.629661001265049" lon="14.79501698166132">
        <ele>233.80000000000001</ele>
      </trkpt>
      <trkpt lat="-22.629686985164881" lon="14.794922014698386">
        <ele>233.40000000000001</ele>
      </trkpt>
      <trkpt lat="-22.629710035398602" lon="14.794829981401563">
        <ele>232.80000000000001</ele>
      </trkpt>
      <trkpt lat="-22.629733001813293" lon="14.794738031923771">
        <ele>232.40000000000001</ele>
      </trkpt>
      <trkpt lat="-22.629754040390253" lon="14.794647004455328">
        <ele>232.40000000000001</ele>
      </trkpt>
      <trkpt lat="-22.629773989319801" lon="14.794554971158504">
        <ele>232</ele>
      </trkpt>
      <trkpt lat="-22.629795027896762" lon="14.794462015852332">
        <ele>231.80000000000001</ele>
      </trkpt>
      <trkpt lat="-22.629817994311452" lon="14.794369982555509">
        <ele>231.59999999999999</ele>
      </trkpt>
      <trkpt lat="-22.629841966554523" lon="14.794277027249336">
        <ele>231.40000000000001</ele>
      </trkpt>
      <trkpt lat="-22.629868034273386" lon="14.794185999780893">
        <ele>231</ele>
      </trkpt>
      <trkpt lat="-22.629894018173218" lon="14.794095978140831">
        <ele>230.80000000000001</ele>
      </trkpt>
      <trkpt lat="-22.62992100790143" lon="14.79400796815753">
        <ele>230.59999999999999</ele>
      </trkpt>
      <trkpt lat="-22.629950009286404" lon="14.793920964002609">
        <ele>230</ele>
      </trkpt>
      <trkpt lat="-22.629979010671377" lon="14.793834965676069">
        <ele>229.80000000000001</ele>
      </trkpt>
      <trkpt lat="-22.630009017884731" lon="14.79374997317791">
        <ele>229.59999999999999</ele>
      </trkpt>
      <trkpt lat="-22.630041036754847" lon="14.793665986508131">
        <ele>229.40000000000001</ele>
      </trkpt>
      <trkpt lat="-22.63007196597755" lon="14.793583005666733">
        <ele>229</ele>
      </trkpt>
      <trkpt lat="-22.630102979019284" lon="14.793502036482096">
        <ele>228.80000000000001</ele>
      </trkpt>
      <trkpt lat="-22.630131980404258" lon="14.793419977650046">
        <ele>228.80000000000001</ele>
      </trkpt>
      <trkpt lat="-22.630161987617612" lon="14.79334001429379">
        <ele>228.40000000000001</ele>
      </trkpt>
      <trkpt lat="-22.630193000659347" lon="14.793266002088785">
        <ele>228.19999999999999</ele>
      </trkpt>
      <trkpt lat="-22.630216972902417" lon="14.793194001540542">
        <ele>228</ele>
      </trkpt>
      <trkpt lat="-22.630228959023952" lon="14.793127030134201">
        <ele>227.59999999999999</ele>
      </trkpt>
      <trkpt lat="-22.630234993994236" lon="14.793063998222351">
        <ele>227.59999999999999</ele>
      </trkpt>
      <trkpt lat="-22.630238011479378" lon="14.793007001280785">
        <ele>227.40000000000001</ele>
      </trkpt>
      <trkpt lat="-22.630234993994236" lon="14.792958972975612">
        <ele>227.40000000000001</ele>
      </trkpt>
      <trkpt lat="-22.630230970680714" lon="14.792913040146232">
        <ele>227.40000000000001</ele>
      </trkpt>
      <trkpt lat="-22.630228959023952" lon="14.792865011841059">
        <ele>227.40000000000001</ele>
      </trkpt>
      <trkpt lat="-22.630228959023952" lon="14.792817989364266">
        <ele>227.40000000000001</ele>
      </trkpt>
      <trkpt lat="-22.630231976509094" lon="14.792770966887474">
        <ele>227.40000000000001</ele>
      </trkpt>
      <trkpt lat="-22.630234993994236" lon="14.792726961895823">
        <ele>227.40000000000001</ele>
      </trkpt>
      <trkpt lat="-22.630238011479378" lon="14.792683040723205">
        <ele>227.40000000000001</ele>
      </trkpt>
      <trkpt lat="-22.63024396263063" lon="14.792640963569283">
        <ele>227.80000000000001</ele>
      </trkpt>
      <trkpt lat="-22.630251003429294" lon="14.792595030739903">
        <ele>228.19999999999999</ele>
      </trkpt>
      <trkpt lat="-22.630260977894068" lon="14.79254599660635">
        <ele>228.59999999999999</ele>
      </trkpt>
      <trkpt lat="-22.630268018692732" lon="14.792491011321545">
        <ele>229</ele>
      </trkpt>
      <trkpt lat="-22.630272964015603" lon="14.792427979409695">
        <ele>229.19999999999999</ele>
      </trkpt>
      <trkpt lat="-22.630274975672364" lon="14.792362013831735">
        <ele>229.19999999999999</ele>
      </trkpt>
      <trkpt lat="-22.630271958187222" lon="14.792293030768633">
        <ele>229.19999999999999</ele>
      </trkpt>
      <trkpt lat="-22.63026500120759" lon="14.792223963886499">
        <ele>229.19999999999999</ele>
      </trkpt>
      <trkpt lat="-22.630256032571197" lon="14.792155986651778">
        <ele>229.19999999999999</ele>
      </trkpt>
      <trkpt lat="-22.6302420347929" lon="14.792091026902199">
        <ele>229.19999999999999</ele>
      </trkpt>
      <trkpt lat="-22.630223007872701" lon="14.792036041617393">
        <ele>229.19999999999999</ele>
      </trkpt>
      <trkpt lat="-22.63020096346736" lon="14.791990024968982">
        <ele>229.19999999999999</ele>
      </trkpt>
      <trkpt lat="-22.630182020366192" lon="14.791949037462473">
        <ele>229.19999999999999</ele>
      </trkpt>
      <trkpt lat="-22.630161987617612" lon="14.791912995278835">
        <ele>229.40000000000001</ele>
      </trkpt>
      <trkpt lat="-22.630145978182554" lon="14.791879970580339">
        <ele>229.40000000000001</ele>
      </trkpt>
      <trkpt lat="-22.6301349978894" lon="14.791848035529256">
        <ele>229.59999999999999</ele>
      </trkpt>
      <trkpt lat="-22.630123011767864" lon="14.791816016659141">
        <ele>229.80000000000001</ele>
      </trkpt>
      <trkpt lat="-22.630113959312439" lon="14.791786009445786">
        <ele>229.80000000000001</ele>
      </trkpt>
      <trkpt lat="-22.630109013989568" lon="14.791757008060813">
        <ele>230</ele>
      </trkpt>
      <trkpt lat="-22.630107002332807" lon="14.791721971705556">
        <ele>230</ele>
      </trkpt>
      <trkpt lat="-22.630109013989568" lon="14.791682995855808">
        <ele>230</ele>
      </trkpt>
      <trkpt lat="-22.63011303730309" lon="14.791637985035777">
        <ele>230</ele>
      </trkpt>
      <trkpt lat="-22.630119994282722" lon="14.791582999750972">
        <ele>230.19999999999999</ele>
      </trkpt>
      <trkpt lat="-22.630130974575877" lon="14.791527008637786">
        <ele>230.59999999999999</ele>
      </trkpt>
      <trkpt lat="-22.630142960697412" lon="14.791464982554317">
        <ele>231</ele>
      </trkpt>
      <trkpt lat="-22.630154024809599" lon="14.791399016976357">
        <ele>231.19999999999999</ele>
      </trkpt>
      <trkpt lat="-22.630163999274373" lon="14.791330033913255">
        <ele>231.19999999999999</ele>
      </trkpt>
      <trkpt lat="-22.630171962082386" lon="14.791257027536631">
        <ele>231.19999999999999</ele>
      </trkpt>
      <trkpt lat="-22.63017799705267" lon="14.791182009503245">
        <ele>231.19999999999999</ele>
      </trkpt>
      <trkpt lat="-22.630182020366192" lon="14.791103973984718">
        <ele>231.40000000000001</ele>
      </trkpt>
      <trkpt lat="-22.63017900288105" lon="14.79102099314332">
        <ele>231.40000000000001</ele>
      </trkpt>
      <trkpt lat="-22.630174979567528" lon="14.790937006473541">
        <ele>231.40000000000001</ele>
      </trkpt>
      <trkpt lat="-22.630169028416276" lon="14.790853019803762">
        <ele>231.40000000000001</ele>
      </trkpt>
      <trkpt lat="-22.630165005102754" lon="14.790768027305603">
        <ele>231.40000000000001</ele>
      </trkpt>
      <trkpt lat="-22.63015796430409" lon="14.790679011493921">
        <ele>231.40000000000001</ele>
      </trkpt>
      <trkpt lat="-22.630150001496077" lon="14.790588989853859">
        <ele>231.19999999999999</ele>
      </trkpt>
      <trkpt lat="-22.630138015374541" lon="14.790497040376067">
        <ele>231.19999999999999</ele>
      </trkpt>
      <trkpt lat="-22.630131980404258" lon="14.790408024564385">
        <ele>231</ele>
      </trkpt>
      <trkpt lat="-22.630126029253006" lon="14.790315991267562">
        <ele>230.80000000000001</ele>
      </trkpt>
      <trkpt lat="-22.630121000111103" lon="14.790224963799119">
        <ele>230.59999999999999</ele>
      </trkpt>
      <trkpt lat="-22.63011496514082" lon="14.790136031806469">
        <ele>230.59999999999999</ele>
      </trkpt>
      <trkpt lat="-22.630108008161187" lon="14.790048021823168">
        <ele>230</ele>
      </trkpt>
      <trkpt lat="-22.630100967362523" lon="14.789959006011486">
        <ele>229.59999999999999</ele>
      </trkpt>
      <trkpt lat="-22.630094010382891" lon="14.789868984371424">
        <ele>229.40000000000001</ele>
      </trkpt>
      <trkpt lat="-22.630085963755846" lon="14.789778962731361">
        <ele>229</ele>
      </trkpt>
      <trkpt lat="-22.630079006776214" lon="14.789689024910331">
        <ele>228.59999999999999</ele>
      </trkpt>
      <trkpt lat="-22.63007003813982" lon="14.789597997441888">
        <ele>228</ele>
      </trkpt>
      <trkpt lat="-22.630061991512775" lon="14.789505964145064">
        <ele>228</ele>
      </trkpt>
      <trkpt lat="-22.630056040361524" lon="14.789413008838892">
        <ele>227.59999999999999</ele>
      </trkpt>
      <trkpt lat="-22.630053022876382" lon="14.789320975542068">
        <ele>226.80000000000001</ele>
      </trkpt>
      <trkpt lat="-22.630055034533143" lon="14.789229026064277">
        <ele>226.19999999999999</ele>
      </trkpt>
      <trkpt lat="-22.630058974027634" lon="14.789134981110692">
        <ele>226</ele>
      </trkpt>
      <trkpt lat="-22.630066014826298" lon="14.7890430316329">
        <ele>225.40000000000001</ele>
      </trkpt>
      <trkpt lat="-22.630079006776214" lon="14.788948986679316">
        <ele>225</ele>
      </trkpt>
      <trkpt lat="-22.63009199872613" lon="14.788857959210873">
        <ele>224.40000000000001</ele>
      </trkpt>
      <trkpt lat="-22.630107002332807" lon="14.788767015561461">
        <ele>223.80000000000001</ele>
      </trkpt>
      <trkpt lat="-22.630118988454342" lon="14.788684034720063">
        <ele>223.19999999999999</ele>
      </trkpt>
      <trkpt lat="-22.630130974575877" lon="14.788609016686678">
        <ele>222.59999999999999</ele>
      </trkpt>
      <trkpt lat="-22.630141032859683" lon="14.788552019745111">
        <ele>222</ele>
      </trkpt>
      <trkpt lat="-22.630145978182554" lon="14.788512038066983">
        <ele>221.59999999999999</ele>
      </trkpt>
      <trkpt lat="-22.630142960697412" lon="14.78848303668201">
        <ele>221</ele>
      </trkpt>
      <trkpt lat="-22.630137009546161" lon="14.788453029468656">
        <ele>220.59999999999999</ele>
      </trkpt>
      <trkpt lat="-22.630123011767864" lon="14.78842101059854">
        <ele>220.19999999999999</ele>
      </trkpt>
      <trkpt lat="-22.630105996504426" lon="14.788388991728425">
        <ele>219.59999999999999</ele>
      </trkpt>
      <trkpt lat="-22.630089987069368" lon="14.788359990343451">
        <ele>219</ele>
      </trkpt>
      <trkpt lat="-22.63007003813982" lon="14.788339035585523">
        <ele>218.59999999999999</ele>
      </trkpt>
      <trkpt lat="-22.630042964592576" lon="14.788328977301717">
        <ele>218</ele>
      </trkpt>
      <trkpt lat="-22.630012035369873" lon="14.788330988958478">
        <ele>218</ele>
      </trkpt>
      <trkpt lat="-22.629982028156519" lon="14.788338029757142">
        <ele>217.59999999999999</ele>
      </trkpt>
      <trkpt lat="-22.629949003458023" lon="14.788346998393536">
        <ele>217.19999999999999</ele>
      </trkpt>
      <trkpt lat="-22.629913967102766" lon="14.788364013656974">
        <ele>217</ele>
      </trkpt>
      <trkpt lat="-22.629880020394921" lon="14.788385974243283">
        <ele>216.80000000000001</ele>
      </trkpt>
      <trkpt lat="-22.629846995696425" lon="14.788411036133766">
        <ele>216.59999999999999</ele>
      </trkpt>
      <trkpt lat="-22.629815982654691" lon="14.788437020033598">
        <ele>216.59999999999999</ele>
      </trkpt>
      <trkpt lat="-22.629780024290085" lon="14.78846300393343">
        <ele>216.59999999999999</ele>
      </trkpt>
      <trkpt lat="-22.629746999591589" lon="14.788490999490023">
        <ele>216.59999999999999</ele>
      </trkpt>
      <trkpt lat="-22.629712969064713" lon="14.788517989218235">
        <ele>216.59999999999999</ele>
      </trkpt>
      <trkpt lat="-22.629678016528487" lon="14.788545984774828">
        <ele>216.59999999999999</ele>
      </trkpt>
      <trkpt lat="-22.629647003486753" lon="14.78857297450304">
        <ele>216.59999999999999</ele>
      </trkpt>
      <trkpt lat="-22.629611967131495" lon="14.788600970059633">
        <ele>216.59999999999999</ele>
      </trkpt>
      <trkpt lat="-22.629579026252031" lon="14.788626031950116">
        <ele>216.59999999999999</ele>
      </trkpt>
      <trkpt lat="-22.629546001553535" lon="14.788652015849948">
        <ele>216.59999999999999</ele>
      </trkpt>
      <trkpt lat="-22.629509959369898" lon="14.78867900557816">
        <ele>216.80000000000001</ele>
      </trkpt>
      <trkpt lat="-22.629477018490434" lon="14.788707001134753">
        <ele>217</ele>
      </trkpt>
      <trkpt lat="-22.629441982135177" lon="14.788733990862966">
        <ele>217</ele>
      </trkpt>
      <trkpt lat="-22.62940501794219" lon="14.788761986419559">
        <ele>217.19999999999999</ele>
      </trkpt>
      <trkpt lat="-22.629369981586933" lon="14.788791993632913">
        <ele>217.40000000000001</ele>
      </trkpt>
      <trkpt lat="-22.629334023222327" lon="14.788819989189506">
        <ele>217.40000000000001</ele>
      </trkpt>
      <trkpt lat="-22.629304016008973" lon="14.788848990574479">
        <ele>217.59999999999999</ele>
      </trkpt>
      <trkpt lat="-22.62927602045238" lon="14.788876986131072">
        <ele>217.80000000000001</ele>
      </trkpt>
      <trkpt lat="-22.629248024895787" lon="14.788906993344426">
        <ele>218</ele>
      </trkpt>
      <trkpt lat="-22.629219023510814" lon="14.788939012214541">
        <ele>218</ele>
      </trkpt>
      <trkpt lat="-22.629193961620331" lon="14.788967007771134">
        <ele>218.19999999999999</ele>
      </trkpt>
      <trkpt lat="-22.629166971892118" lon="14.788996009156108">
        <ele>218.40000000000001</ele>
      </trkpt>
      <trkpt lat="-22.629138976335526" lon="14.789028028026223">
        <ele>218.40000000000001</ele>
      </trkpt>
      <trkpt lat="-22.629107963293791" lon="14.789061974734068">
        <ele>218.59999999999999</ele>
      </trkpt>
      <trkpt lat="-22.629078961908817" lon="14.789093993604183">
        <ele>218.59999999999999</ele>
      </trkpt>
      <trkpt lat="-22.629048032686114" lon="14.789125006645918">
        <ele>218.59999999999999</ele>
      </trkpt>
      <trkpt lat="-22.629020037129521" lon="14.789156019687653">
        <ele>218.80000000000001</ele>
      </trkpt>
      <trkpt lat="-22.628992963582277" lon="14.789185021072626">
        <ele>219</ele>
      </trkpt>
      <trkpt lat="-22.628963962197304" lon="14.789212010800838">
        <ele>219</ele>
      </trkpt>
      <trkpt lat="-22.628934038802981" lon="14.78923799470067">
        <ele>219.19999999999999</ele>
      </trkpt>
      <trkpt lat="-22.628901014104486" lon="14.789264984428883">
        <ele>219.19999999999999</ele>
      </trkpt>
      <trkpt lat="-22.628872012719512" lon="14.789293985813856">
        <ele>219.40000000000001</ele>
      </trkpt>
      <trkpt lat="-22.628842005506158" lon="14.78932399302721">
        <ele>219.40000000000001</ele>
      </trkpt>
      <trkpt lat="-22.628813004121184" lon="14.789351988583803">
        <ele>219.59999999999999</ele>
      </trkpt>
      <trkpt lat="-22.62878199107945" lon="14.789378978312016">
        <ele>219.80000000000001</ele>
      </trkpt>
      <trkpt lat="-22.628750978037715" lon="14.789407979696989">
        <ele>220</ele>
      </trkpt>
      <trkpt lat="-22.628720970824361" lon="14.789433963596821">
        <ele>220.19999999999999</ele>
      </trkpt>
      <trkpt lat="-22.628690041601658" lon="14.789465982466936">
        <ele>220.19999999999999</ele>
      </trkpt>
      <trkpt lat="-22.628660034388304" lon="14.78949598968029">
        <ele>220.19999999999999</ele>
      </trkpt>
      <trkpt lat="-22.628629021346569" lon="14.789525996893644">
        <ele>220.40000000000001</ele>
      </trkpt>
      <trkpt lat="-22.628598008304834" lon="14.789556004106998">
        <ele>220.40000000000001</ele>
      </trkpt>
      <trkpt lat="-22.628562971949577" lon="14.789588022977114">
        <ele>220.59999999999999</ele>
      </trkpt>
      <trkpt lat="-22.628531958907843" lon="14.789617024362087">
        <ele>220.80000000000001</ele>
      </trkpt>
      <trkpt lat="-22.628499018028378" lon="14.789648959413171">
        <ele>220.80000000000001</ele>
      </trkpt>
      <trkpt lat="-22.628465993329883" lon="14.789683995768428">
        <ele>221</ele>
      </trkpt>
      <trkpt lat="-22.628432968631387" lon="14.789719032123685">
        <ele>221.19999999999999</ele>
      </trkpt>
      <trkpt lat="-22.628392986953259" lon="14.789757002145052">
        <ele>221.19999999999999</ele>
      </trkpt>
      <trkpt lat="-22.628368008881807" lon="14.789780974388123">
        <ele>221.19999999999999</ele>
      </trkpt>
      <trkpt lat="-22.628335990011692" lon="14.789811987429857">
        <ele>221.40000000000001</ele>
      </trkpt>
      <trkpt lat="-22.628305982798338" lon="14.789840988814831">
        <ele>221.40000000000001</ele>
      </trkpt>
      <trkpt lat="-22.628277987241745" lon="14.789868984371424">
        <ele>221.59999999999999</ele>
      </trkpt>
      <trkpt lat="-22.628252003341913" lon="14.789893962442875">
        <ele>221.80000000000001</ele>
      </trkpt>
      <trkpt lat="-22.628226019442081" lon="14.789921035990119">
        <ele>221.80000000000001</ele>
      </trkpt>
      <trkpt lat="-22.628199029713869" lon="14.789948025718331">
        <ele>222</ele>
      </trkpt>
      <trkpt lat="-22.628169022500515" lon="14.789974009618163">
        <ele>222</ele>
      </trkpt>
      <trkpt lat="-22.628139015287161" lon="14.789998987689614">
        <ele>222.19999999999999</ele>
      </trkpt>
      <trkpt lat="-22.628108002245426" lon="14.790027989074588">
        <ele>222.19999999999999</ele>
      </trkpt>
      <trkpt lat="-22.628076989203691" lon="14.790057996287942">
        <ele>222.19999999999999</ele>
      </trkpt>
      <trkpt lat="-22.628049999475479" lon="14.790084986016154">
        <ele>222.19999999999999</ele>
      </trkpt>
      <trkpt lat="-22.628022003918886" lon="14.790108036249876">
        <ele>222.40000000000001</ele>
      </trkpt>
      <trkpt lat="-22.627991996705532" lon="14.790132008492947">
        <ele>222.59999999999999</ele>
      </trkpt>
      <trkpt lat="-22.627956038340926" lon="14.790165033191442">
        <ele>222.59999999999999</ele>
      </trkpt>
      <trkpt lat="-22.627932988107204" lon="14.790187999606133">
        <ele>222.59999999999999</ele>
      </trkpt>
      <trkpt lat="-22.627903986722231" lon="14.790212977677584">
        <ele>222.80000000000001</ele>
      </trkpt>
      <trkpt lat="-22.627874985337257" lon="14.790238039568067">
        <ele>223.19999999999999</ele>
      </trkpt>
      <trkpt lat="-22.627846989780664" lon="14.790265029296279">
        <ele>223.19999999999999</ele>
      </trkpt>
      <trkpt lat="-22.627818994224072" lon="14.790293024852872">
        <ele>223.40000000000001</ele>
      </trkpt>
      <trkpt lat="-22.627789992839098" lon="14.790320014581084">
        <ele>223.40000000000001</ele>
      </trkpt>
      <trkpt lat="-22.627759985625744" lon="14.790350021794438">
        <ele>223.80000000000001</ele>
      </trkpt>
      <trkpt lat="-22.62773098424077" lon="14.79037600569427">
        <ele>223.80000000000001</ele>
      </trkpt>
      <trkpt lat="-22.627700977027416" lon="14.790400983765721">
        <ele>224</ele>
      </trkpt>
      <trkpt lat="-22.627668036147952" lon="14.790431996807456">
        <ele>224.19999999999999</ele>
      </trkpt>
      <trkpt lat="-22.62764498591423" lon="14.790454041212797">
        <ele>224.19999999999999</ele>
      </trkpt>
      <trkpt lat="-22.627615984529257" lon="14.79048203676939">
        <ele>224.40000000000001</ele>
      </trkpt>
      <trkpt lat="-22.627584971487522" lon="14.790509026497602">
        <ele>224.59999999999999</ele>
      </trkpt>
      <trkpt lat="-22.627553958445787" lon="14.790536016225815">
        <ele>224.80000000000001</ele>
      </trkpt>
      <trkpt lat="-22.627521017566323" lon="14.790566023439169">
        <ele>225</ele>
      </trkpt>
      <trkpt lat="-22.627487992867827" lon="14.790596030652523">
        <ele>225.19999999999999</ele>
      </trkpt>
      <trkpt lat="-22.627457985654473" lon="14.790625032037497">
        <ele>225.40000000000001</ele>
      </trkpt>
      <trkpt lat="-22.627424960955977" lon="14.790661996230483">
        <ele>225.40000000000001</ele>
      </trkpt>
      <trkpt lat="-22.627396965399384" lon="14.790689991787076">
        <ele>225.40000000000001</ele>
      </trkpt>
      <trkpt lat="-22.62736695818603" lon="14.79071899317205">
        <ele>225.59999999999999</ele>
      </trkpt>
      <trkpt lat="-22.627336028963327" lon="14.790746988728642">
        <ele>225.80000000000001</ele>
      </trkpt>
      <trkpt lat="-22.627307027578354" lon="14.790775990113616">
        <ele>225.80000000000001</ele>
      </trkpt>
      <trkpt lat="-22.627279032021761" lon="14.790803985670209">
        <ele>225.80000000000001</ele>
      </trkpt>
      <trkpt lat="-22.627251036465168" lon="14.790833992883563">
        <ele>226</ele>
      </trkpt>
      <trkpt lat="-22.627225974574685" lon="14.790861988440156">
        <ele>226.19999999999999</ele>
      </trkpt>
      <trkpt lat="-22.627205019816756" lon="14.790884032845497">
        <ele>226.40000000000001</ele>
      </trkpt>
      <trkpt lat="-22.627176018431783" lon="14.7909149620682">
        <ele>226.59999999999999</ele>
      </trkpt>
      <trkpt lat="-22.627142993733287" lon="14.790951004251838">
        <ele>226.59999999999999</ele>
      </trkpt>
      <trkpt lat="-22.627116004005075" lon="14.790981011465192">
        <ele>226.59999999999999</ele>
      </trkpt>
      <trkpt lat="-22.627088008448482" lon="14.791009007021785">
        <ele>227</ele>
      </trkpt>
      <trkpt lat="-22.627064036205411" lon="14.791029961779714">
        <ele>227.19999999999999</ele>
      </trkpt>
      <trkpt lat="-22.627030005678535" lon="14.791061980649829">
        <ele>227.40000000000001</ele>
      </trkpt>
      <trkpt lat="-22.627002010121942" lon="14.791090982034802">
        <ele>227.59999999999999</ele>
      </trkpt>
      <trkpt lat="-22.626974014565349" lon="14.791121995076537">
        <ele>227.59999999999999</ele>
      </trkpt>
      <trkpt lat="-22.626949036493897" lon="14.791153008118272">
        <ele>227.80000000000001</ele>
      </trkpt>
      <trkpt lat="-22.626925986260176" lon="14.791173040866852">
        <ele>228</ele>
      </trkpt>
      <trkpt lat="-22.626888016238809" lon="14.791201036423445">
        <ele>228</ele>
      </trkpt>
      <trkpt lat="-22.626858009025455" lon="14.791228026151657">
        <ele>228</ele>
      </trkpt>
      <trkpt lat="-22.62682699598372" lon="14.79125602170825">
        <ele>228</ele>
      </trkpt>
      <trkpt lat="-22.62680402956903" lon="14.791279993951321">
        <ele>228.19999999999999</ele>
      </trkpt>
      <trkpt lat="-22.626774022355676" lon="14.791307989507914">
        <ele>228.40000000000001</ele>
      </trkpt>
      <trkpt lat="-22.626738986000419" lon="14.791345037519932">
        <ele>228.59999999999999</ele>
      </trkpt>
      <trkpt lat="-22.626707972958684" lon="14.791373033076525">
        <ele>228.80000000000001</ele>
      </trkpt>
      <trkpt lat="-22.626676959916949" lon="14.791403962299228">
        <ele>228.80000000000001</ele>
      </trkpt>
      <trkpt lat="-22.626651981845498" lon="14.791430030018091">
        <ele>229</ele>
      </trkpt>
      <trkpt lat="-22.626616023480892" lon="14.791466994211078">
        <ele>229</ele>
      </trkpt>
      <trkpt lat="-22.626587022095919" lon="14.791498007252812">
        <ele>229.19999999999999</ele>
      </trkpt>
      <trkpt lat="-22.626558020710945" lon="14.791529020294547">
        <ele>229.19999999999999</ele>
      </trkpt>
      <trkpt lat="-22.626531030982733" lon="14.791561039164662">
        <ele>229.40000000000001</ele>
      </trkpt>
      <trkpt lat="-22.62650303542614" lon="14.791591968387365">
        <ele>229.40000000000001</ele>
      </trkpt>
      <trkpt lat="-22.626475961878896" lon="14.791619963943958">
        <ele>229.59999999999999</ele>
      </trkpt>
      <trkpt lat="-22.626454001292586" lon="14.791642008349299">
        <ele>229.80000000000001</ele>
      </trkpt>
      <trkpt lat="-22.626429023221135" lon="14.791675033047795">
        <ele>230</ele>
      </trkpt>
      <trkpt lat="-22.626400021836162" lon="14.791704034432769">
        <ele>230</ele>
      </trkpt>
      <trkpt lat="-22.626372026279569" lon="14.791736975312233">
        <ele>230.19999999999999</ele>
      </trkpt>
      <trkpt lat="-22.626345036551356" lon="14.791768994182348">
        <ele>230.40000000000001</ele>
      </trkpt>
      <trkpt lat="-22.626308994367719" lon="14.791807970032096">
        <ele>230.40000000000001</ele>
      </trkpt>
      <trkpt lat="-22.626277981325984" lon="14.791839988902211">
        <ele>230.59999999999999</ele>
      </trkpt>
      <trkpt lat="-22.626253003254533" lon="14.791863039135933">
        <ele>230.59999999999999</ele>
      </trkpt>
      <trkpt lat="-22.62622500769794" lon="14.791891034692526">
        <ele>230.59999999999999</ele>
      </trkpt>
      <trkpt lat="-22.626192988827825" lon="14.79192397557199">
        <ele>230.59999999999999</ele>
      </trkpt>
      <trkpt lat="-22.626168010756373" lon="14.791952976956964">
        <ele>230.80000000000001</ele>
      </trkpt>
      <trkpt lat="-22.62614001519978" lon="14.791978960856795">
        <ele>231.19999999999999</ele>
      </trkpt>
      <trkpt lat="-22.626114031299949" lon="14.792001005262136">
        <ele>231.40000000000001</ele>
      </trkpt>
      <trkpt lat="-22.626089975237846" lon="14.792020032182336">
        <ele>231.40000000000001</ele>
      </trkpt>
      <trkpt lat="-22.626064997166395" lon="14.792044004425406">
        <ele>231.59999999999999</ele>
      </trkpt>
      <trkpt lat="-22.62603297829628" lon="14.79207300581038">
        <ele>231.80000000000001</ele>
      </trkpt>
      <trkpt lat="-22.626006994396448" lon="14.792097983881831">
        <ele>232</ele>
      </trkpt>
      <trkpt lat="-22.625986039638519" lon="14.792119022458792">
        <ele>232.19999999999999</ele>
      </trkpt>
      <trkpt lat="-22.625958966091275" lon="14.792145006358624">
        <ele>232.40000000000001</ele>
      </trkpt>
      <trkpt lat="-22.625926025211811" lon="14.792169984430075">
        <ele>232.40000000000001</ele>
      </trkpt>
      <trkpt lat="-22.625898029655218" lon="14.792193034663796">
        <ele>232.59999999999999</ele>
      </trkpt>
      <trkpt lat="-22.625877996906638" lon="14.792209966108203">
        <ele>232.80000000000001</ele>
      </trkpt>
      <trkpt lat="-22.625855030491948" lon="14.792233016341925">
        <ele>233</ele>
      </trkpt>
      <trkpt lat="-22.625830974429846" lon="14.792256988584995">
        <ele>233</ele>
      </trkpt>
      <trkpt lat="-22.625804990530014" lon="14.792281966656446">
        <ele>233</ele>
      </trkpt>
      <trkpt lat="-22.625780012458563" lon="14.792307028546929">
        <ele>233</ele>
      </trkpt>
      <trkpt lat="-22.625754028558731" lon="14.792334018275142">
        <ele>233</ele>
      </trkpt>
      <trkpt lat="-22.625727038830519" lon="14.792361008003354">
        <ele>233.19999999999999</ele>
      </trkpt>
      <trkpt lat="-22.625699965283275" lon="14.792389003559947">
        <ele>233.40000000000001</ele>
      </trkpt>
      <trkpt lat="-22.625670041888952" lon="14.792414987459779">
        <ele>233.40000000000001</ele>
      </trkpt>
      <trkpt lat="-22.625644979998469" lon="14.79243996553123">
        <ele>233.59999999999999</ele>
      </trkpt>
      <trkpt lat="-22.625617990270257" lon="14.792469972744584">
        <ele>233.59999999999999</ele>
      </trkpt>
      <trkpt lat="-22.625587983056903" lon="14.792499979957938">
        <ele>233.80000000000001</ele>
      </trkpt>
      <trkpt lat="-22.625557975843549" lon="14.792528981342912">
        <ele>234</ele>
      </trkpt>
      <trkpt lat="-22.625527968630195" lon="14.792561000213027">
        <ele>234</ele>
      </trkpt>
      <trkpt lat="-22.625497039407492" lon="14.792593019083142">
        <ele>234.19999999999999</ele>
      </trkpt>
      <trkpt lat="-22.625459991395473" lon="14.792633000761271">
        <ele>234.40000000000001</ele>
      </trkpt>
      <trkpt lat="-22.625436019152403" lon="14.792656973004341">
        <ele>234.59999999999999</ele>
      </trkpt>
      <trkpt lat="-22.625405006110668" lon="14.792689997702837">
        <ele>234.59999999999999</ele>
      </trkpt>
      <trkpt lat="-22.625367036089301" lon="14.792730985209346">
        <ele>234.80000000000001</ele>
      </trkpt>
      <trkpt lat="-22.625335017219186" lon="14.792766021564603">
        <ele>234.80000000000001</ele>
      </trkpt>
      <trkpt lat="-22.625304004177451" lon="14.792798040434718">
        <ele>234.80000000000001</ele>
      </trkpt>
      <trkpt lat="-22.62528195977211" lon="14.79282503016293">
        <ele>235</ele>
      </trkpt>
      <trkpt lat="-22.625247007235885" lon="14.792865011841059">
        <ele>235.19999999999999</ele>
      </trkpt>
      <trkpt lat="-22.625219011679292" lon="14.792896024882793">
        <ele>235.19999999999999</ele>
      </trkpt>
      <trkpt lat="-22.625192021951079" lon="14.792927037924528">
        <ele>235.40000000000001</ele>
      </trkpt>
      <trkpt lat="-22.625164026394486" lon="14.792957967147231">
        <ele>235.40000000000001</ele>
      </trkpt>
      <trkpt lat="-22.625140976160765" lon="14.792982023209333">
        <ele>235.59999999999999</ele>
      </trkpt>
      <trkpt lat="-22.625110968947411" lon="14.793013958260417">
        <ele>235.80000000000001</ele>
      </trkpt>
      <trkpt lat="-22.625079033896327" lon="14.793052012100816">
        <ele>235.80000000000001</ele>
      </trkpt>
      <trkpt lat="-22.625052966177464" lon="14.79308302514255">
        <ele>235.80000000000001</ele>
      </trkpt>
      <trkpt lat="-22.625034023076296" lon="14.793108003214002">
        <ele>236</ele>
      </trkpt>
      <trkpt lat="-22.625008961185813" lon="14.793141027912498">
        <ele>236</ele>
      </trkpt>
      <trkpt lat="-22.624982977285981" lon="14.793171035125852">
        <ele>236.19999999999999</ele>
      </trkpt>
      <trkpt lat="-22.624954981729388" lon="14.793207999318838">
        <ele>236.40000000000001</ele>
      </trkpt>
      <trkpt lat="-22.62493503279984" lon="14.793232977390289">
        <ele>236.59999999999999</ele>
      </trkpt>
      <trkpt lat="-22.624910976737738" lon="14.793261978775263">
        <ele>236.59999999999999</ele>
      </trkpt>
      <trkpt lat="-22.624884992837906" lon="14.793289974331856">
        <ele>236.80000000000001</ele>
      </trkpt>
      <trkpt lat="-22.624861020594835" lon="14.79332098737359">
        <ele>237</ele>
      </trkpt>
      <trkpt lat="-22.624834030866623" lon="14.793350994586945">
        <ele>237.19999999999999</ele>
      </trkpt>
      <trkpt lat="-22.624807041138411" lon="14.793377984315157">
        <ele>237.19999999999999</ele>
      </trkpt>
      <trkpt lat="-22.624778961762786" lon="14.79340597987175">
        <ele>237.40000000000001</ele>
      </trkpt>
      <trkpt lat="-22.624752977862954" lon="14.793437998741865">
        <ele>237.59999999999999</ele>
      </trkpt>
      <trkpt lat="-22.624724982306361" lon="14.79347001761198">
        <ele>237.80000000000001</ele>
      </trkpt>
      <trkpt lat="-22.624698998406529" lon="14.793501030653715">
        <ele>238</ele>
      </trkpt>
      <trkpt lat="-22.624674020335078" lon="14.793531959876418">
        <ele>238.19999999999999</ele>
      </trkpt>
      <trkpt lat="-22.624647030606866" lon="14.793561967089772">
        <ele>238</ele>
      </trkpt>
      <trkpt lat="-22.624621968716383" lon="14.793589962646365">
        <ele>238.19999999999999</ele>
      </trkpt>
      <trkpt lat="-22.62459397315979" lon="14.7936209756881">
        <ele>238.19999999999999</ele>
      </trkpt>
      <trkpt lat="-22.624572012573481" lon="14.793651988729835">
        <ele>238.40000000000001</ele>
      </trkpt>
      <trkpt lat="-22.624548962339759" lon="14.79368400759995">
        <ele>238.40000000000001</ele>
      </trkpt>
      <trkpt lat="-22.624529013410211" lon="14.793716026470065">
        <ele>238.59999999999999</ele>
      </trkpt>
      <trkpt lat="-22.624506969004869" lon="14.79375097900629">
        <ele>238.80000000000001</ele>
      </trkpt>
      <trkpt lat="-22.62448500841856" lon="14.793786015361547">
        <ele>238.80000000000001</ele>
      </trkpt>
      <trkpt lat="-22.624462964013219" lon="14.793819040060043">
        <ele>239</ele>
      </trkpt>
      <trkpt lat="-22.624443015083671" lon="14.793851980939507">
        <ele>239.19999999999999</ele>
      </trkpt>
      <trkpt lat="-22.624422982335091" lon="14.793888023123145">
        <ele>239.40000000000001</ele>
      </trkpt>
      <trkpt lat="-22.624404961243272" lon="14.793925993144512">
        <ele>239.40000000000001</ele>
      </trkpt>
      <trkpt lat="-22.624387023970485" lon="14.79396597482264">
        <ele>239.59999999999999</ele>
      </trkpt>
      <trkpt lat="-22.624366991221905" lon="14.794006962329149">
        <ele>239.59999999999999</ele>
      </trkpt>
      <trkpt lat="-22.624349975958467" lon="14.794046021997929">
        <ele>239.80000000000001</ele>
      </trkpt>
      <trkpt lat="-22.624331032857299" lon="14.794081980362535">
        <ele>239.80000000000001</ele>
      </trkpt>
      <trkpt lat="-22.624308988451958" lon="14.794117016717792">
        <ele>240</ele>
      </trkpt>
      <trkpt lat="-22.624289961531758" lon="14.794152975082397">
        <ele>240</ele>
      </trkpt>
      <trkpt lat="-22.624271018430591" lon="14.794190023094416">
        <ele>240.19999999999999</ele>
      </trkpt>
      <trkpt lat="-22.624250985682011" lon="14.794225981459022">
        <ele>240.19999999999999</ele>
      </trkpt>
      <trkpt lat="-22.624231036752462" lon="14.79426302947104">
        <ele>240.40000000000001</ele>
      </trkpt>
      <trkpt lat="-22.624208992347121" lon="14.794300999492407">
        <ele>240.59999999999999</ele>
      </trkpt>
      <trkpt lat="-22.624188037589192" lon="14.794338969513774">
        <ele>240.59999999999999</ele>
      </trkpt>
      <trkpt lat="-22.62416398152709" lon="14.794378029182553">
        <ele>240.80000000000001</ele>
      </trkpt>
      <trkpt lat="-22.6241410151124" lon="14.794410970062017">
        <ele>240.80000000000001</ele>
      </trkpt>
      <trkpt lat="-22.624119976535439" lon="14.794442988932133">
        <ele>241</ele>
      </trkpt>
      <trkpt lat="-22.624096004292369" lon="14.79447903111577">
        <ele>241</ele>
      </trkpt>
      <trkpt lat="-22.624073037877679" lon="14.794514989480376">
        <ele>241.19999999999999</ele>
      </trkpt>
      <trkpt lat="-22.624049987643957" lon="14.794549020007253">
        <ele>241.40000000000001</ele>
      </trkpt>
      <trkpt lat="-22.624027021229267" lon="14.794582966715097">
        <ele>241.40000000000001</ele>
      </trkpt>
      <trkpt lat="-22.624001959338784" lon="14.794614985585213">
        <ele>241.40000000000001</ele>
      </trkpt>
      <trkpt lat="-22.623977987095714" lon="14.794647004455328">
        <ele>241.59999999999999</ele>
      </trkpt>
      <trkpt lat="-22.623955020681024" lon="14.794678017497063">
        <ele>241.59999999999999</ele>
      </trkpt>
      <trkpt lat="-22.623931970447302" lon="14.794708024710417">
        <ele>241.80000000000001</ele>
      </trkpt>
      <trkpt lat="-22.623913027346134" lon="14.794740965589881">
        <ele>241.80000000000001</ele>
      </trkpt>
      <trkpt lat="-22.623891988769174" lon="14.794771978631616">
        <ele>242</ele>
      </trkpt>
      <trkpt lat="-22.623871034011245" lon="14.794803997501731">
        <ele>242.19999999999999</ele>
      </trkpt>
      <trkpt lat="-22.623845972120762" lon="14.794834004715085">
        <ele>242.40000000000001</ele>
      </trkpt>
      <trkpt lat="-22.623821999877691" lon="14.79486501775682">
        <ele>242.40000000000001</ele>
      </trkpt>
      <trkpt lat="-22.623798027634621" lon="14.794897036626935">
        <ele>242.59999999999999</ele>
      </trkpt>
      <trkpt lat="-22.623774977400899" lon="14.794929977506399">
        <ele>242.80000000000001</ele>
      </trkpt>
      <trkpt lat="-22.62375301681459" lon="14.794966019690037">
        <ele>243</ele>
      </trkpt>
      <trkpt lat="-22.623734995722771" lon="14.795000972226262">
        <ele>243.19999999999999</ele>
      </trkpt>
      <trkpt lat="-22.623714040964842" lon="14.7950370144099">
        <ele>243.40000000000001</ele>
      </trkpt>
      <trkpt lat="-22.623691996559501" lon="14.795070039108396">
        <ele>243.40000000000001</ele>
      </trkpt>
      <trkpt lat="-22.623671041801572" lon="14.79510398581624">
        <ele>243.40000000000001</ele>
      </trkpt>
      <trkpt lat="-22.62364698573947" lon="14.795140027999878">
        <ele>243.59999999999999</ele>
      </trkpt>
      <trkpt lat="-22.62362502515316" lon="14.795174980536103">
        <ele>243.59999999999999</ele>
      </trkpt>
      <trkpt lat="-22.6236039865762" lon="14.79520901106298">
        <ele>243.59999999999999</ele>
      </trkpt>
      <trkpt lat="-22.62358202598989" lon="14.795243041589856">
        <ele>243.80000000000001</ele>
      </trkpt>
      <trkpt lat="-22.62356098741293" lon="14.795276988297701">
        <ele>243.80000000000001</ele>
      </trkpt>
      <trkpt lat="-22.62353902682662" lon="14.795311018824577">
        <ele>244</ele>
      </trkpt>
      <trkpt lat="-22.623516982421279" lon="14.795341026037931">
        <ele>244</ele>
      </trkpt>
      <trkpt lat="-22.62349502183497" lon="14.795370027422905">
        <ele>244</ele>
      </trkpt>
      <trkpt lat="-22.623473983258009" lon="14.795400034636259">
        <ele>244</ele>
      </trkpt>
      <trkpt lat="-22.623451016843319" lon="14.795430041849613">
        <ele>244.19999999999999</ele>
      </trkpt>
      <trkpt lat="-22.623426960781217" lon="14.795460971072316">
        <ele>244.40000000000001</ele>
      </trkpt>
      <trkpt lat="-22.623400976881385" lon="14.79549097828567">
        <ele>244.59999999999999</ele>
      </trkpt>
      <trkpt lat="-22.623370969668031" lon="14.795527020469308">
        <ele>244.59999999999999</ele>
      </trkpt>
      <trkpt lat="-22.623351020738482" lon="14.795548981055617">
        <ele>244.80000000000001</ele>
      </trkpt>
      <trkpt lat="-22.623325036838651" lon="14.795578988268971">
        <ele>245</ele>
      </trkpt>
      <trkpt lat="-22.623300980776548" lon="14.795605977997184">
        <ele>245.19999999999999</ele>
      </trkpt>
      <trkpt lat="-22.623276002705097" lon="14.795631039887667">
        <ele>245.40000000000001</ele>
      </trkpt>
      <trkpt lat="-22.623250018805265" lon="14.795650988817215">
        <ele>245.59999999999999</ele>
      </trkpt>
      <trkpt lat="-22.623222023248672" lon="14.795674961060286">
        <ele>245.59999999999999</ele>
      </trkpt>
      <trkpt lat="-22.623196039348841" lon="14.795699017122388">
        <ele>245.59999999999999</ele>
      </trkpt>
      <trkpt lat="-22.623169971629977" lon="14.795723995193839">
        <ele>245.80000000000001</ele>
      </trkpt>
      <trkpt lat="-22.623142981901765" lon="14.795750984922051">
        <ele>246</ele>
      </trkpt>
      <trkpt lat="-22.623115992173553" lon="14.795778980478644">
        <ele>246</ele>
      </trkpt>
      <trkpt lat="-22.62308799661696" lon="14.795804964378476">
        <ele>246.19999999999999</ele>
      </trkpt>
      <trkpt lat="-22.623057989403605" lon="14.795832959935069">
        <ele>246.19999999999999</ele>
      </trkpt>
      <trkpt lat="-22.623028988018632" lon="14.795860033482313">
        <ele>246.40000000000001</ele>
      </trkpt>
      <trkpt lat="-22.622998980805278" lon="14.795886017382145">
        <ele>246.59999999999999</ele>
      </trkpt>
      <trkpt lat="-22.622971991077065" lon="14.795912001281977">
        <ele>246.59999999999999</ele>
      </trkpt>
      <trkpt lat="-22.622946007177234" lon="14.795938991010189">
        <ele>246.80000000000001</ele>
      </trkpt>
      <trkpt lat="-22.622920023277402" lon="14.795967992395163">
        <ele>246.80000000000001</ele>
      </trkpt>
      <trkpt lat="-22.62289403937757" lon="14.795995987951756">
        <ele>247</ele>
      </trkpt>
      <trkpt lat="-22.622868977487087" lon="14.796021971851587">
        <ele>247</ele>
      </trkpt>
      <trkpt lat="-22.622843999415636" lon="14.7960489615798">
        <ele>247.19999999999999</ele>
      </trkpt>
      <trkpt lat="-22.622819021344185" lon="14.796077040955424">
        <ele>247.19999999999999</ele>
      </trkpt>
      <trkpt lat="-22.622793959453702" lon="14.796105958521366">
        <ele>247.40000000000001</ele>
      </trkpt>
      <trkpt lat="-22.622768981382251" lon="14.79613596573472">
        <ele>247.59999999999999</ele>
      </trkpt>
      <trkpt lat="-22.622740985825658" lon="14.796165972948074">
        <ele>247.59999999999999</ele>
      </trkpt>
      <trkpt lat="-22.622715001925826" lon="14.796195980161428">
        <ele>247.80000000000001</ele>
      </trkpt>
      <trkpt lat="-22.622691029682755" lon="14.796225987374783">
        <ele>247.80000000000001</ele>
      </trkpt>
      <trkpt lat="-22.622667979449034" lon="14.796257000416517">
        <ele>247.80000000000001</ele>
      </trkpt>
      <trkpt lat="-22.622646018862724" lon="14.796287007629871">
        <ele>248</ele>
      </trkpt>
      <trkpt lat="-22.622623974457383" lon="14.796313997358084">
        <ele>248.19999999999999</ele>
      </trkpt>
      <trkpt lat="-22.622605031356215" lon="14.796340987086296">
        <ele>248.19999999999999</ele>
      </trkpt>
      <trkpt lat="-22.622584998607635" lon="14.796365965157747">
        <ele>248.40000000000001</ele>
      </trkpt>
      <trkpt lat="-22.622564965859056" lon="14.796393038704991">
        <ele>248.40000000000001</ele>
      </trkpt>
      <trkpt lat="-22.622545016929507" lon="14.796422962099314">
        <ele>248.40000000000001</ele>
      </trkpt>
      <trkpt lat="-22.622523978352547" lon="14.796452969312668">
        <ele>248.59999999999999</ele>
      </trkpt>
      <trkpt lat="-22.622502017766237" lon="14.796481970697641">
        <ele>248.59999999999999</ele>
      </trkpt>
      <trkpt lat="-22.622481985017657" lon="14.796508960425854">
        <ele>249</ele>
      </trkpt>
      <trkpt lat="-22.622462958097458" lon="14.796537961810827">
        <ele>249</ele>
      </trkpt>
      <trkpt lat="-22.62244300916791" lon="14.796566041186452">
        <ele>249.19999999999999</ele>
      </trkpt>
      <trkpt lat="-22.622421970590949" lon="14.796595964580774">
        <ele>249.19999999999999</ele>
      </trkpt>
      <trkpt lat="-22.622399004176259" lon="14.796623038128018">
        <ele>249.40000000000001</ele>
      </trkpt>
      <trkpt lat="-22.622374026104808" lon="14.79664902202785">
        <ele>249.59999999999999</ele>
      </trkpt>
      <trkpt lat="-22.622348964214325" lon="14.796676011756063">
        <ele>249.80000000000001</ele>
      </trkpt>
      <trkpt lat="-22.622323986142874" lon="14.796707024797797">
        <ele>249.80000000000001</ele>
      </trkpt>
      <trkpt lat="-22.622298002243042" lon="14.796738037839532">
        <ele>249.80000000000001</ele>
      </trkpt>
      <trkpt lat="-22.622270006686449" lon="14.796767961233854">
        <ele>249.80000000000001</ele>
      </trkpt>
      <trkpt lat="-22.622245028614998" lon="14.796797968447208">
        <ele>250</ele>
      </trkpt>
      <trkpt lat="-22.622218960896134" lon="14.796834010630846">
        <ele>250.19999999999999</ele>
      </trkpt>
      <trkpt lat="-22.622194988653064" lon="14.796869968995452">
        <ele>250.19999999999999</ele>
      </trkpt>
      <trkpt lat="-22.622169004753232" lon="14.79690601117909">
        <ele>250.40000000000001</ele>
      </trkpt>
      <trkpt lat="-22.62214201502502" lon="14.796940041705966">
        <ele>250.40000000000001</ele>
      </trkpt>
      <trkpt lat="-22.622115025296807" lon="14.796974994242191">
        <ele>250.40000000000001</ele>
      </trkpt>
      <trkpt lat="-22.622089963406324" lon="14.797010030597448">
        <ele>250.59999999999999</ele>
      </trkpt>
      <trkpt lat="-22.622066996991634" lon="14.797045988962054">
        <ele>250.59999999999999</ele>
      </trkpt>
      <trkpt lat="-22.622045958414674" lon="14.79707901366055">
        <ele>250.80000000000001</ele>
      </trkpt>
      <trkpt lat="-22.622029026970267" lon="14.797110026702285">
        <ele>251</ele>
      </trkpt>
      <trkpt lat="-22.622011005878448" lon="14.79714103974402">
        <ele>251.19999999999999</ele>
      </trkpt>
      <trkpt lat="-22.62199399061501" lon="14.797169035300612">
        <ele>251.40000000000001</ele>
      </trkpt>
      <trkpt lat="-22.621974041685462" lon="14.797196025028825">
        <ele>251.40000000000001</ele>
      </trkpt>
      <trkpt lat="-22.621953003108501" lon="14.797222008928657">
        <ele>251.59999999999999</ele>
      </trkpt>
      <trkpt lat="-22.621929030865431" lon="14.797248998656869">
        <ele>251.59999999999999</ele>
      </trkpt>
      <trkpt lat="-22.621905980631709" lon="14.797275988385081">
        <ele>251.59999999999999</ele>
      </trkpt>
      <trkpt lat="-22.621882008388638" lon="14.797302978113294">
        <ele>251.80000000000001</ele>
      </trkpt>
      <trkpt lat="-22.621855018660426" lon="14.797328040003777">
        <ele>251.80000000000001</ele>
      </trkpt>
      <trkpt lat="-22.621825011447072" lon="14.797360980883241">
        <ele>251.80000000000001</ele>
      </trkpt>
      <trkpt lat="-22.62179802171886" lon="14.797392999753356">
        <ele>251.80000000000001</ele>
      </trkpt>
      <trkpt lat="-22.621768014505506" lon="14.797424012795091">
        <ele>252</ele>
      </trkpt>
      <trkpt lat="-22.621737001463771" lon="14.797457037493587">
        <ele>252</ele>
      </trkpt>
      <trkpt lat="-22.621703976765275" lon="14.797492995858192">
        <ele>252.19999999999999</ele>
      </trkpt>
      <trkpt lat="-22.621675981208682" lon="14.797524008899927">
        <ele>252.40000000000001</ele>
      </trkpt>
      <trkpt lat="-22.621653014793992" lon="14.797548986971378">
        <ele>252.59999999999999</ele>
      </trkpt>
      <trkpt lat="-22.621619990095496" lon="14.797587962821126">
        <ele>252.59999999999999</ele>
      </trkpt>
      <trkpt lat="-22.621595012024045" lon="14.797614030539989">
        <ele>252.80000000000001</ele>
      </trkpt>
      <trkpt lat="-22.621556958183646" lon="14.797649988904595">
        <ele>252.80000000000001</ele>
      </trkpt>
      <trkpt lat="-22.621526028960943" lon="14.797685025259852">
        <ele>253</ele>
      </trkpt>
      <trkpt lat="-22.621495015919209" lon="14.797719977796078">
        <ele>253.19999999999999</ele>
      </trkpt>
      <trkpt lat="-22.621470959857106" lon="14.797748979181051">
        <ele>253.19999999999999</ele>
      </trkpt>
      <trkpt lat="-22.621441958472133" lon="14.797784015536308">
        <ele>253.19999999999999</ele>
      </trkpt>
      <trkpt lat="-22.621404994279146" lon="14.797820979729295">
        <ele>253.40000000000001</ele>
      </trkpt>
      <trkpt lat="-22.62137196958065" lon="14.797849981114268">
        <ele>253.59999999999999</ele>
      </trkpt>
      <trkpt lat="-22.621340034529567" lon="14.797879988327622">
        <ele>253.80000000000001</ele>
      </trkpt>
      <trkpt lat="-22.621315978467464" lon="14.797904966399074">
        <ele>253.80000000000001</ele>
      </trkpt>
      <trkpt lat="-22.62128597125411" lon="14.797933967784047">
        <ele>254</ele>
      </trkpt>
      <trkpt lat="-22.621250012889504" lon="14.797967998310924">
        <ele>254</ele>
      </trkpt>
      <trkpt lat="-22.621221011504531" lon="14.797994988039136">
        <ele>254.19999999999999</ele>
      </trkpt>
      <trkpt lat="-22.621192010119557" lon="14.798020971938968">
        <ele>254.19999999999999</ele>
      </trkpt>
      <trkpt lat="-22.621168959885836" lon="14.798039998859167">
        <ele>254.40000000000001</ele>
      </trkpt>
      <trkpt lat="-22.621140964329243" lon="14.798064976930618">
        <ele>254.40000000000001</ele>
      </trkpt>
      <trkpt lat="-22.621108023449779" lon="14.798096995800734">
        <ele>254.59999999999999</ele>
      </trkpt>
      <trkpt lat="-22.621078016236424" lon="14.798124991357327">
        <ele>254.59999999999999</ele>
      </trkpt>
      <trkpt lat="-22.621049014851451" lon="14.7981539927423">
        <ele>254.80000000000001</ele>
      </trkpt>
      <trkpt lat="-22.621020013466477" lon="14.798179976642132">
        <ele>255</ele>
      </trkpt>
      <trkpt lat="-22.620996041223407" lon="14.79819699190557">
        <ele>255</ele>
      </trkpt>
      <trkpt lat="-22.620959999039769" lon="14.798229010775685">
        <ele>255.19999999999999</ele>
      </trkpt>
      <trkpt lat="-22.620929991826415" lon="14.798258012160659">
        <ele>255.40000000000001</ele>
      </trkpt>
      <trkpt lat="-22.620906019583344" lon="14.798278966918588">
        <ele>255.59999999999999</ele>
      </trkpt>
      <trkpt lat="-22.620880035683513" lon="14.798306040465832">
        <ele>255.59999999999999</ele>
      </trkpt>
      <trkpt lat="-22.620849022641778" lon="14.798338981345296">
        <ele>255.80000000000001</ele>
      </trkpt>
      <trkpt lat="-22.620819015428424" lon="14.798366976901889">
        <ele>255.80000000000001</ele>
      </trkpt>
      <trkpt lat="-22.620791019871831" lon="14.798395978286862">
        <ele>256</ele>
      </trkpt>
      <trkpt lat="-22.62076897546649" lon="14.798419028520584">
        <ele>256.39999999999998</ele>
      </trkpt>
      <trkpt lat="-22.620741985738277" lon="14.798447024077177">
        <ele>256.60000000000002</ele>
      </trkpt>
      <trkpt lat="-22.620714996010065" lon="14.79847501963377">
        <ele>256.60000000000002</ele>
      </trkpt>
      <trkpt lat="-22.620685994625092" lon="14.798501003533602">
        <ele>256.80000000000001</ele>
      </trkpt>
      <trkpt lat="-22.620655987411737" lon="14.798525981605053">
        <ele>257</ele>
      </trkpt>
      <trkpt lat="-22.620627991855145" lon="14.798551965504885">
        <ele>257</ele>
      </trkpt>
      <trkpt lat="-22.620601002126932" lon="14.798577027395368">
        <ele>257</ele>
      </trkpt>
      <trkpt lat="-22.62057401239872" lon="14.79860401712358">
        <ele>257.19999999999999</ele>
      </trkpt>
      <trkpt lat="-22.620548028498888" lon="14.798632012680173">
        <ele>257.39999999999998</ele>
      </trkpt>
      <trkpt lat="-22.620521960780025" lon="14.798660008236766">
        <ele>257.39999999999998</ele>
      </trkpt>
      <trkpt lat="-22.620494971051812" lon="14.798689009621739">
        <ele>257.60000000000002</ele>
      </trkpt>
      <trkpt lat="-22.620465969666839" lon="14.798720022663474">
        <ele>257.60000000000002</ele>
      </trkpt>
      <trkpt lat="-22.620439985767007" lon="14.798750029876828">
        <ele>257.80000000000001</ele>
      </trkpt>
      <trkpt lat="-22.620409978553653" lon="14.798778025433421">
        <ele>258</ele>
      </trkpt>
      <trkpt lat="-22.62038198299706" lon="14.798804009333253">
        <ele>258.19999999999999</ele>
      </trkpt>
      <trkpt lat="-22.620350969955325" lon="14.798823958262801">
        <ele>258.19999999999999</ele>
      </trkpt>
      <trkpt lat="-22.620323980227113" lon="14.798842985183001">
        <ele>258.39999999999998</ele>
      </trkpt>
      <trkpt lat="-22.6202969904989" lon="14.798861006274819">
        <ele>258.39999999999998</ele>
      </trkpt>
      <trkpt lat="-22.620268994942307" lon="14.798881039023399">
        <ele>258.60000000000002</ele>
      </trkpt>
      <trkpt lat="-22.620237981900573" lon="14.798901993781328">
        <ele>258.60000000000002</ele>
      </trkpt>
      <trkpt lat="-22.620205963030457" lon="14.798922026529908">
        <ele>258.80000000000001</ele>
      </trkpt>
      <trkpt lat="-22.620174027979374" lon="14.798939963802695">
        <ele>258.80000000000001</ele>
      </trkpt>
      <trkpt lat="-22.620141003280878" lon="14.798958990722895">
        <ele>259</ele>
      </trkpt>
      <trkpt lat="-22.620107978582382" lon="14.798978017643094">
        <ele>259</ele>
      </trkpt>
      <trkpt lat="-22.620075037702918" lon="14.798994027078152">
        <ele>259.19999999999999</ele>
      </trkpt>
      <trkpt lat="-22.620043018832803" lon="14.799011964350939">
        <ele>259.39999999999998</ele>
      </trkpt>
      <trkpt lat="-22.620007982477546" lon="14.799028979614377">
        <ele>259.39999999999998</ele>
      </trkpt>
      <trkpt lat="-22.619975041598082" lon="14.799048006534576">
        <ele>259.39999999999998</ele>
      </trkpt>
      <trkpt lat="-22.619942016899586" lon="14.799064015969634">
        <ele>259.60000000000002</ele>
      </trkpt>
      <trkpt lat="-22.61990899220109" lon="14.799080025404692">
        <ele>259.60000000000002</ele>
      </trkpt>
      <trkpt lat="-22.619875967502594" lon="14.799096034839749">
        <ele>259.80000000000001</ele>
      </trkpt>
      <trkpt lat="-22.619841014966369" lon="14.799111038446426">
        <ele>260</ele>
      </trkpt>
      <trkpt lat="-22.619805978611112" lon="14.799124030396342">
        <ele>260.19999999999999</ele>
      </trkpt>
      <trkpt lat="-22.619771026074886" lon="14.799135010689497">
        <ele>260.39999999999998</ele>
      </trkpt>
      <trkpt lat="-22.61973699554801" lon="14.799145990982652">
        <ele>260.60000000000002</ele>
      </trkpt>
      <trkpt lat="-22.619701959192753" lon="14.799156971275806">
        <ele>260.80000000000001</ele>
      </trkpt>
      <trkpt lat="-22.619663989171386" lon="14.799165017902851">
        <ele>260.80000000000001</ele>
      </trkpt>
      <trkpt lat="-22.619625013321638" lon="14.799171974882483">
        <ele>261</ele>
      </trkpt>
      <trkpt lat="-22.61958603747189" lon="14.799181027337909">
        <ele>261</ele>
      </trkpt>
      <trkpt lat="-22.619547983631492" lon="14.799187984317541">
        <ele>261.19999999999999</ele>
      </trkpt>
      <trkpt lat="-22.619511019438505" lon="14.799194019287825">
        <ele>261.19999999999999</ele>
      </trkpt>
      <trkpt lat="-22.619471959769726" lon="14.799201982095838">
        <ele>261.60000000000002</ele>
      </trkpt>
      <trkpt lat="-22.619431978091598" lon="14.799210028722882">
        <ele>261.60000000000002</ele>
      </trkpt>
      <trkpt lat="-22.619396019726992" lon="14.799217991530895">
        <ele>261.80000000000001</ele>
      </trkpt>
      <trkpt lat="-22.619357965886593" lon="14.79922603815794">
        <ele>262</ele>
      </trkpt>
      <trkpt lat="-22.619321001693606" lon="14.799232995137572">
        <ele>262</ele>
      </trkpt>
      <trkpt lat="-22.61928403750062" lon="14.799238024279475">
        <ele>262</ele>
      </trkpt>
      <trkpt lat="-22.619245983660221" lon="14.799241963773966">
        <ele>262.19999999999999</ele>
      </trkpt>
      <trkpt lat="-22.619211031123996" lon="14.799245987087488">
        <ele>262.19999999999999</ele>
      </trkpt>
      <trkpt lat="-22.619177000597119" lon="14.799251016229391">
        <ele>262.19999999999999</ele>
      </trkpt>
      <trkpt lat="-22.619141964241862" lon="14.799256967380643">
        <ele>262.39999999999998</ele>
      </trkpt>
      <trkpt lat="-22.619106005877256" lon="14.799265014007688">
        <ele>262.39999999999998</ele>
      </trkpt>
      <trkpt lat="-22.61906904168427" lon="14.799272976815701">
        <ele>262.80000000000001</ele>
      </trkpt>
      <trkpt lat="-22.619030987843871" lon="14.799281023442745">
        <ele>262.80000000000001</ele>
      </trkpt>
      <trkpt lat="-22.618996035307646" lon="14.799286974593997">
        <ele>263</ele>
      </trkpt>
      <trkpt lat="-22.618962004780769" lon="14.799289992079139">
        <ele>263</ele>
      </trkpt>
      <trkpt lat="-22.618927974253893" lon="14.799297032877803">
        <ele>263.19999999999999</ele>
      </trkpt>
      <trkpt lat="-22.618890004232526" lon="14.799300972372293">
        <ele>263.39999999999998</ele>
      </trkpt>
      <trkpt lat="-22.618853962048888" lon="14.799307007342577">
        <ele>263.39999999999998</ele>
      </trkpt>
      <trkpt lat="-22.618821021169424" lon="14.799310024827719">
        <ele>263.60000000000002</ele>
      </trkpt>
      <trkpt lat="-22.618789002299309" lon="14.79931203648448">
        <ele>263.60000000000002</ele>
      </trkpt>
      <trkpt lat="-22.618758995085955" lon="14.799316981807351">
        <ele>263.80000000000001</ele>
      </trkpt>
      <trkpt lat="-22.618726976215839" lon="14.799319999292493">
        <ele>263.80000000000001</ele>
      </trkpt>
      <trkpt lat="-22.618693029507995" lon="14.799325028434396">
        <ele>263.80000000000001</ele>
      </trkpt>
      <trkpt lat="-22.618657993152738" lon="14.799328967928886">
        <ele>264</ele>
      </trkpt>
      <trkpt lat="-22.618622034788132" lon="14.799333997070789">
        <ele>264</ele>
      </trkpt>
      <trkpt lat="-22.618584986776114" lon="14.799338020384312">
        <ele>264.19999999999999</ele>
      </trkpt>
      <trkpt lat="-22.618549028411508" lon="14.799343971535563">
        <ele>264.39999999999998</ele>
      </trkpt>
      <trkpt lat="-22.618513992056251" lon="14.799354029819369">
        <ele>264.60000000000002</ele>
      </trkpt>
      <trkpt lat="-22.618482979014516" lon="14.799362998455763">
        <ele>264.60000000000002</ele>
      </trkpt>
      <trkpt lat="-22.618450960144401" lon="14.799370039254427">
        <ele>264.60000000000002</ele>
      </trkpt>
      <trkpt lat="-22.618418019264936" lon="14.799375990405679">
        <ele>264.80000000000001</ele>
      </trkpt>
      <trkpt lat="-22.61838398873806" lon="14.799383031204343">
        <ele>264.80000000000001</ele>
      </trkpt>
      <trkpt lat="-22.618345012888312" lon="14.799384959042072">
        <ele>264.80000000000001</ele>
      </trkpt>
      <trkpt lat="-22.618309976533055" lon="14.799391999840736">
        <ele>264.80000000000001</ele>
      </trkpt>
      <trkpt lat="-22.61827502399683" lon="14.799399962648749">
        <ele>265</ele>
      </trkpt>
      <trkpt lat="-22.618241999298334" lon="14.799409015104175">
        <ele>265.19999999999999</ele>
      </trkpt>
      <trkpt lat="-22.618210986256599" lon="14.799417983740568">
        <ele>265.39999999999998</ele>
      </trkpt>
      <trkpt lat="-22.618177039548755" lon="14.799427958205342">
        <ele>265.60000000000002</ele>
      </trkpt>
      <trkpt lat="-22.61814602650702" lon="14.799438016489148">
        <ele>265.60000000000002</ele>
      </trkpt>
      <trkpt lat="-22.618115013465285" lon="14.799448996782303">
        <ele>265.60000000000002</ele>
      </trkpt>
      <trkpt lat="-22.61808299459517" lon="14.799458971247077">
        <ele>265.80000000000001</ele>
      </trkpt>
      <trkpt lat="-22.618047036230564" lon="14.799472969025373">
        <ele>265.80000000000001</ele>
      </trkpt>
      <trkpt lat="-22.618016023188829" lon="14.79948403313756">
        <ele>265.80000000000001</ele>
      </trkpt>
      <trkpt lat="-22.617985010147095" lon="14.799493001773953">
        <ele>266</ele>
      </trkpt>
      <trkpt lat="-22.617956008762121" lon="14.799500964581966">
        <ele>266</ele>
      </trkpt>
      <trkpt lat="-22.617927007377148" lon="14.799510017037392">
        <ele>266.19999999999999</ele>
      </trkpt>
      <trkpt lat="-22.617898005992174" lon="14.799518985673785">
        <ele>266.19999999999999</ele>
      </trkpt>
      <trkpt lat="-22.617864981293678" lon="14.79952803812921">
        <ele>266.39999999999998</ele>
      </trkpt>
      <trkpt lat="-22.617831034585834" lon="14.799536000937223">
        <ele>266.39999999999998</ele>
      </trkpt>
      <trkpt lat="-22.617795998230577" lon="14.799543963745236">
        <ele>266.39999999999998</ele>
      </trkpt>
      <trkpt lat="-22.6177619677037" lon="14.799555027857423">
        <ele>266.60000000000002</ele>
      </trkpt>
      <trkpt lat="-22.617726009339094" lon="14.799567013978958">
        <ele>266.60000000000002</ele>
      </trkpt>
      <trkpt lat="-22.617688961327076" lon="14.799582017585635">
        <ele>266.80000000000001</ele>
      </trkpt>
      <trkpt lat="-22.617651997134089" lon="14.799600038677454">
        <ele>266.80000000000001</ele>
      </trkpt>
      <trkpt lat="-22.617612015455961" lon="14.799617975950241">
        <ele>267</ele>
      </trkpt>
      <trkpt lat="-22.617573039606214" lon="14.799631973728538">
        <ele>267.19999999999999</ele>
      </trkpt>
      <trkpt lat="-22.617533979937434" lon="14.799648988991976">
        <ele>267.19999999999999</ele>
      </trkpt>
      <trkpt lat="-22.617485029622912" lon="14.799670027568936">
        <ele>267.39999999999998</ele>
      </trkpt>
      <trkpt lat="-22.617443036288023" lon="14.799689976498485">
        <ele>267.60000000000002</ele>
      </trkpt>
      <trkpt lat="-22.617411017417908" lon="14.7997029684484">
        <ele>267.60000000000002</ele>
      </trkpt>
      <trkpt lat="-22.617369024083018" lon="14.799720989540219">
        <ele>267.80000000000001</ele>
      </trkpt>
      <trkpt lat="-22.617320995777845" lon="14.79974202811718">
        <ele>268</ele>
      </trkpt>
      <trkpt lat="-22.617280008271337" lon="14.799760971218348">
        <ele>268.19999999999999</ele>
      </trkpt>
      <trkpt lat="-22.617238014936447" lon="14.799781003966928">
        <ele>268.39999999999998</ele>
      </trkpt>
      <trkpt lat="-22.617197027429938" lon="14.799801036715508">
        <ele>268.60000000000002</ele>
      </trkpt>
      <trkpt lat="-22.617165008559823" lon="14.799816962331533">
        <ele>268.60000000000002</ele>
      </trkpt>
      <trkpt lat="-22.617117986083031" lon="14.799840012565255">
        <ele>268.80000000000001</ele>
      </trkpt>
      <trkpt lat="-22.617078004404902" lon="14.799859039485455">
        <ele>269</ele>
      </trkpt>
      <trkpt lat="-22.617041040211916" lon="14.7998739592731">
        <ele>269.19999999999999</ele>
      </trkpt>
      <trkpt lat="-22.617011032998562" lon="14.799888040870428">
        <ele>269.19999999999999</ele>
      </trkpt>
      <trkpt lat="-22.616979014128447" lon="14.799907989799976">
        <ele>269.19999999999999</ele>
      </trkpt>
      <trkpt lat="-22.616940960288048" lon="14.799931040033698">
        <ele>269.39999999999998</ele>
      </trkpt>
      <trkpt lat="-22.616909025236964" lon="14.799945959821343">
        <ele>269.60000000000002</ele>
      </trkpt>
      <trkpt lat="-22.616876000538468" lon="14.799959035590291">
        <ele>269.60000000000002</ele>
      </trkpt>
      <trkpt lat="-22.616851022467017" lon="14.799966998398304">
        <ele>269.80000000000001</ele>
      </trkpt>
      <trkpt lat="-22.616811962798238" lon="14.7999809961766">
        <ele>269.80000000000001</ele>
      </trkpt>
      <trkpt lat="-22.616781033575535" lon="14.799994993954897">
        <ele>270</ele>
      </trkpt>
      <trkpt lat="-22.6167500205338" lon="14.800009997561574">
        <ele>270</ele>
      </trkpt>
      <trkpt lat="-22.616723030805588" lon="14.800021983683109">
        <ele>270.19999999999999</ele>
      </trkpt>
      <trkpt lat="-22.616687994450331" lon="14.800037993118167">
        <ele>270.39999999999998</ele>
      </trkpt>
      <trkpt lat="-22.616644995287061" lon="14.800059031695127">
        <ele>270.39999999999998</ele>
      </trkpt>
      <trkpt lat="-22.616609036922455" lon="14.800078980624676">
        <ele>270.60000000000002</ele>
      </trkpt>
      <trkpt lat="-22.616571988910437" lon="14.800097001716495">
        <ele>270.60000000000002</ele>
      </trkpt>
      <trkpt lat="-22.616541981697083" lon="14.80010898783803">
        <ele>270.60000000000002</ele>
      </trkpt>
      <trkpt lat="-22.616505017504096" lon="14.800121979787946">
        <ele>270.80000000000001</ele>
      </trkpt>
      <trkpt lat="-22.616460006684065" lon="14.800138995051384">
        <ele>271</ele>
      </trkpt>
      <trkpt lat="-22.616423964500427" lon="14.80015299282968">
        <ele>271.19999999999999</ele>
      </trkpt>
      <trkpt lat="-22.616387000307441" lon="14.800165984779596">
        <ele>271.19999999999999</ele>
      </trkpt>
      <trkpt lat="-22.616355987265706" lon="14.800178976729512">
        <ele>271.39999999999998</ele>
      </trkpt>
      <trkpt lat="-22.61631902307272" lon="14.800192974507809">
        <ele>271.39999999999998</ele>
      </trkpt>
      <trkpt lat="-22.616279041394591" lon="14.800210995599627">
        <ele>271.60000000000002</ele>
      </trkpt>
      <trkpt lat="-22.616231013089418" lon="14.800231028348207">
        <ele>271.60000000000002</ele>
      </trkpt>
      <trkpt lat="-22.61619103141129" lon="14.800248965620995">
        <ele>271.80000000000001</ele>
      </trkpt>
      <trkpt lat="-22.616160018369555" lon="14.800262963399291">
        <ele>272</ele>
      </trkpt>
      <trkpt lat="-22.616121964529157" lon="14.800277967005968">
        <ele>272.19999999999999</ele>
      </trkpt>
      <trkpt lat="-22.616074020043015" lon="14.800296993926167">
        <ele>272.19999999999999</ele>
      </trkpt>
      <trkpt lat="-22.616034960374236" lon="14.800310991704464">
        <ele>272.39999999999998</ele>
      </trkpt>
      <trkpt lat="-22.615996990352869" lon="14.800328006967902">
        <ele>272.39999999999998</ele>
      </trkpt>
      <trkpt lat="-22.615966983139515" lon="14.800342004746199">
        <ele>272.60000000000002</ele>
      </trkpt>
      <trkpt lat="-22.615928007289767" lon="14.800357008352876">
        <ele>272.60000000000002</ele>
      </trkpt>
      <trkpt lat="-22.615884002298117" lon="14.800370000302792">
        <ele>272.80000000000001</ele>
      </trkpt>
      <trkpt lat="-22.61584603227675" lon="14.800380980595946">
        <ele>272.80000000000001</ele>
      </trkpt>
      <trkpt lat="-22.615816025063396" lon="14.800391038879752">
        <ele>273.19999999999999</ele>
      </trkpt>
      <trkpt lat="-22.615781994536519" lon="14.800403025001287">
        <ele>273.60000000000002</ele>
      </trkpt>
      <trkpt lat="-22.615737989544868" lon="14.800415011122823">
        <ele>273.80000000000001</ele>
      </trkpt>
      <trkpt lat="-22.615702031180263" lon="14.800424985587597">
        <ele>273.80000000000001</ele>
      </trkpt>
      <trkpt lat="-22.615664983168244" lon="14.800433032214642">
        <ele>274</ele>
      </trkpt>
      <trkpt lat="-22.61563497595489" lon="14.800437977537513">
        <ele>273.80000000000001</ele>
      </trkpt>
      <trkpt lat="-22.615599017590284" lon="14.800447029992938">
        <ele>274.19999999999999</ele>
      </trkpt>
      <trkpt lat="-22.615551995113492" lon="14.80045298114419">
        <ele>274</ele>
      </trkpt>
      <trkpt lat="-22.615512013435364" lon="14.800454992800951">
        <ele>274.19999999999999</ele>
      </trkpt>
      <trkpt lat="-22.615481000393629" lon="14.800457004457712">
        <ele>274.19999999999999</ele>
      </trkpt>
      <trkpt lat="-22.615442024543881" lon="14.800458010286093">
        <ele>274.60000000000002</ele>
      </trkpt>
      <trkpt lat="-22.615401037037373" lon="14.800460021942854">
        <ele>274.60000000000002</ele>
      </trkpt>
      <trkpt lat="-22.615359965711832" lon="14.800462033599615">
        <ele>274.80000000000001</ele>
      </trkpt>
      <trkpt lat="-22.615319984033704" lon="14.800464967265725">
        <ele>274.80000000000001</ele>
      </trkpt>
      <trkpt lat="-22.615283019840717" lon="14.800464967265725">
        <ele>275</ele>
      </trkpt>
      <trkpt lat="-22.61524697765708" lon="14.800464967265725">
        <ele>275</ele>
      </trkpt>
      <trkpt lat="-22.615210013464093" lon="14.800464967265725">
        <ele>275.19999999999999</ele>
      </trkpt>
      <trkpt lat="-22.615173971280456" lon="14.800463961437345">
        <ele>275.19999999999999</ele>
      </trkpt>
      <trkpt lat="-22.61513801291585" lon="14.800462033599615">
        <ele>275.39999999999998</ele>
      </trkpt>
      <trkpt lat="-22.615097025409341" lon="14.800459016114473">
        <ele>275.60000000000002</ele>
      </trkpt>
      <trkpt lat="-22.615071963518858" lon="14.800454992800951">
        <ele>275.60000000000002</ele>
      </trkpt>
      <trkpt lat="-22.615041034296155" lon="14.800449963659048">
        <ele>275.80000000000001</ele>
      </trkpt>
      <trkpt lat="-22.615012032911181" lon="14.800446024164557">
        <ele>276</ele>
      </trkpt>
      <trkpt lat="-22.614973979070783" lon="14.800438983365893">
        <ele>276.19999999999999</ele>
      </trkpt>
      <trkpt lat="-22.614940032362938" lon="14.80043102055788">
        <ele>276.19999999999999</ele>
      </trkpt>
      <trkpt lat="-22.614912958815694" lon="14.800422973930836">
        <ele>276.19999999999999</ele>
      </trkpt>
      <trkpt lat="-22.61488001793623" lon="14.800414005294442">
        <ele>276.39999999999998</ele>
      </trkpt>
      <trkpt lat="-22.61483802460134" lon="14.800400007516146">
        <ele>276.39999999999998</ele>
      </trkpt>
      <trkpt lat="-22.614801982417703" lon="14.800392966717482">
        <ele>276.39999999999998</ele>
      </trkpt>
      <trkpt lat="-22.61477499268949" lon="14.800390033051372">
        <ele>276.60000000000002</ele>
      </trkpt>
      <trkpt lat="-22.614740962162614" lon="14.80038701556623">
        <ele>276.80000000000001</ele>
      </trkpt>
      <trkpt lat="-22.614706009626389" lon="14.800382992252707">
        <ele>277</ele>
      </trkpt>
      <trkpt lat="-22.614669967442751" lon="14.800378968939185">
        <ele>277</ele>
      </trkpt>
      <trkpt lat="-22.6146259624511" lon="14.800372011959553">
        <ele>277</ele>
      </trkpt>
      <trkpt lat="-22.614590004086494" lon="14.80036698281765">
        <ele>277.19999999999999</ele>
      </trkpt>
      <trkpt lat="-22.614548010751605" lon="14.800362037494779">
        <ele>277.39999999999998</ele>
      </trkpt>
      <trkpt lat="-22.614508029073477" lon="14.800358014181256">
        <ele>277.60000000000002</ele>
      </trkpt>
      <trkpt lat="-22.614468969404697" lon="14.800354996696115">
        <ele>277.60000000000002</ele>
      </trkpt>
      <trkpt lat="-22.614424964413047" lon="14.800352985039353">
        <ele>277.80000000000001</ele>
      </trkpt>
      <trkpt lat="-22.614381965249777" lon="14.800350973382592">
        <ele>277.80000000000001</ele>
      </trkpt>
      <trkpt lat="-22.614337960258126" lon="14.800348961725831">
        <ele>278</ele>
      </trkpt>
      <trkpt lat="-22.614294039085507" lon="14.800350973382592">
        <ele>278.19999999999999</ele>
      </trkpt>
      <trkpt lat="-22.614241987466812" lon="14.800357008352876">
        <ele>278.19999999999999</ele>
      </trkpt>
      <trkpt lat="-22.614199994131923" lon="14.800361031666398">
        <ele>278.19999999999999</ele>
      </trkpt>
      <trkpt lat="-22.614167975261807" lon="14.80036798864603">
        <ele>278.39999999999998</ele>
      </trkpt>
      <trkpt lat="-22.61412899941206" lon="14.800373017787933">
        <ele>278.60000000000002</ele>
      </trkpt>
      <trkpt lat="-22.614092035219073" lon="14.800378968939185">
        <ele>278.80000000000001</ele>
      </trkpt>
      <trkpt lat="-22.614054987207055" lon="14.800380980595946">
        <ele>278.80000000000001</ele>
      </trkpt>
      <trkpt lat="-22.614011988043785" lon="14.800380980595946">
        <ele>278.80000000000001</ele>
      </trkpt>
      <trkpt lat="-22.613982986658812" lon="14.800380980595946">
        <ele>279</ele>
      </trkpt>
      <trkpt lat="-22.613949961960316" lon="14.800382992252707">
        <ele>279</ele>
      </trkpt>
      <trkpt lat="-22.613917021080852" lon="14.80038701556623">
        <ele>279.19999999999999</ele>
      </trkpt>
      <trkpt lat="-22.613881984725595" lon="14.800391960889101">
        <ele>279.19999999999999</ele>
      </trkpt>
      <trkpt lat="-22.61384803801775" lon="14.800393972545862">
        <ele>279.39999999999998</ele>
      </trkpt>
      <trkpt lat="-22.613811995834112" lon="14.800397995859385">
        <ele>279.60000000000002</ele>
      </trkpt>
      <trkpt lat="-22.613776959478855" lon="14.800403025001287">
        <ele>279.60000000000002</ele>
      </trkpt>
      <trkpt lat="-22.61374200694263" lon="14.800407970324159">
        <ele>279.80000000000001</ele>
      </trkpt>
      <trkpt lat="-22.613706970587373" lon="14.80040998198092">
        <ele>279.80000000000001</ele>
      </trkpt>
      <trkpt lat="-22.613669000566006" lon="14.8004109878093">
        <ele>280</ele>
      </trkpt>
      <trkpt lat="-22.613630024716258" lon="14.80040998198092">
        <ele>280.19999999999999</ele>
      </trkpt>
      <trkpt lat="-22.613591970875859" lon="14.800406964495778">
        <ele>280.19999999999999</ele>
      </trkpt>
      <trkpt lat="-22.613552995026112" lon="14.800405036658049">
        <ele>280.39999999999998</ele>
      </trkpt>
      <trkpt lat="-22.613504966720939" lon="14.800402019172907">
        <ele>280.60000000000002</ele>
      </trkpt>
      <trkpt lat="-22.613474037498236" lon="14.800403025001287">
        <ele>280.60000000000002</ele>
      </trkpt>
      <trkpt lat="-22.613435983657837" lon="14.800403025001287">
        <ele>280.60000000000002</ele>
      </trkpt>
      <trkpt lat="-22.613389967009425" lon="14.800403025001287">
        <ele>280.80000000000001</ele>
      </trkpt>
      <trkpt lat="-22.613351996988058" lon="14.800402019172907">
        <ele>281</ele>
      </trkpt>
      <trkpt lat="-22.613320983946323" lon="14.800403025001287">
        <ele>281.19999999999999</ele>
      </trkpt>
      <trkpt lat="-22.613282008096576" lon="14.800403025001287">
        <ele>281.19999999999999</ele>
      </trkpt>
      <trkpt lat="-22.613235991448164" lon="14.800404030829668">
        <ele>281.19999999999999</ele>
      </trkpt>
      <trkpt lat="-22.613204978406429" lon="14.800403025001287">
        <ele>281.39999999999998</ele>
      </trkpt>
      <trkpt lat="-22.613158039748669" lon="14.800402019172907">
        <ele>281.60000000000002</ele>
      </trkpt>
      <trkpt lat="-22.613127026706934" lon="14.800403025001287">
        <ele>281.60000000000002</ele>
      </trkpt>
      <trkpt lat="-22.613087967038155" lon="14.800404030829668">
        <ele>281.80000000000001</ele>
      </trkpt>
      <trkpt lat="-22.613048991188407" lon="14.800402019172907">
        <ele>282</ele>
      </trkpt>
      <trkpt lat="-22.613002974539995" lon="14.800401013344526">
        <ele>282.19999999999999</ele>
      </trkpt>
      <trkpt lat="-22.612971039488912" lon="14.800400007516146">
        <ele>282.39999999999998</ele>
      </trkpt>
      <trkpt lat="-22.612930973991752" lon="14.800399001687765">
        <ele>282.60000000000002</ele>
      </trkpt>
      <trkpt lat="-22.612893003970385" lon="14.800399001687765">
        <ele>282.80000000000001</ele>
      </trkpt>
      <trkpt lat="-22.612850004807115" lon="14.800404030829668">
        <ele>282.80000000000001</ele>
      </trkpt>
      <trkpt lat="-22.612813962623477" lon="14.800407970324159">
        <ele>283</ele>
      </trkpt>
      <trkpt lat="-22.612784039229155" lon="14.80040998198092">
        <ele>283.19999999999999</ele>
      </trkpt>
      <trkpt lat="-22.612746991217136" lon="14.800412999466062">
        <ele>283.19999999999999</ele>
      </trkpt>
      <trkpt lat="-22.612702986225486" lon="14.800419034436345">
        <ele>283.39999999999998</ele>
      </trkpt>
      <trkpt lat="-22.612673984840512" lon="14.800423979759216">
        <ele>283.39999999999998</ele>
      </trkpt>
      <trkpt lat="-22.612638026475906" lon="14.8004300147295">
        <ele>283.60000000000002</ele>
      </trkpt>
      <trkpt lat="-22.612601984292269" lon="14.800436971709132">
        <ele>283.80000000000001</ele>
      </trkpt>
      <trkpt lat="-22.612566025927663" lon="14.800447029992938">
        <ele>284</ele>
      </trkpt>
      <trkpt lat="-22.612522020936012" lon="14.800459016114473">
        <ele>284</ele>
      </trkpt>
      <trkpt lat="-22.612486984580755" lon="14.800465973094106">
        <ele>284</ele>
      </trkpt>
      <trkpt lat="-22.61245203204453" lon="14.800472008064389">
        <ele>284.19999999999999</ele>
      </trkpt>
      <trkpt lat="-22.612422024831176" lon="14.80047301389277">
        <ele>284.39999999999998</ele>
      </trkpt>
      <trkpt lat="-22.612378019839525" lon="14.800469996407628">
        <ele>284.60000000000002</ele>
      </trkpt>
      <trkpt lat="-22.612350024282932" lon="14.800465973094106">
        <ele>284.80000000000001</ele>
      </trkpt>
      <trkpt lat="-22.612309958785772" lon="14.800454992800951">
        <ele>285</ele>
      </trkpt>
      <trkpt lat="-22.612281963229179" lon="14.800445018336177">
        <ele>285</ele>
      </trkpt>
      <trkpt lat="-22.612247010692954" lon="14.80043102055788">
        <ele>285.19999999999999</ele>
      </trkpt>
      <trkpt lat="-22.612211974337697" lon="14.800415011122823">
        <ele>285.39999999999998</ele>
      </trkpt>
      <trkpt lat="-22.612176015973091" lon="14.800395984202623">
        <ele>285.39999999999998</ele>
      </trkpt>
      <trkpt lat="-22.612141985446215" lon="14.800380980595946">
        <ele>285.60000000000002</ele>
      </trkpt>
      <trkpt lat="-22.61210803873837" lon="14.800365976989269">
        <ele>285.60000000000002</ele>
      </trkpt>
      <trkpt lat="-22.612071996554732" lon="14.800349967554212">
        <ele>285.80000000000001</ele>
      </trkpt>
      <trkpt lat="-22.612027991563082" lon="14.800332030281425">
        <ele>285.80000000000001</ele>
      </trkpt>
      <trkpt lat="-22.611993039026856" lon="14.800314009189606">
        <ele>286</ele>
      </trkpt>
      <trkpt lat="-22.611964959651232" lon="14.800296993926167">
        <ele>286.19999999999999</ele>
      </trkpt>
      <trkpt lat="-22.611931012943387" lon="14.800275033339858">
        <ele>286.19999999999999</ele>
      </trkpt>
      <trkpt lat="-22.611894970759749" lon="14.800257012248039">
        <ele>286.60000000000002</ele>
      </trkpt>
      <trkpt lat="-22.611859012395144" lon="14.800239996984601">
        <ele>286.60000000000002</ele>
      </trkpt>
      <trkpt lat="-22.611820036545396" lon="14.80021501891315">
        <ele>286.60000000000002</ele>
      </trkpt>
      <trkpt lat="-22.611794974654913" lon="14.800189035013318">
        <ele>286.80000000000001</ele>
      </trkpt>
      <trkpt lat="-22.611778965219855" lon="14.800164978951216">
        <ele>286.80000000000001</ele>
      </trkpt>
      <trkpt lat="-22.611758010461926" lon="14.800133965909481">
        <ele>287</ele>
      </trkpt>
      <trkpt lat="-22.611736971884966" lon="14.800102030858397">
        <ele>287</ele>
      </trkpt>
      <trkpt lat="-22.611719034612179" lon="14.800069006159902">
        <ele>287</ele>
      </trkpt>
      <trkpt lat="-22.61170101352036" lon="14.800037993118167">
        <ele>287.19999999999999</ele>
      </trkpt>
      <trkpt lat="-22.611677963286638" lon="14.800005974248052">
        <ele>287.19999999999999</ele>
      </trkpt>
      <trkpt lat="-22.611656002700329" lon="14.799974039196968">
        <ele>287.19999999999999</ele>
      </trkpt>
      <trkpt lat="-22.611633958294988" lon="14.799942020326853">
        <ele>287.19999999999999</ele>
      </trkpt>
      <trkpt lat="-22.611608980223536" lon="14.799910001456738">
        <ele>287.39999999999998</ele>
      </trkpt>
      <trkpt lat="-22.611584002152085" lon="14.799881000071764">
        <ele>287.39999999999998</ele>
      </trkpt>
      <trkpt lat="-22.611558018252254" lon="14.79985099285841">
        <ele>287.60000000000002</ele>
      </trkpt>
      <trkpt lat="-22.611532034352422" lon="14.799822997301817">
        <ele>287.80000000000001</ele>
      </trkpt>
      <trkpt lat="-22.611505966633558" lon="14.799793995916843">
        <ele>288</ele>
      </trkpt>
      <trkpt lat="-22.611481994390488" lon="14.79976499453187">
        <ele>288</ele>
      </trkpt>
      <trkpt lat="-22.611459027975798" lon="14.799732975661755">
        <ele>288.19999999999999</ele>
      </trkpt>
      <trkpt lat="-22.611436983570457" lon="14.79970003478229">
        <ele>288.19999999999999</ele>
      </trkpt>
      <trkpt lat="-22.611417034640908" lon="14.799662986770272">
        <ele>288.19999999999999</ele>
      </trkpt>
      <trkpt lat="-22.611403036862612" lon="14.799624010920525">
        <ele>288.39999999999998</ele>
      </trkpt>
      <trkpt lat="-22.611391972750425" lon="14.799582017585635">
        <ele>288.39999999999998</ele>
      </trkpt>
      <trkpt lat="-22.611386021599174" lon="14.799542035907507">
        <ele>288.39999999999998</ele>
      </trkpt>
      <trkpt lat="-22.611381998285651" lon="14.799502976238728">
        <ele>288.80000000000001</ele>
      </trkpt>
      <trkpt lat="-22.611381998285651" lon="14.799461988732219">
        <ele>289</ele>
      </trkpt>
      <trkpt lat="-22.61137998662889" lon="14.799419995397329">
        <ele>289</ele>
      </trkpt>
      <trkpt lat="-22.611380992457271" lon="14.799381019547582">
        <ele>289.19999999999999</ele>
      </trkpt>
      <trkpt lat="-22.611383004114032" lon="14.799342965707183">
        <ele>289.19999999999999</ele>
      </trkpt>
      <trkpt lat="-22.611384009942412" lon="14.799308013170958">
        <ele>289.39999999999998</ele>
      </trkpt>
      <trkpt lat="-22.611383004114032" lon="14.799274988472462">
        <ele>289.39999999999998</ele>
      </trkpt>
      <trkpt lat="-22.611378980800509" lon="14.799242969602346">
        <ele>289.60000000000002</ele>
      </trkpt>
      <trkpt lat="-22.611375041306019" lon="14.799210028722882">
        <ele>289.80000000000001</ele>
      </trkpt>
      <trkpt lat="-22.611369006335735" lon="14.799179015681148">
        <ele>290</ele>
      </trkpt>
      <trkpt lat="-22.611363977193832" lon="14.799146996811032">
        <ele>290.19999999999999</ele>
      </trkpt>
      <trkpt lat="-22.611356014385819" lon="14.79912000708282">
        <ele>290.39999999999998</ele>
      </trkpt>
      <trkpt lat="-22.611347967758775" lon="14.799089999869466">
        <ele>290.60000000000002</ele>
      </trkpt>
      <trkpt lat="-22.61133698746562" lon="14.799058986827731">
        <ele>291</ele>
      </trkpt>
      <trkpt lat="-22.611321983858943" lon="14.799028979614377">
        <ele>291.19999999999999</ele>
      </trkpt>
      <trkpt lat="-22.611303962767124" lon="14.799001989886165">
        <ele>291.60000000000002</ele>
      </trkpt>
      <trkpt lat="-22.611287031322718" lon="14.798971982672811">
        <ele>292</ele>
      </trkpt>
      <trkpt lat="-22.611265992745757" lon="14.798939963802695">
        <ele>292.19999999999999</ele>
      </trkpt>
      <trkpt lat="-22.611243026331067" lon="14.798910962417722">
        <ele>292.60000000000002</ele>
      </trkpt>
      <trkpt lat="-22.611217964440584" lon="14.798883972689509">
        <ele>292.60000000000002</ele>
      </trkpt>
      <trkpt lat="-22.611192986369133" lon="14.798861006274819">
        <ele>292.80000000000001</ele>
      </trkpt>
      <trkpt lat="-22.611170019954443" lon="14.798839967697859">
        <ele>293</ele>
      </trkpt>
      <trkpt lat="-22.611148981377482" lon="14.798821024596691">
        <ele>293.19999999999999</ele>
      </trkpt>
      <trkpt lat="-22.611129032447934" lon="14.798799986019731">
        <ele>293.39999999999998</ele>
      </trkpt>
      <trkpt lat="-22.611106988042593" lon="14.798780037090182">
        <ele>293.80000000000001</ele>
      </trkpt>
      <trkpt lat="-22.611086033284664" lon="14.798757992684841">
        <ele>294</ele>
      </trkpt>
      <trkpt lat="-22.611061977222562" lon="14.798735026270151">
        <ele>294</ele>
      </trkpt>
      <trkpt lat="-22.611033981665969" lon="14.798714993521571">
        <ele>294.39999999999998</ele>
      </trkpt>
      <trkpt lat="-22.611003974452615" lon="14.798695966601372">
        <ele>294.60000000000002</ele>
      </trkpt>
      <trkpt lat="-22.61097296141088" lon="14.798673000186682">
        <ele>294.80000000000001</ele>
      </trkpt>
      <trkpt lat="-22.610939014703035" lon="14.79864701628685">
        <ele>295.19999999999999</ele>
      </trkpt>
      <trkpt lat="-22.610905990004539" lon="14.798621032387018">
        <ele>295.60000000000002</ele>
      </trkpt>
      <trkpt lat="-22.610874976962805" lon="14.798596976324916">
        <ele>295.60000000000002</ele>
      </trkpt>
      <trkpt lat="-22.610845975577831" lon="14.798571998253465">
        <ele>296</ele>
      </trkpt>
      <trkpt lat="-22.61082099750638" lon="14.798549031838775">
        <ele>296.19999999999999</ele>
      </trkpt>
      <trkpt lat="-22.610797025263309" lon="14.798525981605053">
        <ele>296.39999999999998</ele>
      </trkpt>
      <trkpt lat="-22.610774980857968" lon="14.798499997705221">
        <ele>296.80000000000001</ele>
      </trkpt>
      <trkpt lat="-22.61075503192842" lon="14.798477031290531">
        <ele>297</ele>
      </trkpt>
      <trkpt lat="-22.610731981694698" lon="14.798451969400048">
        <ele>297.19999999999999</ele>
      </trkpt>
      <trkpt lat="-22.610709015280008" lon="14.798419028520584">
        <ele>297.19999999999999</ele>
      </trkpt>
      <trkpt lat="-22.610694011673331" lon="14.798398995772004">
        <ele>297.19999999999999</ele>
      </trkpt>
      <trkpt lat="-22.61067096143961" lon="14.79836898855865">
        <ele>297.39999999999998</ele>
      </trkpt>
      <trkpt lat="-22.610657969489694" lon="14.798349039629102">
        <ele>297.80000000000001</ele>
      </trkpt>
      <trkpt lat="-22.610641038045287" lon="14.798323977738619">
        <ele>298</ele>
      </trkpt>
      <trkpt lat="-22.610618993639946" lon="14.798296988010406">
        <ele>298.19999999999999</ele>
      </trkpt>
      <trkpt lat="-22.610599966719747" lon="14.798277961090207">
        <ele>298.39999999999998</ele>
      </trkpt>
      <trkpt lat="-22.61058596894145" lon="14.798263963311911">
        <ele>298.80000000000001</ele>
      </trkpt>
      <trkpt lat="-22.610568031668663" lon="14.798245020210743">
        <ele>299</ele>
      </trkpt>
      <trkpt lat="-22.610550010576844" lon="14.798225993290544">
        <ele>299.39999999999998</ele>
      </trkpt>
      <trkpt lat="-22.610535006970167" lon="14.798204032704234">
        <ele>299.60000000000002</ele>
      </trkpt>
      <trkpt lat="-22.61052000336349" lon="14.798178970813751">
        <ele>300</ele>
      </trkpt>
      <trkpt lat="-22.610503993928432" lon="14.7981539927423">
        <ele>300.19999999999999</ele>
      </trkpt>
      <trkpt lat="-22.610488990321755" lon="14.798130020499229">
        <ele>300.39999999999998</ele>
      </trkpt>
      <trkpt lat="-22.610473986715078" lon="14.798105964437127">
        <ele>300.60000000000002</ele>
      </trkpt>
      <trkpt lat="-22.610459988936782" lon="14.798080986365676">
        <ele>301</ele>
      </trkpt>
      <trkpt lat="-22.610446996986866" lon="14.798055002465844">
        <ele>301.19999999999999</ele>
      </trkpt>
      <trkpt lat="-22.61043400503695" lon="14.798030024394393">
        <ele>301.60000000000002</ele>
      </trkpt>
      <trkpt lat="-22.610421013087034" lon="14.79800496250391">
        <ele>301.60000000000002</ele>
      </trkpt>
      <trkpt lat="-22.610408021137118" lon="14.797971015796065">
        <ele>302</ele>
      </trkpt>
      <trkpt lat="-22.610400980338454" lon="14.797946959733963">
        <ele>302.19999999999999</ele>
      </trkpt>
      <trkpt lat="-22.6103900000453" lon="14.79791896417737">
        <ele>302.19999999999999</ele>
      </trkpt>
      <trkpt lat="-22.610380025580525" lon="14.797891974449158">
        <ele>302.39999999999998</ele>
      </trkpt>
      <trkpt lat="-22.61036803945899" lon="14.797856016084552">
        <ele>302.80000000000001</ele>
      </trkpt>
      <trkpt lat="-22.610359992831945" lon="14.797831960022449">
        <ele>303</ele>
      </trkpt>
      <trkpt lat="-22.610351024195552" lon="14.797803964465857">
        <ele>303.19999999999999</ele>
      </trkpt>
      <trkpt lat="-22.610341971740127" lon="14.797774963080883">
        <ele>303.39999999999998</ele>
      </trkpt>
      <trkpt lat="-22.610334008932114" lon="14.79774596169591">
        <ele>304</ele>
      </trkpt>
      <trkpt lat="-22.610325962305069" lon="14.797715032473207">
        <ele>304</ele>
      </trkpt>
      <trkpt lat="-22.610314982011914" lon="14.79768100194633">
        <ele>304.19999999999999</ele>
      </trkpt>
      <trkpt lat="-22.610309030860662" lon="14.797659041360021">
        <ele>304.80000000000001</ele>
      </trkpt>
      <trkpt lat="-22.610300984233618" lon="14.797630039975047">
        <ele>305</ele>
      </trkpt>
      <trkpt lat="-22.610294027253985" lon="14.797601960599422">
        <ele>305.39999999999998</ele>
      </trkpt>
      <trkpt lat="-22.610287992283702" lon="14.797572959214449">
        <ele>305.60000000000002</ele>
      </trkpt>
      <trkpt lat="-22.61028103530407" lon="14.797544963657856">
        <ele>306</ele>
      </trkpt>
      <trkpt lat="-22.610276006162167" lon="14.797516968101263">
        <ele>306.19999999999999</ele>
      </trkpt>
      <trkpt lat="-22.610270977020264" lon="14.79748796671629">
        <ele>306.60000000000002</ele>
      </trkpt>
      <trkpt lat="-22.610267959535122" lon="14.797459971159697">
        <ele>307</ele>
      </trkpt>
      <trkpt lat="-22.610264020040631" lon="14.797431975603104">
        <ele>307.19999999999999</ele>
      </trkpt>
      <trkpt lat="-22.610259996727109" lon="14.79740004055202">
        <ele>307.39999999999998</ele>
      </trkpt>
      <trkpt lat="-22.610256979241967" lon="14.797377996146679">
        <ele>307.80000000000001</ele>
      </trkpt>
      <trkpt lat="-22.610252033919096" lon="14.797350000590086">
        <ele>307.80000000000001</ele>
      </trkpt>
      <trkpt lat="-22.610248010605574" lon="14.797323010861874">
        <ele>308</ele>
      </trkpt>
      <trkpt lat="-22.61024096980691" lon="14.797286968678236">
        <ele>308.19999999999999</ele>
      </trkpt>
      <trkpt lat="-22.6102380361408" lon="14.797264002263546">
        <ele>308.60000000000002</ele>
      </trkpt>
      <trkpt lat="-22.610233006998897" lon="14.797235000878572">
        <ele>309</ele>
      </trkpt>
      <trkpt lat="-22.610228983685374" lon="14.797209016978741">
        <ele>309.39999999999998</ele>
      </trkpt>
      <trkpt lat="-22.610224038362503" lon="14.797183033078909">
        <ele>309.60000000000002</ele>
      </trkpt>
      <trkpt lat="-22.610223032534122" lon="14.797155959531665">
        <ele>309.80000000000001</ele>
      </trkpt>
      <trkpt lat="-22.610223032534122" lon="14.797127963975072">
        <ele>310</ele>
      </trkpt>
      <trkpt lat="-22.610221020877361" lon="14.79710097424686">
        <ele>310.39999999999998</ele>
      </trkpt>
      <trkpt lat="-22.610216997563839" lon="14.797074990347028">
        <ele>310.80000000000001</ele>
      </trkpt>
      <trkpt lat="-22.610214985907078" lon="14.797045988962054">
        <ele>311</ele>
      </trkpt>
      <trkpt lat="-22.610211968421936" lon="14.797017993405461">
        <ele>311.39999999999998</ele>
      </trkpt>
      <trkpt lat="-22.610207023099065" lon="14.796985974535346">
        <ele>311.60000000000002</ele>
      </trkpt>
      <trkpt lat="-22.610204005613923" lon="14.796953033655882">
        <ele>312</ele>
      </trkpt>
      <trkpt lat="-22.610202999785542" lon="14.796921014785767">
        <ele>312.19999999999999</ele>
      </trkpt>
      <trkpt lat="-22.610204005613923" lon="14.796888995915651">
        <ele>312.60000000000002</ele>
      </trkpt>
      <trkpt lat="-22.610202999785542" lon="14.796858988702297">
        <ele>312.80000000000001</ele>
      </trkpt>
      <trkpt lat="-22.610200988128781" lon="14.796827975660563">
        <ele>313</ele>
      </trkpt>
      <trkpt lat="-22.610202999785542" lon="14.796796040609479">
        <ele>313</ele>
      </trkpt>
      <trkpt lat="-22.610205011442304" lon="14.796763015910983">
        <ele>313.39999999999998</ele>
      </trkpt>
      <trkpt lat="-22.610207023099065" lon="14.796728985384107">
        <ele>313.60000000000002</ele>
      </trkpt>
      <trkpt lat="-22.610209034755826" lon="14.796695960685611">
        <ele>313.80000000000001</ele>
      </trkpt>
      <trkpt lat="-22.610210040584207" lon="14.796667965129018">
        <ele>314.19999999999999</ele>
      </trkpt>
      <trkpt lat="-22.610211968421936" lon="14.796638963744044">
        <ele>314.39999999999998</ele>
      </trkpt>
      <trkpt lat="-22.610210040584207" lon="14.796612979844213">
        <ele>314.60000000000002</ele>
      </trkpt>
      <trkpt lat="-22.610208028927445" lon="14.796589007601142">
        <ele>315</ele>
      </trkpt>
      <trkpt lat="-22.610201993957162" lon="14.796566041186452">
        <ele>315.19999999999999</ele>
      </trkpt>
      <trkpt lat="-22.610191013664007" lon="14.79654198512435">
        <ele>315.60000000000002</ele>
      </trkpt>
      <trkpt lat="-22.61017500422895" lon="14.79651901870966">
        <ele>316</ele>
      </trkpt>
      <trkpt lat="-22.610147008672357" lon="14.796494040638208">
        <ele>316.39999999999998</ele>
      </trkpt>
      <trkpt lat="-22.610123958438635" lon="14.796478031203151">
        <ele>316.80000000000001</ele>
      </trkpt>
      <trkpt lat="-22.610093029215932" lon="14.796462021768093">
        <ele>317.19999999999999</ele>
      </trkpt>
      <trkpt lat="-22.610065033659339" lon="14.796451963484287">
        <ele>317.39999999999998</ele>
      </trkpt>
      <trkpt lat="-22.610043995082378" lon="14.796447018161416">
        <ele>317.80000000000001</ele>
      </trkpt>
      <trkpt lat="-22.61002597399056" lon="14.796440983191133">
        <ele>318</ele>
      </trkpt>
      <trkpt lat="-22.610007030889392" lon="14.796436037868261">
        <ele>318</ele>
      </trkpt>
      <trkpt lat="-22.609990015625954" lon="14.796430002897978">
        <ele>318.19999999999999</ele>
      </trkpt>
      <trkpt lat="-22.609969982877374" lon="14.796426985412836">
        <ele>318.19999999999999</ele>
      </trkpt>
      <trkpt lat="-22.609949028119445" lon="14.796422962099314">
        <ele>318.19999999999999</ele>
      </trkpt>
      <trkpt lat="-22.609922038391232" lon="14.796416005119681">
        <ele>318.39999999999998</ele>
      </trkpt>
      <trkpt lat="-22.609904017299414" lon="14.796411981806159">
        <ele>318.39999999999998</ele>
      </trkpt>
      <trkpt lat="-22.609880967065692" lon="14.796407958492637">
        <ele>318.60000000000002</ele>
      </trkpt>
      <trkpt lat="-22.609856994822621" lon="14.796407036483288">
        <ele>319</ele>
      </trkpt>
      <trkpt lat="-22.609828999266028" lon="14.796405024826527">
        <ele>319.39999999999998</ele>
      </trkpt>
      <trkpt lat="-22.609798992052674" lon="14.796394966542721">
        <ele>319.60000000000002</ele>
      </trkpt>
      <trkpt lat="-22.60976898483932" lon="14.796377029269934">
        <ele>320</ele>
      </trkpt>
      <trkpt lat="-22.609741995111108" lon="14.796351967379451">
        <ele>320.39999999999998</ele>
      </trkpt>
      <trkpt lat="-22.609720034524798" lon="14.796324977651238">
        <ele>320.80000000000001</ele>
      </trkpt>
      <trkpt lat="-22.609695978462696" lon="14.796293964609504">
        <ele>320.80000000000001</ele>
      </trkpt>
      <trkpt lat="-22.609665971249342" lon="14.796255994588137">
        <ele>321</ele>
      </trkpt>
      <trkpt lat="-22.609631018713117" lon="14.796209977939725">
        <ele>321</ele>
      </trkpt>
      <trkpt lat="-22.609592964872718" lon="14.796157004311681">
        <ele>321</ele>
      </trkpt>
      <trkpt lat="-22.609554994851351" lon="14.796101013198495">
        <ele>321</ele>
      </trkpt>
      <trkpt lat="-22.609519036486745" lon="14.796043010428548">
        <ele>321</ele>
      </trkpt>
      <trkpt lat="-22.60948701761663" lon="14.79598400183022">
        <ele>321</ele>
      </trkpt>
      <trkpt lat="-22.609458016231656" lon="14.795921975746751">
        <ele>321</ele>
      </trkpt>
      <trkpt lat="-22.609431026503444" lon="14.795858021825552">
        <ele>321</ele>
      </trkpt>
      <trkpt lat="-22.609404036775231" lon="14.795789960771799">
        <ele>320.80000000000001</ele>
      </trkpt>
      <trkpt lat="-22.60938098654151" lon="14.795718966051936">
        <ele>320.80000000000001</ele>
      </trkpt>
      <trkpt lat="-22.609365982934833" lon="14.795646965503693">
        <ele>320.60000000000002</ele>
      </trkpt>
      <trkpt lat="-22.609362965449691" lon="14.79557597078383">
        <ele>320</ele>
      </trkpt>
      <trkpt lat="-22.609369000419974" lon="14.795501958578825">
        <ele>319.39999999999998</ele>
      </trkpt>
      <trkpt lat="-22.609378974884748" lon="14.795430963858962">
        <ele>318.60000000000002</ele>
      </trkpt>
      <trkpt lat="-22.609388027340174" lon="14.795359969139099">
        <ele>318.19999999999999</ele>
      </trkpt>
      <trkpt lat="-22.609398001804948" lon="14.795289980247617">
        <ele>318</ele>
      </trkpt>
      <trkpt lat="-22.609406970441341" lon="14.795216973870993">
        <ele>317.80000000000001</ele>
      </trkpt>
      <trkpt lat="-22.609408982098103" lon="14.795129969716072">
        <ele>317.39999999999998</ele>
      </trkpt>
      <trkpt lat="-22.609405964612961" lon="14.795070039108396">
        <ele>317</ele>
      </trkpt>
      <trkpt lat="-22.609399007633328" lon="14.79499502107501">
        <ele>316.80000000000001</ele>
      </trkpt>
      <trkpt lat="-22.609389033168554" lon="14.794918997213244">
        <ele>316.60000000000002</ele>
      </trkpt>
      <trkpt lat="-22.609377969056368" lon="14.794840961694717">
        <ele>316.39999999999998</ele>
      </trkpt>
      <trkpt lat="-22.609369000419974" lon="14.794763009995222">
        <ele>316.19999999999999</ele>
      </trkpt>
      <trkpt lat="-22.609355002641678" lon="14.794683968648314">
        <ele>316</ele>
      </trkpt>
      <trkpt lat="-22.609339999035001" lon="14.7946070227772">
        <ele>316</ele>
      </trkpt>
      <trkpt lat="-22.609328012913465" lon="14.794532004743814">
        <ele>315.80000000000001</ele>
      </trkpt>
      <trkpt lat="-22.60931502096355" lon="14.79445799253881">
        <ele>315.60000000000002</ele>
      </trkpt>
      <trkpt lat="-22.60929599404335" lon="14.794366965070367">
        <ele>315.39999999999998</ele>
      </trkpt>
      <trkpt lat="-22.609284007921815" lon="14.79430602863431">
        <ele>315.19999999999999</ele>
      </trkpt>
      <trkpt lat="-22.609270010143518" lon="14.794227993115783">
        <ele>315.19999999999999</ele>
      </trkpt>
      <trkpt lat="-22.609256012365222" lon="14.794151969254017">
        <ele>315.19999999999999</ele>
      </trkpt>
      <trkpt lat="-22.609244026243687" lon="14.794076029211283">
        <ele>315</ele>
      </trkpt>
      <trkpt lat="-22.609227010980248" lon="14.793988019227982">
        <ele>314.60000000000002</ele>
      </trkpt>
      <trkpt lat="-22.609215024858713" lon="14.793931022286415">
        <ele>314.39999999999998</ele>
      </trkpt>
      <trkpt lat="-22.609201027080417" lon="14.793859021738172">
        <ele>314</ele>
      </trkpt>
      <trkpt lat="-22.60918602347374" lon="14.793788027018309">
        <ele>313.80000000000001</ele>
      </trkpt>
      <trkpt lat="-22.609169008210301" lon="14.79370404034853">
        <ele>313.60000000000002</ele>
      </trkpt>
      <trkpt lat="-22.609157022088766" lon="14.793650982901454">
        <ele>313.60000000000002</ele>
      </trkpt>
      <trkpt lat="-22.60914403013885" lon="14.793586023151875">
        <ele>313.39999999999998</ele>
      </trkpt>
      <trkpt lat="-22.609131038188934" lon="14.793506981804967">
        <ele>313.19999999999999</ele>
      </trkpt>
      <trkpt lat="-22.60912299156189" lon="14.793455014005303">
        <ele>313</ele>
      </trkpt>
      <trkpt lat="-22.609113017097116" lon="14.793388964608312">
        <ele>312.80000000000001</ele>
      </trkpt>
      <trkpt lat="-22.60910295881331" lon="14.793324004858732">
        <ele>312.60000000000002</ele>
      </trkpt>
      <trkpt lat="-22.609091978520155" lon="14.793260972946882">
        <ele>312.60000000000002</ele>
      </trkpt>
      <trkpt lat="-22.609084015712142" lon="14.793197019025683">
        <ele>312.39999999999998</ele>
      </trkpt>
      <trkpt lat="-22.609077980741858" lon="14.793133987113833">
        <ele>312</ele>
      </trkpt>
      <trkpt lat="-22.609071023762226" lon="14.793071961030364">
        <ele>311.80000000000001</ele>
      </trkpt>
      <trkpt lat="-22.60906096547842" lon="14.793007001280785">
        <ele>311.60000000000002</ele>
      </trkpt>
      <trkpt lat="-22.609050991013646" lon="14.792940029874444">
        <ele>311.19999999999999</ele>
      </trkpt>
      <trkpt lat="-22.609035987406969" lon="14.792857971042395">
        <ele>311</ele>
      </trkpt>
      <trkpt lat="-22.609026012942195" lon="14.792801979929209">
        <ele>311</ele>
      </trkpt>
      <trkpt lat="-22.609013020992279" lon="14.792729979380965">
        <ele>310.80000000000001</ele>
      </trkpt>
      <trkpt lat="-22.608998017385602" lon="14.792656973004341">
        <ele>310.80000000000001</ele>
      </trkpt>
      <trkpt lat="-22.608978990465403" lon="14.79256896302104">
        <ele>310.39999999999998</ele>
      </trkpt>
      <trkpt lat="-22.608968010172248" lon="14.792510038241744">
        <ele>310.39999999999998</ele>
      </trkpt>
      <trkpt lat="-22.608947977423668" lon="14.792421022430062">
        <ele>310.19999999999999</ele>
      </trkpt>
      <trkpt lat="-22.608936997130513" lon="14.792364025488496">
        <ele>310.19999999999999</ele>
      </trkpt>
      <trkpt lat="-22.608926016837358" lon="14.792291019111872">
        <ele>310</ele>
      </trkpt>
      <trkpt lat="-22.608917970210314" lon="14.792216001078486">
        <ele>309.80000000000001</ele>
      </trkpt>
      <trkpt lat="-22.608915036544204" lon="14.792141988873482">
        <ele>309.80000000000001</ele>
      </trkpt>
      <trkpt lat="-22.608914030715823" lon="14.792066970840096">
        <ele>309.60000000000002</ele>
      </trkpt>
      <trkpt lat="-22.608915958553553" lon="14.791992036625743">
        <ele>309.39999999999998</ele>
      </trkpt>
      <trkpt lat="-22.608918976038694" lon="14.791914001107216">
        <ele>309</ele>
      </trkpt>
      <trkpt lat="-22.608924005180597" lon="14.791834959760308">
        <ele>308.80000000000001</ele>
      </trkpt>
      <trkpt lat="-22.6089290343225" lon="14.791744016110897">
        <ele>308.60000000000002</ele>
      </trkpt>
      <trkpt lat="-22.608934985473752" lon="14.791685007512569">
        <ele>308.39999999999998</ele>
      </trkpt>
      <trkpt lat="-22.608948983252048" lon="14.791608983650804">
        <ele>308.19999999999999</ele>
      </trkpt>
      <trkpt lat="-22.608968010172248" lon="14.791533965617418">
        <ele>308.19999999999999</ele>
      </trkpt>
      <trkpt lat="-22.608987959101796" lon="14.791460037231445">
        <ele>308</ele>
      </trkpt>
      <trkpt lat="-22.609010003507137" lon="14.791387030854821">
        <ele>307.60000000000002</ele>
      </trkpt>
      <trkpt lat="-22.609032969921827" lon="14.791315030306578">
        <ele>307.39999999999998</ele>
      </trkpt>
      <trkpt lat="-22.60905803181231" lon="14.791243029758334">
        <ele>307.39999999999998</ele>
      </trkpt>
      <trkpt lat="-22.609084015712142" lon="14.791171029210091">
        <ele>307</ele>
      </trkpt>
      <trkpt lat="-22.609112011268735" lon="14.791099028661847">
        <ele>306.80000000000001</ele>
      </trkpt>
      <trkpt lat="-22.609148975461721" lon="14.791012024506927">
        <ele>306.60000000000002</ele>
      </trkpt>
      <trkpt lat="-22.609174959361553" lon="14.790954021736979">
        <ele>306.39999999999998</ele>
      </trkpt>
      <trkpt lat="-22.609207984060049" lon="14.790883027017117">
        <ele>306</ele>
      </trkpt>
      <trkpt lat="-22.609247965738177" lon="14.790800968185067">
        <ele>305.80000000000001</ele>
      </trkpt>
      <trkpt lat="-22.609285013750196" lon="14.790733996778727">
        <ele>305.39999999999998</ele>
      </trkpt>
      <trkpt lat="-22.60931896045804" lon="14.790681023150682">
        <ele>305.19999999999999</ele>
      </trkpt>
      <trkpt lat="-22.609361037611961" lon="14.79061396792531">
        <ele>305.19999999999999</ele>
      </trkpt>
      <trkpt lat="-22.60940202511847" lon="14.790544984862208">
        <ele>305</ele>
      </trkpt>
      <trkpt lat="-22.609438989311457" lon="14.790472984313965">
        <ele>304.80000000000001</ele>
      </trkpt>
      <trkpt lat="-22.609479976817966" lon="14.790386985987425">
        <ele>304.60000000000002</ele>
      </trkpt>
      <trkpt lat="-22.609505038708448" lon="14.790330994874239">
        <ele>304.39999999999998</ele>
      </trkpt>
      <trkpt lat="-22.609540997073054" lon="14.790260000154376">
        <ele>304.19999999999999</ele>
      </trkpt>
      <trkpt lat="-22.609578967094421" lon="14.790187999606133">
        <ele>304.39999999999998</ele>
      </trkpt>
      <trkpt lat="-22.609625989571214" lon="14.790104012936354">
        <ele>304.19999999999999</ele>
      </trkpt>
      <trkpt lat="-22.60966002009809" lon="14.79005103930831">
        <ele>303.80000000000001</ele>
      </trkpt>
      <trkpt lat="-22.609697990119457" lon="14.789983984082937">
        <ele>303.60000000000002</ele>
      </trkpt>
      <trkpt lat="-22.609735038131475" lon="14.7899220418185">
        <ele>303.60000000000002</ele>
      </trkpt>
      <trkpt lat="-22.609773008152843" lon="14.789863033220172">
        <ele>303.60000000000002</ele>
      </trkpt>
      <trkpt lat="-22.609812989830971" lon="14.789807964116335">
        <ele>303.39999999999998</ele>
      </trkpt>
      <trkpt lat="-22.609851965680718" lon="14.789750967174768">
        <ele>303.19999999999999</ele>
      </trkpt>
      <trkpt lat="-22.609890019521117" lon="14.789695981889963">
        <ele>303</ele>
      </trkpt>
      <trkpt lat="-22.609931007027626" lon="14.789640996605158">
        <ele>302.60000000000002</ele>
      </trkpt>
      <trkpt lat="-22.609973000362515" lon="14.789587017148733">
        <ele>302.39999999999998</ele>
      </trkpt>
      <trkpt lat="-22.610013987869024" lon="14.789534965530038">
        <ele>302.19999999999999</ele>
      </trkpt>
      <trkpt lat="-22.610054975375533" lon="14.789484003558755">
        <ele>301.80000000000001</ele>
      </trkpt>
      <trkpt lat="-22.610093029215932" lon="14.78943002410233">
        <ele>301.60000000000002</ele>
      </trkpt>
      <trkpt lat="-22.610129993408918" lon="14.789378978312016">
        <ele>301.39999999999998</ele>
      </trkpt>
      <trkpt lat="-22.610166035592556" lon="14.789324998855591">
        <ele>301.19999999999999</ele>
      </trkpt>
      <trkpt lat="-22.61019797064364" lon="14.789271019399166">
        <ele>301</ele>
      </trkpt>
      <trkpt lat="-22.610226972028613" lon="14.789217039942741">
        <ele>301</ele>
      </trkpt>
      <trkpt lat="-22.610257985070348" lon="14.789161970838904">
        <ele>300.80000000000001</ele>
      </trkpt>
      <trkpt lat="-22.610287992283702" lon="14.789110003039241">
        <ele>300.80000000000001</ele>
      </trkpt>
      <trkpt lat="-22.610316993668675" lon="14.789056023582816">
        <ele>300.60000000000002</ele>
      </trkpt>
      <trkpt lat="-22.61034700088203" lon="14.78900196030736">
        <ele>300.60000000000002</ele>
      </trkpt>
      <trkpt lat="-22.610377008095384" lon="14.788944041356444">
        <ele>300.60000000000002</ele>
      </trkpt>
      <trkpt lat="-22.610407015308738" lon="14.788887966424227">
        <ele>300.39999999999998</ele>
      </trkpt>
      <trkpt lat="-22.610440962016582" lon="14.78883096948266">
        <ele>300.39999999999998</ele>
      </trkpt>
      <trkpt lat="-22.610479015856981" lon="14.788773972541094">
        <ele>300.39999999999998</ele>
      </trkpt>
      <trkpt lat="-22.61051899753511" lon="14.78872099891305">
        <ele>300.39999999999998</ele>
      </trkpt>
      <trkpt lat="-22.610560990869999" lon="14.788670958951116">
        <ele>300.19999999999999</ele>
      </trkpt>
      <trkpt lat="-22.610601978376508" lon="14.788625026121736">
        <ele>300.19999999999999</ele>
      </trkpt>
      <trkpt lat="-22.610641038045287" lon="14.788581021130085">
        <ele>300</ele>
      </trkpt>
      <trkpt lat="-22.610676996409893" lon="14.788535004481673">
        <ele>299.80000000000001</ele>
      </trkpt>
      <trkpt lat="-22.610711026936769" lon="14.78848597034812">
        <ele>299.60000000000002</ele>
      </trkpt>
      <trkpt lat="-22.610744973644614" lon="14.788432996720076">
        <ele>299.39999999999998</ele>
      </trkpt>
      <trkpt lat="-22.610787972807884" lon="14.788367031142116">
        <ele>299.39999999999998</ele>
      </trkpt>
      <trkpt lat="-22.610817980021238" lon="14.788325037807226">
        <ele>299.19999999999999</ele>
      </trkpt>
      <trkpt lat="-22.610855028033257" lon="14.788274997845292">
        <ele>299</ele>
      </trkpt>
      <trkpt lat="-22.610891992226243" lon="14.788235016167164">
        <ele>298.80000000000001</ele>
      </trkpt>
      <trkpt lat="-22.610928034409881" lon="14.788200985640287">
        <ele>298.80000000000001</ele>
      </trkpt>
      <trkpt lat="-22.610966004431248" lon="14.788169972598553">
        <ele>298.60000000000002</ele>
      </trkpt>
      <trkpt lat="-22.611003974452615" lon="14.78814197704196">
        <ele>298.39999999999998</ele>
      </trkpt>
      <trkpt lat="-22.611044039949775" lon="14.788111969828606">
        <ele>298.19999999999999</ele>
      </trkpt>
      <trkpt lat="-22.611088966950774" lon="14.788079028949142">
        <ele>298</ele>
      </trkpt>
      <trkpt lat="-22.611138001084328" lon="14.788046004250646">
        <ele>298</ele>
      </trkpt>
      <trkpt lat="-22.611190974712372" lon="14.788015997037292">
        <ele>297.80000000000001</ele>
      </trkpt>
      <trkpt lat="-22.611245959997177" lon="14.787989007309079">
        <ele>297.39999999999998</ele>
      </trkpt>
      <trkpt lat="-22.611303040757775" lon="14.787961011752486">
        <ele>297.39999999999998</ele>
      </trkpt>
      <trkpt lat="-22.6113570202142" lon="14.787937039509416">
        <ele>297.19999999999999</ele>
      </trkpt>
      <trkpt lat="-22.611414017155766" lon="14.787911977618933">
        <ele>297.19999999999999</ele>
      </trkpt>
      <trkpt lat="-22.611467996612191" lon="14.787888005375862">
        <ele>297.19999999999999</ele>
      </trkpt>
      <trkpt lat="-22.611520970240235" lon="14.787865960970521">
        <ele>297</ele>
      </trkpt>
      <trkpt lat="-22.611573021858931" lon="14.78784198872745">
        <ele>296.80000000000001</ele>
      </trkpt>
      <trkpt lat="-22.611625995486975" lon="14.787817010655999">
        <ele>296.39999999999998</ele>
      </trkpt>
      <trkpt lat="-22.611679974943399" lon="14.787794966250658">
        <ele>296</ele>
      </trkpt>
      <trkpt lat="-22.611736971884966" lon="14.787770994007587">
        <ele>296</ele>
      </trkpt>
      <trkpt lat="-22.611792962998152" lon="14.787747021764517">
        <ele>295.80000000000001</ele>
      </trkpt>
      <trkpt lat="-22.611845014616847" lon="14.787723971530795">
        <ele>296</ele>
      </trkpt>
      <trkpt lat="-22.611898994073272" lon="14.787703016772866">
        <ele>295.60000000000002</ele>
      </trkpt>
      <trkpt lat="-22.611951967701316" lon="14.787682984024286">
        <ele>295.60000000000002</ele>
      </trkpt>
      <trkpt lat="-22.612005025148392" lon="14.787658005952835">
        <ele>295.60000000000002</ele>
      </trkpt>
      <trkpt lat="-22.612051963806152" lon="14.787629004567862">
        <ele>295.60000000000002</ele>
      </trkpt>
      <trkpt lat="-22.612093035131693" lon="14.787600003182888">
        <ele>295.60000000000002</ele>
      </trkpt>
      <trkpt lat="-22.612128993496299" lon="14.787572007626295">
        <ele>295.60000000000002</ele>
      </trkpt>
      <trkpt lat="-22.612161012366414" lon="14.78754099458456">
        <ele>295.39999999999998</ele>
      </trkpt>
      <trkpt lat="-22.612192025408149" lon="14.787502018734813">
        <ele>295.39999999999998</ele>
      </trkpt>
      <trkpt lat="-22.612221026793122" lon="14.787456002086401">
        <ele>295.19999999999999</ele>
      </trkpt>
      <trkpt lat="-22.612247010692954" lon="14.787403028458357">
        <ele>295</ele>
      </trkpt>
      <trkpt lat="-22.612266959622502" lon="14.787347037345171">
        <ele>295</ele>
      </trkpt>
      <trkpt lat="-22.61228296905756" lon="14.787291968241334">
        <ele>295</ele>
      </trkpt>
      <trkpt lat="-22.612295961007476" lon="14.787250980734825">
        <ele>295</ele>
      </trkpt>
      <trkpt lat="-22.612304007634521" lon="14.787220973521471">
        <ele>294.80000000000001</ele>
      </trkpt>
      <trkpt lat="-22.612310964614153" lon="14.787180991843343">
        <ele>294.80000000000001</ele>
      </trkpt>
      <trkpt lat="-22.612319011241198" lon="14.787142015993595">
        <ele>294.80000000000001</ele>
      </trkpt>
      <trkpt lat="-22.612332003191113" lon="14.78708803653717">
        <ele>294.80000000000001</ele>
      </trkpt>
      <trkpt lat="-22.612352035939693" lon="14.787030033767223">
        <ele>294.80000000000001</ele>
      </trkpt>
      <trkpt lat="-22.612373996526003" lon="14.786999020725489">
        <ele>294.60000000000002</ele>
      </trkpt>
      <trkpt lat="-22.612406015396118" lon="14.786962978541851">
        <ele>294.60000000000002</ele>
      </trkpt>
      <trkpt lat="-22.612444991245866" lon="14.786932971328497">
        <ele>294.39999999999998</ele>
      </trkpt>
      <trkpt lat="-22.612486984580755" lon="14.786904975771904">
        <ele>294.39999999999998</ele>
      </trkpt>
      <trkpt lat="-22.612531995400786" lon="14.786879997700453">
        <ele>294.19999999999999</ele>
      </trkpt>
      <trkpt lat="-22.612578012049198" lon="14.786854013800621">
        <ele>293.60000000000002</ele>
      </trkpt>
      <trkpt lat="-22.61262402869761" lon="14.78682903572917">
        <ele>293.39999999999998</ele>
      </trkpt>
      <trkpt lat="-22.612672979012132" lon="14.786801962181926">
        <ele>293.19999999999999</ele>
      </trkpt>
      <trkpt lat="-22.612722013145685" lon="14.786773966625333">
        <ele>293</ele>
      </trkpt>
      <trkpt lat="-22.612770041450858" lon="14.786743959411979">
        <ele>293</ele>
      </trkpt>
      <trkpt lat="-22.612817985936999" lon="14.786712024360895">
        <ele>292.80000000000001</ele>
      </trkpt>
      <trkpt lat="-22.612866014242172" lon="14.786682017147541">
        <ele>292.60000000000002</ele>
      </trkpt>
      <trkpt lat="-22.612908007577062" lon="14.786653015762568">
        <ele>292.39999999999998</ele>
      </trkpt>
      <trkpt lat="-22.612946983426809" lon="14.786626026034355">
        <ele>292.39999999999998</ele>
      </trkpt>
      <trkpt lat="-22.612987970933318" lon="14.786604987457395">
        <ele>292.19999999999999</ele>
      </trkpt>
      <trkpt lat="-22.613029964268208" lon="14.786587972193956">
        <ele>292.19999999999999</ele>
      </trkpt>
      <trkpt lat="-22.613071035593748" lon="14.78657397441566">
        <ele>292</ele>
      </trkpt>
      <trkpt lat="-22.613109005615115" lon="14.786563999950886">
        <ele>291.80000000000001</ele>
      </trkpt>
      <trkpt lat="-22.613144963979721" lon="14.786557964980602">
        <ele>291.60000000000002</ele>
      </trkpt>
      <trkpt lat="-22.613182011991739" lon="14.786548996344209">
        <ele>291.60000000000002</ele>
      </trkpt>
      <trkpt lat="-22.613218976184726" lon="14.786541033536196">
        <ele>291.39999999999998</ele>
      </trkpt>
      <trkpt lat="-22.613259041681886" lon="14.786529969424009">
        <ele>291.19999999999999</ele>
      </trkpt>
      <trkpt lat="-22.613299023360014" lon="14.786518989130855">
        <ele>291</ele>
      </trkpt>
      <trkpt lat="-22.613340010866523" lon="14.786511026322842">
        <ele>291</ele>
      </trkpt>
      <trkpt lat="-22.613380998373032" lon="14.786503985524178">
        <ele>291</ele>
      </trkpt>
      <trkpt lat="-22.613416034728289" lon="14.786495016887784">
        <ele>290.80000000000001</ele>
      </trkpt>
      <trkpt lat="-22.613447969779372" lon="14.786485964432359">
        <ele>290.80000000000001</ele>
      </trkpt>
      <trkpt lat="-22.613475965335965" lon="14.786473978310823">
        <ele>290.60000000000002</ele>
      </trkpt>
      <trkpt lat="-22.613504966720939" lon="14.786462998017669">
        <ele>290.39999999999998</ele>
      </trkpt>
      <trkpt lat="-22.613531034439802" lon="14.786455035209656">
        <ele>290.39999999999998</ele>
      </trkpt>
      <trkpt lat="-22.613555006682873" lon="14.78644598275423">
        <ele>290.19999999999999</ele>
      </trkpt>
      <trkpt lat="-22.613575039431453" lon="14.786437014117837">
        <ele>290</ele>
      </trkpt>
      <trkpt lat="-22.613590965047479" lon="14.786426033824682">
        <ele>290</ele>
      </trkpt>
      <trkpt lat="-22.613604962825775" lon="14.786410024389625">
        <ele>289.80000000000001</ele>
      </trkpt>
      <trkpt lat="-22.613621978089213" lon="14.786393009126186">
        <ele>289.80000000000001</ele>
      </trkpt>
      <trkpt lat="-22.613644022494555" lon="14.786376999691129">
        <ele>289.80000000000001</ele>
      </trkpt>
      <trkpt lat="-22.613665983080864" lon="14.786364007741213">
        <ele>289.60000000000002</ele>
      </trkpt>
      <trkpt lat="-22.613691966980696" lon="14.786350009962916">
        <ele>289.60000000000002</ele>
      </trkpt>
      <trkpt lat="-22.61371904052794" lon="14.78633601218462">
        <ele>289.60000000000002</ele>
      </trkpt>
      <trkpt lat="-22.613750975579023" lon="14.786317991092801">
        <ele>289.60000000000002</ele>
      </trkpt>
      <trkpt lat="-22.6137850061059" lon="14.786298964172602">
        <ele>289.60000000000002</ele>
      </trkpt>
      <trkpt lat="-22.613819958642125" lon="14.786278009414673">
        <ele>289.60000000000002</ele>
      </trkpt>
      <trkpt lat="-22.613858012482524" lon="14.786257976666093">
        <ele>289.39999999999998</ele>
      </trkpt>
      <trkpt lat="-22.61389397084713" lon="14.786237021908164">
        <ele>289.39999999999998</ele>
      </trkpt>
      <trkpt lat="-22.613931018859148" lon="14.786214977502823">
        <ele>289.39999999999998</ele>
      </trkpt>
      <trkpt lat="-22.613964965566993" lon="14.786193016916513">
        <ele>289.19999999999999</ele>
      </trkpt>
      <trkpt lat="-22.614007964730263" lon="14.786166027188301">
        <ele>289.19999999999999</ele>
      </trkpt>
      <trkpt lat="-22.614035960286856" lon="14.786148006096482">
        <ele>289.19999999999999</ele>
      </trkpt>
      <trkpt lat="-22.614069990813732" lon="14.786124033853412">
        <ele>289.19999999999999</ele>
      </trkpt>
      <trkpt lat="-22.614102009683847" lon="14.786101989448071">
        <ele>289</ele>
      </trkpt>
      <trkpt lat="-22.614132016897202" lon="14.786080028861761">
        <ele>289</ele>
      </trkpt>
      <trkpt lat="-22.614160012453794" lon="14.786055972799659">
        <ele>288.80000000000001</ele>
      </trkpt>
      <trkpt lat="-22.614181973040104" lon="14.786032000556588">
        <ele>289</ele>
      </trkpt>
      <trkpt lat="-22.614204017445445" lon="14.786005010828376">
        <ele>288.80000000000001</ele>
      </trkpt>
      <trkpt lat="-22.614227989688516" lon="14.785983972251415">
        <ele>288.80000000000001</ele>
      </trkpt>
      <trkpt lat="-22.614251961931586" lon="14.785967962816358">
        <ele>288.80000000000001</ele>
      </trkpt>
      <trkpt lat="-22.614273000508547" lon="14.785956982523203">
        <ele>288.60000000000002</ele>
      </trkpt>
      <trkpt lat="-22.614290015771985" lon="14.785943990573287">
        <ele>288.60000000000002</ele>
      </trkpt>
      <trkpt lat="-22.614304013550282" lon="14.78592898696661">
        <ele>288.39999999999998</ele>
      </trkpt>
      <trkpt lat="-22.61432102881372" lon="14.785910965874791">
        <ele>288.39999999999998</ele>
      </trkpt>
      <trkpt lat="-22.614341983571649" lon="14.785893028602004">
        <ele>288.19999999999999</ele>
      </trkpt>
      <trkpt lat="-22.6143669616431" lon="14.785872995853424">
        <ele>288.19999999999999</ele>
      </trkpt>
      <trkpt lat="-22.614394035190344" lon="14.785852041095495">
        <ele>288.19999999999999</ele>
      </trkpt>
      <trkpt lat="-22.614424964413047" lon="14.785832008346915">
        <ele>288</ele>
      </trkpt>
      <trkpt lat="-22.614456983283162" lon="14.785808958113194">
        <ele>288</ele>
      </trkpt>
      <trkpt lat="-22.614490007981658" lon="14.785784985870123">
        <ele>288</ele>
      </trkpt>
      <trkpt lat="-22.614524960517883" lon="14.785760007798672">
        <ele>288</ele>
      </trkpt>
      <trkpt lat="-22.614562008529902" lon="14.785733018070459">
        <ele>287.80000000000001</ele>
      </trkpt>
      <trkpt lat="-22.614596961066127" lon="14.785707034170628">
        <ele>287.80000000000001</ele>
      </trkpt>
      <trkpt lat="-22.614635014906526" lon="14.785678032785654">
        <ele>287.80000000000001</ele>
      </trkpt>
      <trkpt lat="-22.614673990756273" lon="14.7856480255723">
        <ele>287.80000000000001</ele>
      </trkpt>
      <trkpt lat="-22.614713972434402" lon="14.785619024187326">
        <ele>287.80000000000001</ele>
      </trkpt>
      <trkpt lat="-22.614754037931561" lon="14.785592034459114">
        <ele>287.60000000000002</ele>
      </trkpt>
      <trkpt lat="-22.614791002124548" lon="14.78556496091187">
        <ele>287.60000000000002</ele>
      </trkpt>
      <trkpt lat="-22.614827966317534" lon="14.785539982840419">
        <ele>287.60000000000002</ele>
      </trkpt>
      <trkpt lat="-22.61485998518765" lon="14.78551902808249">
        <ele>287.60000000000002</ele>
      </trkpt>
      <trkpt lat="-22.614888986572623" lon="14.785500001162291">
        <ele>287.60000000000002</ele>
      </trkpt>
      <trkpt lat="-22.614914970472455" lon="14.785481980070472">
        <ele>287.60000000000002</ele>
      </trkpt>
      <trkpt lat="-22.614940032362938" lon="14.785464964807034">
        <ele>287.39999999999998</ele>
      </trkpt>
      <trkpt lat="-22.614968027919531" lon="14.785443004220724">
        <ele>287.39999999999998</ele>
      </trkpt>
      <trkpt lat="-22.61498898267746" lon="14.785424983128905">
        <ele>287.19999999999999</ele>
      </trkpt>
      <trkpt lat="-22.615015972405672" lon="14.785403022542596">
        <ele>287.19999999999999</ele>
      </trkpt>
      <trkpt lat="-22.615044973790646" lon="14.785380978137255">
        <ele>287</ele>
      </trkpt>
      <trkpt lat="-22.615073975175619" lon="14.785362035036087">
        <ele>287</ele>
      </trkpt>
      <trkpt lat="-22.615099959075451" lon="14.785343008115888">
        <ele>286.80000000000001</ele>
      </trkpt>
      <trkpt lat="-22.615125020965934" lon="14.78532699868083">
        <ele>286.80000000000001</ele>
      </trkpt>
      <trkpt lat="-22.615154022350907" lon="14.785305960103869">
        <ele>286.60000000000002</ele>
      </trkpt>
      <trkpt lat="-22.615172965452075" lon="14.785293973982334">
        <ele>286.60000000000002</ele>
      </trkpt>
      <trkpt lat="-22.615200038999319" lon="14.785278970375657">
        <ele>286.60000000000002</ele>
      </trkpt>
      <trkpt lat="-22.615226022899151" lon="14.785262038931251">
        <ele>286.39999999999998</ele>
      </trkpt>
      <trkpt lat="-22.615258963778615" lon="14.785239994525909">
        <ele>286.39999999999998</ele>
      </trkpt>
      <trkpt lat="-22.615284025669098" lon="14.785224990919232">
        <ele>286.19999999999999</ele>
      </trkpt>
      <trkpt lat="-22.615314032882452" lon="14.785206969827414">
        <ele>286.19999999999999</ele>
      </trkpt>
      <trkpt lat="-22.615342028439045" lon="14.785192972049117">
        <ele>286.19999999999999</ele>
      </trkpt>
      <trkpt lat="-22.615367006510496" lon="14.785181991755962">
        <ele>286.19999999999999</ele>
      </trkpt>
      <trkpt lat="-22.615384021773934" lon="14.785168999806046">
        <ele>286</ele>
      </trkpt>
      <trkpt lat="-22.61539600789547" lon="14.785151984542608">
        <ele>286</ele>
      </trkpt>
      <trkpt lat="-22.615405982360244" lon="14.785136980935931">
        <ele>286</ele>
      </trkpt>
      <trkpt lat="-22.615415034815669" lon="14.785128012299538">
        <ele>286</ele>
      </trkpt>
      <trkpt lat="-22.615425009280443" lon="14.785118959844112">
        <ele>286</ele>
      </trkpt>
      <trkpt lat="-22.61544001288712" lon="14.785102028399706">
        <ele>286</ele>
      </trkpt>
      <trkpt lat="-22.615451999008656" lon="14.785087024793029">
        <ele>285.80000000000001</ele>
      </trkpt>
      <trkpt lat="-22.615467002615333" lon="14.785066992044449">
        <ele>285.80000000000001</ele>
      </trkpt>
      <trkpt lat="-22.61548301205039" lon="14.78504897095263">
        <ele>285.60000000000002</ele>
      </trkpt>
      <trkpt lat="-22.615494998171926" lon="14.785030027851462">
        <ele>285.60000000000002</ele>
      </trkpt>
      <trkpt lat="-22.61550597846508" lon="14.785014018416405">
        <ele>285.60000000000002</ele>
      </trkpt>
      <trkpt lat="-22.615517964586616" lon="14.784992979839444">
        <ele>285.39999999999998</ele>
      </trkpt>
      <trkpt lat="-22.615534979850054" lon="14.784970013424754">
        <ele>285.39999999999998</ele>
      </trkpt>
      <trkpt lat="-22.615553000941873" lon="14.784946963191032">
        <ele>285.39999999999998</ele>
      </trkpt>
      <trkpt lat="-22.615571022033691" lon="14.784920979291201">
        <ele>285.39999999999998</ele>
      </trkpt>
      <trkpt lat="-22.61559197679162" lon="14.784892983734608">
        <ele>285.19999999999999</ele>
      </trkpt>
      <trkpt lat="-22.615614021196961" lon="14.784862976521254">
        <ele>285.19999999999999</ele>
      </trkpt>
      <trkpt lat="-22.615632964298129" lon="14.78483397513628">
        <ele>285.19999999999999</ele>
      </trkpt>
      <trkpt lat="-22.615650985389948" lon="14.784808997064829">
        <ele>285.19999999999999</ele>
      </trkpt>
      <trkpt lat="-22.615668000653386" lon="14.784786030650139">
        <ele>285.19999999999999</ele>
      </trkpt>
      <trkpt lat="-22.615684010088444" lon="14.784761974588037">
        <ele>285</ele>
      </trkpt>
      <trkpt lat="-22.615699013695121" lon="14.784739008173347">
        <ele>285</ele>
      </trkpt>
      <trkpt lat="-22.615715023130178" lon="14.784714030101895">
        <ele>285</ele>
      </trkpt>
      <trkpt lat="-22.615732960402966" lon="14.784684022888541">
        <ele>285</ele>
      </trkpt>
      <trkpt lat="-22.615751987323165" lon="14.784652004018426">
        <ele>284.80000000000001</ele>
      </trkpt>
      <trkpt lat="-22.615773025900126" lon="14.784616967663169">
        <ele>284.80000000000001</ele>
      </trkpt>
      <trkpt lat="-22.615791969001293" lon="14.784580003470182">
        <ele>284.80000000000001</ele>
      </trkpt>
      <trkpt lat="-22.615815019235015" lon="14.784542033448815">
        <ele>284.60000000000002</ele>
      </trkpt>
      <trkpt lat="-22.615841003134847" lon="14.784502973780036">
        <ele>284.60000000000002</ele>
      </trkpt>
      <trkpt lat="-22.61586899869144" lon="14.784460980445147">
        <ele>284.60000000000002</ele>
      </trkpt>
      <trkpt lat="-22.615903029218316" lon="14.784410018473864">
        <ele>284.60000000000002</ele>
      </trkpt>
      <trkpt lat="-22.615928007289767" lon="14.784375987946987">
        <ele>284.60000000000002</ele>
      </trkpt>
      <trkpt lat="-22.615959020331502" lon="14.78433801792562">
        <ele>284.39999999999998</ele>
      </trkpt>
      <trkpt lat="-22.615989027544856" lon="14.784304993227124">
        <ele>284.39999999999998</ele>
      </trkpt>
      <trkpt lat="-22.61601802892983" lon="14.784272974357009">
        <ele>284.39999999999998</ele>
      </trkpt>
      <trkpt lat="-22.616045018658042" lon="14.784241039305925">
        <ele>284.19999999999999</ele>
      </trkpt>
      <trkpt lat="-22.616069996729493" lon="14.78420902043581">
        <ele>284.19999999999999</ele>
      </trkpt>
      <trkpt lat="-22.616095980629325" lon="14.784173984080553">
        <ele>284</ele>
      </trkpt>
      <trkpt lat="-22.616120036691427" lon="14.784139031544328">
        <ele>284</ele>
      </trkpt>
      <trkpt lat="-22.616146020591259" lon="14.784106006845832">
        <ele>284</ele>
      </trkpt>
      <trkpt lat="-22.61616999283433" lon="14.784071976318955">
        <ele>283.80000000000001</ele>
      </trkpt>
      <trkpt lat="-22.616195976734161" lon="14.78403702378273">
        <ele>283.60000000000002</ele>
      </trkpt>
      <trkpt lat="-22.616225983947515" lon="14.784006010740995">
        <ele>283.39999999999998</ele>
      </trkpt>
      <trkpt lat="-22.616261020302773" lon="14.783976003527641">
        <ele>283.39999999999998</ele>
      </trkpt>
      <trkpt lat="-22.616294967010617" lon="14.783943984657526">
        <ele>283.39999999999998</ele>
      </trkpt>
      <trkpt lat="-22.616328997537494" lon="14.783910037949681">
        <ele>283.39999999999998</ele>
      </trkpt>
      <trkpt lat="-22.61636302806437" lon="14.783876007422805">
        <ele>283.19999999999999</ele>
      </trkpt>
      <trkpt lat="-22.616397980600595" lon="14.783840971067548">
        <ele>283.19999999999999</ele>
      </trkpt>
      <trkpt lat="-22.616433016955853" lon="14.783804006874561">
        <ele>283.19999999999999</ele>
      </trkpt>
      <trkpt lat="-22.6164719928056" lon="14.783764025196433">
        <ele>283.19999999999999</ele>
      </trkpt>
      <trkpt lat="-22.61651398614049" lon="14.783723037689924">
        <ele>283</ele>
      </trkpt>
      <trkpt lat="-22.616555979475379" lon="14.783677021041512">
        <ele>283</ele>
      </trkpt>
      <trkpt lat="-22.616601996123791" lon="14.783631004393101">
        <ele>282.80000000000001</ele>
      </trkpt>
      <trkpt lat="-22.616649018600583" lon="14.783581970259547">
        <ele>282.80000000000001</ele>
      </trkpt>
      <trkpt lat="-22.616698974743485" lon="14.783530002459884">
        <ele>282.60000000000002</ele>
      </trkpt>
      <trkpt lat="-22.61674901470542" lon="14.783476023003459">
        <ele>282.60000000000002</ele>
      </trkpt>
      <trkpt lat="-22.616797965019941" lon="14.783422965556383">
        <ele>282.39999999999998</ele>
      </trkpt>
      <trkpt lat="-22.616856973618269" lon="14.783355994150043">
        <ele>282.39999999999998</ele>
      </trkpt>
      <trkpt lat="-22.616896033287048" lon="14.783315006643534">
        <ele>282.39999999999998</ele>
      </trkpt>
      <trkpt lat="-22.616945989429951" lon="14.783263960853219">
        <ele>282.60000000000002</ele>
      </trkpt>
      <trkpt lat="-22.616994017735124" lon="14.783215010538697">
        <ele>282.60000000000002</ele>
      </trkpt>
      <trkpt lat="-22.617041962221265" lon="14.783165976405144">
        <ele>282.39999999999998</ele>
      </trkpt>
      <trkpt lat="-22.617092002183199" lon="14.783116020262241">
        <ele>282.39999999999998</ele>
      </trkpt>
      <trkpt lat="-22.617141958326101" lon="14.783066986128688">
        <ele>282.39999999999998</ele>
      </trkpt>
      <trkpt lat="-22.617188980802894" lon="14.783016024157405">
        <ele>282.19999999999999</ele>
      </trkpt>
      <trkpt lat="-22.617241032421589" lon="14.782961960881948">
        <ele>282</ele>
      </trkpt>
      <trkpt lat="-22.617291994392872" lon="14.782906975597143">
        <ele>281.80000000000001</ele>
      </trkpt>
      <trkpt lat="-22.617341028526425" lon="14.782850984483957">
        <ele>281.60000000000002</ele>
      </trkpt>
      <trkpt lat="-22.617389978840947" lon="14.782797005027533">
        <ele>281.39999999999998</ele>
      </trkpt>
      <trkpt lat="-22.61743800714612" lon="14.782742019742727">
        <ele>281.19999999999999</ele>
      </trkpt>
      <trkpt lat="-22.617487041279674" lon="14.782688962295651">
        <ele>281.19999999999999</ele>
      </trkpt>
      <trkpt lat="-22.617534985765815" lon="14.782634982839227">
        <ele>281</ele>
      </trkpt>
      <trkpt lat="-22.617585025727749" lon="14.782581003382802">
        <ele>280.80000000000001</ele>
      </trkpt>
      <trkpt lat="-22.617635987699032" lon="14.782527023926377">
        <ele>280.39999999999998</ele>
      </trkpt>
      <trkpt lat="-22.617688039317727" lon="14.782472038641572">
        <ele>280.19999999999999</ele>
      </trkpt>
      <trkpt lat="-22.61773900128901" lon="14.782417975366116">
        <ele>280.19999999999999</ele>
      </trkpt>
      <trkpt lat="-22.617787029594183" lon="14.782367013394833">
        <ele>280</ele>
      </trkpt>
      <trkpt lat="-22.617835979908705" lon="14.782316973432899">
        <ele>279.80000000000001</ele>
      </trkpt>
      <trkpt lat="-22.617884008213878" lon="14.782268023118377">
        <ele>279.60000000000002</ele>
      </trkpt>
      <trkpt lat="-22.617932036519051" lon="14.782219994813204">
        <ele>279.60000000000002</ele>
      </trkpt>
      <trkpt lat="-22.617980986833572" lon="14.78217096067965">
        <ele>279.19999999999999</ele>
      </trkpt>
      <trkpt lat="-22.618032032623887" lon="14.782121004536748">
        <ele>279.19999999999999</ele>
      </trkpt>
      <trkpt lat="-22.618081988766789" lon="14.782073982059956">
        <ele>279</ele>
      </trkpt>
      <trkpt lat="-22.618134040385485" lon="14.782026037573814">
        <ele>278.80000000000001</ele>
      </trkpt>
      <trkpt lat="-22.618187014013529" lon="14.7819749917835">
        <ele>278.39999999999998</ele>
      </trkpt>
      <trkpt lat="-22.618239987641573" lon="14.781924029812217">
        <ele>278</ele>
      </trkpt>
      <trkpt lat="-22.618293967097998" lon="14.781871978193521">
        <ele>277.80000000000001</ele>
      </trkpt>
      <trkpt lat="-22.618345012888312" lon="14.781821016222239">
        <ele>277.80000000000001</ele>
      </trkpt>
      <trkpt lat="-22.618396980687976" lon="14.781767036765814">
        <ele>277.60000000000002</ele>
      </trkpt>
      <trkpt lat="-22.618450038135052" lon="14.781711967661977">
        <ele>277.39999999999998</ele>
      </trkpt>
      <trkpt lat="-22.618502005934715" lon="14.781655976548791">
        <ele>277.19999999999999</ele>
      </trkpt>
      <trkpt lat="-22.618553973734379" lon="14.781600991263986">
        <ele>277</ele>
      </trkpt>
      <trkpt lat="-22.618607031181455" lon="14.781542988494039">
        <ele>277</ele>
      </trkpt>
      <trkpt lat="-22.618658998981118" lon="14.781484985724092">
        <ele>277</ele>
      </trkpt>
      <trkpt lat="-22.618711972609162" lon="14.781425977125764">
        <ele>276.80000000000001</ele>
      </trkpt>
      <trkpt lat="-22.618766035884619" lon="14.781368980184197">
        <ele>276.80000000000001</ele>
      </trkpt>
      <trkpt lat="-22.618820015341043" lon="14.781311983242631">
        <ele>276.60000000000002</ele>
      </trkpt>
      <trkpt lat="-22.618885980919003" lon="14.781247023493052">
        <ele>276.39999999999998</ele>
      </trkpt>
      <trkpt lat="-22.618934009224176" lon="14.781205030158162">
        <ele>276.19999999999999</ele>
      </trkpt>
      <trkpt lat="-22.618992011994123" lon="14.781149961054325">
        <ele>276.19999999999999</ele>
      </trkpt>
      <trkpt lat="-22.619046997278929" lon="14.781097993254662">
        <ele>276</ele>
      </trkpt>
      <trkpt lat="-22.619102988392115" lon="14.781048959121108">
        <ele>276</ele>
      </trkpt>
      <trkpt lat="-22.61915797367692" lon="14.780999002978206">
        <ele>275.80000000000001</ele>
      </trkpt>
      <trkpt lat="-22.619212958961725" lon="14.780950974673033">
        <ele>275.39999999999998</ele>
      </trkpt>
      <trkpt lat="-22.619269033893943" lon="14.78090101853013">
        <ele>275.19999999999999</ele>
      </trkpt>
      <trkpt lat="-22.619325025007129" lon="14.780848966911435">
        <ele>274.80000000000001</ele>
      </trkpt>
      <trkpt lat="-22.619382021948695" lon="14.780798004940152">
        <ele>274.60000000000002</ele>
      </trkpt>
      <trkpt lat="-22.619438013061881" lon="14.780745031312108">
        <ele>274.39999999999998</ele>
      </trkpt>
      <trkpt lat="-22.619495010003448" lon="14.780690968036652">
        <ele>274.19999999999999</ele>
      </trkpt>
      <trkpt lat="-22.619554018601775" lon="14.780637994408607">
        <ele>274.19999999999999</ele>
      </trkpt>
      <trkpt lat="-22.619612021371722" lon="14.780583009123802">
        <ele>274</ele>
      </trkpt>
      <trkpt lat="-22.61967102997005" lon="14.780529029667377">
        <ele>273.80000000000001</ele>
      </trkpt>
      <trkpt lat="-22.619730038568377" lon="14.780479995533824">
        <ele>273.60000000000002</ele>
      </trkpt>
      <trkpt lat="-22.619788963347673" lon="14.780433978885412">
        <ele>273.60000000000002</ele>
      </trkpt>
      <trkpt lat="-22.619850989431143" lon="14.780387040227652">
        <ele>273.60000000000002</ele>
      </trkpt>
      <trkpt lat="-22.619911003857851" lon="14.78034102357924">
        <ele>273.19999999999999</ele>
      </trkpt>
      <trkpt lat="-22.619969006627798" lon="14.780294001102448">
        <ele>273</ele>
      </trkpt>
      <trkpt lat="-22.620026003569365" lon="14.780243039131165">
        <ele>272.60000000000002</ele>
      </trkpt>
      <trkpt lat="-22.62008199468255" lon="14.78019199334085">
        <ele>272.39999999999998</ele>
      </trkpt>
      <trkpt lat="-22.620135974138975" lon="14.780140025541186">
        <ele>272.19999999999999</ele>
      </trkpt>
      <trkpt lat="-22.620191965252161" lon="14.78008596226573">
        <ele>272.19999999999999</ele>
      </trkpt>
      <trkpt lat="-22.620249968022108" lon="14.780028965324163">
        <ele>272</ele>
      </trkpt>
      <trkpt lat="-22.620304031297565" lon="14.779971968382597">
        <ele>271.80000000000001</ele>
      </trkpt>
      <trkpt lat="-22.620357004925609" lon="14.779916983097792">
        <ele>271.60000000000002</ele>
      </trkpt>
      <trkpt lat="-22.620409978553653" lon="14.779861997812986">
        <ele>271.39999999999998</ele>
      </trkpt>
      <trkpt lat="-22.620462030172348" lon="14.779803995043039">
        <ele>271.39999999999998</ele>
      </trkpt>
      <trkpt lat="-22.62051198631525" lon="14.779745992273092">
        <ele>271.19999999999999</ele>
      </trkpt>
      <trkpt lat="-22.620561020448804" lon="14.779688995331526">
        <ele>271.19999999999999</ele>
      </trkpt>
      <trkpt lat="-22.620609970763326" lon="14.779634010046721">
        <ele>271.19999999999999</ele>
      </trkpt>
      <trkpt lat="-22.62066101655364" lon="14.779578018933535">
        <ele>271</ele>
      </trkpt>
      <trkpt lat="-22.620719019323587" lon="14.779510041698813">
        <ele>271</ele>
      </trkpt>
      <trkpt lat="-22.620759001001716" lon="14.779466036707163">
        <ele>270.80000000000001</ele>
      </trkpt>
      <trkpt lat="-22.62080904096365" lon="14.779409961774945">
        <ele>270.39999999999998</ele>
      </trkpt>
      <trkpt lat="-22.620858997106552" lon="14.77935497649014">
        <ele>270</ele>
      </trkpt>
      <trkpt lat="-22.620909959077835" lon="14.779295967891812">
        <ele>269.80000000000001</ele>
      </trkpt>
      <trkpt lat="-22.620959999039769" lon="14.779236037284136">
        <ele>269.39999999999998</ele>
      </trkpt>
      <trkpt lat="-22.621010039001703" lon="14.779175017029047">
        <ele>269.39999999999998</ele>
      </trkpt>
      <trkpt lat="-22.621062006801367" lon="14.779112990945578">
        <ele>269.19999999999999</ele>
      </trkpt>
      <trkpt lat="-22.621114980429411" lon="14.77905398234725">
        <ele>269</ele>
      </trkpt>
      <trkpt lat="-22.621168037876487" lon="14.778992962092161">
        <ele>268.80000000000001</ele>
      </trkpt>
      <trkpt lat="-22.621221011504531" lon="14.778928002342582">
        <ele>268.60000000000002</ele>
      </trkpt>
      <trkpt lat="-22.621274990960956" lon="14.778861030936241">
        <ele>268.60000000000002</ele>
      </trkpt>
      <trkpt lat="-22.62132603675127" lon="14.778790958225727">
        <ele>268.60000000000002</ele>
      </trkpt>
      <trkpt lat="-22.621373981237411" lon="14.778721975162625">
        <ele>268.39999999999998</ele>
      </trkpt>
      <trkpt lat="-22.621427960693836" lon="14.778634971007705">
        <ele>268.19999999999999</ele>
      </trkpt>
      <trkpt lat="-22.621462997049093" lon="14.778575962409377">
        <ele>268</ele>
      </trkpt>
      <trkpt lat="-22.621505996212363" lon="14.778500022366643">
        <ele>267.80000000000001</ele>
      </trkpt>
      <trkpt lat="-22.621547989547253" lon="14.778422992676497">
        <ele>267.80000000000001</ele>
      </trkpt>
      <trkpt lat="-22.62158595956862" lon="14.77834596298635">
        <ele>267.60000000000002</ele>
      </trkpt>
      <trkpt lat="-22.621622001752257" lon="14.778269017115235">
        <ele>267.39999999999998</ele>
      </trkpt>
      <trkpt lat="-22.621657038107514" lon="14.778190981596708">
        <ele>267</ele>
      </trkpt>
      <trkpt lat="-22.62169299647212" lon="14.778112024068832">
        <ele>266.60000000000002</ele>
      </trkpt>
      <trkpt lat="-22.621729960665107" lon="14.778031976893544">
        <ele>266.19999999999999</ele>
      </trkpt>
      <trkpt lat="-22.621768014505506" lon="14.777952013537288">
        <ele>266</ele>
      </trkpt>
      <trkpt lat="-22.621804978698492" lon="14.77787297219038">
        <ele>265.80000000000001</ele>
      </trkpt>
      <trkpt lat="-22.62184102088213" lon="14.777795020490885">
        <ele>265.60000000000002</ele>
      </trkpt>
      <trkpt lat="-22.621877985075116" lon="14.777715979143977">
        <ele>265.39999999999998</ele>
      </trkpt>
      <trkpt lat="-22.621914027258754" lon="14.777640039101243">
        <ele>265.19999999999999</ele>
      </trkpt>
      <trkpt lat="-22.621948979794979" lon="14.777564015239477">
        <ele>265</ele>
      </trkpt>
      <trkpt lat="-22.621984016150236" lon="14.777486985549331">
        <ele>264.80000000000001</ele>
      </trkpt>
      <trkpt lat="-22.622018968686461" lon="14.777410961687565">
        <ele>264.60000000000002</ele>
      </trkpt>
      <trkpt lat="-22.622049981728196" lon="14.777336027473211">
        <ele>264.60000000000002</ele>
      </trkpt>
      <trkpt lat="-22.622083006426692" lon="14.777260003611445">
        <ele>264.39999999999998</ele>
      </trkpt>
      <trkpt lat="-22.622119970619678" lon="14.777171993628144">
        <ele>264</ele>
      </trkpt>
      <trkpt lat="-22.622144026681781" lon="14.777113990858197">
        <ele>263.80000000000001</ele>
      </trkpt>
      <trkpt lat="-22.622177973389626" lon="14.777037966996431">
        <ele>263.60000000000002</ele>
      </trkpt>
      <trkpt lat="-22.622209992259741" lon="14.776961021125317">
        <ele>263.19999999999999</ele>
      </trkpt>
      <trkpt lat="-22.622243016958237" lon="14.77688399143517">
        <ele>263.19999999999999</ele>
      </trkpt>
      <trkpt lat="-22.622274029999971" lon="14.776803022250533">
        <ele>263</ele>
      </trkpt>
      <trkpt lat="-22.622305965051055" lon="14.776722975075245">
        <ele>263</ele>
      </trkpt>
      <trkpt lat="-22.622335972264409" lon="14.776644017547369">
        <ele>262.80000000000001</ele>
      </trkpt>
      <trkpt lat="-22.622365979477763" lon="14.776563970372081">
        <ele>262.60000000000002</ele>
      </trkpt>
      <trkpt lat="-22.622393975034356" lon="14.776487024500966">
        <ele>262.39999999999998</ele>
      </trkpt>
      <trkpt lat="-22.622420964762568" lon="14.77640999481082">
        <ele>262</ele>
      </trkpt>
      <trkpt lat="-22.622449966147542" lon="14.776334976777434">
        <ele>261.80000000000001</ele>
      </trkpt>
      <trkpt lat="-22.622481985017657" lon="14.77626096457243">
        <ele>261.39999999999998</ele>
      </trkpt>
      <trkpt lat="-22.622512998059392" lon="14.776187958195806">
        <ele>261.19999999999999</ele>
      </trkpt>
      <trkpt lat="-22.62255297973752" lon="14.776101037859917">
        <ele>261</ele>
      </trkpt>
      <trkpt lat="-22.622580975294113" lon="14.77604303508997">
        <ele>260.39999999999998</ele>
      </trkpt>
      <trkpt lat="-22.62261500582099" lon="14.775969022884965">
        <ele>260.19999999999999</ele>
      </trkpt>
      <trkpt lat="-22.622648030519485" lon="14.775897022336721">
        <ele>260</ele>
      </trkpt>
      <trkpt lat="-22.62267803773284" lon="14.775823010131717">
        <ele>260</ele>
      </trkpt>
      <trkpt lat="-22.622707961127162" lon="14.775746986269951">
        <ele>260</ele>
      </trkpt>
      <trkpt lat="-22.622737968340516" lon="14.775670040398836">
        <ele>259.80000000000001</ele>
      </trkpt>
      <trkpt lat="-22.62276797555387" lon="14.77559401653707">
        <ele>259.80000000000001</ele>
      </trkpt>
      <trkpt lat="-22.622798988595605" lon="14.775515981018543">
        <ele>259.60000000000002</ele>
      </trkpt>
      <trkpt lat="-22.62283000163734" lon="14.775440962985158">
        <ele>259.39999999999998</ele>
      </trkpt>
      <trkpt lat="-22.622863026335835" lon="14.775367034599185">
        <ele>259.39999999999998</ele>
      </trkpt>
      <trkpt lat="-22.62289697304368" lon="14.775296961888671">
        <ele>259.19999999999999</ele>
      </trkpt>
      <trkpt lat="-22.62293603271246" lon="14.775225967168808">
        <ele>259</ele>
      </trkpt>
      <trkpt lat="-22.622978026047349" lon="14.775156984105706">
        <ele>258.80000000000001</ele>
      </trkpt>
      <trkpt lat="-22.623018007725477" lon="14.775092024356127">
        <ele>258.60000000000002</ele>
      </trkpt>
      <trkpt lat="-22.623063018545508" lon="14.775024969130754">
        <ele>258.60000000000002</ele>
      </trkpt>
      <trkpt lat="-22.62310903519392" lon="14.774960009381175">
        <ele>258.39999999999998</ele>
      </trkpt>
      <trkpt lat="-22.623155973851681" lon="14.774896977469325">
        <ele>258.19999999999999</ele>
      </trkpt>
      <trkpt lat="-22.623205007985234" lon="14.774831011891365">
        <ele>257.80000000000001</ele>
      </trkpt>
      <trkpt lat="-22.623263010755181" lon="14.774749036878347">
        <ele>257.60000000000002</ele>
      </trkpt>
      <trkpt lat="-22.62330399826169" lon="14.77469296194613">
        <ele>257</ele>
      </trkpt>
      <trkpt lat="-22.623353032395244" lon="14.774623978883028">
        <ele>256.80000000000001</ele>
      </trkpt>
      <trkpt lat="-22.623401982709765" lon="14.774556001648307">
        <ele>256.60000000000002</ele>
      </trkpt>
      <trkpt lat="-22.623447999358177" lon="14.774487018585205">
        <ele>256.60000000000002</ele>
      </trkpt>
      <trkpt lat="-22.623493010178208" lon="14.774418035522103">
        <ele>256.19999999999999</ele>
      </trkpt>
      <trkpt lat="-22.62354196049273" lon="14.774351986125112">
        <ele>256</ele>
      </trkpt>
      <trkpt lat="-22.623592000454664" lon="14.774288032203913">
        <ele>256</ele>
      </trkpt>
      <trkpt lat="-22.623642962425947" lon="14.774226006120443">
        <ele>255.80000000000001</ele>
      </trkpt>
      <trkpt lat="-22.623696019873023" lon="14.774160040542483">
        <ele>255.59999999999999</ele>
      </trkpt>
      <trkpt lat="-22.623752010986209" lon="14.774097008630633">
        <ele>255.40000000000001</ele>
      </trkpt>
      <trkpt lat="-22.623806996271014" lon="14.774038000032306">
        <ele>255.19999999999999</ele>
      </trkpt>
      <trkpt lat="-22.62386198155582" lon="14.773977985605597">
        <ele>255</ele>
      </trkpt>
      <trkpt lat="-22.623919984325767" lon="14.77391998283565">
        <ele>254.59999999999999</ele>
      </trkpt>
      <trkpt lat="-22.62399097904563" lon="14.773855023086071">
        <ele>254.40000000000001</ele>
      </trkpt>
      <trkpt lat="-22.624038001522422" lon="14.773814035579562">
        <ele>254.19999999999999</ele>
      </trkpt>
      <trkpt lat="-22.624101033434272" lon="14.773766007274389">
        <ele>254</ele>
      </trkpt>
      <trkpt lat="-22.624166999012232" lon="14.773717978969216">
        <ele>253.40000000000001</ele>
      </trkpt>
      <trkpt lat="-22.624231958761811" lon="14.773672968149185">
        <ele>253.19999999999999</ele>
      </trkpt>
      <trkpt lat="-22.624301025643945" lon="14.773628041148186">
        <ele>252.80000000000001</ele>
      </trkpt>
      <trkpt lat="-22.624371014535427" lon="14.773580012843013">
        <ele>252.59999999999999</ele>
      </trkpt>
      <trkpt lat="-22.624443015083671" lon="14.773529972881079">
        <ele>252.59999999999999</ele>
      </trkpt>
      <trkpt lat="-22.624511998146772" lon="14.773483034223318">
        <ele>252.40000000000001</ele>
      </trkpt>
      <trkpt lat="-22.624580981209874" lon="14.773431988433003">
        <ele>252.19999999999999</ele>
      </trkpt>
      <trkpt lat="-22.624663962051272" lon="14.773369962349534">
        <ele>251.80000000000001</ele>
      </trkpt>
      <trkpt lat="-22.624721964821219" lon="14.773329980671406">
        <ele>251.59999999999999</ele>
      </trkpt>
      <trkpt lat="-22.624793965369463" lon="14.773282036185265">
        <ele>251.19999999999999</ele>
      </trkpt>
      <trkpt lat="-22.624866971746087" lon="14.773239037021995">
        <ele>251.19999999999999</ele>
      </trkpt>
      <trkpt lat="-22.624941989779472" lon="14.773198971524835">
        <ele>250.80000000000001</ele>
      </trkpt>
      <trkpt lat="-22.625020025297999" lon="14.773162007331848">
        <ele>250.40000000000001</ele>
      </trkpt>
      <trkpt lat="-22.625095965340734" lon="14.77312202565372">
        <ele>250.19999999999999</ele>
      </trkpt>
      <trkpt lat="-22.625174000859261" lon="14.773081038147211">
        <ele>250</ele>
      </trkpt>
      <trkpt lat="-22.625251030549407" lon="14.77303896099329">
        <ele>249.80000000000001</ele>
      </trkpt>
      <trkpt lat="-22.625326970592141" lon="14.77299403399229">
        <ele>249.59999999999999</ele>
      </trkpt>
      <trkpt lat="-22.625402994453907" lon="14.772944999858737">
        <ele>249.40000000000001</ele>
      </trkpt>
      <trkpt lat="-22.625479018315673" lon="14.772894959896803">
        <ele>249.19999999999999</ele>
      </trkpt>
      <trkpt lat="-22.625553030520678" lon="14.772846009582281">
        <ele>249.19999999999999</ele>
      </trkpt>
      <trkpt lat="-22.625626036897302" lon="14.772795969620347">
        <ele>248.80000000000001</ele>
      </trkpt>
      <trkpt lat="-22.625698037445545" lon="14.772747019305825">
        <ele>248.59999999999999</ele>
      </trkpt>
      <trkpt lat="-22.625770960003138" lon="14.772697985172272">
        <ele>248.40000000000001</ele>
      </trkpt>
      <trkpt lat="-22.625841032713652" lon="14.772642999887466">
        <ele>248.19999999999999</ele>
      </trkpt>
      <trkpt lat="-22.625905992463231" lon="14.7725860029459">
        <ele>247.80000000000001</ele>
      </trkpt>
      <trkpt lat="-22.625971036031842" lon="14.772526994347572">
        <ele>247.40000000000001</ele>
      </trkpt>
      <trkpt lat="-22.626034989953041" lon="14.772466979920864">
        <ele>247.19999999999999</ele>
      </trkpt>
      <trkpt lat="-22.62609601020813" lon="14.772404031828046">
        <ele>247</ele>
      </trkpt>
      <trkpt lat="-22.626147978007793" lon="14.772346029058099">
        <ele>246.59999999999999</ele>
      </trkpt>
      <trkpt lat="-22.626184020191431" lon="14.772295989096165">
        <ele>246.59999999999999</ele>
      </trkpt>
      <trkpt lat="-22.626213021576405" lon="14.772250978276134">
        <ele>246.19999999999999</ele>
      </trkpt>
      <trkpt lat="-22.626235987991095" lon="14.772209990769625">
        <ele>246</ele>
      </trkpt>
      <trkpt lat="-22.626255014911294" lon="14.772163974121213">
        <ele>245.80000000000001</ele>
      </trkpt>
      <trkpt lat="-22.626270018517971" lon="14.772112006321549">
        <ele>245.59999999999999</ele>
      </trkpt>
      <trkpt lat="-22.626284016296268" lon="14.772057021036744">
        <ele>245.40000000000001</ele>
      </trkpt>
      <trkpt lat="-22.626300025731325" lon="14.771998012438416">
        <ele>245.19999999999999</ele>
      </trkpt>
      <trkpt lat="-22.626320980489254" lon="14.771935986354947">
        <ele>245</ele>
      </trkpt>
      <trkpt lat="-22.626345958560705" lon="14.771873038262129">
        <ele>244.59999999999999</ele>
      </trkpt>
      <trkpt lat="-22.626375965774059" lon="14.771807994693518">
        <ele>244.59999999999999</ele>
      </trkpt>
      <trkpt lat="-22.626408990472555" lon="14.771741023287177">
        <ele>244.40000000000001</ele>
      </trkpt>
      <trkpt lat="-22.626449977979064" lon="14.771661981940269">
        <ele>244.19999999999999</ele>
      </trkpt>
      <trkpt lat="-22.626475961878896" lon="14.771611019968987">
        <ele>244</ele>
      </trkpt>
      <trkpt lat="-22.626508986577392" lon="14.771543964743614">
        <ele>244</ele>
      </trkpt>
      <trkpt lat="-22.626542011275887" lon="14.771475987508893">
        <ele>243.80000000000001</ele>
      </trkpt>
      <trkpt lat="-22.626576041802764" lon="14.77140499278903">
        <ele>243.40000000000001</ele>
      </trkpt>
      <trkpt lat="-22.626622980460525" lon="14.771325029432774">
        <ele>243.19999999999999</ele>
      </trkpt>
      <trkpt lat="-22.626658016815782" lon="14.771268032491207">
        <ele>242.80000000000001</ele>
      </trkpt>
      <trkpt lat="-22.626702021807432" lon="14.771198965609074">
        <ele>242.59999999999999</ele>
      </trkpt>
      <trkpt lat="-22.626747032627463" lon="14.771131994202733">
        <ele>242.40000000000001</ele>
      </trkpt>
      <trkpt lat="-22.626792965456843" lon="14.771064016968012">
        <ele>242.40000000000001</ele>
      </trkpt>
      <trkpt lat="-22.626839987933636" lon="14.77099402807653">
        <ele>242.40000000000001</ele>
      </trkpt>
      <trkpt lat="-22.62689002789557" lon="14.770924961194396">
        <ele>242</ele>
      </trkpt>
      <trkpt lat="-22.626938978210092" lon="14.770855978131294">
        <ele>241.59999999999999</ele>
      </trkpt>
      <trkpt lat="-22.626990024000406" lon="14.770785989239812">
        <ele>241.59999999999999</ele>
      </trkpt>
      <trkpt lat="-22.62704299762845" lon="14.770719017833471">
        <ele>241.40000000000001</ele>
      </trkpt>
      <trkpt lat="-22.627093037590384" lon="14.77065003477037">
        <ele>241.19999999999999</ele>
      </trkpt>
      <trkpt lat="-22.627136958763003" lon="14.770580967888236">
        <ele>241.19999999999999</ele>
      </trkpt>
      <trkpt lat="-22.627178030088544" lon="14.770511984825134">
        <ele>240.80000000000001</ele>
      </trkpt>
      <trkpt lat="-22.627211976796389" lon="14.770439984276891">
        <ele>240.59999999999999</ele>
      </trkpt>
      <trkpt lat="-22.627241984009743" lon="14.77035298012197">
        <ele>240.19999999999999</ele>
      </trkpt>
      <trkpt lat="-22.62725698761642" lon="14.770292965695262">
        <ele>240</ele>
      </trkpt>
      <trkpt lat="-22.627272997051477" lon="14.770216019824147">
        <ele>239.80000000000001</ele>
      </trkpt>
      <trkpt lat="-22.627283977344632" lon="14.77013697847724">
        <ele>239.59999999999999</ele>
      </trkpt>
      <trkpt lat="-22.627289006486535" lon="14.770057015120983">
        <ele>239.19999999999999</ele>
      </trkpt>
      <trkpt lat="-22.627290012314916" lon="14.769975962117314">
        <ele>238.80000000000001</ele>
      </trkpt>
      <trkpt lat="-22.627286994829774" lon="14.769895998761058">
        <ele>238.40000000000001</ele>
      </trkpt>
      <trkpt lat="-22.627277020365" lon="14.769817041233182">
        <ele>238.19999999999999</ele>
      </trkpt>
      <trkpt lat="-22.627261010929942" lon="14.769741017371416">
        <ele>237.59999999999999</ele>
      </trkpt>
      <trkpt lat="-22.627241984009743" lon="14.76966499350965">
        <ele>237.40000000000001</ele>
      </trkpt>
      <trkpt lat="-22.627221029251814" lon="14.769586035981774">
        <ele>237</ele>
      </trkpt>
      <trkpt lat="-22.627198984846473" lon="14.769508000463247">
        <ele>237</ele>
      </trkpt>
      <trkpt lat="-22.627177024260163" lon="14.769431976601481">
        <ele>236.80000000000001</ele>
      </trkpt>
      <trkpt lat="-22.627156991511583" lon="14.769355030730367">
        <ele>236.40000000000001</ele>
      </trkpt>
      <trkpt lat="-22.627137964591384" lon="14.769280012696981">
        <ele>236.19999999999999</ele>
      </trkpt>
      <trkpt lat="-22.627119021490216" lon="14.769204994663596">
        <ele>236</ele>
      </trkpt>
      <trkpt lat="-22.627101000398397" lon="14.76912796497345">
        <ele>235.80000000000001</ele>
      </trkpt>
      <trkpt lat="-22.627082979306579" lon="14.769052024930716">
        <ele>235.80000000000001</ele>
      </trkpt>
      <trkpt lat="-22.627061018720269" lon="14.768979018554091">
        <ele>235.59999999999999</ele>
      </trkpt>
      <trkpt lat="-22.627026988193393" lon="14.768892014399171">
        <ele>235.40000000000001</ele>
      </trkpt>
      <trkpt lat="-22.627001004293561" lon="14.768833005800843">
        <ele>234.80000000000001</ele>
      </trkpt>
      <trkpt lat="-22.626964962109923" lon="14.76876201108098">
        <ele>234.59999999999999</ele>
      </trkpt>
      <trkpt lat="-22.626927997916937" lon="14.768701996654272">
        <ele>234.40000000000001</ele>
      </trkpt>
      <trkpt lat="-22.626883992925286" lon="14.768649023026228">
        <ele>234.40000000000001</ele>
      </trkpt>
      <trkpt lat="-22.626835964620113" lon="14.768603006377816">
        <ele>234.19999999999999</ele>
      </trkpt>
      <trkpt lat="-22.626788020133972" lon="14.768561013042927">
        <ele>234.19999999999999</ele>
      </trkpt>
      <trkpt lat="-22.626739991828799" lon="14.768522959202528">
        <ele>234.19999999999999</ele>
      </trkpt>
      <trkpt lat="-22.626695986837149" lon="14.76848398335278">
        <ele>234.19999999999999</ele>
      </trkpt>
      <trkpt lat="-22.626652987673879" lon="14.768448024988174">
        <ele>234.19999999999999</ele>
      </trkpt>
      <trkpt lat="-22.626610994338989" lon="14.768413994461298">
        <ele>234.19999999999999</ele>
      </trkpt>
      <trkpt lat="-22.626571012660861" lon="14.768380969762802">
        <ele>234.19999999999999</ele>
      </trkpt>
      <trkpt lat="-22.626534970477223" lon="14.768351968377829">
        <ele>234.19999999999999</ele>
      </trkpt>
      <trkpt lat="-22.626502029597759" lon="14.768322966992855">
        <ele>234.19999999999999</ele>
      </trkpt>
      <trkpt lat="-22.626472022384405" lon="14.768295977264643">
        <ele>234.19999999999999</ele>
      </trkpt>
      <trkpt lat="-22.626443020999432" lon="14.768270999193192">
        <ele>234.19999999999999</ele>
      </trkpt>
      <trkpt lat="-22.626415025442839" lon="14.768248032778502">
        <ele>234.19999999999999</ele>
      </trkpt>
      <trkpt lat="-22.626386024057865" lon="14.76822498254478">
        <ele>234.19999999999999</ele>
      </trkpt>
      <trkpt lat="-22.626360040158033" lon="14.768204027786851">
        <ele>234.40000000000001</ele>
      </trkpt>
      <trkpt lat="-22.62633397243917" lon="14.76818198338151">
        <ele>234.40000000000001</ele>
      </trkpt>
      <trkpt lat="-22.626305976882577" lon="14.768158011138439">
        <ele>234.80000000000001</ele>
      </trkpt>
      <trkpt lat="-22.626277981325984" lon="14.768133033066988">
        <ele>235</ele>
      </trkpt>
      <trkpt lat="-22.626250991597772" lon="14.768107971176505">
        <ele>235.19999999999999</ele>
      </trkpt>
      <trkpt lat="-22.62622500769794" lon="14.768080981448293">
        <ele>235.40000000000001</ele>
      </trkpt>
      <trkpt lat="-22.626200029626489" lon="14.7680529858917">
        <ele>235.40000000000001</ele>
      </trkpt>
      <trkpt lat="-22.626172034069896" lon="14.768027001991868">
        <ele>235.59999999999999</ele>
      </trkpt>
      <trkpt lat="-22.626144960522652" lon="14.767999006435275">
        <ele>235.80000000000001</ele>
      </trkpt>
      <trkpt lat="-22.626116964966059" lon="14.767972016707063">
        <ele>236</ele>
      </trkpt>
      <trkpt lat="-22.626090981066227" lon="14.767946032807231">
        <ele>236</ele>
      </trkpt>
      <trkpt lat="-22.626063991338015" lon="14.767917031422257">
        <ele>236.19999999999999</ele>
      </trkpt>
      <trkpt lat="-22.626035995781422" lon="14.767886018380523">
        <ele>236.19999999999999</ele>
      </trkpt>
      <trkpt lat="-22.626005988568068" lon="14.767852993682027">
        <ele>236.40000000000001</ele>
      </trkpt>
      <trkpt lat="-22.625982016324997" lon="14.76781602948904">
        <ele>236.40000000000001</ele>
      </trkpt>
      <trkpt lat="-22.625958966091275" lon="14.767777975648642">
        <ele>236.40000000000001</ele>
      </trkpt>
      <trkpt lat="-22.625940022990108" lon="14.767737993970513">
        <ele>236.59999999999999</ele>
      </trkpt>
      <trkpt lat="-22.625919990241528" lon="14.767698012292385">
        <ele>236.59999999999999</ele>
      </trkpt>
      <trkpt lat="-22.625904986634851" lon="14.767657024785876">
        <ele>236.80000000000001</ele>
      </trkpt>
      <trkpt lat="-22.625889983028173" lon="14.767615031450987">
        <ele>236.80000000000001</ele>
      </trkpt>
      <trkpt lat="-22.625875985249877" lon="14.767570020630956">
        <ele>236.80000000000001</ele>
      </trkpt>
      <trkpt lat="-22.625865004956722" lon="14.767524003982544">
        <ele>237</ele>
      </trkpt>
      <trkpt lat="-22.625855030491948" lon="14.767475975677371">
        <ele>237</ele>
      </trkpt>
      <trkpt lat="-22.625845978036523" lon="14.76743096485734">
        <ele>237.40000000000001</ele>
      </trkpt>
      <trkpt lat="-22.625832986086607" lon="14.76738603785634">
        <ele>237.59999999999999</ele>
      </trkpt>
      <trkpt lat="-22.62581798247993" lon="14.767343960702419">
        <ele>237.59999999999999</ele>
      </trkpt>
      <trkpt lat="-22.625803984701633" lon="14.7673000395298">
        <ele>237.80000000000001</ele>
      </trkpt>
      <trkpt lat="-22.625791998580098" lon="14.76725603453815">
        <ele>237.80000000000001</ele>
      </trkpt>
      <trkpt lat="-22.625779006630182" lon="14.76721303537488">
        <ele>238</ele>
      </trkpt>
      <trkpt lat="-22.625762997195125" lon="14.767170958220959">
        <ele>238</ele>
      </trkpt>
      <trkpt lat="-22.625745981931686" lon="14.767127959057689">
        <ele>238.19999999999999</ele>
      </trkpt>
      <trkpt lat="-22.625727960839868" lon="14.767083032056689">
        <ele>238.19999999999999</ele>
      </trkpt>
      <trkpt lat="-22.62571002356708" lon="14.767040032893419">
        <ele>238.40000000000001</ele>
      </trkpt>
      <trkpt lat="-22.625693008303642" lon="14.76700097322464">
        <ele>238.40000000000001</ele>
      </trkpt>
      <trkpt lat="-22.625673981383443" lon="14.766960991546512">
        <ele>238.40000000000001</ele>
      </trkpt>
      <trkpt lat="-22.625654032453895" lon="14.766920004040003">
        <ele>238.40000000000001</ele>
      </trkpt>
      <trkpt lat="-22.625632993876934" lon="14.766882034018636">
        <ele>238.59999999999999</ele>
      </trkpt>
      <trkpt lat="-22.625614972785115" lon="14.766840040683746">
        <ele>238.59999999999999</ele>
      </trkpt>
      <trkpt lat="-22.625596029683948" lon="14.766797041520476">
        <ele>238.59999999999999</ele>
      </trkpt>
      <trkpt lat="-22.625575996935368" lon="14.766753958538175">
        <ele>238.80000000000001</ele>
      </trkpt>
      <trkpt lat="-22.625557975843549" lon="14.766713976860046">
        <ele>239</ele>
      </trkpt>
      <trkpt lat="-22.625539032742381" lon="14.766676006838679">
        <ele>239.19999999999999</ele>
      </trkpt>
      <trkpt lat="-22.625518999993801" lon="14.766638958826661">
        <ele>239.19999999999999</ele>
      </trkpt>
      <trkpt lat="-22.625501984730363" lon="14.766598977148533">
        <ele>239.40000000000001</ele>
      </trkpt>
      <trkpt lat="-22.625483963638544" lon="14.766557989642024">
        <ele>239.59999999999999</ele>
      </trkpt>
      <trkpt lat="-22.625465020537376" lon="14.766518007963896">
        <ele>239.59999999999999</ele>
      </trkpt>
      <trkpt lat="-22.625444987788796" lon="14.766479032114148">
        <ele>239.80000000000001</ele>
      </trkpt>
      <trkpt lat="-22.625425960868597" lon="14.766440978273749">
        <ele>239.80000000000001</ele>
      </trkpt>
      <trkpt lat="-22.625405006110668" lon="14.766404014080763">
        <ele>240</ele>
      </trkpt>
      <trkpt lat="-22.625384973362088" lon="14.766365038231015">
        <ele>240.19999999999999</ele>
      </trkpt>
      <trkpt lat="-22.625364018604159" lon="14.766326984390616">
        <ele>240.40000000000001</ele>
      </trkpt>
      <trkpt lat="-22.625342980027199" lon="14.76629002019763">
        <ele>240.40000000000001</ele>
      </trkpt>
      <trkpt lat="-22.625323031097651" lon="14.766250960528851">
        <ele>240.40000000000001</ele>
      </trkpt>
      <trkpt lat="-22.625302998349071" lon="14.766212990507483">
        <ele>240.59999999999999</ele>
      </trkpt>
      <trkpt lat="-22.625282965600491" lon="14.766177032142878">
        <ele>240.59999999999999</ele>
      </trkpt>
      <trkpt lat="-22.625267039984465" lon="14.766138978302479">
        <ele>240.59999999999999</ele>
      </trkpt>
      <trkpt lat="-22.625252036377788" lon="14.766102014109492">
        <ele>241</ele>
      </trkpt>
      <trkpt lat="-22.625237032771111" lon="14.766063960269094">
        <ele>241.19999999999999</ele>
      </trkpt>
      <trkpt lat="-22.625224962830544" lon="14.766023978590965">
        <ele>241.40000000000001</ele>
      </trkpt>
      <trkpt lat="-22.625212976709008" lon="14.765982991084456">
        <ele>241.40000000000001</ele>
      </trkpt>
      <trkpt lat="-22.625200990587473" lon="14.765942003577948">
        <ele>241.40000000000001</ele>
      </trkpt>
      <trkpt lat="-22.625190010294318" lon="14.7659030277282">
        <ele>241.59999999999999</ele>
      </trkpt>
      <trkpt lat="-22.625175006687641" lon="14.765863968059421">
        <ele>241.80000000000001</ele>
      </trkpt>
      <trkpt lat="-22.625161008909345" lon="14.765825998038054">
        <ele>242</ele>
      </trkpt>
      <trkpt lat="-22.625144999474287" lon="14.765789033845067">
        <ele>242.19999999999999</ele>
      </trkpt>
      <trkpt lat="-22.625126978382468" lon="14.765752991661429">
        <ele>242.40000000000001</ele>
      </trkpt>
      <trkpt lat="-22.625106023624539" lon="14.765718039125204">
        <ele>242.80000000000001</ele>
      </trkpt>
      <trkpt lat="-22.625082973390818" lon="14.765687026083469">
        <ele>243</ele>
      </trkpt>
      <trkpt lat="-22.625057995319366" lon="14.765657018870115">
        <ele>243.19999999999999</ele>
      </trkpt>
      <trkpt lat="-22.625034023076296" lon="14.765630029141903">
        <ele>243.40000000000001</ele>
      </trkpt>
      <trkpt lat="-22.625008961185813" lon="14.765605973079801">
        <ele>243.59999999999999</ele>
      </trkpt>
      <trkpt lat="-22.62498096562922" lon="14.765585018321872">
        <ele>243.80000000000001</ele>
      </trkpt>
      <trkpt lat="-22.624952970072627" lon="14.765564985573292">
        <ele>244</ele>
      </trkpt>
      <trkpt lat="-22.624925980344415" lon="14.765547970309854">
        <ele>244.19999999999999</ele>
      </trkpt>
      <trkpt lat="-22.624899996444583" lon="14.765531960874796">
        <ele>244.40000000000001</ele>
      </trkpt>
      <trkpt lat="-22.624878035858274" lon="14.765514023602009">
        <ele>244.40000000000001</ele>
      </trkpt>
      <trkpt lat="-22.624860014766455" lon="14.765500025823712">
        <ele>244.59999999999999</ele>
      </trkpt>
      <trkpt lat="-22.624839982017875" lon="14.765487033873796">
        <ele>244.59999999999999</ele>
      </trkpt>
      <trkpt lat="-22.624820033088326" lon="14.765474963933229">
        <ele>245</ele>
      </trkpt>
      <trkpt lat="-22.624801006168127" lon="14.765464989468455">
        <ele>245.19999999999999</ele>
      </trkpt>
      <trkpt lat="-22.624780973419547" lon="14.765460966154933">
        <ele>245.40000000000001</ele>
      </trkpt>
      <trkpt lat="-22.624762030318379" lon="14.765459960326552">
        <ele>246</ele>
      </trkpt>
      <trkpt lat="-22.624741997569799" lon="14.765459960326552">
        <ele>246.40000000000001</ele>
      </trkpt>
      <trkpt lat="-22.624717019498348" lon="14.765457026660442">
        <ele>246.80000000000001</ele>
      </trkpt>
      <trkpt lat="-22.624690029770136" lon="14.765450991690159">
        <ele>247.19999999999999</ele>
      </trkpt>
      <trkpt lat="-22.624659016728401" lon="14.765445962548256">
        <ele>247.59999999999999</ele>
      </trkpt>
      <trkpt lat="-22.624626997858286" lon="14.765440011397004">
        <ele>248</ele>
      </trkpt>
      <trkpt lat="-22.624597996473312" lon="14.765437999740243">
        <ele>248.40000000000001</ele>
      </trkpt>
      <trkpt lat="-22.624568995088339" lon="14.765434982255101">
        <ele>248.59999999999999</ele>
      </trkpt>
      <trkpt lat="-22.624540999531746" lon="14.765433976426721">
        <ele>249</ele>
      </trkpt>
      <trkpt lat="-22.624510992318392" lon="14.76543297059834">
        <ele>249.40000000000001</ele>
      </trkpt>
      <trkpt lat="-22.624481990933418" lon="14.765431964769959">
        <ele>249.80000000000001</ele>
      </trkpt>
      <trkpt lat="-22.624453995376825" lon="14.765429031103849">
        <ele>250</ele>
      </trkpt>
      <trkpt lat="-22.624425999820232" lon="14.765425007790327">
        <ele>250.40000000000001</ele>
      </trkpt>
      <trkpt lat="-22.624396998435259" lon="14.765424001961946">
        <ele>250.80000000000001</ele>
      </trkpt>
      <trkpt lat="-22.624364979565144" lon="14.765422996133566">
        <ele>250.80000000000001</ele>
      </trkpt>
      <trkpt lat="-22.624333966523409" lon="14.765421990305185">
        <ele>251</ele>
      </trkpt>
      <trkpt lat="-22.624301025643945" lon="14.765416961163282">
        <ele>251.19999999999999</ele>
      </trkpt>
      <trkpt lat="-22.62427001260221" lon="14.765412015840411">
        <ele>251.40000000000001</ele>
      </trkpt>
      <trkpt lat="-22.624236987903714" lon="14.765406986698508">
        <ele>251.59999999999999</ele>
      </trkpt>
      <trkpt lat="-22.62420698069036" lon="14.765402041375637">
        <ele>251.59999999999999</ele>
      </trkpt>
      <trkpt lat="-22.624177979305387" lon="14.765396006405354">
        <ele>251.59999999999999</ele>
      </trkpt>
      <trkpt lat="-22.624150989577174" lon="14.765388965606689">
        <ele>251.80000000000001</ele>
      </trkpt>
      <trkpt lat="-22.624121988192201" lon="14.765381002798676">
        <ele>251.80000000000001</ele>
      </trkpt>
      <trkpt lat="-22.624091980978847" lon="14.765373039990664">
        <ele>252</ele>
      </trkpt>
      <trkpt lat="-22.624061973765492" lon="14.765363987535238">
        <ele>252</ele>
      </trkpt>
      <trkpt lat="-22.624031966552138" lon="14.765358036383986">
        <ele>252.19999999999999</ele>
      </trkpt>
      <trkpt lat="-22.624002965167165" lon="14.765348983928561">
        <ele>252.40000000000001</ele>
      </trkpt>
      <trkpt lat="-22.623973963782191" lon="14.765339009463787">
        <ele>252.59999999999999</ele>
      </trkpt>
      <trkpt lat="-22.62394797988236" lon="14.765329034999013">
        <ele>252.80000000000001</ele>
      </trkpt>
      <trkpt lat="-22.623919984325767" lon="14.765318976715207">
        <ele>252.80000000000001</ele>
      </trkpt>
      <trkpt lat="-22.623892994597554" lon="14.765306990593672">
        <ele>253</ele>
      </trkpt>
      <trkpt lat="-22.623864999040961" lon="14.765295004472136">
        <ele>253.19999999999999</ele>
      </trkpt>
      <trkpt lat="-22.623838009312749" lon="14.76528100669384">
        <ele>253.40000000000001</ele>
      </trkpt>
      <trkpt lat="-22.623811019584537" lon="14.765267008915544">
        <ele>253.40000000000001</ele>
      </trkpt>
      <trkpt lat="-22.623784029856324" lon="14.765255022794008">
        <ele>253.59999999999999</ele>
      </trkpt>
      <trkpt lat="-22.623760979622602" lon="14.765242030844092">
        <ele>253.59999999999999</ele>
      </trkpt>
      <trkpt lat="-22.623737007379532" lon="14.765228033065796">
        <ele>254</ele>
      </trkpt>
      <trkpt lat="-22.623714962974191" lon="14.765211017802358">
        <ele>254</ele>
      </trkpt>
      <trkpt lat="-22.623693002387881" lon="14.765189979225397">
        <ele>254.19999999999999</ele>
      </trkpt>
      <trkpt lat="-22.623671963810921" lon="14.765167012810707">
        <ele>254.40000000000001</ele>
      </trkpt>
      <trkpt lat="-22.623650003224611" lon="14.765146980062127">
        <ele>254.40000000000001</ele>
      </trkpt>
      <trkpt lat="-22.623632987961173" lon="14.765127031132579">
        <ele>254.59999999999999</ele>
      </trkpt>
      <trkpt lat="-22.623618990182877" lon="14.765103980898857">
        <ele>254.59999999999999</ele>
      </trkpt>
      <trkpt lat="-22.6236039865762" lon="14.765084031969309">
        <ele>254.80000000000001</ele>
      </trkpt>
      <trkpt lat="-22.623588982969522" lon="14.765061987563968">
        <ele>254.80000000000001</ele>
      </trkpt>
      <trkpt lat="-22.623570961877704" lon="14.765042038634419">
        <ele>255</ele>
      </trkpt>
      <trkpt lat="-22.623550007119775" lon="14.765022005885839">
        <ele>255</ele>
      </trkpt>
      <trkpt lat="-22.623527040705085" lon="14.764997027814388">
        <ele>255</ele>
      </trkpt>
      <trkpt lat="-22.62349896132946" lon="14.764974983409047">
        <ele>255.19999999999999</ele>
      </trkpt>
      <trkpt lat="-22.623466020449996" lon="14.764953022822738">
        <ele>255.40000000000001</ele>
      </trkpt>
      <trkpt lat="-22.623428972437978" lon="14.764928966760635">
        <ele>255.40000000000001</ele>
      </trkpt>
      <trkpt lat="-22.623392008244991" lon="14.764903988689184">
        <ele>255.59999999999999</ele>
      </trkpt>
      <trkpt lat="-22.623355966061354" lon="14.76487398147583">
        <ele>255.59999999999999</ele>
      </trkpt>
      <trkpt lat="-22.623327970504761" lon="14.764838023111224">
        <ele>255.59999999999999</ele>
      </trkpt>
      <trkpt lat="-22.623310033231974" lon="14.764798963442445">
        <ele>255.59999999999999</ele>
      </trkpt>
      <trkpt lat="-22.623299974948168" lon="14.764755964279175">
        <ele>255.59999999999999</ele>
      </trkpt>
      <trkpt lat="-22.623299974948168" lon="14.764710031449795">
        <ele>255.59999999999999</ele>
      </trkpt>
      <trkpt lat="-22.623310033231974" lon="14.764663008973002">
        <ele>255.59999999999999</ele>
      </trkpt>
      <trkpt lat="-22.623325036838651" lon="14.764620009809732">
        <ele>255.59999999999999</ele>
      </trkpt>
      <trkpt lat="-22.623349009081721" lon="14.764582039788365">
        <ele>255.59999999999999</ele>
      </trkpt>
      <trkpt lat="-22.623382033780217" lon="14.764547003433108">
        <ele>255.59999999999999</ele>
      </trkpt>
      <trkpt lat="-22.623425032943487" lon="14.764519007876515">
        <ele>255.40000000000001</ele>
      </trkpt>
      <trkpt lat="-22.623473983258009" lon="14.764491012319922">
        <ele>255</ele>
      </trkpt>
      <trkpt lat="-22.623526034876704" lon="14.764469973742962">
        <ele>254.19999999999999</ele>
      </trkpt>
      <trkpt lat="-22.623592000454664" lon="14.764453964307904">
        <ele>253.59999999999999</ele>
      </trkpt>
      <trkpt lat="-22.623639022931457" lon="14.764449018985033">
        <ele>253</ele>
      </trkpt>
      <trkpt lat="-22.623699959367514" lon="14.764438038691878">
        <ele>252.40000000000001</ele>
      </trkpt>
      <trkpt lat="-22.623757962137461" lon="14.76442102342844">
        <ele>251.80000000000001</ele>
      </trkpt>
      <trkpt lat="-22.623816970735788" lon="14.764393027871847">
        <ele>251.19999999999999</ele>
      </trkpt>
      <trkpt lat="-22.623870028182864" lon="14.764355979859829">
        <ele>251</ele>
      </trkpt>
      <trkpt lat="-22.623918978497386" lon="14.764310969039798">
        <ele>250.80000000000001</ele>
      </trkpt>
      <trkpt lat="-22.623962983489037" lon="14.764257995411754">
        <ele>250.40000000000001</ele>
      </trkpt>
      <trkpt lat="-22.624003970995545" lon="14.76420602761209">
        <ele>250.40000000000001</ele>
      </trkpt>
      <trkpt lat="-22.624045964330435" lon="14.764156993478537">
        <ele>250.19999999999999</ele>
      </trkpt>
      <trkpt lat="-22.624084018170834" lon="14.764112988486886">
        <ele>250.19999999999999</ele>
      </trkpt>
      <trkpt lat="-22.624118970707059" lon="14.764072000980377">
        <ele>250</ele>
      </trkpt>
      <trkpt lat="-22.624150989577174" lon="14.764027995988727">
        <ele>249.80000000000001</ele>
      </trkpt>
      <trkpt lat="-22.624179990962148" lon="14.763987008482218">
        <ele>249.80000000000001</ele>
      </trkpt>
      <trkpt lat="-22.62420698069036" lon="14.763945015147328">
        <ele>249.59999999999999</ele>
      </trkpt>
      <trkpt lat="-22.624234976246953" lon="14.7639050334692">
        <ele>249.40000000000001</ele>
      </trkpt>
      <trkpt lat="-22.624264983460307" lon="14.76386203430593">
        <ele>249.19999999999999</ele>
      </trkpt>
      <trkpt lat="-22.6242929790169" lon="14.763816017657518">
        <ele>249</ele>
      </trkpt>
      <trkpt lat="-22.624326003715396" lon="14.763768995180726">
        <ele>249</ele>
      </trkpt>
      <trkpt lat="-22.624372020363808" lon="14.763715015724301">
        <ele>248.80000000000001</ele>
      </trkpt>
      <trkpt lat="-22.624404961243272" lon="14.763680985197425">
        <ele>248.59999999999999</ele>
      </trkpt>
      <trkpt lat="-22.624451983720064" lon="14.763635974377394">
        <ele>248.59999999999999</ele>
      </trkpt>
      <trkpt lat="-22.624499006196856" lon="14.763590963557363">
        <ele>248.40000000000001</ele>
      </trkpt>
      <trkpt lat="-22.624545022845268" lon="14.763545030727983">
        <ele>248.40000000000001</ele>
      </trkpt>
      <trkpt lat="-22.624591961503029" lon="14.763494990766048">
        <ele>248.19999999999999</ele>
      </trkpt>
      <trkpt lat="-22.624639989808202" lon="14.763438999652863">
        <ele>248</ele>
      </trkpt>
      <trkpt lat="-22.624681983143091" lon="14.763379991054535">
        <ele>248</ele>
      </trkpt>
      <trkpt lat="-22.624727999791503" lon="14.763318970799446">
        <ele>247.59999999999999</ele>
      </trkpt>
      <trkpt lat="-22.624772004783154" lon="14.763256022706628">
        <ele>247.59999999999999</ele>
      </trkpt>
      <trkpt lat="-22.624815003946424" lon="14.763190979138017">
        <ele>247.40000000000001</ele>
      </trkpt>
      <trkpt lat="-22.624854985624552" lon="14.763125013560057">
        <ele>247.40000000000001</ele>
      </trkpt>
      <trkpt lat="-22.624896978959441" lon="14.763057036325336">
        <ele>247.40000000000001</ele>
      </trkpt>
      <trkpt lat="-22.624940983951092" lon="14.762986963614821">
        <ele>247</ele>
      </trkpt>
      <trkpt lat="-22.624983983114362" lon="14.76291798055172">
        <ele>246.80000000000001</ele>
      </trkpt>
      <trkpt lat="-22.625025976449251" lon="14.762847991660237">
        <ele>246.59999999999999</ele>
      </trkpt>
      <trkpt lat="-22.625071993097663" lon="14.762774985283613">
        <ele>246.40000000000001</ele>
      </trkpt>
      <trkpt lat="-22.625119015574455" lon="14.76270298473537">
        <ele>246.19999999999999</ele>
      </trkpt>
      <trkpt lat="-22.625165032222867" lon="14.762628972530365">
        <ele>246</ele>
      </trkpt>
      <trkpt lat="-22.625219011679292" lon="14.762541968375444">
        <ele>245.19999999999999</ele>
      </trkpt>
      <trkpt lat="-22.625252958387136" lon="14.762482959777117">
        <ele>244.59999999999999</ele>
      </trkpt>
      <trkpt lat="-22.625290006399155" lon="14.762410037219524">
        <ele>244.40000000000001</ele>
      </trkpt>
      <trkpt lat="-22.625326970592141" lon="14.762334013357759">
        <ele>244</ele>
      </trkpt>
      <trkpt lat="-22.625364018604159" lon="14.762257989495993">
        <ele>243.80000000000001</ele>
      </trkpt>
      <trkpt lat="-22.625397965312004" lon="14.762183977290988">
        <ele>243.40000000000001</ele>
      </trkpt>
      <trkpt lat="-22.6254309900105" lon="14.762109965085983">
        <ele>243.19999999999999</ele>
      </trkpt>
      <trkpt lat="-22.625464014708996" lon="14.76203897036612">
        <ele>242.80000000000001</ele>
      </trkpt>
      <trkpt lat="-22.625495027750731" lon="14.76197199895978">
        <ele>242.59999999999999</ele>
      </trkpt>
      <trkpt lat="-22.625524029135704" lon="14.76190997287631">
        <ele>242.19999999999999</ele>
      </trkpt>
      <trkpt lat="-22.625552024692297" lon="14.761851970106363">
        <ele>242</ele>
      </trkpt>
      <trkpt lat="-22.625583037734032" lon="14.761794973164797">
        <ele>241.80000000000001</ele>
      </trkpt>
      <trkpt lat="-22.625613966956735" lon="14.761741999536753">
        <ele>241.80000000000001</ele>
      </trkpt>
      <trkpt lat="-22.625643974170089" lon="14.761692965403199">
        <ele>241.40000000000001</ele>
      </trkpt>
      <trkpt lat="-22.625675993040204" lon="14.7616480384022">
        <ele>240.80000000000001</ele>
      </trkpt>
      <trkpt lat="-22.625711029395461" lon="14.761605961248279">
        <ele>240.40000000000001</ele>
      </trkpt>
      <trkpt lat="-22.625746987760067" lon="14.76156497374177">
        <ele>240.19999999999999</ele>
      </trkpt>
      <trkpt lat="-22.625785963609815" lon="14.761523986235261">
        <ele>240</ele>
      </trkpt>
      <trkpt lat="-22.625824017450213" lon="14.761486016213894">
        <ele>239.80000000000001</ele>
      </trkpt>
      <trkpt lat="-22.625865004956722" lon="14.761449974030256">
        <ele>239.80000000000001</ele>
      </trkpt>
      <trkpt lat="-22.625906998291612" lon="14.76141300983727">
        <ele>239.40000000000001</ele>
      </trkpt>
      <trkpt lat="-22.625948991626501" lon="14.761376967653632">
        <ele>239.19999999999999</ele>
      </trkpt>
      <trkpt lat="-22.625995008274913" lon="14.761341009289026">
        <ele>239.19999999999999</ele>
      </trkpt>
      <trkpt lat="-22.626043958589435" lon="14.761304967105389">
        <ele>239</ele>
      </trkpt>
      <trkpt lat="-22.626090981066227" lon="14.761266997084022">
        <ele>238.59999999999999</ele>
      </trkpt>
      <trkpt lat="-22.626135991886258" lon="14.761229027062654">
        <ele>238.19999999999999</ele>
      </trkpt>
      <trkpt lat="-22.626177985221148" lon="14.761188039556146">
        <ele>238</ele>
      </trkpt>
      <trkpt lat="-22.626216039061546" lon="14.761141017079353">
        <ele>237.80000000000001</ele>
      </trkpt>
      <trkpt lat="-22.626253003254533" lon="14.761098017916083">
        <ele>237.40000000000001</ele>
      </trkpt>
      <trkpt lat="-22.626284016296268" lon="14.761058036237955">
        <ele>237.19999999999999</ele>
      </trkpt>
      <trkpt lat="-22.626308994367719" lon="14.761021994054317">
        <ele>237</ele>
      </trkpt>
      <trkpt lat="-22.626329027116299" lon="14.760987041518092">
        <ele>236.80000000000001</ele>
      </trkpt>
      <trkpt lat="-22.626341013237834" lon="14.760955022647977">
        <ele>236.80000000000001</ele>
      </trkpt>
      <trkpt lat="-22.626352999359369" lon="14.760924009606242">
        <ele>236.59999999999999</ele>
      </trkpt>
      <trkpt lat="-22.626368002966046" lon="14.760892996564507">
        <ele>236.40000000000001</ele>
      </trkpt>
      <trkpt lat="-22.626385018229485" lon="14.760858966037631">
        <ele>236</ele>
      </trkpt>
      <trkpt lat="-22.626406978815794" lon="14.760820996016264">
        <ele>235.80000000000001</ele>
      </trkpt>
      <trkpt lat="-22.626431034877896" lon="14.760780008509755">
        <ele>235.59999999999999</ele>
      </trkpt>
      <trkpt lat="-22.626459030434489" lon="14.760739021003246">
        <ele>235.40000000000001</ele>
      </trkpt>
      <trkpt lat="-22.626491971313953" lon="14.760695016011596">
        <ele>235.40000000000001</ele>
      </trkpt>
      <trkpt lat="-22.62652600184083" lon="14.760653022676706">
        <ele>235.19999999999999</ele>
      </trkpt>
      <trkpt lat="-22.626558020710945" lon="14.760610023513436">
        <ele>235</ele>
      </trkpt>
      <trkpt lat="-22.62659003958106" lon="14.760569036006927">
        <ele>235</ele>
      </trkpt>
      <trkpt lat="-22.626622980460525" lon="14.760526036843657">
        <ele>234.80000000000001</ele>
      </trkpt>
      <trkpt lat="-22.62665499933064" lon="14.760483037680387">
        <ele>234.80000000000001</ele>
      </trkpt>
      <trkpt lat="-22.626690035685897" lon="14.760437021031976">
        <ele>234.59999999999999</ele>
      </trkpt>
      <trkpt lat="-22.626723982393742" lon="14.760391004383564">
        <ele>234.59999999999999</ele>
      </trkpt>
      <trkpt lat="-22.626759018748999" lon="14.760345993563533">
        <ele>234.19999999999999</ele>
      </trkpt>
      <trkpt lat="-22.626793971285224" lon="14.760301988571882">
        <ele>234</ele>
      </trkpt>
      <trkpt lat="-22.626832025125623" lon="14.76025597192347">
        <ele>233.80000000000001</ele>
      </trkpt>
      <trkpt lat="-22.62687100097537" lon="14.760207021608949">
        <ele>233.59999999999999</ele>
      </trkpt>
      <trkpt lat="-22.626911988481879" lon="14.760156981647015">
        <ele>233.40000000000001</ele>
      </trkpt>
      <trkpt lat="-22.626952975988388" lon="14.76010300219059">
        <ele>233.19999999999999</ele>
      </trkpt>
      <trkpt lat="-22.626996980980039" lon="14.760048016905785">
        <ele>233.19999999999999</ele>
      </trkpt>
      <trkpt lat="-22.62704199180007" lon="14.759991019964218">
        <ele>233.19999999999999</ele>
      </trkpt>
      <trkpt lat="-22.627090020105243" lon="14.75993100553751">
        <ele>232.80000000000001</ele>
      </trkpt>
      <trkpt lat="-22.627140982076526" lon="14.75986797362566">
        <ele>232.59999999999999</ele>
      </trkpt>
      <trkpt lat="-22.62719102203846" lon="14.759803013876081">
        <ele>232.19999999999999</ele>
      </trkpt>
      <trkpt lat="-22.627241984009743" lon="14.759735958650708">
        <ele>232.19999999999999</ele>
      </trkpt>
      <trkpt lat="-22.627292023971677" lon="14.759674016386271">
        <ele>232</ele>
      </trkpt>
      <trkpt lat="-22.627338962629437" lon="14.759615007787943">
        <ele>231.80000000000001</ele>
      </trkpt>
      <trkpt lat="-22.627383973449469" lon="14.759555999189615">
        <ele>231.59999999999999</ele>
      </trkpt>
      <trkpt lat="-22.62742999009788" lon="14.759499002248049">
        <ele>231.19999999999999</ele>
      </trkpt>
      <trkpt lat="-22.627478018403053" lon="14.759442005306482">
        <ele>231</ele>
      </trkpt>
      <trkpt lat="-22.627527974545956" lon="14.759386014193296">
        <ele>231</ele>
      </trkpt>
      <trkpt lat="-22.627580026164651" lon="14.759330023080111">
        <ele>230.80000000000001</ele>
      </trkpt>
      <trkpt lat="-22.627637023106217" lon="14.759273026138544">
        <ele>230.59999999999999</ele>
      </trkpt>
      <trkpt lat="-22.627691002562642" lon="14.759214017540216">
        <ele>230.40000000000001</ele>
      </trkpt>
      <trkpt lat="-22.627744982019067" lon="14.759154003113508">
        <ele>230.40000000000001</ele>
      </trkpt>
      <trkpt lat="-22.627798039466143" lon="14.759094994515181">
        <ele>230.40000000000001</ele>
      </trkpt>
      <trkpt lat="-22.627850007265806" lon="14.759036991745234">
        <ele>230.19999999999999</ele>
      </trkpt>
      <trkpt lat="-22.627896023914218" lon="14.758978988975286">
        <ele>230.19999999999999</ele>
      </trkpt>
      <trkpt lat="-22.627934999763966" lon="14.75892199203372">
        <ele>230</ele>
      </trkpt>
      <trkpt lat="-22.627970958128572" lon="14.758867006748915">
        <ele>230</ele>
      </trkpt>
      <trkpt lat="-22.628004988655448" lon="14.758814033120871">
        <ele>229.80000000000001</ele>
      </trkpt>
      <trkpt lat="-22.628039019182324" lon="14.758760975673795">
        <ele>229.80000000000001</ele>
      </trkpt>
      <trkpt lat="-22.62807397171855" lon="14.758710013702512">
        <ele>229.59999999999999</ele>
      </trkpt>
      <trkpt lat="-22.628112025558949" lon="14.758660979568958">
        <ele>229.59999999999999</ele>
      </trkpt>
      <trkpt lat="-22.628148989751935" lon="14.758614962920547">
        <ele>229.59999999999999</ele>
      </trkpt>
      <trkpt lat="-22.628183020278811" lon="14.758568024262786">
        <ele>229.59999999999999</ele>
      </trkpt>
      <trkpt lat="-22.628215961158276" lon="14.758522007614374">
        <ele>229.59999999999999</ele>
      </trkpt>
      <trkpt lat="-22.628248985856771" lon="14.758478002622724">
        <ele>229.59999999999999</ele>
      </trkpt>
      <trkpt lat="-22.628279998898506" lon="14.758435003459454">
        <ele>229.59999999999999</ele>
      </trkpt>
      <trkpt lat="-22.628313023597002" lon="14.758393010124564">
        <ele>229.59999999999999</ele>
      </trkpt>
      <trkpt lat="-22.628346970304847" lon="14.758351016789675">
        <ele>229.80000000000001</ele>
      </trkpt>
      <trkpt lat="-22.628379995003343" lon="14.758310029283166">
        <ele>229.80000000000001</ele>
      </trkpt>
      <trkpt lat="-22.628413019701838" lon="14.758267030119896">
        <ele>229.80000000000001</ele>
      </trkpt>
      <trkpt lat="-22.628445960581303" lon="14.758222019299865">
        <ele>230</ele>
      </trkpt>
      <trkpt lat="-22.628473034128547" lon="14.758179020136595">
        <ele>230</ele>
      </trkpt>
      <trkpt lat="-22.628498012199998" lon="14.758136020973325">
        <ele>230.19999999999999</ele>
      </trkpt>
      <trkpt lat="-22.628522990271449" lon="14.758091010153294">
        <ele>230.40000000000001</ele>
      </trkpt>
      <trkpt lat="-22.628543023020029" lon="14.758045999333262">
        <ele>230.59999999999999</ele>
      </trkpt>
      <trkpt lat="-22.628559032455087" lon="14.75799897685647">
        <ele>230.80000000000001</ele>
      </trkpt>
      <trkpt lat="-22.628570012748241" lon="14.757952038198709">
        <ele>231.19999999999999</ele>
      </trkpt>
      <trkpt lat="-22.628569006919861" lon="14.757903004065156">
        <ele>231.40000000000001</ele>
      </trkpt>
      <trkpt lat="-22.628554003313184" lon="14.757866039872169">
        <ele>231.40000000000001</ele>
      </trkpt>
      <trkpt lat="-22.628531036898494" lon="14.757838966324925">
        <ele>231.59999999999999</ele>
      </trkpt>
      <trkpt lat="-22.62850203551352" lon="14.757819017395377">
        <ele>232</ele>
      </trkpt>
      <trkpt lat="-22.628466999158263" lon="14.75780300796032">
        <ele>232.19999999999999</ele>
      </trkpt>
      <trkpt lat="-22.628425005823374" lon="14.757793033495545">
        <ele>232.40000000000001</ele>
      </trkpt>
      <trkpt lat="-22.628377983346581" lon="14.75778398104012">
        <ele>232.59999999999999</ele>
      </trkpt>
      <trkpt lat="-22.62833196669817" lon="14.757773000746965">
        <ele>232.80000000000001</ele>
      </trkpt>
      <trkpt lat="-22.62828603386879" lon="14.757752967998385">
        <ele>233</ele>
      </trkpt>
      <trkpt lat="-22.62824303470552" lon="14.757723966613412">
        <ele>233.19999999999999</ele>
      </trkpt>
      <trkpt lat="-22.628210010007024" lon="14.757683984935284">
        <ele>233.19999999999999</ele>
      </trkpt>
      <trkpt lat="-22.628188971430063" lon="14.757636040449142">
        <ele>233.19999999999999</ele>
      </trkpt>
      <trkpt lat="-22.628177991136909" lon="14.757586000487208">
        <ele>233.19999999999999</ele>
      </trkpt>
      <trkpt lat="-22.628174973651767" lon="14.757532021030784">
        <ele>233.19999999999999</ele>
      </trkpt>
      <trkpt lat="-22.628177991136909" lon="14.757476029917598">
        <ele>233.19999999999999</ele>
      </trkpt>
      <trkpt lat="-22.628187965601683" lon="14.757420038804412">
        <ele>233.19999999999999</ele>
      </trkpt>
      <trkpt lat="-22.628201963379979" lon="14.757363963872194">
        <ele>233.19999999999999</ele>
      </trkpt>
      <trkpt lat="-22.628219984471798" lon="14.757306966930628">
        <ele>233.19999999999999</ele>
      </trkpt>
      <trkpt lat="-22.628241023048759" lon="14.757249969989061">
        <ele>233.19999999999999</ele>
      </trkpt>
      <trkpt lat="-22.628264995291829" lon="14.757188027724624">
        <ele>233</ele>
      </trkpt>
      <trkpt lat="-22.628292990848422" lon="14.757126001641154">
        <ele>233</ele>
      </trkpt>
      <trkpt lat="-22.628322998061776" lon="14.757062969729304">
        <ele>233</ele>
      </trkpt>
      <trkpt lat="-22.628355016931891" lon="14.756999015808105">
        <ele>232.80000000000001</ele>
      </trkpt>
      <trkpt lat="-22.628390975296497" lon="14.756935983896255">
        <ele>232.59999999999999</ele>
      </trkpt>
      <trkpt lat="-22.628430034965277" lon="14.756874963641167">
        <ele>232.59999999999999</ele>
      </trkpt>
      <trkpt lat="-22.628468004986644" lon="14.756816038861871">
        <ele>232.59999999999999</ele>
      </trkpt>
      <trkpt lat="-22.628505975008011" lon="14.756755018606782">
        <ele>232.40000000000001</ele>
      </trkpt>
      <trkpt lat="-22.628541011363268" lon="14.756687041372061">
        <ele>232.19999999999999</ele>
      </trkpt>
      <trkpt lat="-22.628569006919861" lon="14.75662300363183">
        <ele>232</ele>
      </trkpt>
      <trkpt lat="-22.62858996167779" lon="14.756566006690264">
        <ele>231.59999999999999</ele>
      </trkpt>
      <trkpt lat="-22.628603037446737" lon="14.756511021405458">
        <ele>231.59999999999999</ele>
      </trkpt>
      <trkpt lat="-22.628603037446737" lon="14.756462993100286">
        <ele>231.40000000000001</ele>
      </trkpt>
      <trkpt lat="-22.628592979162931" lon="14.756418988108635">
        <ele>231</ele>
      </trkpt>
      <trkpt lat="-22.628576969727874" lon="14.756380012258887">
        <ele>230.59999999999999</ele>
      </trkpt>
      <trkpt lat="-22.628559032455087" lon="14.756342964246869">
        <ele>230.19999999999999</ele>
      </trkpt>
      <trkpt lat="-22.628530031070113" lon="14.756298959255219">
        <ele>229.80000000000001</ele>
      </trkpt>
      <trkpt lat="-22.628509998321533" lon="14.756269035860896">
        <ele>229.59999999999999</ele>
      </trkpt>
      <trkpt lat="-22.628486026078463" lon="14.756228970363736">
        <ele>229.40000000000001</ele>
      </trkpt>
      <trkpt lat="-22.628462975844741" lon="14.756181025877595">
        <ele>229.19999999999999</ele>
      </trkpt>
      <trkpt lat="-22.628441015258431" lon="14.756124028936028">
        <ele>228.80000000000001</ele>
      </trkpt>
      <trkpt lat="-22.628421988338232" lon="14.75606300868094">
        <ele>228.59999999999999</ele>
      </trkpt>
      <trkpt lat="-22.628403967246413" lon="14.75600098259747">
        <ele>228.59999999999999</ele>
      </trkpt>
      <trkpt lat="-22.628389969468117" lon="14.755936022847891">
        <ele>228.19999999999999</ele>
      </trkpt>
      <trkpt lat="-22.628381000831723" lon="14.755867039784789">
        <ele>228</ele>
      </trkpt>
      <trkpt lat="-22.62837597168982" lon="14.755794033408165">
        <ele>227.80000000000001</ele>
      </trkpt>
      <trkpt lat="-22.628371026366949" lon="14.75572002120316">
        <ele>227.80000000000001</ele>
      </trkpt>
      <trkpt lat="-22.628370020538568" lon="14.755645003169775">
        <ele>227.59999999999999</ele>
      </trkpt>
      <trkpt lat="-22.628370020538568" lon="14.755568979308009">
        <ele>227.40000000000001</ele>
      </trkpt>
      <trkpt lat="-22.62837303802371" lon="14.755492033436894">
        <ele>227</ele>
      </trkpt>
      <trkpt lat="-22.62837597168982" lon="14.755415003746748">
        <ele>226.59999999999999</ele>
      </trkpt>
      <trkpt lat="-22.628384018316865" lon="14.75533302873373">
        <ele>226.59999999999999</ele>
      </trkpt>
      <trkpt lat="-22.628390975296497" lon="14.75524895824492">
        <ele>226.40000000000001</ele>
      </trkpt>
      <trkpt lat="-22.628398016095161" lon="14.755166983231902">
        <ele>226.19999999999999</ele>
      </trkpt>
      <trkpt lat="-22.628405978903174" lon="14.755087019875646">
        <ele>225.80000000000001</ele>
      </trkpt>
      <trkpt lat="-22.62841897085309" lon="14.75498802959919">
        <ele>225.40000000000001</ele>
      </trkpt>
      <trkpt lat="-22.628430034965277" lon="14.754921980202198">
        <ele>225</ele>
      </trkpt>
      <trkpt lat="-22.628444032743573" lon="14.754837993532419">
        <ele>224.80000000000001</ele>
      </trkpt>
      <trkpt lat="-22.62845803052187" lon="14.75475300103426">
        <ele>224.59999999999999</ele>
      </trkpt>
      <trkpt lat="-22.628470016643405" lon="14.754663985222578">
        <ele>224.19999999999999</ele>
      </trkpt>
      <trkpt lat="-22.62848099693656" lon="14.754578992724419">
        <ele>224</ele>
      </trkpt>
      <trkpt lat="-22.628489965572953" lon="14.754494000226259">
        <ele>223.59999999999999</ele>
      </trkpt>
      <trkpt lat="-22.628499018028378" lon="14.754408001899719">
        <ele>223.59999999999999</ele>
      </trkpt>
      <trkpt lat="-22.62850203551352" lon="14.754322003573179">
        <ele>223.40000000000001</ele>
      </trkpt>
      <trkpt lat="-22.62850102968514" lon="14.754236005246639">
        <ele>223</ele>
      </trkpt>
      <trkpt lat="-22.628499018028378" lon="14.754149001091719">
        <ele>222.80000000000001</ele>
      </trkpt>
      <trkpt lat="-22.628492983058095" lon="14.754060991108418">
        <ele>222.40000000000001</ele>
      </trkpt>
      <trkpt lat="-22.62848200276494" lon="14.753977004438639">
        <ele>222.19999999999999</ele>
      </trkpt>
      <trkpt lat="-22.628466999158263" lon="14.75389301776886">
        <ele>221.59999999999999</ele>
      </trkpt>
      <trkpt lat="-22.628449983894825" lon="14.75381095893681">
        <ele>221.19999999999999</ele>
      </trkpt>
      <trkpt lat="-22.628431962803006" lon="14.753727978095412">
        <ele>221</ele>
      </trkpt>
      <trkpt lat="-22.628413019701838" lon="14.753641979768872">
        <ele>220.59999999999999</ele>
      </trkpt>
      <trkpt lat="-22.62839499861002" lon="14.753561010584235">
        <ele>220.19999999999999</ele>
      </trkpt>
      <trkpt lat="-22.628377983346581" lon="14.753488004207611">
        <ele>220</ele>
      </trkpt>
      <trkpt lat="-22.628361973911524" lon="14.753423966467381">
        <ele>219.59999999999999</ele>
      </trkpt>
      <trkpt lat="-22.628345964476466" lon="14.753375016152859">
        <ele>219.40000000000001</ele>
      </trkpt>
      <trkpt lat="-22.62833003886044" lon="14.753332016989589">
        <ele>219.19999999999999</ele>
      </trkpt>
      <trkpt lat="-22.628306988626719" lon="14.75329102948308">
        <ele>218.80000000000001</ele>
      </trkpt>
      <trkpt lat="-22.628278993070126" lon="14.753252975642681">
        <ele>218.40000000000001</ele>
      </trkpt>
      <trkpt lat="-22.628242028877139" lon="14.753216011449695">
        <ele>218.19999999999999</ele>
      </trkpt>
      <trkpt lat="-22.628198023885489" lon="14.753183992579579">
        <ele>218.19999999999999</ele>
      </trkpt>
      <trkpt lat="-22.628153013065457" lon="14.753160020336509">
        <ele>217.80000000000001</ele>
      </trkpt>
      <trkpt lat="-22.628106996417046" lon="14.753139987587929">
        <ele>217.80000000000001</ele>
      </trkpt>
      <trkpt lat="-22.628060979768634" lon="14.753122972324491">
        <ele>217.59999999999999</ele>
      </trkpt>
      <trkpt lat="-22.628015968948603" lon="14.753106962889433">
        <ele>217.40000000000001</ele>
      </trkpt>
      <trkpt lat="-22.627970036119223" lon="14.753089025616646">
        <ele>217.40000000000001</ele>
      </trkpt>
      <trkpt lat="-22.627925025299191" lon="14.753068992868066">
        <ele>217.40000000000001</ele>
      </trkpt>
      <trkpt lat="-22.62788001447916" lon="14.753053989261389">
        <ele>217.19999999999999</ele>
      </trkpt>
      <trkpt lat="-22.627833997830749" lon="14.753040997311473">
        <ele>217.19999999999999</ele>
      </trkpt>
      <trkpt lat="-22.627786975353956" lon="14.753031022846699">
        <ele>217.19999999999999</ele>
      </trkpt>
      <trkpt lat="-22.627741964533925" lon="14.753019958734512">
        <ele>217</ele>
      </trkpt>
      <trkpt lat="-22.627697959542274" lon="14.753010990098119">
        <ele>216.80000000000001</ele>
      </trkpt>
      <trkpt lat="-22.627653032541275" lon="14.753000009804964">
        <ele>216.80000000000001</ele>
      </trkpt>
      <trkpt lat="-22.627608021721244" lon="14.752988023683429">
        <ele>216.80000000000001</ele>
      </trkpt>
      <trkpt lat="-22.627565022557974" lon="14.752976959571242">
        <ele>216.80000000000001</ele>
      </trkpt>
      <trkpt lat="-22.627523029223084" lon="14.752963967621326">
        <ele>216.80000000000001</ele>
      </trkpt>
      <trkpt lat="-22.627481035888195" lon="14.752947958186269">
        <ele>216.80000000000001</ele>
      </trkpt>
      <trkpt lat="-22.627439964562654" lon="14.752933960407972">
        <ele>217</ele>
      </trkpt>
      <trkpt lat="-22.627398977056146" lon="14.75292700342834">
        <ele>217</ele>
      </trkpt>
      <trkpt lat="-22.627356983721256" lon="14.752919962629676">
        <ele>217.19999999999999</ele>
      </trkpt>
      <trkpt lat="-22.627315996214747" lon="14.752913005650043">
        <ele>217.19999999999999</ele>
      </trkpt>
      <trkpt lat="-22.62727802619338" lon="14.752902025356889">
        <ele>217.19999999999999</ele>
      </trkpt>
      <trkpt lat="-22.627239972352982" lon="14.752890039235353">
        <ele>217.19999999999999</ele>
      </trkpt>
      <trkpt lat="-22.627204013988376" lon="14.752877969294786">
        <ele>217.40000000000001</ele>
      </trkpt>
      <trkpt lat="-22.627168977633119" lon="14.752869000658393">
        <ele>217.59999999999999</ele>
      </trkpt>
      <trkpt lat="-22.627134025096893" lon="14.75286103785038">
        <ele>218</ele>
      </trkpt>
      <trkpt lat="-22.627102006226778" lon="14.752853997051716">
        <ele>218.19999999999999</ele>
      </trkpt>
      <trkpt lat="-22.627073004841805" lon="14.752847962081432">
        <ele>218.19999999999999</ele>
      </trkpt>
      <trkpt lat="-22.627047020941973" lon="14.7528410051018">
        <ele>218.40000000000001</ele>
      </trkpt>
      <trkpt lat="-22.62702003121376" lon="14.752833964303136">
        <ele>218.59999999999999</ele>
      </trkpt>
      <trkpt lat="-22.626993963494897" lon="14.752823989838362">
        <ele>218.59999999999999</ele>
      </trkpt>
      <trkpt lat="-22.626965967938304" lon="14.752816027030349">
        <ele>218.59999999999999</ele>
      </trkpt>
      <trkpt lat="-22.626937972381711" lon="14.752809992060065">
        <ele>218.80000000000001</ele>
      </trkpt>
      <trkpt lat="-22.626909976825118" lon="14.752803035080433">
        <ele>219</ele>
      </trkpt>
      <trkpt lat="-22.626879969611764" lon="14.752795994281769">
        <ele>219</ele>
      </trkpt>
      <trkpt lat="-22.626849040389061" lon="14.752788031473756">
        <ele>219</ele>
      </trkpt>
      <trkpt lat="-22.626820961013436" lon="14.752779984846711">
        <ele>219</ele>
      </trkpt>
      <trkpt lat="-22.626791037619114" lon="14.752774033695459">
        <ele>219.19999999999999</ele>
      </trkpt>
      <trkpt lat="-22.626762958243489" lon="14.752765987068415">
        <ele>219.19999999999999</ele>
      </trkpt>
      <trkpt lat="-22.626736974343657" lon="14.752759030088782">
        <ele>219.40000000000001</ele>
      </trkpt>
      <trkpt lat="-22.626709984615445" lon="14.752751989290118">
        <ele>219.59999999999999</ele>
      </trkpt>
      <trkpt lat="-22.626689029857516" lon="14.752746038138866">
        <ele>219.80000000000001</ele>
      </trkpt>
      <trkpt lat="-22.626667991280556" lon="14.752735979855061">
        <ele>219.80000000000001</ele>
      </trkpt>
      <trkpt lat="-22.626647036522627" lon="14.752726005390286">
        <ele>219.80000000000001</ele>
      </trkpt>
      <trkpt lat="-22.626623986288905" lon="14.752713013440371">
        <ele>220</ele>
      </trkpt>
      <trkpt lat="-22.626600014045835" lon="14.752703960984945">
        <ele>220</ele>
      </trkpt>
      <trkpt lat="-22.626574030146003" lon="14.752692980691791">
        <ele>220.19999999999999</ele>
      </trkpt>
      <trkpt lat="-22.62654603458941" lon="14.752684012055397">
        <ele>220.19999999999999</ele>
      </trkpt>
      <trkpt lat="-22.626517033204436" lon="14.752673031762242">
        <ele>220.40000000000001</ele>
      </trkpt>
      <trkpt lat="-22.626487025991082" lon="14.752662973478436">
        <ele>220.40000000000001</ele>
      </trkpt>
      <trkpt lat="-22.626457018777728" lon="14.752655010670424">
        <ele>220.40000000000001</ele>
      </trkpt>
      <trkpt lat="-22.626424999907613" lon="14.752642018720508">
        <ele>220.59999999999999</ele>
      </trkpt>
      <trkpt lat="-22.626391975209117" lon="14.752630032598972">
        <ele>220.59999999999999</ele>
      </trkpt>
      <trkpt lat="-22.626360962167382" lon="14.752620980143547">
        <ele>220.80000000000001</ele>
      </trkpt>
      <trkpt lat="-22.626328021287918" lon="14.752613017335534">
        <ele>220.80000000000001</ele>
      </trkpt>
      <trkpt lat="-22.626293990761042" lon="14.752604970708489">
        <ele>220.80000000000001</ele>
      </trkpt>
      <trkpt lat="-22.626259960234165" lon="14.752597007900476">
        <ele>221</ele>
      </trkpt>
      <trkpt lat="-22.626227019354701" lon="14.752588961273432">
        <ele>221</ele>
      </trkpt>
      <trkpt lat="-22.626195000484586" lon="14.752580998465419">
        <ele>221.19999999999999</ele>
      </trkpt>
      <trkpt lat="-22.626160969957709" lon="14.752569012343884">
        <ele>221.40000000000001</ele>
      </trkpt>
      <trkpt lat="-22.626129034906626" lon="14.752557026222348">
        <ele>221.40000000000001</ele>
      </trkpt>
      <trkpt lat="-22.62609601020813" lon="14.752547973766923">
        <ele>221.80000000000001</ele>
      </trkpt>
      <trkpt lat="-22.626062985509634" lon="14.752537999302149">
        <ele>221.80000000000001</ele>
      </trkpt>
      <trkpt lat="-22.626029038801789" lon="14.752528024837375">
        <ele>221.80000000000001</ele>
      </trkpt>
      <trkpt lat="-22.625996014103293" lon="14.752517966553569">
        <ele>222</ele>
      </trkpt>
      <trkpt lat="-22.625962989404798" lon="14.752506986260414">
        <ele>222.19999999999999</ele>
      </trkpt>
      <trkpt lat="-22.625929964706302" lon="14.752495000138879">
        <ele>222.19999999999999</ele>
      </trkpt>
      <trkpt lat="-22.625898029655218" lon="14.752486031502485">
        <ele>222.40000000000001</ele>
      </trkpt>
      <trkpt lat="-22.625865004956722" lon="14.752474967390299">
        <ele>222.59999999999999</ele>
      </trkpt>
      <trkpt lat="-22.625829968601465" lon="14.752462981268764">
        <ele>222.80000000000001</ele>
      </trkpt>
      <trkpt lat="-22.62579501606524" lon="14.752453006803989">
        <ele>222.80000000000001</ele>
      </trkpt>
      <trkpt lat="-22.625760985538363" lon="14.752444038167596">
        <ele>223</ele>
      </trkpt>
      <trkpt lat="-22.625727960839868" lon="14.752439009025693">
        <ele>223</ele>
      </trkpt>
      <trkpt lat="-22.625694014132023" lon="14.752428028732538">
        <ele>223.19999999999999</ele>
      </trkpt>
      <trkpt lat="-22.625658977776766" lon="14.752415036782622">
        <ele>223.19999999999999</ele>
      </trkpt>
      <trkpt lat="-22.625626036897302" lon="14.752401961013675">
        <ele>223.40000000000001</ele>
      </trkpt>
      <trkpt lat="-22.625591000542045" lon="14.75239098072052">
        <ele>223.59999999999999</ele>
      </trkpt>
      <trkpt lat="-22.625557975843549" lon="14.752378994598985">
        <ele>223.80000000000001</ele>
      </trkpt>
      <trkpt lat="-22.625523023307323" lon="14.752367008477449">
        <ele>223.80000000000001</ele>
      </trkpt>
      <trkpt lat="-22.625491004437208" lon="14.752354016527534">
        <ele>224</ele>
      </trkpt>
      <trkpt lat="-22.625457979738712" lon="14.752341024577618">
        <ele>224.19999999999999</ele>
      </trkpt>
      <trkpt lat="-22.625423027202487" lon="14.752328032627702">
        <ele>224.19999999999999</ele>
      </trkpt>
      <trkpt lat="-22.625386985018849" lon="14.752317974343896">
        <ele>224.40000000000001</ele>
      </trkpt>
      <trkpt lat="-22.625351026654243" lon="14.75230498239398">
        <ele>224.59999999999999</ele>
      </trkpt>
      <trkpt lat="-22.625316996127367" lon="14.752289978787303">
        <ele>224.59999999999999</ele>
      </trkpt>
      <trkpt lat="-22.625283971428871" lon="14.752277992665768">
        <ele>224.59999999999999</ele>
      </trkpt>
      <trkpt lat="-22.625250024721026" lon="14.752269024029374">
        <ele>225</ele>
      </trkpt>
      <trkpt lat="-22.625213982537389" lon="14.752260977402329">
        <ele>225.19999999999999</ele>
      </trkpt>
      <trkpt lat="-22.625178024172783" lon="14.752251002937555">
        <ele>225.19999999999999</ele>
      </trkpt>
      <trkpt lat="-22.625148016959429" lon="14.752243040129542">
        <ele>225.59999999999999</ele>
      </trkpt>
      <trkpt lat="-22.625119015574455" lon="14.752231976017356">
        <ele>225.80000000000001</ele>
      </trkpt>
      <trkpt lat="-22.625089008361101" lon="14.752220995724201">
        <ele>225.80000000000001</ele>
      </trkpt>
      <trkpt lat="-22.625062018632889" lon="14.752210015431046">
        <ele>226</ele>
      </trkpt>
      <trkpt lat="-22.625037040561438" lon="14.752198029309511">
        <ele>226</ele>
      </trkpt>
      <trkpt lat="-22.625010972842574" lon="14.752187971025705">
        <ele>226.19999999999999</ele>
      </trkpt>
      <trkpt lat="-22.624985994771123" lon="14.752177996560931">
        <ele>226.40000000000001</ele>
      </trkpt>
      <trkpt lat="-22.624959005042911" lon="14.752167016267776">
        <ele>226.40000000000001</ele>
      </trkpt>
      <trkpt lat="-22.624936960637569" lon="14.752148995175958">
        <ele>226.59999999999999</ele>
      </trkpt>
      <trkpt lat="-22.624912988394499" lon="14.752133991569281">
        <ele>226.59999999999999</ele>
      </trkpt>
      <trkpt lat="-22.624889016151428" lon="14.752116976305842">
        <ele>226.80000000000001</ele>
      </trkpt>
      <trkpt lat="-22.624863032251596" lon="14.752101972699165">
        <ele>226.80000000000001</ele>
      </trkpt>
      <trkpt lat="-22.624835036695004" lon="14.752088980749249">
        <ele>227</ele>
      </trkpt>
      <trkpt lat="-22.62480603531003" lon="14.752074982970953">
        <ele>227</ele>
      </trkpt>
      <trkpt lat="-22.624776028096676" lon="14.752060985192657">
        <ele>227.19999999999999</ele>
      </trkpt>
      <trkpt lat="-22.624747026711702" lon="14.752050004899502">
        <ele>227.19999999999999</ele>
      </trkpt>
      <trkpt lat="-22.624717019498348" lon="14.752037012949586">
        <ele>227.40000000000001</ele>
      </trkpt>
      <trkpt lat="-22.624690029770136" lon="14.752025026828051">
        <ele>227.40000000000001</ele>
      </trkpt>
      <trkpt lat="-22.624660022556782" lon="14.752012034878135">
        <ele>227.59999999999999</ele>
      </trkpt>
      <trkpt lat="-22.624629009515047" lon="14.751999964937568">
        <ele>227.59999999999999</ele>
      </trkpt>
      <trkpt lat="-22.624599002301693" lon="14.751989990472794">
        <ele>227.80000000000001</ele>
      </trkpt>
      <trkpt lat="-22.624572012573481" lon="14.751979010179639">
        <ele>227.80000000000001</ele>
      </trkpt>
      <trkpt lat="-22.624545022845268" lon="14.751964006572962">
        <ele>228</ele>
      </trkpt>
      <trkpt lat="-22.624517027288675" lon="14.751950008794665">
        <ele>228.19999999999999</ele>
      </trkpt>
      <trkpt lat="-22.624490037560463" lon="14.751937016844749">
        <ele>228.40000000000001</ele>
      </trkpt>
      <trkpt lat="-22.624459024518728" lon="14.751926036551595">
        <ele>228.59999999999999</ele>
      </trkpt>
      <trkpt lat="-22.624427005648613" lon="14.751912960782647">
        <ele>228.80000000000001</ele>
      </trkpt>
      <trkpt lat="-22.624395992606878" lon="14.751898040995002">
        <ele>229</ele>
      </trkpt>
      <trkpt lat="-22.624369002878666" lon="14.751883037388325">
        <ele>229</ele>
      </trkpt>
      <trkpt lat="-22.624343018978834" lon="14.751865016296506">
        <ele>229.19999999999999</ele>
      </trkpt>
      <trkpt lat="-22.624319968745112" lon="14.751846995204687">
        <ele>229.40000000000001</ele>
      </trkpt>
      <trkpt lat="-22.624295996502042" lon="14.751832997426391">
        <ele>229.59999999999999</ele>
      </trkpt>
      <trkpt lat="-22.624272024258971" lon="14.751818999648094">
        <ele>229.80000000000001</ele>
      </trkpt>
      <trkpt lat="-22.62424997985363" lon="14.751803996041417">
        <ele>230</ele>
      </trkpt>
      <trkpt lat="-22.624230030924082" lon="14.751784969121218">
        <ele>230</ele>
      </trkpt>
      <trkpt lat="-22.62420698069036" lon="14.751767031848431">
        <ele>230</ele>
      </trkpt>
      <trkpt lat="-22.624186025932431" lon="14.751751022413373">
        <ele>230.19999999999999</ele>
      </trkpt>
      <trkpt lat="-22.624165993183851" lon="14.751728978008032">
        <ele>230.19999999999999</ele>
      </trkpt>
      <trkpt lat="-22.624149983748794" lon="14.751709029078484">
        <ele>230.40000000000001</ele>
      </trkpt>
      <trkpt lat="-22.624135985970497" lon="14.751696037128568">
        <ele>230.40000000000001</ele>
      </trkpt>
      <trkpt lat="-22.624131040647626" lon="14.751693019643426">
        <ele>230.40000000000001</ele>
      </trkpt>
      <trkpt lat="-22.624130034819245" lon="14.751691007986665">
        <ele>230.59999999999999</ele>
      </trkpt>
      <trkpt lat="-22.624122994020581" lon="14.75168002769351">
        <ele>230.80000000000001</ele>
      </trkpt>
      <trkpt lat="-22.624113019555807" lon="14.751665024086833">
        <ele>230.80000000000001</ele>
      </trkpt>
      <trkpt lat="-22.624099021777511" lon="14.751644991338253">
        <ele>231</ele>
      </trkpt>
      <trkpt lat="-22.624083012342453" lon="14.751624958589673">
        <ele>231.19999999999999</ele>
      </trkpt>
      <trkpt lat="-22.624068008735776" lon="14.751602998003364">
        <ele>231.19999999999999</ele>
      </trkpt>
      <trkpt lat="-22.624053005129099" lon="14.75157399661839">
        <ele>231.40000000000001</ele>
      </trkpt>
      <trkpt lat="-22.624040013179183" lon="14.751539966091514">
        <ele>231.40000000000001</ele>
      </trkpt>
      <trkpt lat="-22.624026015400887" lon="14.75150803104043">
        <ele>231.59999999999999</ele>
      </trkpt>
      <trkpt lat="-22.62401201762259" lon="14.751476012170315">
        <ele>231.59999999999999</ele>
      </trkpt>
      <trkpt lat="-22.623999025672674" lon="14.7514439933002">
        <ele>231.80000000000001</ele>
      </trkpt>
      <trkpt lat="-22.623987961560488" lon="14.751411974430084">
        <ele>231.80000000000001</ele>
      </trkpt>
      <trkpt lat="-22.623974969610572" lon="14.751380039379001">
        <ele>231.80000000000001</ele>
      </trkpt>
      <trkpt lat="-22.623962983489037" lon="14.751348020508885">
        <ele>232</ele>
      </trkpt>
      <trkpt lat="-22.623953009024262" lon="14.751321030780673">
        <ele>232</ele>
      </trkpt>
      <trkpt lat="-22.623944040387869" lon="14.751290017738938">
        <ele>232.19999999999999</ele>
      </trkpt>
      <trkpt lat="-22.623936999589205" lon="14.751257998868823">
        <ele>232.40000000000001</ele>
      </trkpt>
      <trkpt lat="-22.623928030952811" lon="14.751225979998708">
        <ele>232.59999999999999</ele>
      </trkpt>
      <trkpt lat="-22.623920990154147" lon="14.751191027462482">
        <ele>232.80000000000001</ele>
      </trkpt>
      <trkpt lat="-22.623915039002895" lon="14.751156996935606">
        <ele>232.80000000000001</ele>
      </trkpt>
      <trkpt lat="-22.623907998204231" lon="14.751126989722252">
        <ele>233.19999999999999</ele>
      </trkpt>
      <trkpt lat="-22.623901963233948" lon="14.751094970852137">
        <ele>233.19999999999999</ele>
      </trkpt>
      <trkpt lat="-22.623895006254315" lon="14.751063035801053">
        <ele>233.40000000000001</ele>
      </trkpt>
      <trkpt lat="-22.623886959627271" lon="14.751030011102557">
        <ele>233.40000000000001</ele>
      </trkpt>
      <trkpt lat="-22.623881008476019" lon="14.750996986404061">
        <ele>233.59999999999999</ele>
      </trkpt>
      <trkpt lat="-22.623875979334116" lon="14.750963039696217">
        <ele>233.80000000000001</ele>
      </trkpt>
      <trkpt lat="-22.623872961848974" lon="14.750925991684198">
        <ele>234</ele>
      </trkpt>
      <trkpt lat="-22.623871034011245" lon="14.750889027491212">
        <ele>234.40000000000001</ele>
      </trkpt>
      <trkpt lat="-22.623871034011245" lon="14.750850973650813">
        <ele>234.40000000000001</ele>
      </trkpt>
      <trkpt lat="-22.623872039839625" lon="14.750817026942968">
        <ele>234.40000000000001</ele>
      </trkpt>
      <trkpt lat="-22.623875979334116" lon="14.75077997893095">
        <ele>234.80000000000001</ele>
      </trkpt>
      <trkpt lat="-22.623882014304399" lon="14.750743014737964">
        <ele>234.80000000000001</ele>
      </trkpt>
      <trkpt lat="-22.623885031789541" lon="14.750706972554326">
        <ele>235.19999999999999</ele>
      </trkpt>
      <trkpt lat="-22.623888971284032" lon="14.750672020018101">
        <ele>235.40000000000001</ele>
      </trkpt>
      <trkpt lat="-22.623896012082696" lon="14.750638995319605">
        <ele>235.40000000000001</ele>
      </trkpt>
      <trkpt lat="-22.623900035396218" lon="14.750605970621109">
        <ele>235.59999999999999</ele>
      </trkpt>
      <trkpt lat="-22.62390498071909" lon="14.750572023913264">
        <ele>235.59999999999999</ele>
      </trkpt>
      <trkpt lat="-22.623911015689373" lon="14.75054201669991">
        <ele>235.80000000000001</ele>
      </trkpt>
      <trkpt lat="-22.623916966840625" lon="14.750517038628459">
        <ele>236</ele>
      </trkpt>
      <trkpt lat="-22.623919984325767" lon="14.750489965081215">
        <ele>236.19999999999999</ele>
      </trkpt>
      <trkpt lat="-22.623918978497386" lon="14.75045601837337">
        <ele>236.19999999999999</ele>
      </trkpt>
      <trkpt lat="-22.623917972669005" lon="14.750416036695242">
        <ele>236.40000000000001</ele>
      </trkpt>
      <trkpt lat="-22.623913027346134" lon="14.750376977026463">
        <ele>236.40000000000001</ele>
      </trkpt>
      <trkpt lat="-22.623906992375851" lon="14.750341018661857">
        <ele>236.80000000000001</ele>
      </trkpt>
      <trkpt lat="-22.623901963233948" lon="14.750307993963361">
        <ele>236.80000000000001</ele>
      </trkpt>
      <trkpt lat="-22.623902969062328" lon="14.750276980921626">
        <ele>237</ele>
      </trkpt>
      <trkpt lat="-22.623907998204231" lon="14.750245967879891">
        <ele>237.40000000000001</ele>
      </trkpt>
      <trkpt lat="-22.623918978497386" lon="14.750214032828808">
        <ele>237.59999999999999</ele>
      </trkpt>
      <trkpt lat="-22.623928030952811" lon="14.750186037272215">
        <ele>237.59999999999999</ele>
      </trkpt>
      <trkpt lat="-22.623932976275682" lon="14.75015502423048">
        <ele>237.80000000000001</ele>
      </trkpt>
      <trkpt lat="-22.623935993760824" lon="14.750125017017126">
        <ele>238</ele>
      </trkpt>
      <trkpt lat="-22.623941022902727" lon="14.750089980661869">
        <ele>238</ele>
      </trkpt>
      <trkpt lat="-22.623945968225598" lon="14.750054022297263">
        <ele>238.19999999999999</ele>
      </trkpt>
      <trkpt lat="-22.623956026509404" lon="14.750020997598767">
        <ele>238.19999999999999</ele>
      </trkpt>
      <trkpt lat="-22.623971030116081" lon="14.74998202174902">
        <ele>238.19999999999999</ele>
      </trkpt>
      <trkpt lat="-22.623989973217249" lon="14.749941034242511">
        <ele>238.40000000000001</ele>
      </trkpt>
      <trkpt lat="-22.624006988480687" lon="14.749902980402112">
        <ele>238.59999999999999</ele>
      </trkpt>
      <trkpt lat="-22.624021992087364" lon="14.749869033694267">
        <ele>238.80000000000001</ele>
      </trkpt>
      <trkpt lat="-22.624042024835944" lon="14.749841038137674">
        <ele>239</ele>
      </trkpt>
      <trkpt lat="-22.624065997079015" lon="14.74981396459043">
        <ele>239.19999999999999</ele>
      </trkpt>
      <trkpt lat="-22.624091980978847" lon="14.749785969033837">
        <ele>239.19999999999999</ele>
      </trkpt>
      <trkpt lat="-22.624121988192201" lon="14.749755039811134">
        <ele>239.40000000000001</ele>
      </trkpt>
      <trkpt lat="-22.624154007062316" lon="14.749723020941019">
        <ele>239.40000000000001</ele>
      </trkpt>
      <trkpt lat="-22.624187031760812" lon="14.749691002070904">
        <ele>239.40000000000001</ele>
      </trkpt>
      <trkpt lat="-22.624223995953798" lon="14.74966099485755">
        <ele>239.59999999999999</ele>
      </trkpt>
      <trkpt lat="-22.624263977631927" lon="14.749628975987434">
        <ele>239.59999999999999</ele>
      </trkpt>
      <trkpt lat="-22.624305970966816" lon="14.749597040936351">
        <ele>240</ele>
      </trkpt>
      <trkpt lat="-22.624347964301705" lon="14.749564016237855">
        <ele>240.19999999999999</ele>
      </trkpt>
      <trkpt lat="-22.624390963464975" lon="14.74953300319612">
        <ele>240.40000000000001</ele>
      </trkpt>
      <trkpt lat="-22.624432034790516" lon="14.749502995982766">
        <ele>240.40000000000001</ele>
      </trkpt>
      <trkpt lat="-22.624472016468644" lon="14.749472988769412">
        <ele>240.80000000000001</ele>
      </trkpt>
      <trkpt lat="-22.624510992318392" lon="14.749443987384439">
        <ele>241</ele>
      </trkpt>
      <trkpt lat="-22.624548962339759" lon="14.749413980171084">
        <ele>241.19999999999999</ele>
      </trkpt>
      <trkpt lat="-22.624585004523396" lon="14.74938296712935">
        <ele>241.19999999999999</ele>
      </trkpt>
      <trkpt lat="-22.624619035050273" lon="14.749350026249886">
        <ele>241.19999999999999</ele>
      </trkpt>
      <trkpt lat="-22.624647030606866" lon="14.74931800737977">
        <ele>241.40000000000001</ele>
      </trkpt>
      <trkpt lat="-22.624667985364795" lon="14.749283976852894">
        <ele>241.40000000000001</ele>
      </trkpt>
      <trkpt lat="-22.624687012284994" lon="14.749248018488288">
        <ele>241.59999999999999</ele>
      </trkpt>
      <trkpt lat="-22.624704027548432" lon="14.749212982133031">
        <ele>241.59999999999999</ele>
      </trkpt>
      <trkpt lat="-22.624719031155109" lon="14.749179035425186">
        <ele>241.59999999999999</ele>
      </trkpt>
      <trkpt lat="-22.624735962599516" lon="14.749142993241549">
        <ele>241.80000000000001</ele>
      </trkpt>
      <trkpt lat="-22.624754989519715" lon="14.749108040705323">
        <ele>242.19999999999999</ele>
      </trkpt>
      <trkpt lat="-22.624777033925056" lon="14.749075016006827">
        <ele>242.80000000000001</ele>
      </trkpt>
      <trkpt lat="-22.624796982854605" lon="14.749041991308331">
        <ele>243.40000000000001</ele>
      </trkpt>
      <trkpt lat="-22.624817015603185" lon="14.749009972438216">
        <ele>243.59999999999999</ele>
      </trkpt>
      <trkpt lat="-22.624835958704352" lon="14.748975019901991">
        <ele>243.80000000000001</ele>
      </trkpt>
      <trkpt lat="-22.624854985624552" lon="14.748939983546734">
        <ele>244</ele>
      </trkpt>
      <trkpt lat="-22.624877030029893" lon="14.748906036838889">
        <ele>244.19999999999999</ele>
      </trkpt>
      <trkpt lat="-22.624893961474299" lon="14.748874017968774">
        <ele>244.40000000000001</ele>
      </trkpt>
      <trkpt lat="-22.624906031414866" lon="14.748843004927039">
        <ele>244.59999999999999</ele>
      </trkpt>
      <trkpt lat="-22.62491500005126" lon="14.748810986056924">
        <ele>245</ele>
      </trkpt>
      <trkpt lat="-22.624921035021544" lon="14.748778967186809">
        <ele>245.19999999999999</ele>
      </trkpt>
      <trkpt lat="-22.624926986172795" lon="14.748743008822203">
        <ele>245.40000000000001</ele>
      </trkpt>
      <trkpt lat="-22.624930003657937" lon="14.748704032972455">
        <ele>245.59999999999999</ele>
      </trkpt>
      <trkpt lat="-22.624932015314698" lon="14.748660027980804">
        <ele>245.59999999999999</ele>
      </trkpt>
      <trkpt lat="-22.624933021143079" lon="14.748610993847251">
        <ele>245.80000000000001</ele>
      </trkpt>
      <trkpt lat="-22.624930003657937" lon="14.748558020219207">
        <ele>246.40000000000001</ele>
      </trkpt>
      <trkpt lat="-22.624926986172795" lon="14.74850001744926">
        <ele>246.59999999999999</ele>
      </trkpt>
      <trkpt lat="-22.624922962859273" lon="14.748441008850932">
        <ele>247</ele>
      </trkpt>
      <trkpt lat="-22.624921035021544" lon="14.748382000252604">
        <ele>247</ele>
      </trkpt>
      <trkpt lat="-22.624919023364782" lon="14.748321985825896">
        <ele>247.19999999999999</ele>
      </trkpt>
      <trkpt lat="-22.624918017536402" lon="14.748262977227569">
        <ele>247.40000000000001</ele>
      </trkpt>
      <trkpt lat="-22.62491500005126" lon="14.748203968629241">
        <ele>247.40000000000001</ele>
      </trkpt>
      <trkpt lat="-22.624904019758105" lon="14.748145965859294">
        <ele>247.59999999999999</ele>
      </trkpt>
      <trkpt lat="-22.624890021979809" lon="14.748091986402869">
        <ele>247.59999999999999</ele>
      </trkpt>
      <trkpt lat="-22.624874012544751" lon="14.748041024431586">
        <ele>247.80000000000001</ele>
      </trkpt>
      <trkpt lat="-22.624860014766455" lon="14.747996013611555">
        <ele>247.80000000000001</ele>
      </trkpt>
      <trkpt lat="-22.624846016988158" lon="14.747960977256298">
        <ele>247.80000000000001</ele>
      </trkpt>
      <trkpt lat="-22.62482900172472" lon="14.747932981699705">
        <ele>247.80000000000001</ele>
      </trkpt>
      <trkpt lat="-22.624804023653269" lon="14.747906997799873">
        <ele>247.80000000000001</ele>
      </trkpt>
      <trkpt lat="-22.624773010611534" lon="14.747883025556803">
        <ele>247.80000000000001</ele>
      </trkpt>
      <trkpt lat="-22.624737974256277" lon="14.747860981151462">
        <ele>247.80000000000001</ele>
      </trkpt>
      <trkpt lat="-22.624703021720052" lon="14.747838014736772">
        <ele>247.59999999999999</ele>
      </trkpt>
      <trkpt lat="-22.624667985364795" lon="14.747810019180179">
        <ele>247.59999999999999</ele>
      </trkpt>
      <trkpt lat="-22.624634960666299" lon="14.747776994481683">
        <ele>247.59999999999999</ele>
      </trkpt>
      <trkpt lat="-22.624603025615215" lon="14.747746987268329">
        <ele>247.40000000000001</ele>
      </trkpt>
      <trkpt lat="-22.624579975381494" lon="14.747717985883355">
        <ele>247.19999999999999</ele>
      </trkpt>
      <trkpt lat="-22.624564971774817" lon="14.747693007811904">
        <ele>246.80000000000001</ele>
      </trkpt>
      <trkpt lat="-22.624553991481662" lon="14.747669035568833">
        <ele>246.19999999999999</ele>
      </trkpt>
      <trkpt lat="-22.624540999531746" lon="14.747638022527099">
        <ele>245.80000000000001</ele>
      </trkpt>
      <trkpt lat="-22.624522978439927" lon="14.747601980343461">
        <ele>245.40000000000001</ele>
      </trkpt>
      <trkpt lat="-22.624504035338759" lon="14.74755696952343">
        <ele>244.80000000000001</ele>
      </trkpt>
      <trkpt lat="-22.624490037560463" lon="14.747506007552147">
        <ele>244</ele>
      </trkpt>
      <trkpt lat="-22.624478973448277" lon="14.7474480047822">
        <ele>243.59999999999999</ele>
      </trkpt>
      <trkpt lat="-22.624472016468644" lon="14.747387990355492">
        <ele>242.80000000000001</ele>
      </trkpt>
      <trkpt lat="-22.624476039782166" lon="14.747324958443642">
        <ele>242.19999999999999</ele>
      </trkpt>
      <trkpt lat="-22.624490037560463" lon="14.747266033664346">
        <ele>241.59999999999999</ele>
      </trkpt>
      <trkpt lat="-22.624511998146772" lon="14.747207025066018">
        <ele>241.40000000000001</ele>
      </trkpt>
      <trkpt lat="-22.624543011188507" lon="14.747151033952832">
        <ele>241</ele>
      </trkpt>
      <trkpt lat="-22.624578969553113" lon="14.747094959020615">
        <ele>240.19999999999999</ele>
      </trkpt>
      <trkpt lat="-22.624618029221892" lon="14.747037040069699">
        <ele>239.80000000000001</ele>
      </trkpt>
      <trkpt lat="-22.624660022556782" lon="14.746978031471372">
        <ele>239.59999999999999</ele>
      </trkpt>
      <trkpt lat="-22.624704027548432" lon="14.746917011216283">
        <ele>239</ele>
      </trkpt>
      <trkpt lat="-22.624752977862954" lon="14.746850039809942">
        <ele>239</ele>
      </trkpt>
      <trkpt lat="-22.624804023653269" lon="14.74678298458457">
        <ele>238.59999999999999</ele>
      </trkpt>
      <trkpt lat="-22.624852973967791" lon="14.74671701900661">
        <ele>238.19999999999999</ele>
      </trkpt>
      <trkpt lat="-22.624901002272964" lon="14.746649041771889">
        <ele>238</ele>
      </trkpt>
      <trkpt lat="-22.624946013092995" lon="14.746577963232994">
        <ele>237.80000000000001</ele>
      </trkpt>
      <trkpt lat="-22.624993035569787" lon="14.746505040675402">
        <ele>237.40000000000001</ele>
      </trkpt>
      <trkpt lat="-22.625039974227548" lon="14.746431028470397">
        <ele>237.19999999999999</ele>
      </trkpt>
      <trkpt lat="-22.625084985047579" lon="14.746356010437012">
        <ele>236.80000000000001</ele>
      </trkpt>
      <trkpt lat="-22.625131001695991" lon="14.746279986575246">
        <ele>236.40000000000001</ele>
      </trkpt>
      <trkpt lat="-22.625176012516022" lon="14.74620102904737">
        <ele>236</ele>
      </trkpt>
      <trkpt lat="-22.625221023336053" lon="14.746119976043701">
        <ele>235.59999999999999</ele>
      </trkpt>
      <trkpt lat="-22.625264022499323" lon="14.746035989373922">
        <ele>235.19999999999999</ele>
      </trkpt>
      <trkpt lat="-22.625307021662593" lon="14.745955020189285">
        <ele>234.59999999999999</ele>
      </trkpt>
      <trkpt lat="-22.625349014997482" lon="14.745872961357236">
        <ele>234.40000000000001</ele>
      </trkpt>
      <trkpt lat="-22.625392014160752" lon="14.745790986344218">
        <ele>233.59999999999999</ele>
      </trkpt>
      <trkpt lat="-22.625431995838881" lon="14.74570800550282">
        <ele>233</ele>
      </trkpt>
      <trkpt lat="-22.625470971688628" lon="14.745623013004661">
        <ele>232.59999999999999</ele>
      </trkpt>
      <trkpt lat="-22.625511037185788" lon="14.74553600884974">
        <ele>232.40000000000001</ele>
      </trkpt>
      <trkpt lat="-22.625549007207155" lon="14.745447998866439">
        <ele>231.80000000000001</ele>
      </trkpt>
      <trkpt lat="-22.625588988885283" lon="14.745362000539899">
        <ele>231.40000000000001</ele>
      </trkpt>
      <trkpt lat="-22.625630982220173" lon="14.745280025526881">
        <ele>231.40000000000001</ele>
      </trkpt>
      <trkpt lat="-22.625676998868585" lon="14.745201990008354">
        <ele>230.80000000000001</ele>
      </trkpt>
      <trkpt lat="-22.625725027173758" lon="14.745129989460111">
        <ele>230.19999999999999</ele>
      </trkpt>
      <trkpt lat="-22.625771965831518" lon="14.745066035538912">
        <ele>229.80000000000001</ele>
      </trkpt>
      <trkpt lat="-22.625818988308311" lon="14.745010966435075">
        <ele>229.19999999999999</ele>
      </trkpt>
      <trkpt lat="-22.625867016613483" lon="14.74495598115027">
        <ele>228.59999999999999</ele>
      </trkpt>
      <trkpt lat="-22.625912027433515" lon="14.744902001693845">
        <ele>228.40000000000001</ele>
      </trkpt>
      <trkpt lat="-22.625958966091275" lon="14.744850033894181">
        <ele>227.80000000000001</ele>
      </trkpt>
      <trkpt lat="-22.62601001188159" lon="14.744796976447105">
        <ele>227.40000000000001</ele>
      </trkpt>
      <trkpt lat="-22.626064997166395" lon="14.7447419911623">
        <ele>226.80000000000001</ele>
      </trkpt>
      <trkpt lat="-22.62611897662282" lon="14.744680970907211">
        <ele>226.19999999999999</ele>
      </trkpt>
      <trkpt lat="-22.626171028241515" lon="14.744618022814393">
        <ele>226</ele>
      </trkpt>
      <trkpt lat="-22.626213021576405" lon="14.74454702809453">
        <ele>225.59999999999999</ele>
      </trkpt>
      <trkpt lat="-22.626242022961378" lon="14.744468992576003">
        <ele>225.19999999999999</ele>
      </trkpt>
      <trkpt lat="-22.62626800686121" lon="14.744389029219747">
        <ele>224.80000000000001</ele>
      </trkpt>
      <trkpt lat="-22.626294996589422" lon="14.74431099370122">
        <ele>224.40000000000001</ele>
      </trkpt>
      <trkpt lat="-22.626322992146015" lon="14.744234969839454">
        <ele>224</ele>
      </trkpt>
      <trkpt lat="-22.626349981874228" lon="14.744161041453481">
        <ele>223.59999999999999</ele>
      </trkpt>
      <trkpt lat="-22.626382000744343" lon="14.744085017591715">
        <ele>223.40000000000001</ele>
      </trkpt>
      <trkpt lat="-22.626416031271219" lon="14.744014022871852">
        <ele>223.19999999999999</ele>
      </trkpt>
      <trkpt lat="-22.626452995464206" lon="14.74394503980875">
        <ele>223.19999999999999</ele>
      </trkpt>
      <trkpt lat="-22.626494988799095" lon="14.743879996240139">
        <ele>223</ele>
      </trkpt>
      <trkpt lat="-22.626533964648843" lon="14.743815958499908">
        <ele>222.80000000000001</ele>
      </trkpt>
      <trkpt lat="-22.626571012660861" lon="14.74375200457871">
        <ele>222</ele>
      </trkpt>
      <trkpt lat="-22.626607976853848" lon="14.74368897266686">
        <ele>221.59999999999999</ele>
      </trkpt>
      <trkpt lat="-22.626646030694246" lon="14.743628958240151">
        <ele>221.19999999999999</ele>
      </trkpt>
      <trkpt lat="-22.626684000715613" lon="14.743571039289236">
        <ele>220.59999999999999</ele>
      </trkpt>
      <trkpt lat="-22.626719959080219" lon="14.743512030690908">
        <ele>220.40000000000001</ele>
      </trkpt>
      <trkpt lat="-22.626756001263857" lon="14.743454027920961">
        <ele>220.19999999999999</ele>
      </trkpt>
      <trkpt lat="-22.626791959628463" lon="14.743396025151014">
        <ele>220</ele>
      </trkpt>
      <trkpt lat="-22.62682699598372" lon="14.743336010724306">
        <ele>219.80000000000001</ele>
      </trkpt>
      <trkpt lat="-22.626861026510596" lon="14.743275996297598">
        <ele>219.40000000000001</ele>
      </trkpt>
      <trkpt lat="-22.62689396739006" lon="14.743212964385748">
        <ele>219.19999999999999</ele>
      </trkpt>
      <trkpt lat="-22.626927997916937" lon="14.743148004636168">
        <ele>219</ele>
      </trkpt>
      <trkpt lat="-22.626962028443813" lon="14.743081033229828">
        <ele>218.59999999999999</ele>
      </trkpt>
      <trkpt lat="-22.626995975151658" lon="14.743013978004456">
        <ele>218.19999999999999</ele>
      </trkpt>
      <trkpt lat="-22.627028999850154" lon="14.742947006598115">
        <ele>218</ele>
      </trkpt>
      <trkpt lat="-22.62706303037703" lon="14.742876011878252">
        <ele>217.80000000000001</ele>
      </trkpt>
      <trkpt lat="-22.627102006226778" lon="14.742798982188106">
        <ele>217.59999999999999</ele>
      </trkpt>
      <trkpt lat="-22.627138970419765" lon="14.74272396415472">
        <ele>217.59999999999999</ele>
      </trkpt>
      <trkpt lat="-22.627175012603402" lon="14.742650035768747">
        <ele>217.59999999999999</ele>
      </trkpt>
      <trkpt lat="-22.627210970968008" lon="14.742576023563743">
        <ele>217.19999999999999</ele>
      </trkpt>
      <trkpt lat="-22.627249024808407" lon="14.742501005530357">
        <ele>217</ele>
      </trkpt>
      <trkpt lat="-22.627291018143296" lon="14.742426993325353">
        <ele>216.59999999999999</ele>
      </trkpt>
      <trkpt lat="-22.627333011478186" lon="14.742352981120348">
        <ele>216.19999999999999</ele>
      </trkpt>
      <trkpt lat="-22.627375004813075" lon="14.742277963086963">
        <ele>216</ele>
      </trkpt>
      <trkpt lat="-22.627415992319584" lon="14.74220403470099">
        <ele>215.80000000000001</ele>
      </trkpt>
      <trkpt lat="-22.627454968169332" lon="14.742131028324366">
        <ele>215.59999999999999</ele>
      </trkpt>
      <trkpt lat="-22.62749201618135" lon="14.742059027776122">
        <ele>214.80000000000001</ele>
      </trkpt>
      <trkpt lat="-22.627527974545956" lon="14.74198903888464">
        <ele>214.40000000000001</ele>
      </trkpt>
      <trkpt lat="-22.627559993416071" lon="14.741922989487648">
        <ele>214.19999999999999</ele>
      </trkpt>
      <trkpt lat="-22.627590000629425" lon="14.741858029738069">
        <ele>213.40000000000001</ele>
      </trkpt>
      <trkpt lat="-22.627616990357637" lon="14.741794997826219">
        <ele>213</ele>
      </trkpt>
      <trkpt lat="-22.62764498591423" lon="14.741735989227891">
        <ele>212.59999999999999</ele>
      </trkpt>
      <trkpt lat="-22.627674993127584" lon="14.741677986457944">
        <ele>212.40000000000001</ele>
      </trkpt>
      <trkpt lat="-22.627702988684177" lon="14.74162601865828">
        <ele>212.19999999999999</ele>
      </trkpt>
      <trkpt lat="-22.627727966755629" lon="14.741574972867966">
        <ele>211.59999999999999</ele>
      </trkpt>
      <trkpt lat="-22.62775101698935" lon="14.741525016725063">
        <ele>211.19999999999999</ele>
      </trkpt>
      <trkpt lat="-22.62777297757566" lon="14.741471959277987">
        <ele>210.80000000000001</ele>
      </trkpt>
      <trkpt lat="-22.627789992839098" lon="14.741417979821563">
        <ele>210</ele>
      </trkpt>
      <trkpt lat="-22.627797033637762" lon="14.741360982879996">
        <ele>210</ele>
      </trkpt>
      <trkpt lat="-22.627797033637762" lon="14.741301974281669">
        <ele>209.40000000000001</ele>
      </trkpt>
      <trkpt lat="-22.62779401615262" lon="14.741242965683341">
        <ele>209.19999999999999</ele>
      </trkpt>
      <trkpt lat="-22.627790998667479" lon="14.741187980398536">
        <ele>208.59999999999999</ele>
      </trkpt>
      <trkpt lat="-22.627789992839098" lon="14.741137018427253">
        <ele>208.19999999999999</ele>
      </trkpt>
      <trkpt lat="-22.62779401615262" lon="14.741098964586854">
        <ele>208</ele>
      </trkpt>
      <trkpt lat="-22.627799967303872" lon="14.741074992343783">
        <ele>207.59999999999999</ele>
      </trkpt>
      <trkpt lat="-22.627807008102536" lon="14.741062000393867">
        <ele>207.19999999999999</ele>
      </trkpt>
      <trkpt lat="-22.627808013930917" lon="14.741051020100713">
        <ele>206.80000000000001</ele>
      </trkpt>
      <trkpt lat="-22.627812037244439" lon="14.741040039807558">
        <ele>206.40000000000001</ele>
      </trkpt>
      <trkpt lat="-22.627817988395691" lon="14.74102595821023">
        <ele>206.19999999999999</ele>
      </trkpt>
      <trkpt lat="-22.627826035022736" lon="14.741010032594204">
        <ele>206</ele>
      </trkpt>
      <trkpt lat="-22.627833997830749" lon="14.740988994017243">
        <ele>205.80000000000001</ele>
      </trkpt>
      <trkpt lat="-22.627842966467142" lon="14.740962004289031">
        <ele>205.59999999999999</ele>
      </trkpt>
      <trkpt lat="-22.627852018922567" lon="14.740933002904058">
        <ele>205.40000000000001</ele>
      </trkpt>
      <trkpt lat="-22.627864005044103" lon="14.740901989862323">
        <ele>205.19999999999999</ele>
      </trkpt>
      <trkpt lat="-22.62787900865078" lon="14.740867959335446">
        <ele>205</ele>
      </trkpt>
      <trkpt lat="-22.627896023914218" lon="14.740836024284363">
        <ele>205</ele>
      </trkpt>
      <trkpt lat="-22.627917984500527" lon="14.740798976272345">
        <ele>204.80000000000001</ele>
      </trkpt>
      <trkpt lat="-22.627943968400359" lon="14.740760000422597">
        <ele>204.80000000000001</ele>
      </trkpt>
      <trkpt lat="-22.627970036119223" lon="14.740717001259327">
        <ele>204.80000000000001</ele>
      </trkpt>
      <trkpt lat="-22.627998031675816" lon="14.740668972954154">
        <ele>204.80000000000001</ele>
      </trkpt>
      <trkpt lat="-22.628027033060789" lon="14.74061700515449">
        <ele>204.59999999999999</ele>
      </trkpt>
      <trkpt lat="-22.628057040274143" lon="14.740565959364176">
        <ele>204.59999999999999</ele>
      </trkpt>
      <trkpt lat="-22.628087969496846" lon="14.740514997392893">
        <ele>204.40000000000001</ele>
      </trkpt>
      <trkpt lat="-22.6281179767102" lon="14.74046403542161">
        <ele>204.40000000000001</ele>
      </trkpt>
      <trkpt lat="-22.628146978095174" lon="14.740413995459676">
        <ele>204.19999999999999</ele>
      </trkpt>
      <trkpt lat="-22.628178996965289" lon="14.740363033488393">
        <ele>204.19999999999999</ele>
      </trkpt>
      <trkpt lat="-22.628210010007024" lon="14.7403160110116">
        <ele>204</ele>
      </trkpt>
      <trkpt lat="-22.62824303470552" lon="14.740268988534808">
        <ele>203.80000000000001</ele>
      </trkpt>
      <trkpt lat="-22.628274969756603" lon="14.740221966058016">
        <ele>203.80000000000001</ele>
      </trkpt>
      <trkpt lat="-22.628307994455099" lon="14.740176033228636">
        <ele>203.40000000000001</ele>
      </trkpt>
      <trkpt lat="-22.628336995840073" lon="14.740132028236985">
        <ele>203.19999999999999</ele>
      </trkpt>
      <trkpt lat="-22.628363985568285" lon="14.740088023245335">
        <ele>203</ele>
      </trkpt>
      <trkpt lat="-22.628390975296497" lon="14.740045024082065">
        <ele>202.80000000000001</ele>
      </trkpt>
      <trkpt lat="-22.62841796502471" lon="14.739996995776892">
        <ele>202.80000000000001</ele>
      </trkpt>
      <trkpt lat="-22.628445960581303" lon="14.739947039633989">
        <ele>202.59999999999999</ele>
      </trkpt>
      <trkpt lat="-22.628477979451418" lon="14.739899011328816">
        <ele>202.40000000000001</ele>
      </trkpt>
      <trkpt lat="-22.628514021635056" lon="14.739848971366882">
        <ele>202</ele>
      </trkpt>
      <trkpt lat="-22.628555009141564" lon="14.73979901522398">
        <ele>202</ele>
      </trkpt>
      <trkpt lat="-22.628599014133215" lon="14.739752998575568">
        <ele>201.80000000000001</ele>
      </trkpt>
      <trkpt lat="-22.628644024953246" lon="14.739711005240679">
        <ele>201.59999999999999</ele>
      </trkpt>
      <trkpt lat="-22.628687024116516" lon="14.73967001773417">
        <ele>201.40000000000001</ele>
      </trkpt>
      <trkpt lat="-22.628727005794644" lon="14.739630036056042">
        <ele>201.19999999999999</ele>
      </trkpt>
      <trkpt lat="-22.628767993301153" lon="14.739589970558882">
        <ele>200.80000000000001</ele>
      </trkpt>
      <trkpt lat="-22.628807974979281" lon="14.739553006365895">
        <ele>200.59999999999999</ele>
      </trkpt>
      <trkpt lat="-22.628844017162919" lon="14.739515036344528">
        <ele>200.59999999999999</ele>
      </trkpt>
      <trkpt lat="-22.628878969699144" lon="14.739479999989271">
        <ele>200.19999999999999</ele>
      </trkpt>
      <trkpt lat="-22.62891098856926" lon="14.739450998604298">
        <ele>200</ele>
      </trkpt>
      <trkpt lat="-22.628937978297472" lon="14.739425014704466">
        <ele>199.80000000000001</ele>
      </trkpt>
      <trkpt lat="-22.628963962197304" lon="14.739398024976254">
        <ele>199.19999999999999</ele>
      </trkpt>
      <trkpt lat="-22.628992041572928" lon="14.739372963085771">
        <ele>199</ele>
      </trkpt>
      <trkpt lat="-22.62901802547276" lon="14.739347985014319">
        <ele>198.80000000000001</ele>
      </trkpt>
      <trkpt lat="-22.629045015200973" lon="14.739318983629346">
        <ele>198.59999999999999</ele>
      </trkpt>
      <trkpt lat="-22.629074016585946" lon="14.739286964759231">
        <ele>198.40000000000001</ele>
      </trkpt>
      <trkpt lat="-22.629105029627681" lon="14.739247988909483">
        <ele>198.19999999999999</ele>
      </trkpt>
      <trkpt lat="-22.629136964678764" lon="14.739214964210987">
        <ele>198</ele>
      </trkpt>
      <trkpt lat="-22.62916898354888" lon="14.739180011674762">
        <ele>197.80000000000001</ele>
      </trkpt>
      <trkpt lat="-22.629198990762234" lon="14.739142963662744">
        <ele>197.59999999999999</ele>
      </trkpt>
      <trkpt lat="-22.629231009632349" lon="14.739102981984615">
        <ele>197.40000000000001</ele>
      </trkpt>
      <trkpt lat="-22.629264034330845" lon="14.739063000306487">
        <ele>197.40000000000001</ele>
      </trkpt>
      <trkpt lat="-22.629296975210309" lon="14.739022012799978">
        <ele>197.40000000000001</ele>
      </trkpt>
      <trkpt lat="-22.629334023222327" lon="14.738980019465089">
        <ele>197.19999999999999</ele>
      </trkpt>
      <trkpt lat="-22.629371993243694" lon="14.738937020301819">
        <ele>197.19999999999999</ele>
      </trkpt>
      <trkpt lat="-22.62940501794219" lon="14.738895026966929">
        <ele>197</ele>
      </trkpt>
      <trkpt lat="-22.629433013498783" lon="14.738854961469769">
        <ele>196.80000000000001</ele>
      </trkpt>
      <trkpt lat="-22.629456985741854" lon="14.738814979791641">
        <ele>196.59999999999999</ele>
      </trkpt>
      <trkpt lat="-22.629481963813305" lon="14.738777009770274">
        <ele>196.40000000000001</ele>
      </trkpt>
      <trkpt lat="-22.629506019875407" lon="14.738741973415017">
        <ele>196.19999999999999</ele>
      </trkpt>
      <trkpt lat="-22.629529992118478" lon="14.738705009222031">
        <ele>196</ele>
      </trkpt>
      <trkpt lat="-22.629550024867058" lon="14.738672990351915">
        <ele>195.80000000000001</ele>
      </trkpt>
      <trkpt lat="-22.629567962139845" lon="14.738639965653419">
        <ele>195.40000000000001</ele>
      </trkpt>
      <trkpt lat="-22.629587994888425" lon="14.738608030602336">
        <ele>195.19999999999999</ele>
      </trkpt>
      <trkpt lat="-22.629610039293766" lon="14.738576011732221">
        <ele>195</ele>
      </trkpt>
      <trkpt lat="-22.629634011536837" lon="14.738544998690486">
        <ele>194.80000000000001</ele>
      </trkpt>
      <trkpt lat="-22.629656977951527" lon="14.738508034497499">
        <ele>194.59999999999999</ele>
      </trkpt>
      <trkpt lat="-22.629683967679739" lon="14.73846796900034">
        <ele>194.40000000000001</ele>
      </trkpt>
      <trkpt lat="-22.629708023741841" lon="14.738437961786985">
        <ele>194.19999999999999</ele>
      </trkpt>
      <trkpt lat="-22.629743982106447" lon="14.738392028957605">
        <ele>194</ele>
      </trkpt>
      <trkpt lat="-22.629768960177898" lon="14.738353975117207">
        <ele>194</ele>
      </trkpt>
      <trkpt lat="-22.629797961562872" lon="14.738310975953937">
        <ele>194</ele>
      </trkpt>
      <trkpt lat="-22.629825035110116" lon="14.738270994275808">
        <ele>193.80000000000001</ele>
      </trkpt>
      <trkpt lat="-22.629855964332819" lon="14.7382300067693">
        <ele>193.59999999999999</ele>
      </trkpt>
      <trkpt lat="-22.629889994859695" lon="14.738191030919552">
        <ele>193.40000000000001</ele>
      </trkpt>
      <trkpt lat="-22.629924025386572" lon="14.738149959594011">
        <ele>193.19999999999999</ele>
      </trkpt>
      <trkpt lat="-22.629959983751178" lon="14.738108972087502">
        <ele>193</ele>
      </trkpt>
      <trkpt lat="-22.629996025934815" lon="14.738069996237755">
        <ele>192.80000000000001</ele>
      </trkpt>
      <trkpt lat="-22.630032990127802" lon="14.738032026216388">
        <ele>192.59999999999999</ele>
      </trkpt>
      <trkpt lat="-22.63007003813982" lon="14.737993972375989">
        <ele>192.40000000000001</ele>
      </trkpt>
      <trkpt lat="-22.630117982625961" lon="14.737948039546609">
        <ele>192.40000000000001</ele>
      </trkpt>
      <trkpt lat="-22.630147989839315" lon="14.737922977656126">
        <ele>192.19999999999999</ele>
      </trkpt>
      <trkpt lat="-22.630183026194572" lon="14.737893976271152">
        <ele>192</ele>
      </trkpt>
      <trkpt lat="-22.630214039236307" lon="14.737868998199701">
        <ele>191.59999999999999</ele>
      </trkpt>
      <trkpt lat="-22.63024102896452" lon="14.737846031785011">
        <ele>191.40000000000001</ele>
      </trkpt>
      <trkpt lat="-22.630269024521112" lon="14.737818958237767">
        <ele>191.19999999999999</ele>
      </trkpt>
      <trkpt lat="-22.63028503395617" lon="14.737802026793361">
        <ele>191</ele>
      </trkpt>
      <trkpt lat="-22.630301965400577" lon="14.737782999873161">
        <ele>190.40000000000001</ele>
      </trkpt>
      <trkpt lat="-22.630325015634298" lon="14.737762967124581">
        <ele>190.19999999999999</ele>
      </trkpt>
      <trkpt lat="-22.630353011190891" lon="14.737744024023414">
        <ele>190</ele>
      </trkpt>
      <trkpt lat="-22.630383018404245" lon="14.737727008759975">
        <ele>189.80000000000001</ele>
      </trkpt>
      <trkpt lat="-22.630411013960838" lon="14.737707981839776">
        <ele>189.80000000000001</ele>
      </trkpt>
      <trkpt lat="-22.630441021174192" lon="14.737689038738608">
        <ele>189.59999999999999</ele>
      </trkpt>
      <trkpt lat="-22.630469016730785" lon="14.737669005990028">
        <ele>189.40000000000001</ele>
      </trkpt>
      <trkpt lat="-22.630495000630617" lon="14.737646039575338">
        <ele>189.40000000000001</ele>
      </trkpt>
      <trkpt lat="-22.630525007843971" lon="14.737621983513236">
        <ele>189.19999999999999</ele>
      </trkpt>
      <trkpt lat="-22.630561972036958" lon="14.737603040412068">
        <ele>189.19999999999999</ele>
      </trkpt>
      <trkpt lat="-22.630602959543467" lon="14.737582001835108">
        <ele>189</ele>
      </trkpt>
      <trkpt lat="-22.630645958706737" lon="14.737560963258147">
        <ele>189</ele>
      </trkpt>
      <trkpt lat="-22.630688035860658" lon="14.737541014328599">
        <ele>188.80000000000001</ele>
      </trkpt>
      <trkpt lat="-22.630731035023928" lon="14.737526010721922">
        <ele>188.80000000000001</ele>
      </trkpt>
      <trkpt lat="-22.630769005045295" lon="14.737512012943625">
        <ele>188.59999999999999</ele>
      </trkpt>
      <trkpt lat="-22.630807980895042" lon="14.737497009336948">
        <ele>188.40000000000001</ele>
      </trkpt>
      <trkpt lat="-22.630846034735441" lon="14.73747999407351">
        <ele>188.19999999999999</ele>
      </trkpt>
      <trkpt lat="-22.630881993100047" lon="14.737460967153311">
        <ele>188</ele>
      </trkpt>
      <trkpt lat="-22.630918035283685" lon="14.737440012395382">
        <ele>187.80000000000001</ele>
      </trkpt>
      <trkpt lat="-22.630953993648291" lon="14.737417967990041">
        <ele>187.59999999999999</ele>
      </trkpt>
      <trkpt lat="-22.630990035831928" lon="14.737389972433448">
        <ele>187.59999999999999</ele>
      </trkpt>
      <trkpt lat="-22.631021970883012" lon="14.737356025725603">
        <ele>187.59999999999999</ele>
      </trkpt>
      <trkpt lat="-22.631058013066649" lon="14.737316966056824">
        <ele>187.19999999999999</ele>
      </trkpt>
      <trkpt lat="-22.631092965602875" lon="14.737275978550315">
        <ele>187</ele>
      </trkpt>
      <trkpt lat="-22.631128001958132" lon="14.737231973558664">
        <ele>186.80000000000001</ele>
      </trkpt>
      <trkpt lat="-22.631163038313389" lon="14.737186040729284">
        <ele>186.59999999999999</ele>
      </trkpt>
      <trkpt lat="-22.631198996677995" lon="14.737138012424111">
        <ele>186.59999999999999</ele>
      </trkpt>
      <trkpt lat="-22.631237972527742" lon="14.737084032967687">
        <ele>186.59999999999999</ele>
      </trkpt>
      <trkpt lat="-22.631276026368141" lon="14.73702996969223">
        <ele>186.40000000000001</ele>
      </trkpt>
      <trkpt lat="-22.631311984732747" lon="14.736974984407425">
        <ele>186.19999999999999</ele>
      </trkpt>
      <trkpt lat="-22.631350038573146" lon="14.73691999912262">
        <ele>186</ele>
      </trkpt>
      <trkpt lat="-22.631383985280991" lon="14.736866019666195">
        <ele>185.80000000000001</ele>
      </trkpt>
      <trkpt lat="-22.631417009979486" lon="14.736812962219119">
        <ele>185.59999999999999</ele>
      </trkpt>
      <trkpt lat="-22.631451040506363" lon="14.736757976934314">
        <ele>185.40000000000001</ele>
      </trkpt>
      <trkpt lat="-22.631485993042588" lon="14.736703997477889">
        <ele>185.19999999999999</ele>
      </trkpt>
      <trkpt lat="-22.631519017741084" lon="14.736651023849845">
        <ele>185</ele>
      </trkpt>
      <trkpt lat="-22.631551958620548" lon="14.736596960574389">
        <ele>184.80000000000001</ele>
      </trkpt>
      <trkpt lat="-22.631584983319044" lon="14.736545998603106">
        <ele>184.59999999999999</ele>
      </trkpt>
      <trkpt lat="-22.631615996360779" lon="14.736495958641171">
        <ele>184.40000000000001</ele>
      </trkpt>
      <trkpt lat="-22.631648015230894" lon="14.736444996669888">
        <ele>184.19999999999999</ele>
      </trkpt>
      <trkpt lat="-22.631680034101009" lon="14.736389005556703">
        <ele>184</ele>
      </trkpt>
      <trkpt lat="-22.631712974980474" lon="14.736332008615136">
        <ele>183.59999999999999</ele>
      </trkpt>
      <trkpt lat="-22.631748011335731" lon="14.73627601750195">
        <ele>183.40000000000001</ele>
      </trkpt>
      <trkpt lat="-22.631785981357098" lon="14.7362129855901">
        <ele>183.19999999999999</ele>
      </trkpt>
      <trkpt lat="-22.631823029369116" lon="14.736152971163392">
        <ele>183</ele>
      </trkpt>
      <trkpt lat="-22.631858987733722" lon="14.736093040555716">
        <ele>182.80000000000001</ele>
      </trkpt>
      <trkpt lat="-22.63189603574574" lon="14.736033026129007">
        <ele>182.59999999999999</ele>
      </trkpt>
      <trkpt lat="-22.631931994110346" lon="14.735971000045538">
        <ele>182.59999999999999</ele>
      </trkpt>
      <trkpt lat="-22.631969964131713" lon="14.735907968133688">
        <ele>182.19999999999999</ele>
      </trkpt>
      <trkpt lat="-22.632008017972112" lon="14.73584602586925">
        <ele>182</ele>
      </trkpt>
      <trkpt lat="-22.632053028792143" lon="14.735783999785781">
        <ele>181.80000000000001</ele>
      </trkpt>
      <trkpt lat="-22.632102984935045" lon="14.735720967873931">
        <ele>181.59999999999999</ele>
      </trkpt>
      <trkpt lat="-22.632155036553741" lon="14.735657013952732">
        <ele>181.40000000000001</ele>
      </trkpt>
      <trkpt lat="-22.632204992696643" lon="14.735592976212502">
        <ele>181.19999999999999</ele>
      </trkpt>
      <trkpt lat="-22.632254026830196" lon="14.735527010634542">
        <ele>181</ele>
      </trkpt>
      <trkpt lat="-22.632304988801479" lon="14.73545903339982">
        <ele>180.80000000000001</ele>
      </trkpt>
      <trkpt lat="-22.632357040420175" lon="14.735393989831209">
        <ele>180.59999999999999</ele>
      </trkpt>
      <trkpt lat="-22.632411019876599" lon="14.735331041738391">
        <ele>180.40000000000001</ele>
      </trkpt>
      <trkpt lat="-22.632467010989785" lon="14.73526599816978">
        <ele>180.19999999999999</ele>
      </trkpt>
      <trkpt lat="-22.632523002102971" lon="14.7352010384202">
        <ele>180</ele>
      </trkpt>
      <trkpt lat="-22.632581004872918" lon="14.73513800650835">
        <ele>179.80000000000001</ele>
      </trkpt>
      <trkpt lat="-22.632641019299626" lon="14.735076986253262">
        <ele>179.80000000000001</ele>
      </trkpt>
      <trkpt lat="-22.632700027897954" lon="14.735014960169792">
        <ele>179.19999999999999</ele>
      </trkpt>
      <trkpt lat="-22.63275995850563" lon="14.734954023733735">
        <ele>179</ele>
      </trkpt>
      <trkpt lat="-22.632818967103958" lon="14.734891997650266">
        <ele>179</ele>
      </trkpt>
      <trkpt lat="-22.632878981530666" lon="14.734831983223557">
        <ele>178.59999999999999</ele>
      </trkpt>
      <trkpt lat="-22.632940001785755" lon="14.734774986281991">
        <ele>178.19999999999999</ele>
      </trkpt>
      <trkpt lat="-22.633001022040844" lon="14.734716983512044">
        <ele>178.19999999999999</ele>
      </trkpt>
      <trkpt lat="-22.633059024810791" lon="14.734657974913716">
        <ele>178</ele>
      </trkpt>
      <trkpt lat="-22.633115015923977" lon="14.734597038477659">
        <ele>177.59999999999999</ele>
      </trkpt>
      <trkpt lat="-22.633171007037163" lon="14.73453501239419">
        <ele>177.40000000000001</ele>
      </trkpt>
      <trkpt lat="-22.633232027292252" lon="14.734468962997198">
        <ele>177</ele>
      </trkpt>
      <trkpt lat="-22.633288018405437" lon="14.73440702073276">
        <ele>176.59999999999999</ele>
      </trkpt>
      <trkpt lat="-22.633344009518623" lon="14.734346000477672">
        <ele>176.40000000000001</ele>
      </trkpt>
      <trkpt lat="-22.633395977318287" lon="14.734282968565822">
        <ele>176.19999999999999</ele>
      </trkpt>
      <trkpt lat="-22.633448028936982" lon="14.734223959967494">
        <ele>175.80000000000001</ele>
      </trkpt>
      <trkpt lat="-22.633501002565026" lon="14.734166041016579">
        <ele>175.59999999999999</ele>
      </trkpt>
      <trkpt lat="-22.633551964536309" lon="14.734109966084361">
        <ele>175.40000000000001</ele>
      </trkpt>
      <trkpt lat="-22.633605021983385" lon="14.734053974971175">
        <ele>175</ele>
      </trkpt>
      <trkpt lat="-22.633661013096571" lon="14.733993960544467">
        <ele>174.80000000000001</ele>
      </trkpt>
      <trkpt lat="-22.633718010038137" lon="14.733936963602901">
        <ele>174.59999999999999</ele>
      </trkpt>
      <trkpt lat="-22.633774001151323" lon="14.733881978318095">
        <ele>174.19999999999999</ele>
      </trkpt>
      <trkpt lat="-22.633829992264509" lon="14.73382699303329">
        <ele>173.80000000000001</ele>
      </trkpt>
      <trkpt lat="-22.633880032226443" lon="14.733768990263343">
        <ele>173.80000000000001</ele>
      </trkpt>
      <trkpt lat="-22.633927976712584" lon="14.733707970008254">
        <ele>173.40000000000001</ele>
      </trkpt>
      <trkpt lat="-22.633978016674519" lon="14.733647033572197">
        <ele>173.19999999999999</ele>
      </trkpt>
      <trkpt lat="-22.634029984474182" lon="14.733587019145489">
        <ele>173</ele>
      </trkpt>
      <trkpt lat="-22.634083963930607" lon="14.733528010547161">
        <ele>172.80000000000001</ele>
      </trkpt>
      <trkpt lat="-22.634138027206063" lon="14.733466990292072">
        <ele>172.59999999999999</ele>
      </trkpt>
      <trkpt lat="-22.634187983348966" lon="14.733403958380222">
        <ele>172.59999999999999</ele>
      </trkpt>
      <trkpt lat="-22.634236011654139" lon="14.733341010287404">
        <ele>172.40000000000001</ele>
      </trkpt>
      <trkpt lat="-22.63428202830255" lon="14.733278984203935">
        <ele>172.19999999999999</ele>
      </trkpt>
      <trkpt lat="-22.634331984445453" lon="14.733217963948846">
        <ele>172</ele>
      </trkpt>
      <trkpt lat="-22.634384036064148" lon="14.733157027512789">
        <ele>171.80000000000001</ele>
      </trkpt>
      <trkpt lat="-22.634434998035431" lon="14.733098018914461">
        <ele>171.80000000000001</ele>
      </trkpt>
      <trkpt lat="-22.634484032168984" lon="14.733038004487753">
        <ele>171.40000000000001</ele>
      </trkpt>
      <trkpt lat="-22.634534994140267" lon="14.732983019202948">
        <ele>171.19999999999999</ele>
      </trkpt>
      <trkpt lat="-22.634586039930582" lon="14.732926022261381">
        <ele>171</ele>
      </trkpt>
      <trkpt lat="-22.634635996073484" lon="14.732868019491434">
        <ele>171</ele>
      </trkpt>
      <trkpt lat="-22.634688969701529" lon="14.732810016721487">
        <ele>170.80000000000001</ele>
      </trkpt>
      <trkpt lat="-22.634743032976985" lon="14.732751008123159">
        <ele>170.59999999999999</ele>
      </trkpt>
      <trkpt lat="-22.63479801826179" lon="14.73268898203969">
        <ele>170.40000000000001</ele>
      </trkpt>
      <trkpt lat="-22.634855015203357" lon="14.732626033946872">
        <ele>170.19999999999999</ele>
      </trkpt>
      <trkpt lat="-22.634911006316543" lon="14.732561996206641">
        <ele>170</ele>
      </trkpt>
      <trkpt lat="-22.634966997429729" lon="14.732497036457062">
        <ele>170</ele>
      </trkpt>
      <trkpt lat="-22.635022988542914" lon="14.732429981231689">
        <ele>169.80000000000001</ele>
      </trkpt>
      <trkpt lat="-22.635080991312861" lon="14.73236502148211">
        <ele>169.59999999999999</ele>
      </trkpt>
      <trkpt lat="-22.635130025446415" lon="14.732306012883782">
        <ele>169.59999999999999</ele>
      </trkpt>
      <trkpt lat="-22.63516397215426" lon="14.732253961265087">
        <ele>169.40000000000001</ele>
      </trkpt>
      <trkpt lat="-22.635186016559601" lon="14.732199981808662">
        <ele>169.40000000000001</ele>
      </trkpt>
      <trkpt lat="-22.635195991024375" lon="14.732138961553574">
        <ele>168.80000000000001</ele>
      </trkpt>
      <trkpt lat="-22.635196996852756" lon="14.732080036774278">
        <ele>168.40000000000001</ele>
      </trkpt>
      <trkpt lat="-22.635191967710853" lon="14.732022034004331">
        <ele>168</ele>
      </trkpt>
      <trkpt lat="-22.635179981589317" lon="14.731965037062764">
        <ele>167.80000000000001</ele>
      </trkpt>
      <trkpt lat="-22.635162966325879" lon="14.731907034292817">
        <ele>167.59999999999999</ele>
      </trkpt>
      <trkpt lat="-22.635138994082808" lon="14.731845008209348">
        <ele>167.19999999999999</ele>
      </trkpt>
      <trkpt lat="-22.63512197881937" lon="14.731792034581304">
        <ele>167</ele>
      </trkpt>
      <trkpt lat="-22.635097000747919" lon="14.731716010719538">
        <ele>166.80000000000001</ele>
      </trkpt>
      <trkpt lat="-22.635081997141242" lon="14.731665970757604">
        <ele>166.59999999999999</ele>
      </trkpt>
      <trkpt lat="-22.635062970221043" lon="14.731590030714869">
        <ele>166.40000000000001</ele>
      </trkpt>
      <trkpt lat="-22.635048972442746" lon="14.731523981317878">
        <ele>166.19999999999999</ele>
      </trkpt>
      <trkpt lat="-22.635037992149591" lon="14.731458015739918">
        <ele>166</ele>
      </trkpt>
      <trkpt lat="-22.635026006028056" lon="14.731406969949603">
        <ele>165.80000000000001</ele>
      </trkpt>
      <trkpt lat="-22.635007984936237" lon="14.73133304156363">
        <ele>165.59999999999999</ele>
      </trkpt>
      <trkpt lat="-22.634994992986321" lon="14.731283001601696">
        <ele>165.40000000000001</ele>
      </trkpt>
      <trkpt lat="-22.634983006864786" lon="14.731208989396691">
        <ele>165.40000000000001</ele>
      </trkpt>
      <trkpt lat="-22.634983006864786" lon="14.731146963313222">
        <ele>165.19999999999999</ele>
      </trkpt>
      <trkpt lat="-22.634983006864786" lon="14.73109700717032">
        <ele>165</ele>
      </trkpt>
      <trkpt lat="-22.634978983551264" lon="14.731031963601708">
        <ele>164.80000000000001</ele>
      </trkpt>
      <trkpt lat="-22.634968003258109" lon="14.73096800968051">
        <ele>164.80000000000001</ele>
      </trkpt>
      <trkpt lat="-22.634950987994671" lon="14.730889974161983">
        <ele>164.59999999999999</ele>
      </trkpt>
      <trkpt lat="-22.634932966902852" lon="14.730828031897545">
        <ele>164.59999999999999</ele>
      </trkpt>
      <trkpt lat="-22.634915029630065" lon="14.730762988328934">
        <ele>164.40000000000001</ele>
      </trkpt>
      <trkpt lat="-22.634897008538246" lon="14.730697022750974">
        <ele>164.40000000000001</ele>
      </trkpt>
      <trkpt lat="-22.634877981618047" lon="14.730642037466168">
        <ele>164.40000000000001</ele>
      </trkpt>
      <trkpt lat="-22.634845040738583" lon="14.730562996119261">
        <ele>164.19999999999999</ele>
      </trkpt>
      <trkpt lat="-22.634814027696848" lon="14.730497030541301">
        <ele>164.19999999999999</ele>
      </trkpt>
      <trkpt lat="-22.634784020483494" lon="14.730430981144309">
        <ele>164.19999999999999</ele>
      </trkpt>
      <trkpt lat="-22.634756024926901" lon="14.730363003909588">
        <ele>164.19999999999999</ele>
      </trkpt>
      <trkpt lat="-22.634731968864799" lon="14.730295026674867">
        <ele>164</ele>
      </trkpt>
      <trkpt lat="-22.63471201993525" lon="14.73024096339941">
        <ele>164</ele>
      </trkpt>
      <trkpt lat="-22.634682012721896" lon="14.730164017528296">
        <ele>163.80000000000001</ele>
      </trkpt>
      <trkpt lat="-22.634655022993684" lon="14.730107020586729">
        <ele>163.80000000000001</ele>
      </trkpt>
      <trkpt lat="-22.634627027437091" lon="14.730052035301924">
        <ele>163.59999999999999</ele>
      </trkpt>
      <trkpt lat="-22.634592996910214" lon="14.73000199533999">
        <ele>163.59999999999999</ele>
      </trkpt>
      <trkpt lat="-22.634567013010383" lon="14.729953967034817">
        <ele>163.59999999999999</ele>
      </trkpt>
      <trkpt lat="-22.634554021060467" lon="14.729900993406773">
        <ele>163.59999999999999</ele>
      </trkpt>
      <trkpt lat="-22.634556032717228" lon="14.729848019778728">
        <ele>163.59999999999999</ele>
      </trkpt>
      <trkpt lat="-22.634569024667144" lon="14.729803008958697">
        <ele>163.59999999999999</ele>
      </trkpt>
      <trkpt lat="-22.634597020223737" lon="14.729768978431821">
        <ele>163.59999999999999</ele>
      </trkpt>
      <trkpt lat="-22.634633984416723" lon="14.72974500618875">
        <ele>163.59999999999999</ele>
      </trkpt>
      <trkpt lat="-22.634672960266471" lon="14.729726985096931">
        <ele>163.59999999999999</ele>
      </trkpt>
      <trkpt lat="-22.634706990793347" lon="14.729708964005113">
        <ele>163.59999999999999</ele>
      </trkpt>
      <trkpt lat="-22.634735992178321" lon="14.729693960398436">
        <ele>163.59999999999999</ele>
      </trkpt>
      <trkpt lat="-22.634757030755281" lon="14.729683985933661">
        <ele>163.80000000000001</ele>
      </trkpt>
      <trkpt lat="-22.634774968028069" lon="14.729675017297268">
        <ele>163.80000000000001</ele>
      </trkpt>
      <trkpt lat="-22.634791983291507" lon="14.729662025347352">
        <ele>163.80000000000001</ele>
      </trkpt>
      <trkpt lat="-22.634807992726564" lon="14.729647021740675">
        <ele>164</ele>
      </trkpt>
      <trkpt lat="-22.634825007990003" lon="14.729630006477237">
        <ele>164</ele>
      </trkpt>
      <trkpt lat="-22.634853003546596" lon="14.729607040062547">
        <ele>164.19999999999999</ele>
      </trkpt>
      <trkpt lat="-22.634880999103189" lon="14.729587007313967">
        <ele>164.59999999999999</ele>
      </trkpt>
      <trkpt lat="-22.634921986609697" lon="14.72955297678709">
        <ele>165</ele>
      </trkpt>
      <trkpt lat="-22.63494998216629" lon="14.729521963745356">
        <ele>165.59999999999999</ele>
      </trkpt>
      <trkpt lat="-22.634974960237741" lon="14.729495979845524">
        <ele>166</ele>
      </trkpt>
      <trkpt lat="-22.635001027956605" lon="14.729474019259214">
        <ele>166.40000000000001</ele>
      </trkpt>
      <trkpt lat="-22.635022988542914" lon="14.729455998167396">
        <ele>166.80000000000001</ele>
      </trkpt>
      <trkpt lat="-22.635054001584649" lon="14.72942397929728">
        <ele>166.80000000000001</ele>
      </trkpt>
      <trkpt lat="-22.6350789796561" lon="14.729397995397449">
        <ele>167</ele>
      </trkpt>
      <trkpt lat="-22.635100018233061" lon="14.729361031204462">
        <ele>167</ele>
      </trkpt>
      <trkpt lat="-22.635118961334229" lon="14.729316020384431">
        <ele>167</ele>
      </trkpt>
      <trkpt lat="-22.635138994082808" lon="14.729268997907639">
        <ele>167</ele>
      </trkpt>
      <trkpt lat="-22.635165983811021" lon="14.729227004572749">
        <ele>167</ele>
      </trkpt>
      <trkpt lat="-22.635194985195994" lon="14.729182999581099">
        <ele>167</ele>
      </trkpt>
      <trkpt lat="-22.635225998237729" lon="14.729130025953054">
        <ele>167</ele>
      </trkpt>
      <trkpt lat="-22.635266985744238" lon="14.729080991819501">
        <ele>167</ele>
      </trkpt>
      <trkpt lat="-22.635308979079127" lon="14.729038998484612">
        <ele>167</ele>
      </trkpt>
      <trkpt lat="-22.635344015434384" lon="14.729008991271257">
        <ele>167</ele>
      </trkpt>
      <trkpt lat="-22.635395983234048" lon="14.728963980451226">
        <ele>166.80000000000001</ele>
      </trkpt>
      <trkpt lat="-22.635436970740557" lon="14.728920981287956">
        <ele>166.59999999999999</ele>
      </trkpt>
      <trkpt lat="-22.635478964075446" lon="14.728872030973434">
        <ele>166.59999999999999</ele>
      </trkpt>
      <trkpt lat="-22.635515006259084" lon="14.728818973526359">
        <ele>166.40000000000001</ele>
      </trkpt>
      <trkpt lat="-22.635535961017013" lon="14.728767005726695">
        <ele>166.40000000000001</ele>
      </trkpt>
      <trkpt lat="-22.635545013472438" lon="14.728716965764761">
        <ele>166.40000000000001</ele>
      </trkpt>
      <trkpt lat="-22.63554903678596" lon="14.72866902127862">
        <ele>166.19999999999999</ele>
      </trkpt>
      <trkpt lat="-22.635553982108831" lon="14.728621998801827">
        <ele>166.40000000000001</ele>
      </trkpt>
      <trkpt lat="-22.635564040392637" lon="14.728577993810177">
        <ele>166.40000000000001</ele>
      </trkpt>
      <trkpt lat="-22.635578038170934" lon="14.728542035445571">
        <ele>166.19999999999999</ele>
      </trkpt>
      <trkpt lat="-22.635602010414004" lon="14.728485038504004">
        <ele>166.19999999999999</ele>
      </trkpt>
      <trkpt lat="-22.635622965171933" lon="14.728437010198832">
        <ele>166.19999999999999</ele>
      </trkpt>
      <trkpt lat="-22.635642997920513" lon="14.728388981893659">
        <ele>166.19999999999999</ele>
      </trkpt>
      <trkpt lat="-22.635663030669093" lon="14.728339025750756">
        <ele>166.19999999999999</ele>
      </trkpt>
      <trkpt lat="-22.63567702844739" lon="14.728292003273964">
        <ele>166.19999999999999</ele>
      </trkpt>
      <trkpt lat="-22.63567803427577" lon="14.728245986625552">
        <ele>166.19999999999999</ele>
      </trkpt>
      <trkpt lat="-22.635669987648726" lon="14.728197958320379">
        <ele>166.19999999999999</ele>
      </trkpt>
      <trkpt lat="-22.635662024840713" lon="14.728150013834238">
        <ele>166.19999999999999</ele>
      </trkpt>
      <trkpt lat="-22.635660013183951" lon="14.728097962215543">
        <ele>166.19999999999999</ele>
      </trkpt>
      <trkpt lat="-22.635669987648726" lon="14.728062003850937">
        <ele>166.19999999999999</ele>
      </trkpt>
      <trkpt lat="-22.635694965720177" lon="14.728012969717383">
        <ele>166.19999999999999</ele>
      </trkpt>
      <trkpt lat="-22.635727990418673" lon="14.727977011352777">
        <ele>166.40000000000001</ele>
      </trkpt>
      <trkpt lat="-22.63576596044004" lon="14.727944992482662">
        <ele>166.40000000000001</ele>
      </trkpt>
      <trkpt lat="-22.635805020108819" lon="14.727909034118056">
        <ele>166.40000000000001</ele>
      </trkpt>
      <trkpt lat="-22.635848019272089" lon="14.727870980277658">
        <ele>166.40000000000001</ele>
      </trkpt>
      <trkpt lat="-22.63589596375823" lon="14.727828986942768">
        <ele>166.40000000000001</ele>
      </trkpt>
      <trkpt lat="-22.635940974578261" lon="14.727787999436259">
        <ele>166.40000000000001</ele>
      </trkpt>
      <trkpt lat="-22.635984979569912" lon="14.727741982787848">
        <ele>166.40000000000001</ele>
      </trkpt>
      <trkpt lat="-22.636020015925169" lon="14.72770401276648">
        <ele>166.40000000000001</ele>
      </trkpt>
      <trkpt lat="-22.636070977896452" lon="14.727649027481675">
        <ele>166.40000000000001</ele>
      </trkpt>
      <trkpt lat="-22.636111965402961" lon="14.727607034146786">
        <ele>166.19999999999999</ele>
      </trkpt>
      <trkpt lat="-22.636153036728501" lon="14.727565040811896">
        <ele>166.19999999999999</ele>
      </trkpt>
      <trkpt lat="-22.63619402423501" lon="14.727519024163485">
        <ele>166</ele>
      </trkpt>
      <trkpt lat="-22.636233000084758" lon="14.727469990029931">
        <ele>166</ele>
      </trkpt>
      <trkpt lat="-22.636272981762886" lon="14.727423973381519">
        <ele>165.80000000000001</ele>
      </trkpt>
      <trkpt lat="-22.636314975097775" lon="14.727383991703391">
        <ele>165.59999999999999</ele>
      </trkpt>
      <trkpt lat="-22.636359985917807" lon="14.727352978661656">
        <ele>165.59999999999999</ele>
      </trkpt>
      <trkpt lat="-22.63640801422298" lon="14.727323977276683">
        <ele>165.40000000000001</ele>
      </trkpt>
      <trkpt lat="-22.636459982022643" lon="14.727298999205232">
        <ele>165.19999999999999</ele>
      </trkpt>
      <trkpt lat="-22.636513961479068" lon="14.72727402113378">
        <ele>165</ele>
      </trkpt>
      <trkpt lat="-22.636566013097763" lon="14.727249965071678">
        <ele>164.80000000000001</ele>
      </trkpt>
      <trkpt lat="-22.636612029746175" lon="14.727223981171846">
        <ele>164.80000000000001</ele>
      </trkpt>
      <trkpt lat="-22.636651005595922" lon="14.727203026413918">
        <ele>164.59999999999999</ele>
      </trkpt>
      <trkpt lat="-22.636670032516122" lon="14.727191962301731">
        <ele>164.40000000000001</ele>
      </trkpt>
      <trkpt lat="-22.63668998144567" lon="14.727180982008576">
        <ele>164.40000000000001</ele>
      </trkpt>
      <trkpt lat="-22.636703979223967" lon="14.727167990058661">
        <ele>164.19999999999999</ele>
      </trkpt>
      <trkpt lat="-22.636718982830644" lon="14.727150974795222">
        <ele>164</ele>
      </trkpt>
      <trkpt lat="-22.636737003922462" lon="14.727133959531784">
        <ele>163.59999999999999</ele>
      </trkpt>
      <trkpt lat="-22.636759970337152" lon="14.727109987288713">
        <ele>163.59999999999999</ele>
      </trkpt>
      <trkpt lat="-22.636791989207268" lon="14.727076962590218">
        <ele>163.40000000000001</ele>
      </trkpt>
      <trkpt lat="-22.636826019734144" lon="14.727039998397231">
        <ele>163.19999999999999</ele>
      </trkpt>
      <trkpt lat="-22.63686197809875" lon="14.726999010890722">
        <ele>163.19999999999999</ele>
      </trkpt>
      <trkpt lat="-22.636896008625627" lon="14.726954000070691">
        <ele>163</ele>
      </trkpt>
      <trkpt lat="-22.636930961161852" lon="14.726903960108757">
        <ele>163</ele>
      </trkpt>
      <trkpt lat="-22.636958034709096" lon="14.726850986480713">
        <ele>163</ele>
      </trkpt>
      <trkpt lat="-22.636978989467025" lon="14.726798012852669">
        <ele>163</ele>
      </trkpt>
      <trkpt lat="-22.636999022215605" lon="14.726745039224625">
        <ele>163</ele>
      </trkpt>
      <trkpt lat="-22.637016037479043" lon="14.726691981777549">
        <ele>163</ele>
      </trkpt>
      <trkpt lat="-22.637031963095069" lon="14.726634984835982">
        <ele>163</ele>
      </trkpt>
      <trkpt lat="-22.637045960873365" lon="14.726577987894416">
        <ele>162.80000000000001</ele>
      </trkpt>
      <trkpt lat="-22.637061970308423" lon="14.726513028144836">
        <ele>162.80000000000001</ele>
      </trkpt>
      <trkpt lat="-22.6370769739151" lon="14.726447984576225">
        <ele>162.80000000000001</ele>
      </trkpt>
      <trkpt lat="-22.637089965865016" lon="14.726381013169885">
        <ele>162.80000000000001</ele>
      </trkpt>
      <trkpt lat="-22.637103963643312" lon="14.72630700096488">
        <ele>162.80000000000001</ele>
      </trkpt>
      <trkpt lat="-22.637117961421609" lon="14.726229971274734">
        <ele>162.80000000000001</ele>
      </trkpt>
      <trkpt lat="-22.637131037190557" lon="14.726150007918477">
        <ele>162.80000000000001</ele>
      </trkpt>
      <trkpt lat="-22.637146962806582" lon="14.726072978228331">
        <ele>162.80000000000001</ele>
      </trkpt>
      <trkpt lat="-22.63716297224164" lon="14.725993014872074">
        <ele>162.80000000000001</ele>
      </trkpt>
      <trkpt lat="-22.637178981676698" lon="14.725911039859056">
        <ele>162.80000000000001</ele>
      </trkpt>
      <trkpt lat="-22.637191973626614" lon="14.725835015997291">
        <ele>162.80000000000001</ele>
      </trkpt>
      <trkpt lat="-22.637211000546813" lon="14.725735019892454">
        <ele>162.80000000000001</ele>
      </trkpt>
      <trkpt lat="-22.637227009981871" lon="14.725657990202308">
        <ele>162.80000000000001</ele>
      </trkpt>
      <trkpt lat="-22.637245031073689" lon="14.725577021017671">
        <ele>162.80000000000001</ele>
      </trkpt>
      <trkpt lat="-22.637260034680367" lon="14.725498985499144">
        <ele>162.80000000000001</ele>
      </trkpt>
      <trkpt lat="-22.637276966124773" lon="14.725423967465758">
        <ele>162.80000000000001</ele>
      </trkpt>
      <trkpt lat="-22.637292975559831" lon="14.725362025201321">
        <ele>162.80000000000001</ele>
      </trkpt>
      <trkpt lat="-22.637323988601565" lon="14.725272003561258">
        <ele>162.80000000000001</ele>
      </trkpt>
      <trkpt lat="-22.637353995814919" lon="14.725197991356254">
        <ele>162.80000000000001</ele>
      </trkpt>
      <trkpt lat="-22.637381991371512" lon="14.72512599080801">
        <ele>163</ele>
      </trkpt>
      <trkpt lat="-22.637407975271344" lon="14.725053990259767">
        <ele>162.80000000000001</ele>
      </trkpt>
      <trkpt lat="-22.637436976656318" lon="14.724981989711523">
        <ele>162.80000000000001</ele>
      </trkpt>
      <trkpt lat="-22.637471007183194" lon="14.72491099499166">
        <ele>162.80000000000001</ele>
      </trkpt>
      <trkpt lat="-22.637505959719419" lon="14.724838994443417">
        <ele>162.59999999999999</ele>
      </trkpt>
      <trkpt lat="-22.637539990246296" lon="14.724767999723554">
        <ele>162.59999999999999</ele>
      </trkpt>
      <trkpt lat="-22.637574020773172" lon="14.724701028317213">
        <ele>162.80000000000001</ele>
      </trkpt>
      <trkpt lat="-22.637608973309398" lon="14.724636990576982">
        <ele>162.59999999999999</ele>
      </trkpt>
      <trkpt lat="-22.637641998007894" lon="14.724573036655784">
        <ele>162.59999999999999</ele>
      </trkpt>
      <trkpt lat="-22.637679968029261" lon="14.724496006965637">
        <ele>162.59999999999999</ele>
      </trkpt>
      <trkpt lat="-22.637705029919744" lon="14.724445967003703">
        <ele>162.59999999999999</ele>
      </trkpt>
      <trkpt lat="-22.637738976627588" lon="14.724386036396027">
        <ele>162.40000000000001</ele>
      </trkpt>
      <trkpt lat="-22.637769989669323" lon="14.72432903945446">
        <ele>162.19999999999999</ele>
      </trkpt>
      <trkpt lat="-22.637799996882677" lon="14.724274976179004">
        <ele>162.19999999999999</ele>
      </trkpt>
      <trkpt lat="-22.637830004096031" lon="14.72422300837934">
        <ele>162</ele>
      </trkpt>
      <trkpt lat="-22.637861017137766" lon="14.724169028922915">
        <ele>162</ele>
      </trkpt>
      <trkpt lat="-22.637893036007881" lon="14.72411597147584">
        <ele>162</ele>
      </trkpt>
      <trkpt lat="-22.637925976887345" lon="14.724064003676176">
        <ele>162</ele>
      </trkpt>
      <trkpt lat="-22.63795698992908" lon="14.724009018391371">
        <ele>162</ele>
      </trkpt>
      <trkpt lat="-22.637986997142434" lon="14.723956966772676">
        <ele>162</ele>
      </trkpt>
      <trkpt lat="-22.638015998527408" lon="14.72390198148787">
        <ele>162</ele>
      </trkpt>
      <trkpt lat="-22.638046005740762" lon="14.723848002031446">
        <ele>162.19999999999999</ele>
      </trkpt>
      <trkpt lat="-22.638072995468974" lon="14.72379301674664">
        <ele>162.40000000000001</ele>
      </trkpt>
      <trkpt lat="-22.638100991025567" lon="14.723739959299564">
        <ele>162.40000000000001</ele>
      </trkpt>
      <trkpt lat="-22.638129992410541" lon="14.72368597984314">
        <ele>162.40000000000001</ele>
      </trkpt>
      <trkpt lat="-22.638156982138753" lon="14.723633006215096">
        <ele>162.59999999999999</ele>
      </trkpt>
      <trkpt lat="-22.638180032372475" lon="14.723581960424781">
        <ele>162.59999999999999</ele>
      </trkpt>
      <trkpt lat="-22.638202998787165" lon="14.723532004281878">
        <ele>162.59999999999999</ele>
      </trkpt>
      <trkpt lat="-22.638228982686996" lon="14.723479030653834">
        <ele>162.59999999999999</ele>
      </trkpt>
      <trkpt lat="-22.638255972415209" lon="14.723420022055507">
        <ele>162.80000000000001</ele>
      </trkpt>
      <trkpt lat="-22.638282040134072" lon="14.72336201928556">
        <ele>163</ele>
      </trkpt>
      <trkpt lat="-22.638310035690665" lon="14.723300999030471">
        <ele>163</ele>
      </trkpt>
      <trkpt lat="-22.638338031247258" lon="14.723238972947001">
        <ele>163.19999999999999</ele>
      </trkpt>
      <trkpt lat="-22.638368960469961" lon="14.723175019025803">
        <ele>163.19999999999999</ele>
      </trkpt>
      <trkpt lat="-22.638400979340076" lon="14.723109975457191">
        <ele>163.19999999999999</ele>
      </trkpt>
      <trkpt lat="-22.638432998210192" lon="14.723045015707612">
        <ele>163.19999999999999</ele>
      </trkpt>
      <trkpt lat="-22.638467028737068" lon="14.722979972139001">
        <ele>163.19999999999999</ele>
      </trkpt>
      <trkpt lat="-22.638501981273293" lon="14.72291199490428">
        <ele>163.40000000000001</ele>
      </trkpt>
      <trkpt lat="-22.638537017628551" lon="14.722839994356036">
        <ele>163.40000000000001</ele>
      </trkpt>
      <trkpt lat="-22.638572975993156" lon="14.722768999636173">
        <ele>163.40000000000001</ele>
      </trkpt>
      <trkpt lat="-22.638610024005175" lon="14.722695993259549">
        <ele>163.40000000000001</ele>
      </trkpt>
      <trkpt lat="-22.638648999854922" lon="14.722619969397783">
        <ele>163.40000000000001</ele>
      </trkpt>
      <trkpt lat="-22.638685964047909" lon="14.722543023526669">
        <ele>163.40000000000001</ele>
      </trkpt>
      <trkpt lat="-22.638718988746405" lon="14.722463982179761">
        <ele>163.40000000000001</ele>
      </trkpt>
      <trkpt lat="-22.638753019273281" lon="14.722384018823504">
        <ele>163.40000000000001</ele>
      </trkpt>
      <trkpt lat="-22.638784032315016" lon="14.722303971648216">
        <ele>163.40000000000001</ele>
      </trkpt>
      <trkpt lat="-22.638814961537719" lon="14.722219984978437">
        <ele>163.40000000000001</ele>
      </trkpt>
      <trkpt lat="-22.638843040913343" lon="14.722135998308659">
        <ele>163.40000000000001</ele>
      </trkpt>
      <trkpt lat="-22.638869024813175" lon="14.722056034952402">
        <ele>163.19999999999999</ele>
      </trkpt>
      <trkpt lat="-22.638894002884626" lon="14.721976993605494">
        <ele>162.59999999999999</ele>
      </trkpt>
      <trkpt lat="-22.638915041461587" lon="14.721899963915348">
        <ele>162.40000000000001</ele>
      </trkpt>
      <trkpt lat="-22.638935996219516" lon="14.721825029700994">
        <ele>162.19999999999999</ele>
      </trkpt>
      <trkpt lat="-22.638955023139715" lon="14.721749005839229">
        <ele>162</ele>
      </trkpt>
      <trkpt lat="-22.638970026746392" lon="14.721673987805843">
        <ele>162</ele>
      </trkpt>
      <trkpt lat="-22.638983018696308" lon="14.721599975600839">
        <ele>162</ele>
      </trkpt>
      <trkpt lat="-22.638995004817843" lon="14.721525963395834">
        <ele>162</ele>
      </trkpt>
      <trkpt lat="-22.639005985110998" lon="14.7214500233531">
        <ele>162</ele>
      </trkpt>
      <trkpt lat="-22.639015959575772" lon="14.721375005319715">
        <ele>162</ele>
      </trkpt>
      <trkpt lat="-22.639024006202817" lon="14.721298981457949">
        <ele>162</ele>
      </trkpt>
      <trkpt lat="-22.6390300411731" lon="14.721222035586834">
        <ele>162</ele>
      </trkpt>
      <trkpt lat="-22.639034986495972" lon="14.721145005896688">
        <ele>162</ele>
      </trkpt>
      <trkpt lat="-22.639035992324352" lon="14.721069987863302">
        <ele>162</ele>
      </trkpt>
      <trkpt lat="-22.639034986495972" lon="14.720994969829917">
        <ele>162</ele>
      </trkpt>
      <trkpt lat="-22.63903196901083" lon="14.720919029787183">
        <ele>162</ele>
      </trkpt>
      <trkpt lat="-22.639028029516339" lon="14.720842000097036">
        <ele>162</ele>
      </trkpt>
      <trkpt lat="-22.639023000374436" lon="14.720766982063651">
        <ele>162</ele>
      </trkpt>
      <trkpt lat="-22.639016965404153" lon="14.720693975687027">
        <ele>162</ele>
      </trkpt>
      <trkpt lat="-22.639013025909662" lon="14.720623986795545">
        <ele>162</ele>
      </trkpt>
      <trkpt lat="-22.63900900259614" lon="14.7205710131675">
        <ele>162</ele>
      </trkpt>
      <trkpt lat="-22.638998022302985" lon="14.720495995134115">
        <ele>162</ele>
      </trkpt>
      <trkpt lat="-22.638985030353069" lon="14.720455007627606">
        <ele>161.80000000000001</ele>
      </trkpt>
      <trkpt lat="-22.638963991776109" lon="14.720409996807575">
        <ele>162</ele>
      </trkpt>
      <trkpt lat="-22.638934990391135" lon="14.720376972109079">
        <ele>161.80000000000001</ele>
      </trkpt>
      <trkpt lat="-22.638904983177781" lon="14.720343025401235">
        <ele>161.80000000000001</ele>
      </trkpt>
      <trkpt lat="-22.638868018984795" lon="14.720322992652655">
        <ele>161.80000000000001</ele>
      </trkpt>
      <trkpt lat="-22.638828037306666" lon="14.720314024016261">
        <ele>161.59999999999999</ele>
      </trkpt>
      <trkpt lat="-22.638783026486635" lon="14.720315029844642">
        <ele>161.59999999999999</ele>
      </trkpt>
      <trkpt lat="-22.638740027323365" lon="14.720320980995893">
        <ele>161.59999999999999</ele>
      </trkpt>
      <trkpt lat="-22.638697028160095" lon="14.720327015966177">
        <ele>161.59999999999999</ele>
      </trkpt>
      <trkpt lat="-22.638650005683303" lon="14.720341013744473">
        <ele>161.59999999999999</ele>
      </trkpt>
      <trkpt lat="-22.638609018176794" lon="14.720352999866009">
        <ele>161.59999999999999</ele>
      </trkpt>
      <trkpt lat="-22.638574987649918" lon="14.720365991815925">
        <ele>161.59999999999999</ele>
      </trkpt>
      <trkpt lat="-22.638529976829886" lon="14.720382001250982">
        <ele>161.59999999999999</ele>
      </trkpt>
      <trkpt lat="-22.638487983494997" lon="14.720400022342801">
        <ele>161.59999999999999</ele>
      </trkpt>
      <trkpt lat="-22.638436015695333" lon="14.720426006242633">
        <ele>161.59999999999999</ele>
      </trkpt>
      <trkpt lat="-22.638393016532063" lon="14.720442015677691">
        <ele>161.59999999999999</ele>
      </trkpt>
      <trkpt lat="-22.638354040682316" lon="14.720456013455987">
        <ele>161.80000000000001</ele>
      </trkpt>
      <trkpt lat="-22.638317998498678" lon="14.720475962385535">
        <ele>161.80000000000001</ele>
      </trkpt>
      <trkpt lat="-22.638281034305692" lon="14.720497000962496">
        <ele>161.80000000000001</ele>
      </trkpt>
      <trkpt lat="-22.638240968808532" lon="14.720517033711076">
        <ele>161.80000000000001</ele>
      </trkpt>
      <trkpt lat="-22.638197969645262" lon="14.720534970983863">
        <ele>161.80000000000001</ele>
      </trkpt>
      <trkpt lat="-22.638154970481992" lon="14.72054997459054">
        <ele>162</ele>
      </trkpt>
      <trkpt lat="-22.63810602016747" lon="14.720563972368836">
        <ele>162</ele>
      </trkpt>
      <trkpt lat="-22.638058997690678" lon="14.720579981803894">
        <ele>162.19999999999999</ele>
      </trkpt>
      <trkpt lat="-22.638010969385505" lon="14.720599008724093">
        <ele>162.19999999999999</ele>
      </trkpt>
      <trkpt lat="-22.637962019070983" lon="14.720619963482022">
        <ele>162.19999999999999</ele>
      </trkpt>
      <trkpt lat="-22.63791399076581" lon="14.72063597291708">
        <ele>162.19999999999999</ele>
      </trkpt>
      <trkpt lat="-22.637868979945779" lon="14.720653994008899">
        <ele>162.40000000000001</ele>
      </trkpt>
      <trkpt lat="-22.637822041288018" lon="14.720674026757479">
        <ele>162.40000000000001</ele>
      </trkpt>
      <trkpt lat="-22.637770995497704" lon="14.720693975687027">
        <ele>162.40000000000001</ele>
      </trkpt>
      <trkpt lat="-22.637717016041279" lon="14.720709985122085">
        <ele>162.40000000000001</ele>
      </trkpt>
      <trkpt lat="-22.637665970250964" lon="14.720727000385523">
        <ele>162.40000000000001</ele>
      </trkpt>
      <trkpt lat="-22.637616014108062" lon="14.720746027305722">
        <ele>162.40000000000001</ele>
      </trkpt>
      <trkpt lat="-22.637565974146128" lon="14.720762958750129">
        <ele>162.40000000000001</ele>
      </trkpt>
      <trkpt lat="-22.637514006346464" lon="14.720777962356806">
        <ele>162.59999999999999</ele>
      </trkpt>
      <trkpt lat="-22.63746396638453" lon="14.720793971791863">
        <ele>162.59999999999999</ele>
      </trkpt>
      <trkpt lat="-22.637411998584867" lon="14.720810987055302">
        <ele>162.80000000000001</ele>
      </trkpt>
      <trkpt lat="-22.637356007471681" lon="14.72082800231874">
        <ele>162.80000000000001</ele>
      </trkpt>
      <trkpt lat="-22.637302028015256" lon="14.720844011753798">
        <ele>163</ele>
      </trkpt>
      <trkpt lat="-22.637247964739799" lon="14.720858009532094">
        <ele>163</ele>
      </trkpt>
      <trkpt lat="-22.637194991111755" lon="14.720863960683346">
        <ele>163</ele>
      </trkpt>
      <trkpt lat="-22.637144029140472" lon="14.720864966511726">
        <ele>163.19999999999999</ele>
      </trkpt>
      <trkpt lat="-22.637089965865016" lon="14.720863960683346">
        <ele>163.40000000000001</ele>
      </trkpt>
      <trkpt lat="-22.637041015550494" lon="14.720860021188855">
        <ele>163.40000000000001</ele>
      </trkpt>
      <trkpt lat="-22.636993993073702" lon="14.720852980390191">
        <ele>163.59999999999999</ele>
      </trkpt>
      <trkpt lat="-22.636951999738812" lon="14.720837976783514">
        <ele>163.59999999999999</ele>
      </trkpt>
      <trkpt lat="-22.636915035545826" lon="14.720818027853966">
        <ele>163.59999999999999</ele>
      </trkpt>
      <trkpt lat="-22.636874970048666" lon="14.720790032297373">
        <ele>163.80000000000001</ele>
      </trkpt>
      <trkpt lat="-22.636837000027299" lon="14.720759019255638">
        <ele>163.80000000000001</ele>
      </trkpt>
      <trkpt lat="-22.63679601252079" lon="14.720720965415239">
        <ele>163.80000000000001</ele>
      </trkpt>
      <trkpt lat="-22.636757036671042" lon="14.720676960423589">
        <ele>163.80000000000001</ele>
      </trkpt>
      <trkpt lat="-22.636717977002263" lon="14.720632033422589">
        <ele>163.80000000000001</ele>
      </trkpt>
      <trkpt lat="-22.636677995324135" lon="14.720582999289036">
        <ele>164</ele>
      </trkpt>
      <trkpt lat="-22.636641031131148" lon="14.720532037317753">
        <ele>164</ele>
      </trkpt>
      <trkpt lat="-22.636604988947511" lon="14.720477974042296">
        <ele>164</ele>
      </trkpt>
      <trkpt lat="-22.636569030582905" lon="14.720422988757491">
        <ele>164.19999999999999</ele>
      </trkpt>
      <trkpt lat="-22.636532988399267" lon="14.720369009301066">
        <ele>164.19999999999999</ele>
      </trkpt>
      <trkpt lat="-22.636499041691422" lon="14.720315029844642">
        <ele>164.19999999999999</ele>
      </trkpt>
      <trkpt lat="-22.636467022821307" lon="14.720260966569185">
        <ele>164.19999999999999</ele>
      </trkpt>
      <trkpt lat="-22.636436009779572" lon="14.720210004597902">
        <ele>164.19999999999999</ele>
      </trkpt>
      <trkpt lat="-22.636404996737838" lon="14.720158958807588">
        <ele>164.19999999999999</ele>
      </trkpt>
      <trkpt lat="-22.636375995352864" lon="14.720110008493066">
        <ele>164.19999999999999</ele>
      </trkpt>
      <trkpt lat="-22.636347999796271" lon="14.720060974359512">
        <ele>164.19999999999999</ele>
      </trkpt>
      <trkpt lat="-22.636320004239678" lon="14.720010012388229">
        <ele>164.19999999999999</ele>
      </trkpt>
      <trkpt lat="-22.636292008683085" lon="14.719958966597915">
        <ele>164.19999999999999</ele>
      </trkpt>
      <trkpt lat="-22.636267030611634" lon="14.719906998798251">
        <ele>164.19999999999999</ele>
      </trkpt>
      <trkpt lat="-22.636239035055041" lon="14.719856036826968">
        <ele>164.19999999999999</ele>
      </trkpt>
      <trkpt lat="-22.636210033670068" lon="14.719808008521795">
        <ele>164.19999999999999</ele>
      </trkpt>
      <trkpt lat="-22.636182038113475" lon="14.719756962731481">
        <ele>164.19999999999999</ele>
      </trkpt>
      <trkpt lat="-22.636149013414979" lon="14.719708012416959">
        <ele>164.19999999999999</ele>
      </trkpt>
      <trkpt lat="-22.636114982888103" lon="14.719658978283405">
        <ele>164.19999999999999</ele>
      </trkpt>
      <trkpt lat="-22.636081958189607" lon="14.719613967463374">
        <ele>164.19999999999999</ele>
      </trkpt>
      <trkpt lat="-22.636049017310143" lon="14.719569040462375">
        <ele>164.19999999999999</ele>
      </trkpt>
      <trkpt lat="-22.636016998440027" lon="14.719526041299105">
        <ele>164.19999999999999</ele>
      </trkpt>
      <trkpt lat="-22.635989002883434" lon="14.719484969973564">
        <ele>164.19999999999999</ele>
      </trkpt>
      <trkpt lat="-22.635963018983603" lon="14.719448005780578">
        <ele>164.19999999999999</ele>
      </trkpt>
      <trkpt lat="-22.635939968749881" lon="14.719413975253701">
        <ele>164.19999999999999</ele>
      </trkpt>
      <trkpt lat="-22.635922031477094" lon="14.719381034374237">
        <ele>164.19999999999999</ele>
      </trkpt>
      <trkpt lat="-22.635909039527178" lon="14.719343986362219">
        <ele>164.19999999999999</ele>
      </trkpt>
      <trkpt lat="-22.635898981243372" lon="14.719313979148865">
        <ele>164.19999999999999</ele>
      </trkpt>
      <trkpt lat="-22.635888000950217" lon="14.719281960278749">
        <ele>164.19999999999999</ele>
      </trkpt>
      <trkpt lat="-22.635876014828682" lon="14.719240972772241">
        <ele>164.19999999999999</ele>
      </trkpt>
      <trkpt lat="-22.635864028707147" lon="14.719192022457719">
        <ele>164.19999999999999</ele>
      </trkpt>
      <trkpt lat="-22.635851036757231" lon="14.719139970839024">
        <ele>164.19999999999999</ele>
      </trkpt>
      <trkpt lat="-22.635839972645044" lon="14.71908800303936">
        <ele>164.19999999999999</ele>
      </trkpt>
      <trkpt lat="-22.63582999818027" lon="14.719034023582935">
        <ele>164.19999999999999</ele>
      </trkpt>
      <trkpt lat="-22.635822035372257" lon="14.718977026641369">
        <ele>164.19999999999999</ele>
      </trkpt>
      <trkpt lat="-22.635818012058735" lon="14.718932015821338">
        <ele>164.19999999999999</ele>
      </trkpt>
      <trkpt lat="-22.635814994573593" lon="14.718872001394629">
        <ele>164.19999999999999</ele>
      </trkpt>
      <trkpt lat="-22.635814994573593" lon="14.718812992796302">
        <ele>164.19999999999999</ele>
      </trkpt>
      <trkpt lat="-22.635821029543877" lon="14.718754990026355">
        <ele>164.19999999999999</ele>
      </trkpt>
      <trkpt lat="-22.635831004008651" lon="14.718710985034704">
        <ele>164.19999999999999</ele>
      </trkpt>
      <trkpt lat="-22.635840978473425" lon="14.718666980043054">
        <ele>164.19999999999999</ele>
      </trkpt>
      <trkpt lat="-22.635861011222005" lon="14.718579975888133">
        <ele>164.19999999999999</ele>
      </trkpt>
      <trkpt lat="-22.635875009000301" lon="14.718518033623695">
        <ele>164.19999999999999</ele>
      </trkpt>
      <trkpt lat="-22.63589202426374" lon="14.718455001711845">
        <ele>164.19999999999999</ele>
      </trkpt>
      <trkpt lat="-22.635909039527178" lon="14.718389036133885">
        <ele>164.19999999999999</ele>
      </trkpt>
      <trkpt lat="-22.635925970971584" lon="14.718318041414022">
        <ele>164.19999999999999</ele>
      </trkpt>
      <trkpt lat="-22.6359389629215" lon="14.718247968703508">
        <ele>164.19999999999999</ele>
      </trkpt>
      <trkpt lat="-22.635952038690448" lon="14.718176973983645">
        <ele>163.80000000000001</ele>
      </trkpt>
      <trkpt lat="-22.635966036468744" lon="14.718102039769292">
        <ele>163.80000000000001</ele>
      </trkpt>
      <trkpt lat="-22.635981040075421" lon="14.718024004250765">
        <ele>163.80000000000001</ele>
      </trkpt>
      <trkpt lat="-22.635992020368576" lon="14.717947980388999">
        <ele>163.80000000000001</ele>
      </trkpt>
      <trkpt lat="-22.635997971519828" lon="14.717870028689504">
        <ele>163.59999999999999</ele>
      </trkpt>
      <trkpt lat="-22.636003000661731" lon="14.717789981514215">
        <ele>163.59999999999999</ele>
      </trkpt>
      <trkpt lat="-22.636003000661731" lon="14.71771102398634">
        <ele>163.59999999999999</ele>
      </trkpt>
      <trkpt lat="-22.635999983176589" lon="14.717633994296193">
        <ele>163.59999999999999</ele>
      </trkpt>
      <trkpt lat="-22.635995959863067" lon="14.71756199374795">
        <ele>163.19999999999999</ele>
      </trkpt>
      <trkpt lat="-22.635991014540195" lon="14.717494016513228">
        <ele>163</ele>
      </trkpt>
      <trkpt lat="-22.63598196208477" lon="14.71743299625814">
        <ele>163</ele>
      </trkpt>
      <trkpt lat="-22.635961007326841" lon="14.717379016801715">
        <ele>162.59999999999999</ele>
      </trkpt>
      <trkpt lat="-22.635934017598629" lon="14.7173279710114">
        <ele>162.40000000000001</ele>
      </trkpt>
      <trkpt lat="-22.635904010385275" lon="14.717278014868498">
        <ele>162.40000000000001</ele>
      </trkpt>
      <trkpt lat="-22.635869979858398" lon="14.717229986563325">
        <ele>162.40000000000001</ele>
      </trkpt>
      <trkpt lat="-22.635825974866748" lon="14.717179024592042">
        <ele>162.40000000000001</ele>
      </trkpt>
      <trkpt lat="-22.635782975703478" lon="14.717142982408404">
        <ele>162.40000000000001</ele>
      </trkpt>
      <trkpt lat="-22.635740982368588" lon="14.717108029872179">
        <ele>162.19999999999999</ele>
      </trkpt>
      <trkpt lat="-22.635703012347221" lon="14.717073999345303">
        <ele>162.19999999999999</ele>
      </trkpt>
      <trkpt lat="-22.635664036497474" lon="14.717037035152316">
        <ele>162.19999999999999</ele>
      </trkpt>
      <trkpt lat="-22.635626988485456" lon="14.71700300462544">
        <ele>162.19999999999999</ele>
      </trkpt>
      <trkpt lat="-22.63559103012085" lon="14.716970985755324">
        <ele>162</ele>
      </trkpt>
      <trkpt lat="-22.635561022907495" lon="14.716938966885209">
        <ele>162</ele>
      </trkpt>
      <trkpt lat="-22.635527998209" lon="14.716909965500236">
        <ele>162</ele>
      </trkpt>
      <trkpt lat="-22.635496985167265" lon="14.716880964115262">
        <ele>162</ele>
      </trkpt>
      <trkpt lat="-22.635469995439053" lon="14.71685104072094">
        <ele>162</ele>
      </trkpt>
      <trkpt lat="-22.63544199988246" lon="14.716821033507586">
        <ele>162.19999999999999</ele>
      </trkpt>
      <trkpt lat="-22.635410986840725" lon="14.716785997152328">
        <ele>162.19999999999999</ele>
      </trkpt>
      <trkpt lat="-22.635377962142229" lon="14.716749032959342">
        <ele>162.40000000000001</ele>
      </trkpt>
      <trkpt lat="-22.635348038747907" lon="14.716711984947324">
        <ele>162.40000000000001</ele>
      </trkpt>
      <trkpt lat="-22.635317025706172" lon="14.716676026582718">
        <ele>162.40000000000001</ele>
      </trkpt>
      <trkpt lat="-22.635282995179296" lon="14.716635961085558">
        <ele>162.59999999999999</ele>
      </trkpt>
      <trkpt lat="-22.635246030986309" lon="14.71659698523581">
        <ele>162.80000000000001</ele>
      </trkpt>
      <trkpt lat="-22.63520697131753" lon="14.716558009386063">
        <ele>163</ele>
      </trkpt>
      <trkpt lat="-22.635166989639401" lon="14.716520039364696">
        <ele>163</ele>
      </trkpt>
      <trkpt lat="-22.635128013789654" lon="14.716481985524297">
        <ele>163</ele>
      </trkpt>
      <trkpt lat="-22.635092977434397" lon="14.716447032988071">
        <ele>163.19999999999999</ele>
      </trkpt>
      <trkpt lat="-22.635058024898171" lon="14.716415014117956">
        <ele>163.19999999999999</ele>
      </trkpt>
      <trkpt lat="-22.635022988542914" lon="14.716382995247841">
        <ele>163.19999999999999</ele>
      </trkpt>
      <trkpt lat="-22.634990969672799" lon="14.716349970549345">
        <ele>163.19999999999999</ele>
      </trkpt>
      <trkpt lat="-22.634959034621716" lon="14.716317029669881">
        <ele>163.19999999999999</ele>
      </trkpt>
      <trkpt lat="-22.63492600992322" lon="14.716284004971385">
        <ele>163.19999999999999</ele>
      </trkpt>
      <trkpt lat="-22.634893991053104" lon="14.71625198610127">
        <ele>163.40000000000001</ele>
      </trkpt>
      <trkpt lat="-22.63486398383975" lon="14.716218039393425">
        <ele>163.40000000000001</ele>
      </trkpt>
      <trkpt lat="-22.634834982454777" lon="14.716183003038168">
        <ele>163.40000000000001</ele>
      </trkpt>
      <trkpt lat="-22.634805981069803" lon="14.716145033016801">
        <ele>163.40000000000001</ele>
      </trkpt>
      <trkpt lat="-22.634782008826733" lon="14.716102033853531">
        <ele>163.59999999999999</ele>
      </trkpt>
      <trkpt lat="-22.63475401327014" lon="14.716054005548358">
        <ele>163.59999999999999</ele>
      </trkpt>
      <trkpt lat="-22.634732974693179" lon="14.716005977243185">
        <ele>163.59999999999999</ele>
      </trkpt>
      <trkpt lat="-22.634715959429741" lon="14.715956021100283">
        <ele>163.59999999999999</ele>
      </trkpt>
      <trkpt lat="-22.634701039642096" lon="14.715901035815477">
        <ele>163.59999999999999</ele>
      </trkpt>
      <trkpt lat="-22.634687041863799" lon="14.71584596671164">
        <ele>163.59999999999999</ele>
      </trkpt>
      <trkpt lat="-22.634671032428741" lon="14.715789975598454">
        <ele>163.59999999999999</ele>
      </trkpt>
      <trkpt lat="-22.634658040478826" lon="14.715734990313649">
        <ele>163.59999999999999</ele>
      </trkpt>
      <trkpt lat="-22.6346489880234" lon="14.715681010857224">
        <ele>163.59999999999999</ele>
      </trkpt>
      <trkpt lat="-22.634645970538259" lon="14.71562996506691">
        <ele>163.59999999999999</ele>
      </trkpt>
      <trkpt lat="-22.634644964709878" lon="14.715575985610485">
        <ele>163.59999999999999</ele>
      </trkpt>
      <trkpt lat="-22.634644964709878" lon="14.715523011982441">
        <ele>164</ele>
      </trkpt>
      <trkpt lat="-22.63464798219502" lon="14.715471966192126">
        <ele>164</ele>
      </trkpt>
      <trkpt lat="-22.634657034650445" lon="14.715422010049224">
        <ele>164</ele>
      </trkpt>
      <trkpt lat="-22.6346680149436" lon="14.715370964258909">
        <ele>164</ele>
      </trkpt>
      <trkpt lat="-22.634680001065135" lon="14.715318996459246">
        <ele>164</ele>
      </trkpt>
      <trkpt lat="-22.634689975529909" lon="14.715267028659582">
        <ele>164</ele>
      </trkpt>
      <trkpt lat="-22.634696010500193" lon="14.715209025889635">
        <ele>163.80000000000001</ele>
      </trkpt>
      <trkpt lat="-22.634701961651444" lon="14.715151023119688">
        <ele>163.80000000000001</ele>
      </trkpt>
      <trkpt lat="-22.634704979136586" lon="14.71509100869298">
        <ele>163.80000000000001</ele>
      </trkpt>
      <trkpt lat="-22.634703973308206" lon="14.71502898260951">
        <ele>163.59999999999999</ele>
      </trkpt>
      <trkpt lat="-22.634701039642096" lon="14.714967962354422">
        <ele>163.59999999999999</ele>
      </trkpt>
      <trkpt lat="-22.634698022156954" lon="14.714906020089984">
        <ele>163.80000000000001</ele>
      </trkpt>
      <trkpt lat="-22.634696010500193" lon="14.714842988178134">
        <ele>163.80000000000001</ele>
      </trkpt>
      <trkpt lat="-22.634695004671812" lon="14.714780962094665">
        <ele>163.80000000000001</ele>
      </trkpt>
      <trkpt lat="-22.63469198718667" lon="14.714722037315369">
        <ele>163.80000000000001</ele>
      </trkpt>
      <trkpt lat="-22.634686036035419" lon="14.714666968211532">
        <ele>163.80000000000001</ele>
      </trkpt>
      <trkpt lat="-22.634676983579993" lon="14.714609971269965">
        <ele>163.80000000000001</ele>
      </trkpt>
      <trkpt lat="-22.634664997458458" lon="14.714552974328399">
        <ele>163.80000000000001</ele>
      </trkpt>
      <trkpt lat="-22.634654017165303" lon="14.714496983215213">
        <ele>163.80000000000001</ele>
      </trkpt>
      <trkpt lat="-22.634642031043768" lon="14.714441997930408">
        <ele>163.80000000000001</ele>
      </trkpt>
      <trkpt lat="-22.63462602160871" lon="14.714386006817222">
        <ele>163.80000000000001</ele>
      </trkpt>
      <trkpt lat="-22.634612023830414" lon="14.714331021532416">
        <ele>163.80000000000001</ele>
      </trkpt>
      <trkpt lat="-22.63460498303175" lon="14.714279975742102">
        <ele>163.80000000000001</ele>
      </trkpt>
      <trkpt lat="-22.634601965546608" lon="14.714230019599199">
        <ele>164.19999999999999</ele>
      </trkpt>
      <trkpt lat="-22.634601965546608" lon="14.714181991294026">
        <ele>164.59999999999999</ele>
      </trkpt>
      <trkpt lat="-22.634601965546608" lon="14.714132035151124">
        <ele>165</ele>
      </trkpt>
      <trkpt lat="-22.634608000516891" lon="14.714078977704048">
        <ele>165.19999999999999</ele>
      </trkpt>
      <trkpt lat="-22.634616969153285" lon="14.714023992419243">
        <ele>165.40000000000001</ele>
      </trkpt>
      <trkpt lat="-22.634627027437091" lon="14.713970012962818">
        <ele>165.59999999999999</ele>
      </trkpt>
      <trkpt lat="-22.634632978588343" lon="14.713912010192871">
        <ele>165.59999999999999</ele>
      </trkpt>
      <trkpt lat="-22.634639013558626" lon="14.713853001594543">
        <ele>165.80000000000001</ele>
      </trkpt>
      <trkpt lat="-22.634645970538259" lon="14.713796004652977">
        <ele>165.80000000000001</ele>
      </trkpt>
      <trkpt lat="-22.634656028822064" lon="14.71373800188303">
        <ele>166</ele>
      </trkpt>
      <trkpt lat="-22.63466902077198" lon="14.713678993284702">
        <ele>166</ele>
      </trkpt>
      <trkpt lat="-22.634685030207038" lon="14.713614033535123">
        <ele>166.19999999999999</ele>
      </trkpt>
      <trkpt lat="-22.634700033813715" lon="14.713546978309751">
        <ele>166.19999999999999</ele>
      </trkpt>
      <trkpt lat="-22.634715037420392" lon="14.713474977761507">
        <ele>166.19999999999999</ele>
      </trkpt>
      <trkpt lat="-22.634731968864799" lon="14.713399959728122">
        <ele>166.19999999999999</ele>
      </trkpt>
      <trkpt lat="-22.634749989956617" lon="14.71333097666502">
        <ele>166.19999999999999</ele>
      </trkpt>
      <trkpt lat="-22.634770022705197" lon="14.713261993601918">
        <ele>166.19999999999999</ele>
      </trkpt>
      <trkpt lat="-22.634787037968636" lon="14.713192004710436">
        <ele>166.19999999999999</ele>
      </trkpt>
      <trkpt lat="-22.634804975241423" lon="14.713121009990573">
        <ele>166.19999999999999</ele>
      </trkpt>
      <trkpt lat="-22.634825007990003" lon="14.713046997785568">
        <ele>166.19999999999999</ele>
      </trkpt>
      <trkpt lat="-22.634845962747931" lon="14.712968962267041">
        <ele>166.19999999999999</ele>
      </trkpt>
      <trkpt lat="-22.634864989668131" lon="14.712894028052688">
        <ele>166</ele>
      </trkpt>
      <trkpt lat="-22.634878987446427" lon="14.712820015847683">
        <ele>166</ele>
      </trkpt>
      <trkpt lat="-22.634888039901853" lon="14.712747009471059">
        <ele>166</ele>
      </trkpt>
      <trkpt lat="-22.634890973567963" lon="14.712675008922815">
        <ele>165.80000000000001</ele>
      </trkpt>
      <trkpt lat="-22.634885022416711" lon="14.712604014202952">
        <ele>165.80000000000001</ele>
      </trkpt>
      <trkpt lat="-22.634876975789666" lon="14.712536036968231">
        <ele>165.80000000000001</ele>
      </trkpt>
      <trkpt lat="-22.634865995496511" lon="14.71247099339962">
        <ele>165.80000000000001</ele>
      </trkpt>
      <trkpt lat="-22.634851997718215" lon="14.712407039478421">
        <ele>165.80000000000001</ele>
      </trkpt>
      <trkpt lat="-22.634836994111538" lon="14.712344007566571">
        <ele>165.80000000000001</ele>
      </trkpt>
      <trkpt lat="-22.63482098467648" lon="14.712281981483102">
        <ele>165.80000000000001</ele>
      </trkpt>
      <trkpt lat="-22.634803969413042" lon="14.712220961228013">
        <ele>165.80000000000001</ele>
      </trkpt>
      <trkpt lat="-22.634787959977984" lon="14.712161030620337">
        <ele>165.80000000000001</ele>
      </trkpt>
      <trkpt lat="-22.634772034361959" lon="14.712102022022009">
        <ele>165.80000000000001</ele>
      </trkpt>
      <trkpt lat="-22.63475401327014" lon="14.712042007595301">
        <ele>166</ele>
      </trkpt>
      <trkpt lat="-22.634736998006701" lon="14.711982998996973">
        <ele>166</ele>
      </trkpt>
      <trkpt lat="-22.634720988571644" lon="14.711923990398645">
        <ele>166</ele>
      </trkpt>
      <trkpt lat="-22.634707996621728" lon="14.71186799928546">
        <ele>166.19999999999999</ele>
      </trkpt>
      <trkpt lat="-22.634693998843431" lon="14.711809996515512">
        <ele>166.19999999999999</ele>
      </trkpt>
      <trkpt lat="-22.634680001065135" lon="14.711751993745565">
        <ele>166.19999999999999</ele>
      </trkpt>
      <trkpt lat="-22.634663991630077" lon="14.711693990975618">
        <ele>166.59999999999999</ele>
      </trkpt>
      <trkpt lat="-22.634649993851781" lon="14.711637999862432">
        <ele>166.80000000000001</ele>
      </trkpt>
      <trkpt lat="-22.634637001901865" lon="14.711578991264105">
        <ele>167</ele>
      </trkpt>
      <trkpt lat="-22.634621998295188" lon="14.711521994322538">
        <ele>167</ele>
      </trkpt>
      <trkpt lat="-22.634608000516891" lon="14.711463991552591">
        <ele>167.19999999999999</ele>
      </trkpt>
      <trkpt lat="-22.634597020223737" lon="14.711403977125883">
        <ele>167.40000000000001</ele>
      </trkpt>
      <trkpt lat="-22.634590985253453" lon="14.711344968527555">
        <ele>167.40000000000001</ele>
      </trkpt>
      <trkpt lat="-22.634591991081834" lon="14.711286965757608">
        <ele>167.59999999999999</ele>
      </trkpt>
      <trkpt lat="-22.634600037708879" lon="14.711230974644423">
        <ele>167.59999999999999</ele>
      </trkpt>
      <trkpt lat="-22.634612023830414" lon="14.711179006844759">
        <ele>167.80000000000001</ele>
      </trkpt>
      <trkpt lat="-22.634627027437091" lon="14.711130978539586">
        <ele>168</ele>
      </trkpt>
      <trkpt lat="-22.634643958881497" lon="14.711079010739923">
        <ele>168</ele>
      </trkpt>
      <trkpt lat="-22.634658962488174" lon="14.711023019626737">
        <ele>168.19999999999999</ele>
      </trkpt>
      <trkpt lat="-22.634674971923232" lon="14.710959987714887">
        <ele>168.40000000000001</ele>
      </trkpt>
      <trkpt lat="-22.63469198718667" lon="14.710895027965307">
        <ele>168.40000000000001</ele>
      </trkpt>
      <trkpt lat="-22.634710008278489" lon="14.710828978568316">
        <ele>168.40000000000001</ele>
      </trkpt>
      <trkpt lat="-22.634726017713547" lon="14.710761001333594">
        <ele>168.80000000000001</ele>
      </trkpt>
      <trkpt lat="-22.634741021320224" lon="14.710695035755634">
        <ele>168.80000000000001</ele>
      </trkpt>
      <trkpt lat="-22.634757030755281" lon="14.710632003843784">
        <ele>168.80000000000001</ele>
      </trkpt>
      <trkpt lat="-22.634773962199688" lon="14.710574001073837">
        <ele>169</ele>
      </trkpt>
      <trkpt lat="-22.634792989119887" lon="14.710524966940284">
        <ele>169</ele>
      </trkpt>
      <trkpt lat="-22.634808998554945" lon="14.7104930318892">
        <ele>169</ele>
      </trkpt>
      <trkpt lat="-22.634808998554945" lon="14.710470987483859">
        <ele>169</ele>
      </trkpt>
      <trkpt lat="-22.634800029918551" lon="14.71045003272593">
        <ele>169.19999999999999</ele>
      </trkpt>
      <trkpt lat="-22.634784020483494" lon="14.710434023290873">
        <ele>169.19999999999999</ele>
      </trkpt>
      <trkpt lat="-22.634763987734914" lon="14.710419019684196">
        <ele>169.40000000000001</ele>
      </trkpt>
      <trkpt lat="-22.634742027148604" lon="14.710403010249138">
        <ele>169.40000000000001</ele>
      </trkpt>
      <trkpt lat="-22.634715959429741" lon="14.710384989157319">
        <ele>169.40000000000001</ele>
      </trkpt>
      <trkpt lat="-22.634688969701529" lon="14.710368979722261">
        <ele>169.40000000000001</ele>
      </trkpt>
      <trkpt lat="-22.634660974144936" lon="14.710350036621094">
        <ele>169.40000000000001</ele>
      </trkpt>
      <trkpt lat="-22.634631972759962" lon="14.710332015529275">
        <ele>169.40000000000001</ele>
      </trkpt>
      <trkpt lat="-22.634600959718227" lon="14.710312988609076">
        <ele>169.59999999999999</ele>
      </trkpt>
      <trkpt lat="-22.634569024667144" lon="14.710293039679527">
        <ele>169.59999999999999</ele>
      </trkpt>
      <trkpt lat="-22.634537005797029" lon="14.710273006930947">
        <ele>169.80000000000001</ele>
      </trkpt>
      <trkpt lat="-22.634501969441772" lon="14.710251968353987">
        <ele>169.80000000000001</ele>
      </trkpt>
      <trkpt lat="-22.634468022733927" lon="14.710230007767677">
        <ele>170</ele>
      </trkpt>
      <trkpt lat="-22.63443298637867" lon="14.710207041352987">
        <ele>170</ele>
      </trkpt>
      <trkpt lat="-22.634399961680174" lon="14.710186002776027">
        <ele>170.19999999999999</ele>
      </trkpt>
      <trkpt lat="-22.634369032457471" lon="14.710165970027447">
        <ele>170.59999999999999</ele>
      </trkpt>
      <trkpt lat="-22.634335001930594" lon="14.710144009441137">
        <ele>170.80000000000001</ele>
      </trkpt>
      <trkpt lat="-22.634297031909227" lon="14.710119031369686">
        <ele>171</ele>
      </trkpt>
      <trkpt lat="-22.634257972240448" lon="14.710093969479203">
        <ele>171</ele>
      </trkpt>
      <trkpt lat="-22.6342189963907" lon="14.710068991407752">
        <ele>171.40000000000001</ele>
      </trkpt>
      <trkpt lat="-22.634180020540953" lon="14.71004200167954">
        <ele>171.59999999999999</ele>
      </trkpt>
      <trkpt lat="-22.634139033034444" lon="14.710016017779708">
        <ele>172</ele>
      </trkpt>
      <trkpt lat="-22.634100979194045" lon="14.709990033879876">
        <ele>172.19999999999999</ele>
      </trkpt>
      <trkpt lat="-22.634060997515917" lon="14.709960026666522">
        <ele>172.59999999999999</ele>
      </trkpt>
      <trkpt lat="-22.634022021666169" lon="14.709930019453168">
        <ele>172.80000000000001</ele>
      </trkpt>
      <trkpt lat="-22.63398296199739" lon="14.709900012239814">
        <ele>173</ele>
      </trkpt>
      <trkpt lat="-22.633943986147642" lon="14.709874028339982">
        <ele>173.40000000000001</ele>
      </trkpt>
      <trkpt lat="-22.633898975327611" lon="14.70984703861177">
        <ele>173.59999999999999</ele>
      </trkpt>
      <trkpt lat="-22.63385497033596" lon="14.709820970892906">
        <ele>173.80000000000001</ele>
      </trkpt>
      <trkpt lat="-22.63381096534431" lon="14.709793981164694">
        <ele>174.19999999999999</ele>
      </trkpt>
      <trkpt lat="-22.63376897200942" lon="14.70976397395134">
        <ele>174.40000000000001</ele>
      </trkpt>
      <trkpt lat="-22.63372303918004" lon="14.709732038900256">
        <ele>174.80000000000001</ele>
      </trkpt>
      <trkpt lat="-22.633676016703248" lon="14.709703037515283">
        <ele>175</ele>
      </trkpt>
      <trkpt lat="-22.633627988398075" lon="14.709674958139658">
        <ele>175.19999999999999</ele>
      </trkpt>
      <trkpt lat="-22.633583983406425" lon="14.709644028916955">
        <ele>175.40000000000001</ele>
      </trkpt>
      <trkpt lat="-22.633541990071535" lon="14.709615027531981">
        <ele>175.80000000000001</ele>
      </trkpt>
      <trkpt lat="-22.633502008393407" lon="14.709582002833486">
        <ele>176</ele>
      </trkpt>
      <trkpt lat="-22.63346403837204" lon="14.709545038640499">
        <ele>176</ele>
      </trkpt>
      <trkpt lat="-22.633433025330305" lon="14.709508996456861">
        <ele>176</ele>
      </trkpt>
      <trkpt lat="-22.633407041430473" lon="14.709473038092256">
        <ele>176.19999999999999</ele>
      </trkpt>
      <trkpt lat="-22.633388014510274" lon="14.709433978423476">
        <ele>176.40000000000001</ele>
      </trkpt>
      <trkpt lat="-22.6333780400455" lon="14.709387039765716">
        <ele>176.59999999999999</ele>
      </trkpt>
      <trkpt lat="-22.633378962054849" lon="14.709336999803782">
        <ele>176.59999999999999</ele>
      </trkpt>
      <trkpt lat="-22.633387008681893" lon="14.709287965670228">
        <ele>176.80000000000001</ele>
      </trkpt>
      <trkpt lat="-22.633395977318287" lon="14.709232980385423">
        <ele>176.80000000000001</ele>
      </trkpt>
      <trkpt lat="-22.633403018116951" lon="14.709172965958714">
        <ele>177</ele>
      </trkpt>
      <trkpt lat="-22.633412992581725" lon="14.709105994552374">
        <ele>177.19999999999999</ele>
      </trkpt>
      <trkpt lat="-22.633426990360022" lon="14.70903298817575">
        <ele>177.19999999999999</ele>
      </trkpt>
      <trkpt lat="-22.633442999795079" lon="14.708957970142365">
        <ele>177.19999999999999</ele>
      </trkpt>
      <trkpt lat="-22.633460015058517" lon="14.70888203009963">
        <ele>177.19999999999999</ele>
      </trkpt>
      <trkpt lat="-22.633476024493575" lon="14.708808017894626">
        <ele>177.19999999999999</ele>
      </trkpt>
      <trkpt lat="-22.633493039757013" lon="14.70873299986124">
        <ele>177.19999999999999</ele>
      </trkpt>
      <trkpt lat="-22.633508965373039" lon="14.708659993484616">
        <ele>177.19999999999999</ele>
      </trkpt>
      <trkpt lat="-22.633523968979716" lon="14.708587992936373">
        <ele>177.40000000000001</ele>
      </trkpt>
      <trkpt lat="-22.633538972586393" lon="14.708513980731368">
        <ele>177.40000000000001</ele>
      </trkpt>
      <trkpt lat="-22.633556993678212" lon="14.708438040688634">
        <ele>177.40000000000001</ele>
      </trkpt>
      <trkpt lat="-22.633577026426792" lon="14.708363022655249">
        <ele>177.59999999999999</ele>
      </trkpt>
      <trkpt lat="-22.63359303586185" lon="14.708284987136722">
        <ele>177.59999999999999</ele>
      </trkpt>
      <trkpt lat="-22.633607033640146" lon="14.708205023780465">
        <ele>177.40000000000001</ele>
      </trkpt>
      <trkpt lat="-22.633621031418443" lon="14.708125982433558">
        <ele>177.40000000000001</ele>
      </trkpt>
      <trkpt lat="-22.6336370408535" lon="14.70804501324892">
        <ele>177.40000000000001</ele>
      </trkpt>
      <trkpt lat="-22.633652966469526" lon="14.707960020750761">
        <ele>177.40000000000001</ele>
      </trkpt>
      <trkpt lat="-22.633668975904584" lon="14.707871004939079">
        <ele>177.19999999999999</ele>
      </trkpt>
      <trkpt lat="-22.633686996996403" lon="14.707780983299017">
        <ele>177.19999999999999</ele>
      </trkpt>
      <trkpt lat="-22.633706023916602" lon="14.707690039649606">
        <ele>177.19999999999999</ele>
      </trkpt>
      <trkpt lat="-22.633723961189389" lon="14.707599012181163">
        <ele>177.19999999999999</ele>
      </trkpt>
      <trkpt lat="-22.63374499976635" lon="14.707503039389849">
        <ele>177.19999999999999</ele>
      </trkpt>
      <trkpt lat="-22.633763020858169" lon="14.707407988607883">
        <ele>177.19999999999999</ele>
      </trkpt>
      <trkpt lat="-22.633782969787717" lon="14.707316961139441">
        <ele>177</ele>
      </trkpt>
      <trkpt lat="-22.633801996707916" lon="14.707226017490029">
        <ele>177</ele>
      </trkpt>
      <trkpt lat="-22.633822029456496" lon="14.707133984193206">
        <ele>177</ele>
      </trkpt>
      <trkpt lat="-22.633841978386045" lon="14.707042034715414">
        <ele>176.80000000000001</ele>
      </trkpt>
      <trkpt lat="-22.633861005306244" lon="14.706945978105068">
        <ele>176.59999999999999</ele>
      </trkpt>
      <trkpt lat="-22.633881960064173" lon="14.706847993656993">
        <ele>176.40000000000001</ele>
      </trkpt>
      <trkpt lat="-22.633900986984372" lon="14.706744980067015">
        <ele>176.19999999999999</ele>
      </trkpt>
      <trkpt lat="-22.633923031389713" lon="14.706639032810926">
        <ele>176.19999999999999</ele>
      </trkpt>
      <trkpt lat="-22.633944991976023" lon="14.706529984250665">
        <ele>176</ele>
      </trkpt>
      <trkpt lat="-22.633965024724603" lon="14.706415990367532">
        <ele>175</ele>
      </trkpt>
      <trkpt lat="-22.633985979482532" lon="14.706295961514115">
        <ele>174.80000000000001</ele>
      </trkpt>
      <trkpt lat="-22.634007018059492" lon="14.706171993166208">
        <ele>174.80000000000001</ele>
      </trkpt>
      <trkpt lat="-22.63402596116066" lon="14.706048024818301">
        <ele>174.40000000000001</ele>
      </trkpt>
      <trkpt lat="-22.63404599390924" lon="14.705925984308124">
        <ele>174</ele>
      </trkpt>
      <trkpt lat="-22.634068038314581" lon="14.705804027616978">
        <ele>173.40000000000001</ele>
      </trkpt>
      <trkpt lat="-22.634091004729271" lon="14.705686010420322">
        <ele>172.40000000000001</ele>
      </trkpt>
      <trkpt lat="-22.63411296531558" lon="14.705571010708809">
        <ele>171.19999999999999</ele>
      </trkpt>
      <trkpt lat="-22.634135009720922" lon="14.705461962148547">
        <ele>170.59999999999999</ele>
      </trkpt>
      <trkpt lat="-22.634154036641121" lon="14.705359032377601">
        <ele>170</ele>
      </trkpt>
      <trkpt lat="-22.634169962257147" lon="14.705265993252397">
        <ele>169.19999999999999</ele>
      </trkpt>
      <trkpt lat="-22.634183038026094" lon="14.705178989097476">
        <ele>168.59999999999999</ele>
      </trkpt>
      <trkpt lat="-22.634198041632771" lon="14.705095002427697">
        <ele>168.40000000000001</ele>
      </trkpt>
      <trkpt lat="-22.634213967248797" lon="14.705015039071441">
        <ele>168.40000000000001</ele>
      </trkpt>
      <trkpt lat="-22.634227965027094" lon="14.704940021038055">
        <ele>168.19999999999999</ele>
      </trkpt>
      <trkpt lat="-22.634243974462152" lon="14.704867014661431">
        <ele>168.19999999999999</ele>
      </trkpt>
      <trkpt lat="-22.634258978068829" lon="14.704791996628046">
        <ele>168.19999999999999</ele>
      </trkpt>
      <trkpt lat="-22.634275993332267" lon="14.7047149669379">
        <ele>168.19999999999999</ele>
      </trkpt>
      <trkpt lat="-22.634292002767324" lon="14.70462997443974">
        <ele>168.19999999999999</ele>
      </trkpt>
      <trkpt lat="-22.634308012202382" lon="14.704540958628058">
        <ele>168.19999999999999</ele>
      </trkpt>
      <trkpt lat="-22.634327039122581" lon="14.704445991665125">
        <ele>168.19999999999999</ele>
      </trkpt>
      <trkpt lat="-22.634352017194033" lon="14.704339960590005">
        <ele>168.19999999999999</ele>
      </trkpt>
      <trkpt lat="-22.634376995265484" lon="14.704230995848775">
        <ele>168.19999999999999</ele>
      </trkpt>
      <trkpt lat="-22.634402979165316" lon="14.704115996137261">
        <ele>168.19999999999999</ele>
      </trkpt>
      <trkpt lat="-22.634430974721909" lon="14.703996973112226">
        <ele>168.19999999999999</ele>
      </trkpt>
      <trkpt lat="-22.634456036612391" lon="14.703879039734602">
        <ele>168.19999999999999</ele>
      </trkpt>
      <trkpt lat="-22.634479003027081" lon="14.703761022537947">
        <ele>168.19999999999999</ele>
      </trkpt>
      <trkpt lat="-22.634501969441772" lon="14.703646022826433">
        <ele>168.19999999999999</ele>
      </trkpt>
      <trkpt lat="-22.63451999053359" lon="14.703538985922933">
        <ele>168.19999999999999</ele>
      </trkpt>
      <trkpt lat="-22.634534994140267" lon="14.703442007303238">
        <ele>168.19999999999999</ele>
      </trkpt>
      <trkpt lat="-22.634551003575325" lon="14.703358020633459">
        <ele>168</ele>
      </trkpt>
      <trkpt lat="-22.634566007182002" lon="14.703279985114932">
        <ele>167.80000000000001</ele>
      </trkpt>
      <trkpt lat="-22.634581010788679" lon="14.703206978738308">
        <ele>167.59999999999999</ele>
      </trkpt>
      <trkpt lat="-22.634595008566976" lon="14.703135984018445">
        <ele>167.40000000000001</ele>
      </trkpt>
      <trkpt lat="-22.634606994688511" lon="14.703063983470201">
        <ele>167.40000000000001</ele>
      </trkpt>
      <trkpt lat="-22.634620992466807" lon="14.702990977093577">
        <ele>167.40000000000001</ele>
      </trkpt>
      <trkpt lat="-22.634629961103201" lon="14.702943032607436">
        <ele>167.40000000000001</ele>
      </trkpt>
      <trkpt lat="-22.634638007730246" lon="14.702895004302263">
        <ele>167.40000000000001</ele>
      </trkpt>
      <trkpt lat="-22.634655022993684" lon="14.702798025682569">
        <ele>167.40000000000001</ele>
      </trkpt>
      <trkpt lat="-22.634663991630077" lon="14.70275703817606">
        <ele>167.40000000000001</ele>
      </trkpt>
      <trkpt lat="-22.634672960266471" lon="14.7027169726789">
        <ele>167.40000000000001</ele>
      </trkpt>
      <trkpt lat="-22.634685030207038" lon="14.702662993222475">
        <ele>167.59999999999999</ele>
      </trkpt>
      <trkpt lat="-22.63471201993525" lon="14.702527960762382">
        <ele>167.80000000000001</ele>
      </trkpt>
      <trkpt lat="-22.634717971086502" lon="14.702493008226156">
        <ele>168</ele>
      </trkpt>
      <trkpt lat="-22.634724006056786" lon="14.702457971870899">
        <ele>168</ele>
      </trkpt>
      <trkpt lat="-22.634736998006701" lon="14.70237398520112">
        <ele>168</ele>
      </trkpt>
      <trkpt lat="-22.634759964421391" lon="14.70224498771131">
        <ele>168.19999999999999</ele>
      </trkpt>
      <trkpt lat="-22.63477697968483" lon="14.702180027961731">
        <ele>168.40000000000001</ele>
      </trkpt>
      <trkpt lat="-22.634806986898184" lon="14.702107021585107">
        <ele>168.40000000000001</ele>
      </trkpt>
      <trkpt lat="-22.634844034910202" lon="14.702066034078598">
        <ele>168.59999999999999</ele>
      </trkpt>
      <trkpt lat="-22.634885022416711" lon="14.702040972188115">
        <ele>168.80000000000001</ele>
      </trkpt>
      <trkpt lat="-22.634928021579981" lon="14.70202898606658">
        <ele>168.80000000000001</ele>
      </trkpt>
      <trkpt lat="-22.634973032400012" lon="14.702034015208483">
        <ele>169</ele>
      </trkpt>
      <trkpt lat="-22.635020976886153" lon="14.70205295830965">
        <ele>169</ele>
      </trkpt>
      <trkpt lat="-22.635073028504848" lon="14.702080031856894">
        <ele>169.19999999999999</ele>
      </trkpt>
      <trkpt lat="-22.635130025446415" lon="14.702111966907978">
        <ele>169.19999999999999</ele>
      </trkpt>
      <trkpt lat="-22.635173024609685" lon="14.702139040455222">
        <ele>169.40000000000001</ele>
      </trkpt>
      <trkpt lat="-22.635216023772955" lon="14.702167036011815">
        <ele>169.40000000000001</ele>
      </trkpt>
      <trkpt lat="-22.635303027927876" lon="14.702223027125001">
        <ele>169.40000000000001</ele>
      </trkpt>
      <trkpt lat="-22.63533697463572" lon="14.70224398188293">
        <ele>169.40000000000001</ele>
      </trkpt>
      <trkpt lat="-22.635372010990977" lon="14.70226401463151">
        <ele>169.40000000000001</ele>
      </trkpt>
      <trkpt lat="-22.635445017367601" lon="14.702305002138019">
        <ele>169.40000000000001</ele>
      </trkpt>
      <trkpt lat="-22.635599998757243" lon="14.702391000464559">
        <ele>169.19999999999999</ele>
      </trkpt>
      <trkpt lat="-22.635682979598641" lon="14.70243701711297">
        <ele>169</ele>
      </trkpt>
      <trkpt lat="-22.63576696626842" lon="14.702486973255873">
        <ele>169</ele>
      </trkpt>
      <trkpt lat="-22.63585003092885" lon="14.702535001561046">
        <ele>169</ele>
      </trkpt>
      <trkpt lat="-22.635937035083771" lon="14.702586969360709">
        <ele>169</ele>
      </trkpt>
      <trkpt lat="-22.63604499399662" lon="14.702645977959037">
        <ele>169</ele>
      </trkpt>
      <trkpt lat="-22.636134009808302" lon="14.70269400626421">
        <ele>168.80000000000001</ele>
      </trkpt>
      <trkpt lat="-22.636221013963223" lon="14.702743962407112">
        <ele>168.59999999999999</ele>
      </trkpt>
      <trkpt lat="-22.636305000633001" lon="14.702794002369046">
        <ele>168.59999999999999</ele>
      </trkpt>
      <trkpt lat="-22.636390998959541" lon="14.702843958511949">
        <ele>168.40000000000001</ele>
      </trkpt>
      <trkpt lat="-22.636480014771223" lon="14.702895004302263">
        <ele>168.19999999999999</ele>
      </trkpt>
      <trkpt lat="-22.636570036411285" lon="14.702947977930307">
        <ele>168.19999999999999</ele>
      </trkpt>
      <trkpt lat="-22.636663997545838" lon="14.703002041205764">
        <ele>167.80000000000001</ele>
      </trkpt>
      <trkpt lat="-22.636757036671042" lon="14.70305803231895">
        <ele>167.40000000000001</ele>
      </trkpt>
      <trkpt lat="-22.636857032775879" lon="14.703114023432136">
        <ele>167</ele>
      </trkpt>
      <trkpt lat="-22.636955017223954" lon="14.703169008716941">
        <ele>166.59999999999999</ele>
      </trkpt>
      <trkpt lat="-22.637051995843649" lon="14.703219970688224">
        <ele>166.19999999999999</ele>
      </trkpt>
      <trkpt lat="-22.637150986120105" lon="14.70327403396368">
        <ele>166</ele>
      </trkpt>
      <trkpt lat="-22.63724897056818" lon="14.703329019248486">
        <ele>165.59999999999999</ele>
      </trkpt>
      <trkpt lat="-22.637346033006907" lon="14.703380987048149">
        <ele>165.40000000000001</ele>
      </trkpt>
      <trkpt lat="-22.637443011626601" lon="14.703433038666844">
        <ele>165.19999999999999</ele>
      </trkpt>
      <trkpt lat="-22.637536972761154" lon="14.703485006466508">
        <ele>165</ele>
      </trkpt>
      <trkpt lat="-22.637632023543119" lon="14.703538985922933">
        <ele>164.59999999999999</ele>
      </trkpt>
      <trkpt lat="-22.637724978849292" lon="14.703593971207738">
        <ele>164.40000000000001</ele>
      </trkpt>
      <trkpt lat="-22.637822963297367" lon="14.703649962320924">
        <ele>164.40000000000001</ele>
      </trkpt>
      <trkpt lat="-22.637922959402204" lon="14.703706037253141">
        <ele>164</ele>
      </trkpt>
      <trkpt lat="-22.638021027669311" lon="14.703762028366327">
        <ele>163.59999999999999</ele>
      </trkpt>
      <trkpt lat="-22.638115994632244" lon="14.703820031136274">
        <ele>163.19999999999999</ele>
      </trkpt>
      <trkpt lat="-22.638208027929068" lon="14.703871998935938">
        <ele>162.80000000000001</ele>
      </trkpt>
      <trkpt lat="-22.638293020427227" lon="14.703914998099208">
        <ele>162.59999999999999</ele>
      </trkpt>
      <trkpt lat="-22.638367032632232" lon="14.703942993655801">
        <ele>162.19999999999999</ele>
      </trkpt>
      <trkpt lat="-22.638435009866953" lon="14.703945005312562">
        <ele>161.80000000000001</ele>
      </trkpt>
      <trkpt lat="-22.638496030122042" lon="14.70391902141273">
        <ele>161.19999999999999</ele>
      </trkpt>
      <trkpt lat="-22.638544980436563" lon="14.70387602224946">
        <ele>160.59999999999999</ele>
      </trkpt>
      <trkpt lat="-22.638584962114692" lon="14.703822964802384">
        <ele>160.40000000000001</ele>
      </trkpt>
      <trkpt lat="-22.638617986813188" lon="14.703763034194708">
        <ele>160.19999999999999</ele>
      </trkpt>
      <trkpt lat="-22.638647994026542" lon="14.703696984797716">
        <ele>160</ele>
      </trkpt>
      <trkpt lat="-22.638673977926373" lon="14.703628001734614">
        <ele>160</ele>
      </trkpt>
      <trkpt lat="-22.638698033988476" lon="14.70355398952961">
        <ele>160</ele>
      </trkpt>
      <trkpt lat="-22.638722006231546" lon="14.703476037830114">
        <ele>160</ele>
      </trkpt>
      <trkpt lat="-22.638747990131378" lon="14.703396996483207">
        <ele>159.80000000000001</ele>
      </trkpt>
      <trkpt lat="-22.638772968202829" lon="14.703318038955331">
        <ele>159.80000000000001</ele>
      </trkpt>
      <trkpt lat="-22.638799035921693" lon="14.703236985951662">
        <ele>159.80000000000001</ele>
      </trkpt>
      <trkpt lat="-22.638828959316015" lon="14.7031469643116">
        <ele>159.80000000000001</ele>
      </trkpt>
      <trkpt lat="-22.63885703869164" lon="14.70305903814733">
        <ele>160</ele>
      </trkpt>
      <trkpt lat="-22.638888973742723" lon="14.702968010678887">
        <ele>160</ele>
      </trkpt>
      <trkpt lat="-22.638915041461587" lon="14.702876983210444">
        <ele>160</ele>
      </trkpt>
      <trkpt lat="-22.63894597068429" lon="14.702786961570382">
        <ele>160</ele>
      </trkpt>
      <trkpt lat="-22.638975977897644" lon="14.702696017920971">
        <ele>160</ele>
      </trkpt>
      <trkpt lat="-22.639007996767759" lon="14.702604990452528">
        <ele>160</ele>
      </trkpt>
      <trkpt lat="-22.639035992324352" lon="14.702517986297607">
        <ele>160</ele>
      </trkpt>
      <trkpt lat="-22.639068011194468" lon="14.702432993799448">
        <ele>160.19999999999999</ele>
      </trkpt>
      <trkpt lat="-22.639104975387454" lon="14.702349007129669">
        <ele>160.19999999999999</ele>
      </trkpt>
      <trkpt lat="-22.639145040884614" lon="14.702285975217819">
        <ele>160.19999999999999</ele>
      </trkpt>
      <trkpt lat="-22.639190973713994" lon="14.702239958569407">
        <ele>160.19999999999999</ele>
      </trkpt>
      <trkpt lat="-22.639236990362406" lon="14.702212968841195">
        <ele>160.19999999999999</ele>
      </trkpt>
      <trkpt lat="-22.639285018667579" lon="14.702202994376421">
        <ele>160.19999999999999</ele>
      </trkpt>
      <trkpt lat="-22.639346960932016" lon="14.702212968841195">
        <ele>160.19999999999999</ele>
      </trkpt>
      <trkpt lat="-22.639413010329008" lon="14.702230989933014">
        <ele>160.19999999999999</ele>
      </trkpt>
      <trkpt lat="-22.639479981735349" lon="14.702256973832846">
        <ele>160.19999999999999</ele>
      </trkpt>
      <trkpt lat="-22.63954896479845" lon="14.702285975217819">
        <ele>160.19999999999999</ele>
      </trkpt>
      <trkpt lat="-22.639618031680584" lon="14.702314976602793">
        <ele>160.19999999999999</ele>
      </trkpt>
      <trkpt lat="-22.639689026400447" lon="14.702342972159386">
        <ele>160</ele>
      </trkpt>
      <trkpt lat="-22.639762032777071" lon="14.702369039878249">
        <ele>160</ele>
      </trkpt>
      <trkpt lat="-22.639839984476566" lon="14.702392006292939">
        <ele>159.80000000000001</ele>
      </trkpt>
      <trkpt lat="-22.639919025823474" lon="14.70241597853601">
        <ele>159.59999999999999</ele>
      </trkpt>
      <trkpt lat="-22.639999995008111" lon="14.702443974092603">
        <ele>159.40000000000001</ele>
      </trkpt>
      <trkpt lat="-22.640081970021129" lon="14.702472975477576">
        <ele>159.40000000000001</ele>
      </trkpt>
      <trkpt lat="-22.640151036903262" lon="14.702498037368059">
        <ele>159.40000000000001</ele>
      </trkpt>
      <trkpt lat="-22.640243992209435" lon="14.702527038753033">
        <ele>159.19999999999999</ele>
      </trkpt>
      <trkpt lat="-22.640340970829129" lon="14.702559979632497">
        <ele>159.19999999999999</ele>
      </trkpt>
      <trkpt lat="-22.640455970540643" lon="14.702596021816134">
        <ele>159</ele>
      </trkpt>
      <trkpt lat="-22.640552027150989" lon="14.702625023201108">
        <ele>159</ele>
      </trkpt>
      <trkpt lat="-22.640649005770683" lon="14.702648995444179">
        <ele>158.80000000000001</ele>
      </trkpt>
      <trkpt lat="-22.640744978561997" lon="14.702671961858869">
        <ele>158.59999999999999</ele>
      </trkpt>
      <trkpt lat="-22.640841035172343" lon="14.70269400626421">
        <ele>158.40000000000001</ele>
      </trkpt>
      <trkpt lat="-22.640937007963657" lon="14.702713033184409">
        <ele>158.19999999999999</ele>
      </trkpt>
      <trkpt lat="-22.641033986583352" lon="14.702732982113957">
        <ele>158.19999999999999</ele>
      </trkpt>
      <trkpt lat="-22.641125014051795" lon="14.702754020690918">
        <ele>158</ele>
      </trkpt>
      <trkpt lat="-22.641206989064813" lon="14.702772963792086">
        <ele>157.80000000000001</ele>
      </trkpt>
      <trkpt lat="-22.641274966299534" lon="14.702785033732653">
        <ele>157.59999999999999</ele>
      </trkpt>
      <trkpt lat="-22.64132802374661" lon="14.702777992933989">
        <ele>157.40000000000001</ele>
      </trkpt>
      <trkpt lat="-22.641387032344937" lon="14.702762989327312">
        <ele>156.80000000000001</ele>
      </trkpt>
      <trkpt lat="-22.641449980437756" lon="14.702746979892254">
        <ele>156.80000000000001</ele>
      </trkpt>
      <trkpt lat="-22.641509994864464" lon="14.702723007649183">
        <ele>156.40000000000001</ele>
      </trkpt>
      <trkpt lat="-22.641575960442424" lon="14.702686965465546">
        <ele>156.40000000000001</ele>
      </trkpt>
      <trkpt lat="-22.641636980697513" lon="14.702645977959037">
        <ele>156.19999999999999</ele>
      </trkpt>
      <trkpt lat="-22.641692971810699" lon="14.702593004330993">
        <ele>156</ele>
      </trkpt>
      <trkpt lat="-22.641742005944252" lon="14.702527960762382">
        <ele>156</ele>
      </trkpt>
      <trkpt lat="-22.641783999279141" lon="14.70245897769928">
        <ele>155.80000000000001</ele>
      </trkpt>
      <trkpt lat="-22.64182398095727" lon="14.702385971322656">
        <ele>155.59999999999999</ele>
      </trkpt>
      <trkpt lat="-22.641858011484146" lon="14.70230801962316">
        <ele>155.40000000000001</ele>
      </trkpt>
      <trkpt lat="-22.641891036182642" lon="14.702229984104633">
        <ele>155.40000000000001</ele>
      </trkpt>
      <trkpt lat="-22.641922971233726" lon="14.702151026576757">
        <ele>155.19999999999999</ele>
      </trkpt>
      <trkpt lat="-22.64195297844708" lon="14.702068967744708">
        <ele>155</ele>
      </trkpt>
      <trkpt lat="-22.641983991488814" lon="14.70198699273169">
        <ele>154.80000000000001</ele>
      </trkpt>
      <trkpt lat="-22.64201701618731" lon="14.701902000233531">
        <ele>154.19999999999999</ele>
      </trkpt>
      <trkpt lat="-22.642050962895155" lon="14.701816001906991">
        <ele>154</ele>
      </trkpt>
      <trkpt lat="-22.642087005078793" lon="14.701730003580451">
        <ele>153.80000000000001</ele>
      </trkpt>
      <trkpt lat="-22.64212204143405" lon="14.701640987768769">
        <ele>153.59999999999999</ele>
      </trkpt>
      <trkpt lat="-22.642157999798656" lon="14.701549038290977">
        <ele>153.59999999999999</ele>
      </trkpt>
      <trkpt lat="-22.642193036153913" lon="14.701458010822535">
        <ele>153.59999999999999</ele>
      </trkpt>
      <trkpt lat="-22.642228994518518" lon="14.701366983354092">
        <ele>153.59999999999999</ele>
      </trkpt>
      <trkpt lat="-22.642262019217014" lon="14.70127603970468">
        <ele>153.59999999999999</ele>
      </trkpt>
      <trkpt lat="-22.64229797758162" lon="14.701186018064618">
        <ele>153.59999999999999</ele>
      </trkpt>
      <trkpt lat="-22.642335025593638" lon="14.701095996424556">
        <ele>153.59999999999999</ele>
      </trkpt>
      <trkpt lat="-22.642370983958244" lon="14.701007986441255">
        <ele>153.59999999999999</ele>
      </trkpt>
      <trkpt lat="-22.642408031970263" lon="14.700917964801192">
        <ele>153.40000000000001</ele>
      </trkpt>
      <trkpt lat="-22.64244600199163" lon="14.700828026980162">
        <ele>153.40000000000001</ele>
      </trkpt>
      <trkpt lat="-22.642484977841377" lon="14.700734987854958">
        <ele>153.40000000000001</ele>
      </trkpt>
      <trkpt lat="-22.642524037510157" lon="14.700642032548785">
        <ele>153.40000000000001</ele>
      </trkpt>
      <trkpt lat="-22.642564019188285" lon="14.700547987595201">
        <ele>153.40000000000001</ele>
      </trkpt>
      <trkpt lat="-22.642604000866413" lon="14.700453020632267">
        <ele>153.40000000000001</ele>
      </trkpt>
      <trkpt lat="-22.642644988372922" lon="14.700359981507063">
        <ele>153.40000000000001</ele>
      </trkpt>
      <trkpt lat="-22.642685975879431" lon="14.700265014544129">
        <ele>153.40000000000001</ele>
      </trkpt>
      <trkpt lat="-22.64272402971983" lon="14.700168035924435">
        <ele>153.40000000000001</ele>
      </trkpt>
      <trkpt lat="-22.642764011397958" lon="14.700071979314089">
        <ele>153.40000000000001</ele>
      </trkpt>
      <trkpt lat="-22.642803993076086" lon="14.699976006522775">
        <ele>153.19999999999999</ele>
      </trkpt>
      <trkpt lat="-22.642843974754214" lon="14.699876010417938">
        <ele>153.19999999999999</ele>
      </trkpt>
      <trkpt lat="-22.642880016937852" lon="14.69977299682796">
        <ele>153</ele>
      </trkpt>
      <trkpt lat="-22.642915975302458" lon="14.699674006551504">
        <ele>153</ele>
      </trkpt>
      <trkpt lat="-22.642954029142857" lon="14.699577027931809">
        <ele>153</ele>
      </trkpt>
      <trkpt lat="-22.642995016649365" lon="14.699479965493083">
        <ele>152.80000000000001</ele>
      </trkpt>
      <trkpt lat="-22.643031980842352" lon="14.699382986873388">
        <ele>152.80000000000001</ele>
      </trkpt>
      <trkpt lat="-22.643071040511131" lon="14.699287014082074">
        <ele>152.80000000000001</ele>
      </trkpt>
      <trkpt lat="-22.643110016360879" lon="14.699190035462379">
        <ele>152.59999999999999</ele>
      </trkpt>
      <trkpt lat="-22.643149998039007" lon="14.699091967195272">
        <ele>152.40000000000001</ele>
      </trkpt>
      <trkpt lat="-22.643190985545516" lon="14.698991971090436">
        <ele>152.40000000000001</ele>
      </trkpt>
      <trkpt lat="-22.643217975273728" lon="14.698922988027334">
        <ele>152.19999999999999</ele>
      </trkpt>
      <trkpt lat="-22.643245970830321" lon="14.698855010792613">
        <ele>151.80000000000001</ele>
      </trkpt>
      <trkpt lat="-22.643300034105778" lon="14.698716960847378">
        <ele>151.80000000000001</ele>
      </trkpt>
      <trkpt lat="-22.643330041319132" lon="14.698616964742541">
        <ele>151.59999999999999</ele>
      </trkpt>
      <trkpt lat="-22.643362982198596" lon="14.698498025536537">
        <ele>151.19999999999999</ele>
      </trkpt>
      <trkpt lat="-22.643383014947176" lon="14.698417978361249">
        <ele>151</ele>
      </trkpt>
      <trkpt lat="-22.643407993018627" lon="14.698319993913174">
        <ele>151</ele>
      </trkpt>
      <trkpt lat="-22.643432971090078" lon="14.698222009465098">
        <ele>150.80000000000001</ele>
      </trkpt>
      <trkpt lat="-22.6434560213238" lon="14.698123019188643">
        <ele>150.80000000000001</ele>
      </trkpt>
      <trkpt lat="-22.643483011052012" lon="14.698026040568948">
        <ele>150.59999999999999</ele>
      </trkpt>
      <trkpt lat="-22.643507989123464" lon="14.697927972301841">
        <ele>150.59999999999999</ele>
      </trkpt>
      <trkpt lat="-22.643528021872044" lon="14.697853038087487">
        <ele>150.59999999999999</ele>
      </trkpt>
      <trkpt lat="-22.643547970801592" lon="14.697778020054102">
        <ele>150.59999999999999</ele>
      </trkpt>
      <trkpt lat="-22.643587030470371" lon="14.697628989815712">
        <ele>150.59999999999999</ele>
      </trkpt>
      <trkpt lat="-22.643615026026964" lon="14.697528993710876">
        <ele>150.59999999999999</ele>
      </trkpt>
      <trkpt lat="-22.643642015755177" lon="14.697434026747942">
        <ele>150.40000000000001</ele>
      </trkpt>
      <trkpt lat="-22.643667999655008" lon="14.697335958480835">
        <ele>150.40000000000001</ele>
      </trkpt>
      <trkpt lat="-22.64369398355484" lon="14.697236968204379">
        <ele>150.40000000000001</ele>
      </trkpt>
      <trkpt lat="-22.643712004646659" lon="14.697163039818406">
        <ele>150.40000000000001</ele>
      </trkpt>
      <trkpt lat="-22.643730025738478" lon="14.697089027613401">
        <ele>150.40000000000001</ele>
      </trkpt>
      <trkpt lat="-22.643765984103084" lon="14.696941003203392">
        <ele>150.40000000000001</ele>
      </trkpt>
      <trkpt lat="-22.643790962174535" lon="14.696844024583697">
        <ele>150.40000000000001</ele>
      </trkpt>
      <trkpt lat="-22.643816024065018" lon="14.696747967973351">
        <ele>150.40000000000001</ele>
      </trkpt>
      <trkpt lat="-22.643828010186553" lon="14.69669901765883">
        <ele>150.40000000000001</ele>
      </trkpt>
      <trkpt lat="-22.643839996308088" lon="14.696650989353657">
        <ele>150.40000000000001</ele>
      </trkpt>
      <trkpt lat="-22.643881989642978" lon="14.696481004357338">
        <ele>150.40000000000001</ele>
      </trkpt>
      <trkpt lat="-22.643899004906416" lon="14.696409003809094">
        <ele>150.40000000000001</ele>
      </trkpt>
      <trkpt lat="-22.643933035433292" lon="14.696263996884227">
        <ele>150.19999999999999</ele>
      </trkpt>
      <trkpt lat="-22.643948039039969" lon="14.696189984679222">
        <ele>150.19999999999999</ele>
      </trkpt>
      <trkpt lat="-22.643962036818266" lon="14.696115972474217">
        <ele>150.19999999999999</ele>
      </trkpt>
      <trkpt lat="-22.643991038203239" lon="14.69596803188324">
        <ele>150.19999999999999</ele>
      </trkpt>
      <trkpt lat="-22.644006963819265" lon="14.695867029950023">
        <ele>150.19999999999999</ele>
      </trkpt>
      <trkpt lat="-22.644022973254323" lon="14.695764016360044">
        <ele>150.19999999999999</ele>
      </trkpt>
      <trkpt lat="-22.644035965204239" lon="14.695663014426827">
        <ele>150.19999999999999</ele>
      </trkpt>
      <trkpt lat="-22.644047029316425" lon="14.695558995008469">
        <ele>150.19999999999999</ele>
      </trkpt>
      <trkpt lat="-22.644057003781199" lon="14.695460004732013">
        <ele>150</ele>
      </trkpt>
      <trkpt lat="-22.644064966589212" lon="14.695363026112318">
        <ele>150</ele>
      </trkpt>
      <trkpt lat="-22.644071001559496" lon="14.695265963673592">
        <ele>149.80000000000001</ele>
      </trkpt>
      <trkpt lat="-22.644077036529779" lon="14.695166973397136">
        <ele>149.80000000000001</ele>
      </trkpt>
      <trkpt lat="-22.64408097602427" lon="14.695062031969428">
        <ele>150</ele>
      </trkpt>
      <trkpt lat="-22.644084999337792" lon="14.69498198479414">
        <ele>149.80000000000001</ele>
      </trkpt>
      <trkpt lat="-22.644090028479695" lon="14.694902021437883">
        <ele>149.59999999999999</ele>
      </trkpt>
      <trkpt lat="-22.644098997116089" lon="14.694743016734719">
        <ele>149.80000000000001</ele>
      </trkpt>
      <trkpt lat="-22.644104026257992" lon="14.694642014801502">
        <ele>149.80000000000001</ele>
      </trkpt>
      <trkpt lat="-22.644107965752482" lon="14.694544030353427">
        <ele>149.59999999999999</ele>
      </trkpt>
      <trkpt lat="-22.644111989066005" lon="14.694472029805183">
        <ele>149.59999999999999</ele>
      </trkpt>
      <trkpt lat="-22.644116012379527" lon="14.69440103508532">
        <ele>149.59999999999999</ele>
      </trkpt>
      <trkpt lat="-22.64412397518754" lon="14.694257033988833">
        <ele>149.59999999999999</ele>
      </trkpt>
      <trkpt lat="-22.644133027642965" lon="14.69416500069201">
        <ele>149.40000000000001</ele>
      </trkpt>
      <trkpt lat="-22.644143002107739" lon="14.694055030122399">
        <ele>149.40000000000001</ele>
      </trkpt>
      <trkpt lat="-22.644149959087372" lon="14.693966014310718">
        <ele>149.19999999999999</ele>
      </trkpt>
      <trkpt lat="-22.644153982400894" lon="14.693876998499036">
        <ele>149.19999999999999</ele>
      </trkpt>
      <trkpt lat="-22.644155994057655" lon="14.693787982687354">
        <ele>149.19999999999999</ele>
      </trkpt>
      <trkpt lat="-22.644158005714417" lon="14.693701984360814">
        <ele>149</ele>
      </trkpt>
      <trkpt lat="-22.644156999886036" lon="14.693617997691035">
        <ele>149</ele>
      </trkpt>
      <trkpt lat="-22.644152976572514" lon="14.693533005192876">
        <ele>149</ele>
      </trkpt>
      <trkpt lat="-22.644150964915752" lon="14.693443989381194">
        <ele>149</ele>
      </trkpt>
      <trkpt lat="-22.644152976572514" lon="14.693357991054654">
        <ele>148.80000000000001</ele>
      </trkpt>
      <trkpt lat="-22.644159011542797" lon="14.693269981071353">
        <ele>148.80000000000001</ele>
      </trkpt>
      <trkpt lat="-22.6441640406847" lon="14.693180965259671">
        <ele>148.80000000000001</ele>
      </trkpt>
      <trkpt lat="-22.644164962694049" lon="14.69309002161026">
        <ele>148.80000000000001</ele>
      </trkpt>
      <trkpt lat="-22.644164962694049" lon="14.692998994141817">
        <ele>148.80000000000001</ele>
      </trkpt>
      <trkpt lat="-22.644165968522429" lon="14.692906038835645">
        <ele>148.80000000000001</ele>
      </trkpt>
      <trkpt lat="-22.64416697435081" lon="14.692807970568538">
        <ele>148.59999999999999</ele>
      </trkpt>
      <trkpt lat="-22.644167980179191" lon="14.692711997777224">
        <ele>148.59999999999999</ele>
      </trkpt>
      <trkpt lat="-22.64416697435081" lon="14.692613007500768">
        <ele>148.59999999999999</ele>
      </trkpt>
      <trkpt lat="-22.644167980179191" lon="14.692514017224312">
        <ele>148.59999999999999</ele>
      </trkpt>
      <trkpt lat="-22.644167980179191" lon="14.692415026947856">
        <ele>148.59999999999999</ele>
      </trkpt>
      <trkpt lat="-22.644165968522429" lon="14.692316958680749">
        <ele>148.59999999999999</ele>
      </trkpt>
      <trkpt lat="-22.6441640406847" lon="14.692217968404293">
        <ele>148.59999999999999</ele>
      </trkpt>
      <trkpt lat="-22.644161023199558" lon="14.692115038633347">
        <ele>148.59999999999999</ele>
      </trkpt>
      <trkpt lat="-22.644158005714417" lon="14.692014958709478">
        <ele>148.59999999999999</ele>
      </trkpt>
      <trkpt lat="-22.644153982400894" lon="14.691934995353222">
        <ele>148.59999999999999</ele>
      </trkpt>
      <trkpt lat="-22.644148031249642" lon="14.691861988976598">
        <ele>148.59999999999999</ele>
      </trkpt>
      <trkpt lat="-22.644141996279359" lon="14.691788982599974">
        <ele>148.59999999999999</ele>
      </trkpt>
      <trkpt lat="-22.644130010157824" lon="14.691641964018345">
        <ele>148.40000000000001</ele>
      </trkpt>
      <trkpt lat="-22.644121963530779" lon="14.69156501814723">
        <ele>148.40000000000001</ele>
      </trkpt>
      <trkpt lat="-22.644115006551147" lon="14.691487988457084">
        <ele>148.40000000000001</ele>
      </trkpt>
      <trkpt lat="-22.644100002944469" lon="14.691334012895823">
        <ele>148.40000000000001</ele>
      </trkpt>
      <trkpt lat="-22.644090028479695" lon="14.691260000690818">
        <ele>148.40000000000001</ele>
      </trkpt>
      <trkpt lat="-22.644076030701399" lon="14.691167967393994">
        <ele>148.40000000000001</ele>
      </trkpt>
      <trkpt lat="-22.644061027094722" lon="14.691076017916203">
        <ele>148.40000000000001</ele>
      </trkpt>
      <trkpt lat="-22.644039988517761" lon="14.690966969355941">
        <ele>148.19999999999999</ele>
      </trkpt>
      <trkpt lat="-22.644021967425942" lon="14.690895974636078">
        <ele>148.19999999999999</ele>
      </trkpt>
      <trkpt lat="-22.644003024324775" lon="14.690804025158286">
        <ele>148.19999999999999</ele>
      </trkpt>
      <trkpt lat="-22.643988020718098" lon="14.690734036266804">
        <ele>148.19999999999999</ele>
      </trkpt>
      <trkpt lat="-22.643974022939801" lon="14.69066396355629">
        <ele>148</ele>
      </trkpt>
      <trkpt lat="-22.643944015726447" lon="14.690524991601706">
        <ele>147.80000000000001</ele>
      </trkpt>
      <trkpt lat="-22.643921971321106" lon="14.690432036295533">
        <ele>147.80000000000001</ele>
      </trkpt>
      <trkpt lat="-22.643897999078035" lon="14.69034000299871">
        <ele>147.80000000000001</ele>
      </trkpt>
      <trkpt lat="-22.643872015178204" lon="14.690230032429099">
        <ele>147.59999999999999</ele>
      </trkpt>
      <trkpt lat="-22.643854999914765" lon="14.690156020224094">
        <ele>147.59999999999999</ele>
      </trkpt>
      <trkpt lat="-22.643831027671695" lon="14.69006197527051">
        <ele>147.59999999999999</ele>
      </trkpt>
      <trkpt lat="-22.643807977437973" lon="14.689970025792718">
        <ele>147.59999999999999</ele>
      </trkpt>
      <trkpt lat="-22.643784005194902" lon="14.689876986667514">
        <ele>147.40000000000001</ele>
      </trkpt>
      <trkpt lat="-22.643759027123451" lon="14.689784031361341">
        <ele>147.40000000000001</ele>
      </trkpt>
      <trkpt lat="-22.643734971061349" lon="14.689690992236137">
        <ele>147.40000000000001</ele>
      </trkpt>
      <trkpt lat="-22.643718039616942" lon="14.689622009173036">
        <ele>147.40000000000001</ele>
      </trkpt>
      <trkpt lat="-22.643700018525124" lon="14.689552020281553">
        <ele>147.40000000000001</ele>
      </trkpt>
      <trkpt lat="-22.643665987998247" lon="14.689412964507937">
        <ele>147.40000000000001</ele>
      </trkpt>
      <trkpt lat="-22.643643021583557" lon="14.689322020858526">
        <ele>147.40000000000001</ele>
      </trkpt>
      <trkpt lat="-22.643619971349835" lon="14.689231999218464">
        <ele>147.19999999999999</ele>
      </trkpt>
      <trkpt lat="-22.643595999106765" lon="14.689142983406782">
        <ele>147.19999999999999</ele>
      </trkpt>
      <trkpt lat="-22.643571021035314" lon="14.68905296176672">
        <ele>147.19999999999999</ele>
      </trkpt>
      <trkpt lat="-22.643548976629972" lon="14.688963023945689">
        <ele>147.19999999999999</ele>
      </trkpt>
      <trkpt lat="-22.643529027700424" lon="14.688869984820485">
        <ele>147</ele>
      </trkpt>
      <trkpt lat="-22.643505977466702" lon="14.688779963180423">
        <ele>147</ele>
      </trkpt>
      <trkpt lat="-22.643482005223632" lon="14.688692959025502">
        <ele>147</ele>
      </trkpt>
      <trkpt lat="-22.643458032980561" lon="14.688606038689613">
        <ele>147</ele>
      </trkpt>
      <trkpt lat="-22.643433976918459" lon="14.688519034534693">
        <ele>146.80000000000001</ele>
      </trkpt>
      <trkpt lat="-22.64341201633215" lon="14.688433036208153">
        <ele>146.80000000000001</ele>
      </trkpt>
      <trkpt lat="-22.643386032432318" lon="14.688349971547723">
        <ele>146.80000000000001</ele>
      </trkpt>
      <trkpt lat="-22.643361976370215" lon="14.688264979049563">
        <ele>146.80000000000001</ele>
      </trkpt>
      <trkpt lat="-22.643336998298764" lon="14.688178980723023">
        <ele>146.80000000000001</ele>
      </trkpt>
      <trkpt lat="-22.643309002742171" lon="14.688075967133045">
        <ele>146.59999999999999</ele>
      </trkpt>
      <trkpt lat="-22.64328695833683" lon="14.688005978241563">
        <ele>146.59999999999999</ele>
      </trkpt>
      <trkpt lat="-22.643258962780237" lon="14.687901036813855">
        <ele>146.59999999999999</ele>
      </trkpt>
      <trkpt lat="-22.64324001967907" lon="14.687832975760102">
        <ele>146.40000000000001</ele>
      </trkpt>
      <trkpt lat="-22.643216969445348" lon="14.687743959948421">
        <ele>146.40000000000001</ele>
      </trkpt>
      <trkpt lat="-22.643195008859038" lon="14.68765502795577">
        <ele>146.19999999999999</ele>
      </trkpt>
      <trkpt lat="-22.643172964453697" lon="14.68756902962923">
        <ele>146.19999999999999</ele>
      </trkpt>
      <trkpt lat="-22.643149998039007" lon="14.68748202547431">
        <ele>146</ele>
      </trkpt>
      <trkpt lat="-22.643126025795937" lon="14.687395021319389">
        <ele>146</ele>
      </trkpt>
      <trkpt lat="-22.643102975562215" lon="14.687308017164469">
        <ele>146</ele>
      </trkpt>
      <trkpt lat="-22.643081014975905" lon="14.687216989696026">
        <ele>145.80000000000001</ele>
      </trkpt>
      <trkpt lat="-22.643057964742184" lon="14.687125962227583">
        <ele>145.80000000000001</ele>
      </trkpt>
      <trkpt lat="-22.643029969185591" lon="14.687024960294366">
        <ele>145.59999999999999</ele>
      </trkpt>
      <trkpt lat="-22.643011026084423" lon="14.686957988888025">
        <ele>145.19999999999999</ele>
      </trkpt>
      <trkpt lat="-22.64298303052783" lon="14.686856986954808">
        <ele>145.19999999999999</ele>
      </trkpt>
      <trkpt lat="-22.64296299777925" lon="14.686789009720087">
        <ele>145.19999999999999</ele>
      </trkpt>
      <trkpt lat="-22.64294003136456" lon="14.686703011393547">
        <ele>145</ele>
      </trkpt>
      <trkpt lat="-22.642911029979587" lon="14.686599997803569">
        <ele>144.80000000000001</ele>
      </trkpt>
      <trkpt lat="-22.642892003059387" lon="14.686531014740467">
        <ele>144.80000000000001</ele>
      </trkpt>
      <trkpt lat="-22.642869036644697" lon="14.686446022242308">
        <ele>144.80000000000001</ele>
      </trkpt>
      <trkpt lat="-22.642843974754214" lon="14.686360023915768">
        <ele>144.59999999999999</ele>
      </trkpt>
      <trkpt lat="-22.642818996682763" lon="14.686273019760847">
        <ele>144.40000000000001</ele>
      </trkpt>
      <trkpt lat="-22.642792006954551" lon="14.686187021434307">
        <ele>144.40000000000001</ele>
      </trkpt>
      <trkpt lat="-22.6427670288831" lon="14.686100017279387">
        <ele>144.19999999999999</ele>
      </trkpt>
      <trkpt lat="-22.642742972820997" lon="14.686007983982563">
        <ele>144.19999999999999</ele>
      </trkpt>
      <trkpt lat="-22.642717994749546" lon="14.685918968170881">
        <ele>144.19999999999999</ele>
      </trkpt>
      <trkpt lat="-22.642692010849714" lon="14.685831964015961">
        <ele>144.19999999999999</ele>
      </trkpt>
      <trkpt lat="-22.642664015293121" lon="14.68574495986104">
        <ele>144</ele>
      </trkpt>
      <trkpt lat="-22.64263803139329" lon="14.685655022040009">
        <ele>144</ele>
      </trkpt>
      <trkpt lat="-22.642612969502807" lon="14.685563994571567">
        <ele>143.80000000000001</ele>
      </trkpt>
      <trkpt lat="-22.642587991431355" lon="14.685476990416646">
        <ele>143.80000000000001</ele>
      </trkpt>
      <trkpt lat="-22.642562007531524" lon="14.685389986261725">
        <ele>143.80000000000001</ele>
      </trkpt>
      <trkpt lat="-22.642538035288453" lon="14.685299964621663">
        <ele>143.80000000000001</ele>
      </trkpt>
      <trkpt lat="-22.642519008368254" lon="14.685236010700464">
        <ele>143.80000000000001</ele>
      </trkpt>
      <trkpt lat="-22.642499981448054" lon="14.685171972960234">
        <ele>143.80000000000001</ele>
      </trkpt>
      <trkpt lat="-22.642462011426687" lon="14.685042975470424">
        <ele>143.80000000000001</ele>
      </trkpt>
      <trkpt lat="-22.642438961192966" lon="14.684957982972264">
        <ele>143.59999999999999</ele>
      </trkpt>
      <trkpt lat="-22.642411971464753" lon="14.684875002130866">
        <ele>143.59999999999999</ele>
      </trkpt>
      <trkpt lat="-22.642380958423018" lon="14.68477601185441">
        <ele>143.40000000000001</ele>
      </trkpt>
      <trkpt lat="-22.642358997836709" lon="14.684708034619689">
        <ele>143.40000000000001</ele>
      </trkpt>
      <trkpt lat="-22.642333013936877" lon="14.684622036293149">
        <ele>143.19999999999999</ele>
      </trkpt>
      <trkpt lat="-22.642312981188297" lon="14.684556992724538">
        <ele>143.19999999999999</ele>
      </trkpt>
      <trkpt lat="-22.642293032258749" lon="14.684493038803339">
        <ele>143.19999999999999</ele>
      </trkpt>
      <trkpt lat="-22.642252966761589" lon="14.684364041313529">
        <ele>143.19999999999999</ele>
      </trkpt>
      <trkpt lat="-22.642224971204996" lon="14.684277959167957">
        <ele>143</ele>
      </trkpt>
      <trkpt lat="-22.642196975648403" lon="14.684191960841417">
        <ele>143</ele>
      </trkpt>
      <trkpt lat="-22.642169985920191" lon="14.684106968343258">
        <ele>142.80000000000001</ele>
      </trkpt>
      <trkpt lat="-22.64214500784874" lon="14.684021975845098">
        <ele>142.80000000000001</ele>
      </trkpt>
      <trkpt lat="-22.642120029777288" lon="14.683933965861797">
        <ele>142.59999999999999</ele>
      </trkpt>
      <trkpt lat="-22.642094967886806" lon="14.683847967535257">
        <ele>142.59999999999999</ele>
      </trkpt>
      <trkpt lat="-22.642068983986974" lon="14.683762975037098">
        <ele>142.59999999999999</ele>
      </trkpt>
      <trkpt lat="-22.642039982602" lon="14.683678988367319">
        <ele>142.40000000000001</ele>
      </trkpt>
      <trkpt lat="-22.642007041722536" lon="14.683578992262483">
        <ele>142.40000000000001</ele>
      </trkpt>
      <trkpt lat="-22.641980974003673" lon="14.683496011421084">
        <ele>142.40000000000001</ele>
      </trkpt>
      <trkpt lat="-22.641954990103841" lon="14.683410013094544">
        <ele>142.40000000000001</ele>
      </trkpt>
      <trkpt lat="-22.641932023689151" lon="14.683327032253146">
        <ele>142.40000000000001</ele>
      </trkpt>
      <trkpt lat="-22.64191098511219" lon="14.683258971199393">
        <ele>142.59999999999999</ele>
      </trkpt>
      <trkpt lat="-22.641882989555597" lon="14.683172972872853">
        <ele>142.40000000000001</ele>
      </trkpt>
      <trkpt lat="-22.641857005655766" lon="14.683086974546313">
        <ele>142.40000000000001</ele>
      </trkpt>
      <trkpt lat="-22.641830015927553" lon="14.683000976219773">
        <ele>142.40000000000001</ele>
      </trkpt>
      <trkpt lat="-22.64180202037096" lon="14.682914977893233">
        <ele>142.40000000000001</ele>
      </trkpt>
      <trkpt lat="-22.641775030642748" lon="14.682828979566693">
        <ele>142.40000000000001</ele>
      </trkpt>
      <trkpt lat="-22.641748962923884" lon="14.682739041745663">
        <ele>142.40000000000001</ele>
      </trkpt>
      <trkpt lat="-22.641723984852433" lon="14.682650025933981">
        <ele>142.40000000000001</ele>
      </trkpt>
      <trkpt lat="-22.641701018437743" lon="14.682560004293919">
        <ele>142.40000000000001</ele>
      </trkpt>
      <trkpt lat="-22.641677968204021" lon="14.682474005967379">
        <ele>142.19999999999999</ele>
      </trkpt>
      <trkpt lat="-22.641653995960951" lon="14.682387001812458">
        <ele>142.19999999999999</ele>
      </trkpt>
      <trkpt lat="-22.64163002371788" lon="14.682301003485918">
        <ele>142.19999999999999</ele>
      </trkpt>
      <trkpt lat="-22.641606973484159" lon="14.682215005159378">
        <ele>142.19999999999999</ele>
      </trkpt>
      <trkpt lat="-22.641585012897849" lon="14.682128001004457">
        <ele>142.19999999999999</ele>
      </trkpt>
      <trkpt lat="-22.641560034826398" lon="14.682042002677917">
        <ele>142.19999999999999</ele>
      </trkpt>
      <trkpt lat="-22.641538996249437" lon="14.681953992694616">
        <ele>142.19999999999999</ele>
      </trkpt>
      <trkpt lat="-22.641518963500857" lon="14.681861037388444">
        <ele>142.19999999999999</ele>
      </trkpt>
      <trkpt lat="-22.64150002039969" lon="14.681749977171421">
        <ele>142.19999999999999</ele>
      </trkpt>
      <trkpt lat="-22.641487028449774" lon="14.681675964966416">
        <ele>142.19999999999999</ele>
      </trkpt>
      <trkpt lat="-22.641470013186336" lon="14.681583009660244">
        <ele>142.19999999999999</ele>
      </trkpt>
      <trkpt lat="-22.641454003751278" lon="14.681491982191801">
        <ele>142.19999999999999</ele>
      </trkpt>
      <trkpt lat="-22.641441011801362" lon="14.681398021057248">
        <ele>142.19999999999999</ele>
      </trkpt>
      <trkpt lat="-22.641425002366304" lon="14.681286038830876">
        <ele>142.19999999999999</ele>
      </trkpt>
      <trkpt lat="-22.641416033729911" lon="14.681224012747407">
        <ele>142.19999999999999</ele>
      </trkpt>
      <trkpt lat="-22.641405975446105" lon="14.681161986663938">
        <ele>142</ele>
      </trkpt>
      <trkpt lat="-22.641387032344937" lon="14.681038018316031">
        <ele>142</ele>
      </trkpt>
      <trkpt lat="-22.641376974061131" lon="14.6809739805758">
        <ele>142</ele>
      </trkpt>
      <trkpt lat="-22.641368005424738" lon="14.680909020826221">
        <ele>142</ele>
      </trkpt>
      <trkpt lat="-22.641349984332919" lon="14.680780023336411">
        <ele>142</ele>
      </trkpt>
      <trkpt lat="-22.641336992383003" lon="14.680695030838251">
        <ele>142.19999999999999</ele>
      </trkpt>
      <trkpt lat="-22.641326012089849" lon="14.680608026683331">
        <ele>142.19999999999999</ele>
      </trkpt>
      <trkpt lat="-22.641315031796694" lon="14.680522028356791">
        <ele>142.19999999999999</ele>
      </trkpt>
      <trkpt lat="-22.641301034018397" lon="14.680415997281671">
        <ele>142.19999999999999</ele>
      </trkpt>
      <trkpt lat="-22.641293993219733" lon="14.680347014218569">
        <ele>142.19999999999999</ele>
      </trkpt>
      <trkpt lat="-22.641283012926579" lon="14.680260010063648">
        <ele>142.19999999999999</ele>
      </trkpt>
      <trkpt lat="-22.641273038461804" lon="14.680174011737108">
        <ele>142.19999999999999</ele>
      </trkpt>
      <trkpt lat="-22.641259962692857" lon="14.680068986490369">
        <ele>142.19999999999999</ele>
      </trkpt>
      <trkpt lat="-22.641248982399702" lon="14.679977959021926">
        <ele>142.40000000000001</ele>
      </trkpt>
      <trkpt lat="-22.641239007934928" lon="14.679889027029276">
        <ele>142.59999999999999</ele>
      </trkpt>
      <trkpt lat="-22.641228027641773" lon="14.679800011217594">
        <ele>142.59999999999999</ele>
      </trkpt>
      <trkpt lat="-22.641216963529587" lon="14.679713007062674">
        <ele>142.80000000000001</ele>
      </trkpt>
      <trkpt lat="-22.641206989064813" lon="14.679626002907753">
        <ele>142.80000000000001</ele>
      </trkpt>
      <trkpt lat="-22.641196008771658" lon="14.679537992924452">
        <ele>142.80000000000001</ele>
      </trkpt>
      <trkpt lat="-22.641185028478503" lon="14.679450988769531">
        <ele>142.80000000000001</ele>
      </trkpt>
      <trkpt lat="-22.641173964366317" lon="14.679364990442991">
        <ele>142.80000000000001</ele>
      </trkpt>
      <trkpt lat="-22.641161978244781" lon="14.679281003773212">
        <ele>142.80000000000001</ele>
      </trkpt>
      <trkpt lat="-22.641149992123246" lon="14.679199028760195">
        <ele>143</ele>
      </trkpt>
      <trkpt lat="-22.641139011830091" lon="14.679114036262035">
        <ele>143</ele>
      </trkpt>
      <trkpt lat="-22.641128031536937" lon="14.679027032107115">
        <ele>143</ele>
      </trkpt>
      <trkpt lat="-22.64111596159637" lon="14.678938016295433">
        <ele>143</ele>
      </trkpt>
      <trkpt lat="-22.641104981303215" lon="14.678849000483751">
        <ele>143</ele>
      </trkpt>
      <trkpt lat="-22.641096012666821" lon="14.678755039349198">
        <ele>143</ele>
      </trkpt>
      <trkpt lat="-22.641084026545286" lon="14.678660994395614">
        <ele>143</ele>
      </trkpt>
      <trkpt lat="-22.641072040423751" lon="14.6785650216043">
        <ele>142.80000000000001</ele>
      </trkpt>
      <trkpt lat="-22.641057958826423" lon="14.678470976650715">
        <ele>142.80000000000001</ele>
      </trkpt>
      <trkpt lat="-22.641043961048126" lon="14.678376009687781">
        <ele>142.80000000000001</ele>
      </trkpt>
      <trkpt lat="-22.6410280354321" lon="14.678279031068087">
        <ele>142.80000000000001</ele>
      </trkpt>
      <trkpt lat="-22.641013031825423" lon="14.678182974457741">
        <ele>142.80000000000001</ele>
      </trkpt>
      <trkpt lat="-22.640996016561985" lon="14.678087001666427">
        <ele>142.59999999999999</ele>
      </trkpt>
      <trkpt lat="-22.640974977985024" lon="14.677992034703493">
        <ele>142.59999999999999</ele>
      </trkpt>
      <trkpt lat="-22.640951005741954" lon="14.677896983921528">
        <ele>142.40000000000001</ele>
      </trkpt>
      <trkpt lat="-22.640928039327264" lon="14.677801011130214">
        <ele>142</ele>
      </trkpt>
      <trkpt lat="-22.64090096578002" lon="14.677704032510519">
        <ele>141.80000000000001</ele>
      </trkpt>
      <trkpt lat="-22.640870958566666" lon="14.677607975900173">
        <ele>141.80000000000001</ele>
      </trkpt>
      <trkpt lat="-22.640839023515582" lon="14.677512003108859">
        <ele>141.59999999999999</ele>
      </trkpt>
      <trkpt lat="-22.640805998817086" lon="14.677417036145926">
        <ele>141.59999999999999</ele>
      </trkpt>
      <trkpt lat="-22.64077004045248" lon="14.677326008677483">
        <ele>141.40000000000001</ele>
      </trkpt>
      <trkpt lat="-22.640735004097223" lon="14.677240010350943">
        <ele>141.19999999999999</ele>
      </trkpt>
      <trkpt lat="-22.640698039904237" lon="14.677159963175654">
        <ele>141.19999999999999</ele>
      </trkpt>
      <trkpt lat="-22.640661997720599" lon="14.677081005647779">
        <ele>141.19999999999999</ele>
      </trkpt>
      <trkpt lat="-22.640624027699232" lon="14.677003975957632">
        <ele>141.19999999999999</ele>
      </trkpt>
      <trkpt lat="-22.640583962202072" lon="14.676931975409389">
        <ele>141</ele>
      </trkpt>
      <trkpt lat="-22.640542974695563" lon="14.676863998174667">
        <ele>141</ele>
      </trkpt>
      <trkpt lat="-22.640501987189054" lon="14.676796020939946">
        <ele>141</ele>
      </trkpt>
      <trkpt lat="-22.640460999682546" lon="14.676729971542954">
        <ele>141</ele>
      </trkpt>
      <trkpt lat="-22.640420012176037" lon="14.676665011793375">
        <ele>141</ele>
      </trkpt>
      <trkpt lat="-22.640380030497909" lon="14.676600974053144">
        <ele>141</ele>
      </trkpt>
      <trkpt lat="-22.640344994142652" lon="14.676539031788707">
        <ele>141</ele>
      </trkpt>
      <trkpt lat="-22.640312975272536" lon="14.676475999876857">
        <ele>141</ele>
      </trkpt>
      <trkpt lat="-22.640281962230802" lon="14.676415985450149">
        <ele>141</ele>
      </trkpt>
      <trkpt lat="-22.640247009694576" lon="14.67635496519506">
        <ele>141</ele>
      </trkpt>
      <trkpt lat="-22.640209961682558" lon="14.676297968253493">
        <ele>141</ele>
      </trkpt>
      <trkpt lat="-22.640172997489572" lon="14.676241977140307">
        <ele>141</ele>
      </trkpt>
      <trkpt lat="-22.640137039124966" lon="14.67618296854198">
        <ele>141</ele>
      </trkpt>
      <trkpt lat="-22.640103008598089" lon="14.676121026277542">
        <ele>141</ele>
      </trkpt>
      <trkpt lat="-22.640069983899593" lon="14.676055982708931">
        <ele>141</ele>
      </trkpt>
      <trkpt lat="-22.640038970857859" lon="14.675990017130971">
        <ele>141</ele>
      </trkpt>
      <trkpt lat="-22.640007035806775" lon="14.675920028239489">
        <ele>141</ele>
      </trkpt>
      <trkpt lat="-22.639973005279899" lon="14.675850039348006">
        <ele>140.80000000000001</ele>
      </trkpt>
      <trkpt lat="-22.639940986409783" lon="14.675778038799763">
        <ele>140.80000000000001</ele>
      </trkpt>
      <trkpt lat="-22.639909973368049" lon="14.675705032423139">
        <ele>140.80000000000001</ele>
      </trkpt>
      <trkpt lat="-22.639878038316965" lon="14.675632026046515">
        <ele>140.80000000000001</ele>
      </trkpt>
      <trkpt lat="-22.639848031103611" lon="14.67555901966989">
        <ele>140.80000000000001</ele>
      </trkpt>
      <trkpt lat="-22.639817018061876" lon="14.675487019121647">
        <ele>140.80000000000001</ele>
      </trkpt>
      <trkpt lat="-22.639786005020142" lon="14.675413006916642">
        <ele>140.80000000000001</ele>
      </trkpt>
      <trkpt lat="-22.639754991978407" lon="14.675341006368399">
        <ele>140.80000000000001</ele>
      </trkpt>
      <trkpt lat="-22.639731019735336" lon="14.675272023305297">
        <ele>140.59999999999999</ele>
      </trkpt>
      <trkpt lat="-22.639706041663885" lon="14.675202034413815">
        <ele>140.59999999999999</ele>
      </trkpt>
      <trkpt lat="-22.639679973945022" lon="14.675131039693952">
        <ele>140.59999999999999</ele>
      </trkpt>
      <trkpt lat="-22.639659019187093" lon="14.675053004175425">
        <ele>140.59999999999999</ele>
      </trkpt>
      <trkpt lat="-22.639635968953371" lon="14.6749799977988">
        <ele>140.59999999999999</ele>
      </trkpt>
      <trkpt lat="-22.639614008367062" lon="14.674905985593796">
        <ele>140.59999999999999</ele>
      </trkpt>
      <trkpt lat="-22.63959095813334" lon="14.674832979217172">
        <ele>140.59999999999999</ele>
      </trkpt>
      <trkpt lat="-22.63956899754703" lon="14.674761984497309">
        <ele>140.59999999999999</ele>
      </trkpt>
      <trkpt lat="-22.63954795897007" lon="14.674687972292304">
        <ele>140.59999999999999</ele>
      </trkpt>
      <trkpt lat="-22.639527004212141" lon="14.67461303807795">
        <ele>140.59999999999999</ele>
      </trkpt>
      <trkpt lat="-22.6395049598068" lon="14.674538020044565">
        <ele>140.59999999999999</ele>
      </trkpt>
      <trkpt lat="-22.639485010877252" lon="14.674459984526038">
        <ele>140.59999999999999</ele>
      </trkpt>
      <trkpt lat="-22.639466989785433" lon="14.674381026998162">
        <ele>140.59999999999999</ele>
      </trkpt>
      <trkpt lat="-22.639450980350375" lon="14.674298968166113">
        <ele>140.80000000000001</ele>
      </trkpt>
      <trkpt lat="-22.639432959258556" lon="14.674219004809856">
        <ele>140.80000000000001</ele>
      </trkpt>
      <trkpt lat="-22.639409992843866" lon="14.674138035625219">
        <ele>140.80000000000001</ele>
      </trkpt>
      <trkpt lat="-22.639389960095286" lon="14.674056982621551">
        <ele>140.80000000000001</ele>
      </trkpt>
      <trkpt lat="-22.639371016994119" lon="14.673975007608533">
        <ele>140.80000000000001</ele>
      </trkpt>
      <trkpt lat="-22.639355007559061" lon="14.673893032595515">
        <ele>141</ele>
      </trkpt>
      <trkpt lat="-22.639341009780765" lon="14.673808040097356">
        <ele>141</ele>
      </trkpt>
      <trkpt lat="-22.639326006174088" lon="14.673722041770816">
        <ele>141</ele>
      </trkpt>
      <trkpt lat="-22.63931100256741" lon="14.673635037615895">
        <ele>141</ele>
      </trkpt>
      <trkpt lat="-22.639295998960733" lon="14.673548033460975">
        <ele>141</ele>
      </trkpt>
      <trkpt lat="-22.639283007010818" lon="14.673454994335771">
        <ele>141</ele>
      </trkpt>
      <trkpt lat="-22.639272026717663" lon="14.673362039029598">
        <ele>141</ele>
      </trkpt>
      <trkpt lat="-22.639260040596128" lon="14.673272017389536">
        <ele>141</ele>
      </trkpt>
      <trkpt lat="-22.63924696482718" lon="14.673185013234615">
        <ele>141.19999999999999</ele>
      </trkpt>
      <trkpt lat="-22.639232967048883" lon="14.673100020736456">
        <ele>141.19999999999999</ele>
      </trkpt>
      <trkpt lat="-22.639218969270587" lon="14.673017961904407">
        <ele>141.19999999999999</ele>
      </trkpt>
      <trkpt lat="-22.63920497149229" lon="14.672934981063008">
        <ele>141.19999999999999</ele>
      </trkpt>
      <trkpt lat="-22.639190973713994" lon="14.672856023535132">
        <ele>141.40000000000001</ele>
      </trkpt>
      <trkpt lat="-22.639177981764078" lon="14.672774970531464">
        <ele>141.40000000000001</ele>
      </trkpt>
      <trkpt lat="-22.639163983985782" lon="14.672692995518446">
        <ele>141.40000000000001</ele>
      </trkpt>
      <trkpt lat="-22.639146968722343" lon="14.672610014677048">
        <ele>141.40000000000001</ele>
      </trkpt>
      <trkpt lat="-22.639125008136034" lon="14.672523010522127">
        <ele>141.40000000000001</ele>
      </trkpt>
      <trkpt lat="-22.639104975387454" lon="14.672433994710445">
        <ele>141.40000000000001</ele>
      </trkpt>
      <trkpt lat="-22.639087038114667" lon="14.672341961413622">
        <ele>141.40000000000001</ele>
      </trkpt>
      <trkpt lat="-22.639068011194468" lon="14.67224900610745">
        <ele>141.40000000000001</ele>
      </trkpt>
      <trkpt lat="-22.639048984274268" lon="14.672156972810626">
        <ele>141.19999999999999</ele>
      </trkpt>
      <trkpt lat="-22.6390300411731" lon="14.672066029161215">
        <ele>141.19999999999999</ele>
      </trkpt>
      <trkpt lat="-22.639011014252901" lon="14.671979025006294">
        <ele>141.19999999999999</ele>
      </trkpt>
      <trkpt lat="-22.638992993161082" lon="14.671889003366232">
        <ele>141.19999999999999</ele>
      </trkpt>
      <trkpt lat="-22.638973966240883" lon="14.671803005039692">
        <ele>141.19999999999999</ele>
      </trkpt>
      <trkpt lat="-22.638955023139715" lon="14.671719018369913">
        <ele>141.19999999999999</ele>
      </trkpt>
      <trkpt lat="-22.638934990391135" lon="14.671631008386612">
        <ele>141.19999999999999</ele>
      </trkpt>
      <trkpt lat="-22.638915041461587" lon="14.67154098674655">
        <ele>141.19999999999999</ele>
      </trkpt>
      <trkpt lat="-22.638898026198149" lon="14.671448031440377">
        <ele>141.19999999999999</ele>
      </trkpt>
      <trkpt lat="-22.63888000510633" lon="14.671355998143554">
        <ele>141</ele>
      </trkpt>
      <trkpt lat="-22.638861984014511" lon="14.671265976503491">
        <ele>141</ele>
      </trkpt>
      <trkpt lat="-22.638843962922692" lon="14.671178972348571">
        <ele>141</ele>
      </trkpt>
      <trkpt lat="-22.638825019821525" lon="14.67109096236527">
        <ele>140.59999999999999</ele>
      </trkpt>
      <trkpt lat="-22.638806998729706" lon="14.67100203037262">
        <ele>140.59999999999999</ele>
      </trkpt>
      <trkpt lat="-22.638786965981126" lon="14.670915026217699">
        <ele>140.59999999999999</ele>
      </trkpt>
      <trkpt lat="-22.638769028708339" lon="14.67083103954792">
        <ele>140.40000000000001</ele>
      </trkpt>
      <trkpt lat="-22.638748995959759" lon="14.670748980715871">
        <ele>140.40000000000001</ele>
      </trkpt>
      <trkpt lat="-22.638732986524701" lon="14.670664994046092">
        <ele>140.19999999999999</ele>
      </trkpt>
      <trkpt lat="-22.638717982918024" lon="14.670581007376313">
        <ele>140.19999999999999</ele>
      </trkpt>
      <trkpt lat="-22.638701973482966" lon="14.670499032363296">
        <ele>140.19999999999999</ele>
      </trkpt>
      <trkpt lat="-22.638685964047909" lon="14.670416973531246">
        <ele>140</ele>
      </trkpt>
      <trkpt lat="-22.638668026775122" lon="14.670334998518229">
        <ele>140</ele>
      </trkpt>
      <trkpt lat="-22.638652017340064" lon="14.670254029333591">
        <ele>139.80000000000001</ele>
      </trkpt>
      <trkpt lat="-22.638635002076626" lon="14.670172976329923">
        <ele>139.80000000000001</ele>
      </trkpt>
      <trkpt lat="-22.638616980984807" lon="14.670092007145286">
        <ele>139.40000000000001</ele>
      </trkpt>
      <trkpt lat="-22.638598959892988" lon="14.670011959969997">
        <ele>139.19999999999999</ele>
      </trkpt>
      <trkpt lat="-22.638580016791821" lon="14.66992998495698">
        <ele>139.19999999999999</ele>
      </trkpt>
      <trkpt lat="-22.63855897821486" lon="14.669848009943962">
        <ele>139.19999999999999</ele>
      </trkpt>
      <trkpt lat="-22.638541040942073" lon="14.669764023274183">
        <ele>139</ele>
      </trkpt>
      <trkpt lat="-22.638518996536732" lon="14.669677019119263">
        <ele>139</ele>
      </trkpt>
      <trkpt lat="-22.638498963788152" lon="14.669590014964342">
        <ele>138.59999999999999</ele>
      </trkpt>
      <trkpt lat="-22.638480020686984" lon="14.66949999332428">
        <ele>138.59999999999999</ele>
      </trkpt>
      <trkpt lat="-22.638459987938404" lon="14.669408965855837">
        <ele>138.59999999999999</ele>
      </trkpt>
      <trkpt lat="-22.638440039008856" lon="14.669316010549664">
        <ele>138.59999999999999</ele>
      </trkpt>
      <trkpt lat="-22.638421012088656" lon="14.66922297142446">
        <ele>138.59999999999999</ele>
      </trkpt>
      <trkpt lat="-22.638400979340076" lon="14.669130016118288">
        <ele>138.59999999999999</ele>
      </trkpt>
      <trkpt lat="-22.638382958248258" lon="14.669037982821465">
        <ele>138.59999999999999</ele>
      </trkpt>
      <trkpt lat="-22.63836401514709" lon="14.668947961181402">
        <ele>138.40000000000001</ele>
      </trkpt>
      <trkpt lat="-22.638344988226891" lon="14.668858023360372">
        <ele>138.40000000000001</ele>
      </trkpt>
      <trkpt lat="-22.638325039297342" lon="14.668765990063548">
        <ele>138.19999999999999</ele>
      </trkpt>
      <trkpt lat="-22.638306012377143" lon="14.668675968423486">
        <ele>138.19999999999999</ele>
      </trkpt>
      <trkpt lat="-22.638290002942085" lon="14.668586030602455">
        <ele>137.80000000000001</ele>
      </trkpt>
      <trkpt lat="-22.638273993507028" lon="14.668501038104296">
        <ele>137.80000000000001</ele>
      </trkpt>
      <trkpt lat="-22.638258989900351" lon="14.668418979272246">
        <ele>137.59999999999999</ele>
      </trkpt>
      <trkpt lat="-22.638241974636912" lon="14.668341027572751">
        <ele>137.59999999999999</ele>
      </trkpt>
      <trkpt lat="-22.638224959373474" lon="14.668263997882605">
        <ele>137.59999999999999</ele>
      </trkpt>
      <trkpt lat="-22.638208027929068" lon="14.668187974020839">
        <ele>137.59999999999999</ele>
      </trkpt>
      <trkpt lat="-22.638194030150771" lon="14.668108010664582">
        <ele>137.59999999999999</ele>
      </trkpt>
      <trkpt lat="-22.638180032372475" lon="14.668020000681281">
        <ele>137.59999999999999</ele>
      </trkpt>
      <trkpt lat="-22.638165028765798" lon="14.667935008183122">
        <ele>137.59999999999999</ele>
      </trkpt>
      <trkpt lat="-22.638151030987501" lon="14.667852027341723">
        <ele>137.59999999999999</ele>
      </trkpt>
      <trkpt lat="-22.638136027380824" lon="14.667767034843564">
        <ele>137.59999999999999</ele>
      </trkpt>
      <trkpt lat="-22.638121023774147" lon="14.667680030688643">
        <ele>137.59999999999999</ele>
      </trkpt>
      <trkpt lat="-22.63810602016747" lon="14.667593026533723">
        <ele>137.80000000000001</ele>
      </trkpt>
      <trkpt lat="-22.638093028217554" lon="14.667506022378802">
        <ele>137.80000000000001</ele>
      </trkpt>
      <trkpt lat="-22.638079030439258" lon="14.667418012395501">
        <ele>137.80000000000001</ele>
      </trkpt>
      <trkpt lat="-22.6380630210042" lon="14.6673300024122">
        <ele>137.80000000000001</ele>
      </trkpt>
      <trkpt lat="-22.638048017397523" lon="14.667237969115376">
        <ele>137.80000000000001</ele>
      </trkpt>
      <trkpt lat="-22.638032007962465" lon="14.667148031294346">
        <ele>137.80000000000001</ele>
      </trkpt>
      <trkpt lat="-22.638018010184169" lon="14.667059015482664">
        <ele>137.80000000000001</ele>
      </trkpt>
      <trkpt lat="-22.638004012405872" lon="14.66696597635746">
        <ele>137.80000000000001</ele>
      </trkpt>
      <trkpt lat="-22.637990014627576" lon="14.666874026879668">
        <ele>137.80000000000001</ele>
      </trkpt>
      <trkpt lat="-22.637975011020899" lon="14.666779981926084">
        <ele>137.80000000000001</ele>
      </trkpt>
      <trkpt lat="-22.63795698992908" lon="14.666688032448292">
        <ele>137.80000000000001</ele>
      </trkpt>
      <trkpt lat="-22.637941986322403" lon="14.666591975837946">
        <ele>137.59999999999999</ele>
      </trkpt>
      <trkpt lat="-22.637925976887345" lon="14.666494997218251">
        <ele>137.59999999999999</ele>
      </trkpt>
      <trkpt lat="-22.637910973280668" lon="14.666398018598557">
        <ele>137.59999999999999</ele>
      </trkpt>
      <trkpt lat="-22.637896975502372" lon="14.666300034150481">
        <ele>137.40000000000001</ele>
      </trkpt>
      <trkpt lat="-22.637879038229585" lon="14.666203977540135">
        <ele>137.19999999999999</ele>
      </trkpt>
      <trkpt lat="-22.637864034622908" lon="14.666110016405582">
        <ele>137.19999999999999</ele>
      </trkpt>
      <trkpt lat="-22.637850036844611" lon="14.666013959795237">
        <ele>137</ele>
      </trkpt>
      <trkpt lat="-22.637835033237934" lon="14.665919998660684">
        <ele>136.59999999999999</ele>
      </trkpt>
      <trkpt lat="-22.637820029631257" lon="14.66582695953548">
        <ele>136.40000000000001</ele>
      </trkpt>
      <trkpt lat="-22.637806031852961" lon="14.665734004229307">
        <ele>136.40000000000001</ele>
      </trkpt>
      <trkpt lat="-22.637793039903045" lon="14.665642976760864">
        <ele>136.19999999999999</ele>
      </trkpt>
      <trkpt lat="-22.637780969962478" lon="14.665553038939834">
        <ele>136.19999999999999</ele>
      </trkpt>
      <trkpt lat="-22.637767978012562" lon="14.665465028956532">
        <ele>136.19999999999999</ele>
      </trkpt>
      <trkpt lat="-22.637755991891026" lon="14.66537500731647">
        <ele>136.19999999999999</ele>
      </trkpt>
      <trkpt lat="-22.637742999941111" lon="14.665285991504788">
        <ele>136.19999999999999</ele>
      </trkpt>
      <trkpt lat="-22.637730007991195" lon="14.665194964036345">
        <ele>136.19999999999999</ele>
      </trkpt>
      <trkpt lat="-22.637716010212898" lon="14.665102008730173">
        <ele>136.19999999999999</ele>
      </trkpt>
      <trkpt lat="-22.637702012434602" lon="14.665011987090111">
        <ele>136.19999999999999</ele>
      </trkpt>
      <trkpt lat="-22.637687008827925" lon="14.664920037612319">
        <ele>136.19999999999999</ele>
      </trkpt>
      <trkpt lat="-22.637673011049628" lon="14.664825992658734">
        <ele>136.40000000000001</ele>
      </trkpt>
      <trkpt lat="-22.637657001614571" lon="14.664732031524181">
        <ele>136.40000000000001</ele>
      </trkpt>
      <trkpt lat="-22.637643003836274" lon="14.664635974913836">
        <ele>136.59999999999999</ele>
      </trkpt>
      <trkpt lat="-22.637628000229597" lon="14.664541007950902">
        <ele>136.59999999999999</ele>
      </trkpt>
      <trkpt lat="-22.63761299662292" lon="14.664445035159588">
        <ele>136.80000000000001</ele>
      </trkpt>
      <trkpt lat="-22.637596987187862" lon="14.664350990206003">
        <ele>136.80000000000001</ele>
      </trkpt>
      <trkpt lat="-22.637580977752805" lon="14.664255017414689">
        <ele>136.80000000000001</ele>
      </trkpt>
      <trkpt lat="-22.637565974146128" lon="14.664156027138233">
        <ele>136.80000000000001</ele>
      </trkpt>
      <trkpt lat="-22.637548036873341" lon="14.664060976356268">
        <ele>136.80000000000001</ele>
      </trkpt>
      <trkpt lat="-22.637532027438283" lon="14.663966009393334">
        <ele>136.80000000000001</ele>
      </trkpt>
      <trkpt lat="-22.637516018003225" lon="14.66387003660202">
        <ele>136.80000000000001</ele>
      </trkpt>
      <trkpt lat="-22.637501014396548" lon="14.663775991648436">
        <ele>136.80000000000001</ele>
      </trkpt>
      <trkpt lat="-22.637486010789871" lon="14.663685970008373">
        <ele>136.80000000000001</ele>
      </trkpt>
      <trkpt lat="-22.637471007183194" lon="14.663597038015723">
        <ele>136.80000000000001</ele>
      </trkpt>
      <trkpt lat="-22.637457009404898" lon="14.663509028032422">
        <ele>136.80000000000001</ele>
      </trkpt>
      <trkpt lat="-22.637439994141459" lon="14.663424035534263">
        <ele>136.80000000000001</ele>
      </trkpt>
      <trkpt lat="-22.637422978878021" lon="14.663338037207723">
        <ele>136.80000000000001</ele>
      </trkpt>
      <trkpt lat="-22.637405963614583" lon="14.663250027224422">
        <ele>136.59999999999999</ele>
      </trkpt>
      <trkpt lat="-22.637390960007906" lon="14.663157993927598">
        <ele>136.59999999999999</ele>
      </trkpt>
      <trkpt lat="-22.637376962229609" lon="14.663067972287536">
        <ele>136.40000000000001</ele>
      </trkpt>
      <trkpt lat="-22.637361958622932" lon="14.662974011152983">
        <ele>136.40000000000001</ele>
      </trkpt>
      <trkpt lat="-22.637347960844636" lon="14.662878038361669">
        <ele>136.19999999999999</ele>
      </trkpt>
      <trkpt lat="-22.637333041056991" lon="14.662782987579703">
        <ele>136.19999999999999</ele>
      </trkpt>
      <trkpt lat="-22.637314014136791" lon="14.662690032273531">
        <ele>136.19999999999999</ele>
      </trkpt>
      <trkpt lat="-22.637295993044972" lon="14.662594981491566">
        <ele>136.19999999999999</ele>
      </trkpt>
      <trkpt lat="-22.637278977781534" lon="14.662501020357013">
        <ele>136</ele>
      </trkpt>
      <trkpt lat="-22.637260034680367" lon="14.662407981231809">
        <ele>136</ele>
      </trkpt>
      <trkpt lat="-22.637241007760167" lon="14.662313014268875">
        <ele>136</ele>
      </trkpt>
      <trkpt lat="-22.637222986668348" lon="14.66221796348691">
        <ele>136</ele>
      </trkpt>
      <trkpt lat="-22.637203959748149" lon="14.662119979038835">
        <ele>136</ele>
      </trkpt>
      <trkpt lat="-22.637186022475362" lon="14.662017971277237">
        <ele>136</ele>
      </trkpt>
      <trkpt lat="-22.637166995555162" lon="14.661921998485923">
        <ele>135.80000000000001</ele>
      </trkpt>
      <trkpt lat="-22.637148974463344" lon="14.661827031522989">
        <ele>135.80000000000001</ele>
      </trkpt>
      <trkpt lat="-22.637131037190557" lon="14.661729969084263">
        <ele>135.80000000000001</ele>
      </trkpt>
      <trkpt lat="-22.637112010270357" lon="14.661631984636188">
        <ele>135.80000000000001</ele>
      </trkpt>
      <trkpt lat="-22.637092983350158" lon="14.661532994359732">
        <ele>135.80000000000001</ele>
      </trkpt>
      <trkpt lat="-22.637074962258339" lon="14.661432998254895">
        <ele>135.80000000000001</ele>
      </trkpt>
      <trkpt lat="-22.63705400750041" lon="14.661334007978439">
        <ele>135.80000000000001</ele>
      </trkpt>
      <trkpt lat="-22.637035986408591" lon="14.661236023530364">
        <ele>135.80000000000001</ele>
      </trkpt>
      <trkpt lat="-22.637018971145153" lon="14.661135021597147">
        <ele>135.59999999999999</ele>
      </trkpt>
      <trkpt lat="-22.637002961710095" lon="14.661036031320691">
        <ele>135.40000000000001</ele>
      </trkpt>
      <trkpt lat="-22.636987036094069" lon="14.660937963053584">
        <ele>135.40000000000001</ele>
      </trkpt>
      <trkpt lat="-22.636970020830631" lon="14.660839978605509">
        <ele>135.40000000000001</ele>
      </trkpt>
      <trkpt lat="-22.636953005567193" lon="14.660740988329053">
        <ele>135.40000000000001</ele>
      </trkpt>
      <trkpt lat="-22.636935990303755" lon="14.660644009709358">
        <ele>135.19999999999999</ele>
      </trkpt>
      <trkpt lat="-22.636919980868697" lon="14.660548036918044">
        <ele>135.19999999999999</ele>
      </trkpt>
      <trkpt lat="-22.63690397143364" lon="14.660451980307698">
        <ele>135.19999999999999</ele>
      </trkpt>
      <trkpt lat="-22.636887039989233" lon="14.660356007516384">
        <ele>135.19999999999999</ele>
      </trkpt>
      <trkpt lat="-22.636870024725795" lon="14.660261962562799">
        <ele>135.19999999999999</ele>
      </trkpt>
      <trkpt lat="-22.636853009462357" lon="14.660168001428246">
        <ele>135.19999999999999</ele>
      </trkpt>
      <trkpt lat="-22.636834988370538" lon="14.660076973959804">
        <ele>135</ele>
      </trkpt>
      <trkpt lat="-22.636819984763861" lon="14.659986030310392">
        <ele>135</ele>
      </trkpt>
      <trkpt lat="-22.636805986985564" lon="14.659897014498711">
        <ele>135</ele>
      </trkpt>
      <trkpt lat="-22.636790983378887" lon="14.659809004515409">
        <ele>135.19999999999999</ele>
      </trkpt>
      <trkpt lat="-22.636776985600591" lon="14.659720994532108">
        <ele>135.19999999999999</ele>
      </trkpt>
      <trkpt lat="-22.636762987822294" lon="14.659629967063665">
        <ele>135.19999999999999</ele>
      </trkpt>
      <trkpt lat="-22.636749995872378" lon="14.659541035071015">
        <ele>135.19999999999999</ele>
      </trkpt>
      <trkpt lat="-22.636737003922462" lon="14.659451013430953">
        <ele>135.19999999999999</ele>
      </trkpt>
      <trkpt lat="-22.636722000315785" lon="14.659364009276032">
        <ele>135.19999999999999</ele>
      </trkpt>
      <trkpt lat="-22.636706996709108" lon="14.659277005121112">
        <ele>135.19999999999999</ele>
      </trkpt>
      <trkpt lat="-22.636695010587573" lon="14.65918698348105">
        <ele>135.19999999999999</ele>
      </trkpt>
      <trkpt lat="-22.636682018637657" lon="14.659095034003258">
        <ele>135.19999999999999</ele>
      </trkpt>
      <trkpt lat="-22.636670032516122" lon="14.659005012363195">
        <ele>135.19999999999999</ele>
      </trkpt>
      <trkpt lat="-22.636657040566206" lon="14.658913984894753">
        <ele>135.19999999999999</ele>
      </trkpt>
      <trkpt lat="-22.63664597645402" lon="14.658822035416961">
        <ele>135.19999999999999</ele>
      </trkpt>
      <trkpt lat="-22.636634996160865" lon="14.65873402543366">
        <ele>135.19999999999999</ele>
      </trkpt>
      <trkpt lat="-22.636620998382568" lon="14.658642997965217">
        <ele>135.19999999999999</ele>
      </trkpt>
      <trkpt lat="-22.636610018089414" lon="14.658558005467057">
        <ele>135.19999999999999</ele>
      </trkpt>
      <trkpt lat="-22.636599037796259" lon="14.65847603045404">
        <ele>135.19999999999999</ele>
      </trkpt>
      <trkpt lat="-22.636588979512453" lon="14.658391959965229">
        <ele>135.19999999999999</ele>
      </trkpt>
      <trkpt lat="-22.636579005047679" lon="14.658309984952211">
        <ele>135.19999999999999</ele>
      </trkpt>
      <trkpt lat="-22.636567018926144" lon="14.658228009939194">
        <ele>135.19999999999999</ele>
      </trkpt>
      <trkpt lat="-22.636557966470718" lon="14.658146034926176">
        <ele>135.19999999999999</ele>
      </trkpt>
      <trkpt lat="-22.636546986177564" lon="14.658064981922507">
        <ele>135</ele>
      </trkpt>
      <trkpt lat="-22.63653701171279" lon="14.657985018566251">
        <ele>135</ele>
      </trkpt>
      <trkpt lat="-22.636525025591254" lon="14.657904971390963">
        <ele>135</ele>
      </trkpt>
      <trkpt lat="-22.636511027812958" lon="14.657827019691467">
        <ele>134.80000000000001</ele>
      </trkpt>
      <trkpt lat="-22.6364950183779" lon="14.65774898417294">
        <ele>134.80000000000001</ele>
      </trkpt>
      <trkpt lat="-22.636480014771223" lon="14.657670026645064">
        <ele>134.80000000000001</ele>
      </trkpt>
      <trkpt lat="-22.636471968144178" lon="14.657587967813015">
        <ele>134.59999999999999</ele>
      </trkpt>
      <trkpt lat="-22.636462999507785" lon="14.657504986971617">
        <ele>134.59999999999999</ele>
      </trkpt>
      <trkpt lat="-22.63645201921463" lon="14.65742401778698">
        <ele>134.59999999999999</ele>
      </trkpt>
      <trkpt lat="-22.636441038921475" lon="14.657342964783311">
        <ele>134.40000000000001</ele>
      </trkpt>
      <trkpt lat="-22.636427041143179" lon="14.657261995598674">
        <ele>134.40000000000001</ele>
      </trkpt>
      <trkpt lat="-22.636412037536502" lon="14.657183960080147">
        <ele>134.40000000000001</ele>
      </trkpt>
      <trkpt lat="-22.636400973424315" lon="14.65710399672389">
        <ele>134.19999999999999</ele>
      </trkpt>
      <trkpt lat="-22.636392004787922" lon="14.657024033367634">
        <ele>134.19999999999999</ele>
      </trkpt>
      <trkpt lat="-22.636381024494767" lon="14.656944992020726">
        <ele>134.19999999999999</ele>
      </trkpt>
      <trkpt lat="-22.636370966210961" lon="14.656867040321231">
        <ele>134.40000000000001</ele>
      </trkpt>
      <trkpt lat="-22.636363003402948" lon="14.656786993145943">
        <ele>134.40000000000001</ele>
      </trkpt>
      <trkpt lat="-22.636356968432665" lon="14.656708035618067">
        <ele>134.40000000000001</ele>
      </trkpt>
      <trkpt lat="-22.636349005624652" lon="14.65663100592792">
        <ele>134.40000000000001</ele>
      </trkpt>
      <trkpt lat="-22.636340036988258" lon="14.656552970409393">
        <ele>134.40000000000001</ele>
      </trkpt>
      <trkpt lat="-22.636329978704453" lon="14.656477030366659">
        <ele>134.40000000000001</ele>
      </trkpt>
      <trkpt lat="-22.63632201589644" lon="14.65639597736299">
        <ele>134.40000000000001</ele>
      </trkpt>
      <trkpt lat="-22.636318998411298" lon="14.656303022056818">
        <ele>134.40000000000001</ele>
      </trkpt>
      <trkpt lat="-22.636312041431665" lon="14.656215012073517">
        <ele>134.40000000000001</ele>
      </trkpt>
      <trkpt lat="-22.636306006461382" lon="14.656127002090216">
        <ele>134.19999999999999</ele>
      </trkpt>
      <trkpt lat="-22.636299971491098" lon="14.656038992106915">
        <ele>134.19999999999999</ele>
      </trkpt>
      <trkpt lat="-22.636293014511466" lon="14.655949976295233">
        <ele>134.19999999999999</ele>
      </trkpt>
      <trkpt lat="-22.636283962056041" lon="14.655860038474202">
        <ele>134.19999999999999</ele>
      </trkpt>
      <trkpt lat="-22.636275999248028" lon="14.655768005177379">
        <ele>134.19999999999999</ele>
      </trkpt>
      <trkpt lat="-22.636268036440015" lon="14.655676977708936">
        <ele>134.19999999999999</ele>
      </trkpt>
      <trkpt lat="-22.636257978156209" lon="14.655583016574383">
        <ele>134</ele>
      </trkpt>
      <trkpt lat="-22.636251021176577" lon="14.655486959964037">
        <ele>134</ele>
      </trkpt>
      <trkpt lat="-22.636242974549532" lon="14.655390987172723">
        <ele>133.80000000000001</ele>
      </trkpt>
      <trkpt lat="-22.636238029226661" lon="14.655294008553028">
        <ele>133.40000000000001</ele>
      </trkpt>
      <trkpt lat="-22.636230988427997" lon="14.655197029933333">
        <ele>133</ele>
      </trkpt>
      <trkpt lat="-22.636223025619984" lon="14.655098961666226">
        <ele>132.80000000000001</ele>
      </trkpt>
      <trkpt lat="-22.636214978992939" lon="14.655001983046532">
        <ele>132.40000000000001</ele>
      </trkpt>
      <trkpt lat="-22.636207016184926" lon="14.654903998598456">
        <ele>132.40000000000001</ele>
      </trkpt>
      <trkpt lat="-22.636199975386262" lon="14.654809031635523">
        <ele>132.40000000000001</ele>
      </trkpt>
      <trkpt lat="-22.636190000921488" lon="14.654716998338699">
        <ele>132.19999999999999</ele>
      </trkpt>
      <trkpt lat="-22.636180026456714" lon="14.654621025547385">
        <ele>132.19999999999999</ele>
      </trkpt>
      <trkpt lat="-22.636171979829669" lon="14.654520023614168">
        <ele>132.19999999999999</ele>
      </trkpt>
      <trkpt lat="-22.636164017021656" lon="14.654422961175442">
        <ele>132</ele>
      </trkpt>
      <trkpt lat="-22.636159993708134" lon="14.654324976727366">
        <ele>131.80000000000001</ele>
      </trkpt>
      <trkpt lat="-22.636154964566231" lon="14.654225986450911">
        <ele>131.80000000000001</ele>
      </trkpt>
      <trkpt lat="-22.636148007586598" lon="14.654128002002835">
        <ele>131.80000000000001</ele>
      </trkpt>
      <trkpt lat="-22.636140966787934" lon="14.654033035039902">
        <ele>131.80000000000001</ele>
      </trkpt>
      <trkpt lat="-22.636135015636683" lon="14.653939995914698">
        <ele>131.59999999999999</ele>
      </trkpt>
      <trkpt lat="-22.636128980666399" lon="14.653846034780145">
        <ele>131.59999999999999</ele>
      </trkpt>
      <trkpt lat="-22.636122023686767" lon="14.65375198982656">
        <ele>131.59999999999999</ele>
      </trkpt>
      <trkpt lat="-22.636112971231341" lon="14.653659034520388">
        <ele>131.59999999999999</ele>
      </trkpt>
      <trkpt lat="-22.63610702008009" lon="14.653565995395184">
        <ele>131.59999999999999</ele>
      </trkpt>
      <trkpt lat="-22.636100985109806" lon="14.653472034260631">
        <ele>131.59999999999999</ele>
      </trkpt>
      <trkpt lat="-22.636096039786935" lon="14.653380000963807">
        <ele>131.59999999999999</ele>
      </trkpt>
      <trkpt lat="-22.636091010645032" lon="14.653288973495364">
        <ele>131.59999999999999</ele>
      </trkpt>
      <trkpt lat="-22.636083969846368" lon="14.653196018189192">
        <ele>131.59999999999999</ele>
      </trkpt>
      <trkpt lat="-22.636077012866735" lon="14.65310700237751">
        <ele>131.59999999999999</ele>
      </trkpt>
      <trkpt lat="-22.636072989553213" lon="14.653017986565828">
        <ele>131.59999999999999</ele>
      </trkpt>
      <trkpt lat="-22.636069972068071" lon="14.652927964925766">
        <ele>131.59999999999999</ele>
      </trkpt>
      <trkpt lat="-22.63606796041131" lon="14.652839032933116">
        <ele>131.59999999999999</ele>
      </trkpt>
      <trkpt lat="-22.636063015088439" lon="14.652751022949815">
        <ele>131.59999999999999</ele>
      </trkpt>
      <trkpt lat="-22.636058991774917" lon="14.652664018794894">
        <ele>131.59999999999999</ele>
      </trkpt>
      <trkpt lat="-22.636056980118155" lon="14.652580032125115">
        <ele>131.59999999999999</ele>
      </trkpt>
      <trkpt lat="-22.636054968461394" lon="14.652494033798575">
        <ele>131.59999999999999</ele>
      </trkpt>
      <trkpt lat="-22.636052034795284" lon="14.652406023815274">
        <ele>131.59999999999999</ele>
      </trkpt>
      <trkpt lat="-22.636051028966904" lon="14.652320025488734">
        <ele>131.59999999999999</ele>
      </trkpt>
      <trkpt lat="-22.636049017310143" lon="14.652230003848672">
        <ele>131.59999999999999</ele>
      </trkpt>
      <trkpt lat="-22.636049017310143" lon="14.65214098803699">
        <ele>131.59999999999999</ele>
      </trkpt>
      <trkpt lat="-22.636050023138523" lon="14.652050966396928">
        <ele>131.59999999999999</ele>
      </trkpt>
      <trkpt lat="-22.636053040623665" lon="14.651960022747517">
        <ele>131.80000000000001</ele>
      </trkpt>
      <trkpt lat="-22.636055974289775" lon="14.651870001107454">
        <ele>131.80000000000001</ele>
      </trkpt>
      <trkpt lat="-22.636057985946536" lon="14.651781991124153">
        <ele>131.80000000000001</ele>
      </trkpt>
      <trkpt lat="-22.636057985946536" lon="14.651692975312471">
        <ele>131.80000000000001</ele>
      </trkpt>
      <trkpt lat="-22.636062009260058" lon="14.651599014177918">
        <ele>131.80000000000001</ele>
      </trkpt>
      <trkpt lat="-22.6360650267452" lon="14.651506980881095">
        <ele>131.80000000000001</ele>
      </trkpt>
      <trkpt lat="-22.636067038401961" lon="14.651414025574923">
        <ele>131.80000000000001</ele>
      </trkpt>
      <trkpt lat="-22.636070977896452" lon="14.651319980621338">
        <ele>131.80000000000001</ele>
      </trkpt>
      <trkpt lat="-22.636076007038355" lon="14.651226019486785">
        <ele>131.80000000000001</ele>
      </trkpt>
      <trkpt lat="-22.636081036180258" lon="14.65113096870482">
        <ele>131.80000000000001</ele>
      </trkpt>
      <trkpt lat="-22.63608698733151" lon="14.651037007570267">
        <ele>131.80000000000001</ele>
      </trkpt>
      <trkpt lat="-22.636096961796284" lon="14.650941034778953">
        <ele>131.80000000000001</ele>
      </trkpt>
      <trkpt lat="-22.636109031736851" lon="14.650844978168607">
        <ele>131.80000000000001</ele>
      </trkpt>
      <trkpt lat="-22.636119006201625" lon="14.650749005377293">
        <ele>131.80000000000001</ele>
      </trkpt>
      <trkpt lat="-22.636127974838018" lon="14.650651020929217">
        <ele>131.80000000000001</ele>
      </trkpt>
      <trkpt lat="-22.636139960959554" lon="14.650553958490491">
        <ele>131.80000000000001</ele>
      </trkpt>
      <trkpt lat="-22.63615102507174" lon="14.650457985699177">
        <ele>131.80000000000001</ele>
      </trkpt>
      <trkpt lat="-22.636164017021656" lon="14.650360001251101">
        <ele>131.80000000000001</ele>
      </trkpt>
      <trkpt lat="-22.636178014799953" lon="14.650262016803026">
        <ele>131.80000000000001</ele>
      </trkpt>
      <trkpt lat="-22.63619301840663" lon="14.650164032354951">
        <ele>131.80000000000001</ele>
      </trkpt>
      <trkpt lat="-22.636210033670068" lon="14.650066969916224">
        <ele>131.59999999999999</ele>
      </trkpt>
      <trkpt lat="-22.636226965114474" lon="14.64996999129653">
        <ele>131.59999999999999</ele>
      </trkpt>
      <trkpt lat="-22.636242974549532" lon="14.649872006848454">
        <ele>131.59999999999999</ele>
      </trkpt>
      <trkpt lat="-22.636260995641351" lon="14.649769999086857">
        <ele>131.59999999999999</ele>
      </trkpt>
      <trkpt lat="-22.63627901673317" lon="14.64967000298202">
        <ele>131.59999999999999</ele>
      </trkpt>
      <trkpt lat="-22.636297037824988" lon="14.649570006877184">
        <ele>131.59999999999999</ele>
      </trkpt>
      <trkpt lat="-22.636314975097775" lon="14.649472022429109">
        <ele>131.59999999999999</ele>
      </trkpt>
      <trkpt lat="-22.636335007846355" lon="14.649371020495892">
        <ele>131.40000000000001</ele>
      </trkpt>
      <trkpt lat="-22.636355962604284" lon="14.649267001077533">
        <ele>131.40000000000001</ele>
      </trkpt>
      <trkpt lat="-22.636378007009625" lon="14.649162981659174">
        <ele>131.40000000000001</ele>
      </trkpt>
      <trkpt lat="-22.636399967595935" lon="14.649061979725957">
        <ele>131.40000000000001</ele>
      </trkpt>
      <trkpt lat="-22.636423017829657" lon="14.64896198362112">
        <ele>131.19999999999999</ele>
      </trkpt>
      <trkpt lat="-22.636446990072727" lon="14.648858970031142">
        <ele>131.19999999999999</ele>
      </trkpt>
      <trkpt lat="-22.636470962315798" lon="14.648762997239828">
        <ele>131.19999999999999</ele>
      </trkpt>
      <trkpt lat="-22.636486971750855" lon="14.648665012791753">
        <ele>131.19999999999999</ele>
      </trkpt>
      <trkpt lat="-22.636508010327816" lon="14.648569962009788">
        <ele>130.80000000000001</ele>
      </trkpt>
      <trkpt lat="-22.636529970914125" lon="14.648473989218473">
        <ele>130.80000000000001</ele>
      </trkpt>
      <trkpt lat="-22.636552015319467" lon="14.64837902225554">
        <ele>130.59999999999999</ele>
      </trkpt>
      <trkpt lat="-22.636574981734157" lon="14.648285983130336">
        <ele>130.59999999999999</ele>
      </trkpt>
      <trkpt lat="-22.636599959805608" lon="14.648194033652544">
        <ele>130.40000000000001</ele>
      </trkpt>
      <trkpt lat="-22.636628961190581" lon="14.648099988698959">
        <ele>130.40000000000001</ele>
      </trkpt>
      <trkpt lat="-22.636657962575555" lon="14.648003010079265">
        <ele>130.19999999999999</ele>
      </trkpt>
      <trkpt lat="-22.636685958132148" lon="14.64790603145957">
        <ele>130.19999999999999</ele>
      </trkpt>
      <trkpt lat="-22.636714037507772" lon="14.647806035354733">
        <ele>130.19999999999999</ele>
      </trkpt>
      <trkpt lat="-22.636742033064365" lon="14.647706039249897">
        <ele>130</ele>
      </trkpt>
      <trkpt lat="-22.636771034449339" lon="14.647605959326029">
        <ele>130</ele>
      </trkpt>
      <trkpt lat="-22.636799030005932" lon="14.647507974877954">
        <ele>130</ele>
      </trkpt>
      <trkpt lat="-22.636826019734144" lon="14.647408984601498">
        <ele>130</ele>
      </trkpt>
      <trkpt lat="-22.636856026947498" lon="14.647307982668281">
        <ele>129.80000000000001</ele>
      </trkpt>
      <trkpt lat="-22.636887039989233" lon="14.647207986563444">
        <ele>129.80000000000001</ele>
      </trkpt>
      <trkpt lat="-22.636918975040317" lon="14.64711201377213">
        <ele>129.80000000000001</ele>
      </trkpt>
      <trkpt lat="-22.636950993910432" lon="14.647013023495674">
        <ele>129.80000000000001</ele>
      </trkpt>
      <trkpt lat="-22.636981001123786" lon="14.646912021562457">
        <ele>129.80000000000001</ele>
      </trkpt>
      <trkpt lat="-22.637010002508759" lon="14.64681101962924">
        <ele>129.59999999999999</ele>
      </trkpt>
      <trkpt lat="-22.637040009722114" lon="14.646711023524404">
        <ele>129.59999999999999</ele>
      </trkpt>
      <trkpt lat="-22.637069011107087" lon="14.646610021591187">
        <ele>129.59999999999999</ele>
      </trkpt>
      <trkpt lat="-22.637099018320441" lon="14.646509019657969">
        <ele>129.59999999999999</ele>
      </trkpt>
      <trkpt lat="-22.637127013877034" lon="14.646411035209894">
        <ele>129.40000000000001</ele>
      </trkpt>
      <trkpt lat="-22.637155009433627" lon="14.646313972771168">
        <ele>129.40000000000001</ele>
      </trkpt>
      <trkpt lat="-22.637189039960504" lon="14.646196961402893">
        <ele>129.40000000000001</ele>
      </trkpt>
      <trkpt lat="-22.637213012203574" lon="14.646116998046637">
        <ele>129.40000000000001</ele>
      </trkpt>
      <trkpt lat="-22.637244025245309" lon="14.646018007770181">
        <ele>129.19999999999999</ele>
      </trkpt>
      <trkpt lat="-22.637273026630282" lon="14.645921029150486">
        <ele>129.19999999999999</ele>
      </trkpt>
      <trkpt lat="-22.637303033843637" lon="14.645820027217269">
        <ele>129</ele>
      </trkpt>
      <trkpt lat="-22.637331029400229" lon="14.645724976435304">
        <ele>129</ele>
      </trkpt>
      <trkpt lat="-22.637359024956822" lon="14.645625986158848">
        <ele>129</ele>
      </trkpt>
      <trkpt lat="-22.637386014685035" lon="14.645526995882392">
        <ele>129</ele>
      </trkpt>
      <trkpt lat="-22.637414010241628" lon="14.645423982292414">
        <ele>129</ele>
      </trkpt>
      <trkpt lat="-22.63744099996984" lon="14.645324992015958">
        <ele>128.80000000000001</ele>
      </trkpt>
      <trkpt lat="-22.63746396638453" lon="14.645230025053024">
        <ele>128.80000000000001</ele>
      </trkpt>
      <trkpt lat="-22.637487016618252" lon="14.645132962614298">
        <ele>128.80000000000001</ele>
      </trkpt>
      <trkpt lat="-22.637511994689703" lon="14.645032966509461">
        <ele>128.80000000000001</ele>
      </trkpt>
      <trkpt lat="-22.637536972761154" lon="14.644931964576244">
        <ele>128.80000000000001</ele>
      </trkpt>
      <trkpt lat="-22.637561028823256" lon="14.64483599178493">
        <ele>128.80000000000001</ele>
      </trkpt>
      <trkpt lat="-22.637586006894708" lon="14.644739013165236">
        <ele>128.80000000000001</ele>
      </trkpt>
      <trkpt lat="-22.637606961652637" lon="14.64464002288878">
        <ele>128.59999999999999</ele>
      </trkpt>
      <trkpt lat="-22.637628000229597" lon="14.644539020955563">
        <ele>128.59999999999999</ele>
      </trkpt>
      <trkpt lat="-22.637649038806558" lon="14.644435001537204">
        <ele>128.59999999999999</ele>
      </trkpt>
      <trkpt lat="-22.637670999392867" lon="14.644331987947226">
        <ele>128.59999999999999</ele>
      </trkpt>
      <trkpt lat="-22.637693965807557" lon="14.644227968528867">
        <ele>128.59999999999999</ele>
      </trkpt>
      <trkpt lat="-22.637717016041279" lon="14.64412696659565">
        <ele>128.59999999999999</ele>
      </trkpt>
      <trkpt lat="-22.637736964970827" lon="14.644026970490813">
        <ele>128.59999999999999</ele>
      </trkpt>
      <trkpt lat="-22.637753980234265" lon="14.643926974385977">
        <ele>128.80000000000001</ele>
      </trkpt>
      <trkpt lat="-22.637770995497704" lon="14.643827984109521">
        <ele>128.80000000000001</ele>
      </trkpt>
      <trkpt lat="-22.637787004932761" lon="14.643731005489826">
        <ele>128.80000000000001</ele>
      </trkpt>
      <trkpt lat="-22.637798991054296" lon="14.643634026870131">
        <ele>128.80000000000001</ele>
      </trkpt>
      <trkpt lat="-22.637813994660974" lon="14.643535958603024">
        <ele>128.80000000000001</ele>
      </trkpt>
      <trkpt lat="-22.637832015752792" lon="14.643420036882162">
        <ele>128.80000000000001</ele>
      </trkpt>
      <trkpt lat="-22.637845007702708" lon="14.643344013020396">
        <ele>128.80000000000001</ele>
      </trkpt>
      <trkpt lat="-22.637860011309385" lon="14.643248962238431">
        <ele>128.80000000000001</ele>
      </trkpt>
      <trkpt lat="-22.637875014916062" lon="14.643152989447117">
        <ele>128.80000000000001</ele>
      </trkpt>
      <trkpt lat="-22.637885995209217" lon="14.643056010827422">
        <ele>128.80000000000001</ele>
      </trkpt>
      <trkpt lat="-22.637897981330752" lon="14.642959032207727">
        <ele>128.80000000000001</ele>
      </trkpt>
      <trkpt lat="-22.637909967452288" lon="14.642862975597382">
        <ele>128.80000000000001</ele>
      </trkpt>
      <trkpt lat="-22.637923965230584" lon="14.642763985320926">
        <ele>128.80000000000001</ele>
      </trkpt>
      <trkpt lat="-22.637937963008881" lon="14.642667006701231">
        <ele>128.80000000000001</ele>
      </trkpt>
      <trkpt lat="-22.637952966615558" lon="14.642569022253156">
        <ele>128.80000000000001</ele>
      </trkpt>
      <trkpt lat="-22.637965958565474" lon="14.6424700319767">
        <ele>128.80000000000001</ele>
      </trkpt>
      <trkpt lat="-22.637980962172151" lon="14.642370035871863">
        <ele>128.80000000000001</ele>
      </trkpt>
      <trkpt lat="-22.637995965778828" lon="14.642270961776376">
        <ele>128.80000000000001</ele>
      </trkpt>
      <trkpt lat="-22.638011975213885" lon="14.642166020348668">
        <ele>128.80000000000001</ele>
      </trkpt>
      <trkpt lat="-22.638026978820562" lon="14.642057977616787">
        <ele>128.59999999999999</ele>
      </trkpt>
      <trkpt lat="-22.638040976598859" lon="14.641955969855189">
        <ele>128.59999999999999</ele>
      </trkpt>
      <trkpt lat="-22.638055980205536" lon="14.641858991235495">
        <ele>128.59999999999999</ele>
      </trkpt>
      <trkpt lat="-22.638074001297355" lon="14.64176301844418">
        <ele>128.40000000000001</ele>
      </trkpt>
      <trkpt lat="-22.638093028217554" lon="14.641666039824486">
        <ele>128.40000000000001</ele>
      </trkpt>
      <trkpt lat="-22.638112977147102" lon="14.641566965728998">
        <ele>128.19999999999999</ele>
      </trkpt>
      <trkpt lat="-22.638132004067302" lon="14.641466969624162">
        <ele>128.19999999999999</ele>
      </trkpt>
      <trkpt lat="-22.63814901933074" lon="14.641366973519325">
        <ele>128.19999999999999</ele>
      </trkpt>
      <trkpt lat="-22.638169974088669" lon="14.641264965757728">
        <ele>128</ele>
      </trkpt>
      <trkpt lat="-22.638190006837249" lon="14.641163963824511">
        <ele>127.8</ele>
      </trkpt>
      <trkpt lat="-22.638215990737081" lon="14.641062039881945">
        <ele>127.8</ele>
      </trkpt>
      <trkpt lat="-22.638240968808532" lon="14.640961959958076">
        <ele>127.59999999999999</ele>
      </trkpt>
      <trkpt lat="-22.638267036527395" lon="14.640861041843891">
        <ele>127.59999999999999</ele>
      </trkpt>
      <trkpt lat="-22.638293020427227" lon="14.640759034082294">
        <ele>127.59999999999999</ele>
      </trkpt>
      <trkpt lat="-22.638320010155439" lon="14.640659959986806">
        <ele>127.40000000000001</ele>
      </trkpt>
      <trkpt lat="-22.638346999883652" lon="14.64056096971035">
        <ele>127.40000000000001</ele>
      </trkpt>
      <trkpt lat="-22.638374995440245" lon="14.640458961948752">
        <ele>127.40000000000001</ele>
      </trkpt>
      <trkpt lat="-22.638398967683315" lon="14.640358965843916">
        <ele>127.2</ele>
      </trkpt>
      <trkpt lat="-22.638427969068289" lon="14.640258969739079">
        <ele>127.2</ele>
      </trkpt>
      <trkpt lat="-22.638458982110023" lon="14.640158973634243">
        <ele>127.2</ele>
      </trkpt>
      <trkpt lat="-22.6384930126369" lon="14.640058977529407">
        <ele>127.2</ele>
      </trkpt>
      <trkpt lat="-22.638528971001506" lon="14.639961998909712">
        <ele>127.2</ele>
      </trkpt>
      <trkpt lat="-22.638565013185143" lon="14.639865020290017">
        <ele>127</ele>
      </trkpt>
      <trkpt lat="-22.638598959892988" lon="14.639768963679671">
        <ele>127</ele>
      </trkpt>
      <trkpt lat="-22.638637013733387" lon="14.639671985059977">
        <ele>127</ele>
      </trkpt>
      <trkpt lat="-22.638678001239896" lon="14.639577018097043">
        <ele>127</ele>
      </trkpt>
      <trkpt lat="-22.638716977089643" lon="14.639480039477348">
        <ele>127</ele>
      </trkpt>
      <trkpt lat="-22.638756036758423" lon="14.639383982867002">
        <ele>126.8</ele>
      </trkpt>
      <trkpt lat="-22.638799035921693" lon="14.639288010075688">
        <ele>126.8</ele>
      </trkpt>
      <trkpt lat="-22.638842035084963" lon="14.639189019799232">
        <ele>126.59999999999999</ele>
      </trkpt>
      <trkpt lat="-22.638887967914343" lon="14.639082988724113">
        <ele>126.40000000000001</ele>
      </trkpt>
      <trkpt lat="-22.638929961249232" lon="14.638985004276037">
        <ele>126.40000000000001</ele>
      </trkpt>
      <trkpt lat="-22.638975977897644" lon="14.638886013999581">
        <ele>126.40000000000001</ele>
      </trkpt>
      <trkpt lat="-22.639021994546056" lon="14.638787023723125">
        <ele>126.2</ele>
      </trkpt>
      <trkpt lat="-22.639065999537706" lon="14.638686021789908">
        <ele>126.2</ele>
      </trkpt>
      <trkpt lat="-22.639111010357738" lon="14.638588959351182">
        <ele>126</ele>
      </trkpt>
      <trkpt lat="-22.639159960672259" lon="14.638488963246346">
        <ele>126</ele>
      </trkpt>
      <trkpt lat="-22.639207988977432" lon="14.63838997296989">
        <ele>126</ele>
      </trkpt>
      <trkpt lat="-22.639255011454225" lon="14.638291988521814">
        <ele>126</ele>
      </trkpt>
      <trkpt lat="-22.639301028102636" lon="14.638194004073739">
        <ele>126</ele>
      </trkpt>
      <trkpt lat="-22.639346038922668" lon="14.638095013797283">
        <ele>125.8</ele>
      </trkpt>
      <trkpt lat="-22.639394989237189" lon="14.637998035177588">
        <ele>125.8</ele>
      </trkpt>
      <trkpt lat="-22.639442011713982" lon="14.637898961082101">
        <ele>125.8</ele>
      </trkpt>
      <trkpt lat="-22.639484005048871" lon="14.637800976634026">
        <ele>125.8</ele>
      </trkpt>
      <trkpt lat="-22.639528010040522" lon="14.637705003842711">
        <ele>125.8</ele>
      </trkpt>
      <trkpt lat="-22.639573020860553" lon="14.637602996081114">
        <ele>125.59999999999999</ele>
      </trkpt>
      <trkpt lat="-22.639617025852203" lon="14.637501994147897">
        <ele>125.59999999999999</ele>
      </trkpt>
      <trkpt lat="-22.639662036672235" lon="14.63740099221468">
        <ele>125.59999999999999</ele>
      </trkpt>
      <trkpt lat="-22.639704030007124" lon="14.637294039130211">
        <ele>125.40000000000001</ele>
      </trkpt>
      <trkpt lat="-22.639746023342013" lon="14.63718599639833">
        <ele>125.40000000000001</ele>
      </trkpt>
      <trkpt lat="-22.639788016676903" lon="14.63707996532321">
        <ele>125.40000000000001</ele>
      </trkpt>
      <trkpt lat="-22.639833027496934" lon="14.636968988925219">
        <ele>125.40000000000001</ele>
      </trkpt>
      <trkpt lat="-22.639878038316965" lon="14.636863963678479">
        <ele>125.40000000000001</ele>
      </trkpt>
      <trkpt lat="-22.639921959489584" lon="14.636758016422391">
        <ele>125.2</ele>
      </trkpt>
      <trkpt lat="-22.639963030815125" lon="14.636652991175652">
        <ele>125.2</ele>
      </trkpt>
      <trkpt lat="-22.640004018321633" lon="14.636548971757293">
        <ele>125.2</ele>
      </trkpt>
      <trkpt lat="-22.640045005828142" lon="14.636445036157966">
        <ele>125.2</ele>
      </trkpt>
      <trkpt lat="-22.640086999163032" lon="14.636340010911226">
        <ele>125.2</ele>
      </trkpt>
      <trkpt lat="-22.64012698084116" lon="14.636233979836106">
        <ele>125.2</ele>
      </trkpt>
      <trkpt lat="-22.640167968347669" lon="14.636129960417747">
        <ele>125</ele>
      </trkpt>
      <trkpt lat="-22.640209961682558" lon="14.63602602481842">
        <ele>125</ele>
      </trkpt>
      <trkpt lat="-22.640251033008099" lon="14.635924017056823">
        <ele>125</ele>
      </trkpt>
      <trkpt lat="-22.640291014686227" lon="14.635822009295225">
        <ele>125</ele>
      </trkpt>
      <trkpt lat="-22.640328984707594" lon="14.635716984048486">
        <ele>125</ele>
      </trkpt>
      <trkpt lat="-22.640367038547993" lon="14.635611958801746">
        <ele>124.8</ele>
      </trkpt>
      <trkpt lat="-22.64040601439774" lon="14.635508023202419">
        <ele>124.8</ele>
      </trkpt>
      <trkpt lat="-22.640447001904249" lon="14.635405009612441">
        <ele>124.8</ele>
      </trkpt>
      <trkpt lat="-22.640487989410758" lon="14.635300990194082">
        <ele>124.8</ele>
      </trkpt>
      <trkpt lat="-22.640527971088886" lon="14.635196970775723">
        <ele>124.8</ele>
      </trkpt>
      <trkpt lat="-22.640560995787382" lon="14.635094963014126">
        <ele>124.59999999999999</ele>
      </trkpt>
      <trkpt lat="-22.640598965808749" lon="14.63499303907156">
        <ele>124.59999999999999</ele>
      </trkpt>
      <trkpt lat="-22.640636013820767" lon="14.634890025481582">
        <ele>124.59999999999999</ele>
      </trkpt>
      <trkpt lat="-22.640673983842134" lon="14.634788017719984">
        <ele>124.59999999999999</ele>
      </trkpt>
      <trkpt lat="-22.640711031854153" lon="14.634687015786767">
        <ele>124.59999999999999</ele>
      </trkpt>
      <trkpt lat="-22.640747996047139" lon="14.634588025510311">
        <ele>124.40000000000001</ele>
      </trkpt>
      <trkpt lat="-22.640782026574016" lon="14.634491968899965">
        <ele>124.40000000000001</ele>
      </trkpt>
      <trkpt lat="-22.640813961625099" lon="14.63439398445189">
        <ele>124.2</ele>
      </trkpt>
      <trkpt lat="-22.640842963010073" lon="14.634296000003815">
        <ele>124.2</ele>
      </trkpt>
      <trkpt lat="-22.640871964395046" lon="14.634198015555739">
        <ele>124.2</ele>
      </trkpt>
      <trkpt lat="-22.640904989093542" lon="14.634101958945394">
        <ele>124</ele>
      </trkpt>
      <trkpt lat="-22.640939019620419" lon="14.634003974497318">
        <ele>123.8</ele>
      </trkpt>
      <trkpt lat="-22.640969026833773" lon="14.633906995877624">
        <ele>123.59999999999999</ele>
      </trkpt>
      <trkpt lat="-22.640994004905224" lon="14.633810017257929">
        <ele>123.59999999999999</ele>
      </trkpt>
      <trkpt lat="-22.641022000461817" lon="14.633713038638234">
        <ele>123.40000000000001</ele>
      </trkpt>
      <trkpt lat="-22.64105100184679" lon="14.633614970371127">
        <ele>123.40000000000001</ele>
      </trkpt>
      <trkpt lat="-22.641081009060144" lon="14.633516985923052">
        <ele>123.40000000000001</ele>
      </trkpt>
      <trkpt lat="-22.641111016273499" lon="14.633417995646596">
        <ele>123.40000000000001</ele>
      </trkpt>
      <trkpt lat="-22.641141023486853" lon="14.633320011198521">
        <ele>123.40000000000001</ele>
      </trkpt>
      <trkpt lat="-22.641170024871826" lon="14.633221020922065">
        <ele>123.40000000000001</ele>
      </trkpt>
      <trkpt lat="-22.641198020428419" lon="14.633123036473989">
        <ele>123.40000000000001</ele>
      </trkpt>
      <trkpt lat="-22.641224004328251" lon="14.633025974035263">
        <ele>123.40000000000001</ele>
      </trkpt>
      <trkpt lat="-22.641247976571321" lon="14.63293100707233">
        <ele>123.40000000000001</ele>
      </trkpt>
      <trkpt lat="-22.641273960471153" lon="14.632836040109396">
        <ele>123.40000000000001</ele>
      </trkpt>
      <trkpt lat="-22.641300028190017" lon="14.632735960185528">
        <ele>123.40000000000001</ele>
      </trkpt>
      <trkpt lat="-22.641327017918229" lon="14.632634036242962">
        <ele>123.40000000000001</ele>
      </trkpt>
      <trkpt lat="-22.641354007646441" lon="14.632534962147474">
        <ele>123.40000000000001</ele>
      </trkpt>
      <trkpt lat="-22.641377979889512" lon="14.632436977699399">
        <ele>123.40000000000001</ele>
      </trkpt>
      <trkpt lat="-22.641400024294853" lon="14.632335975766182">
        <ele>123.40000000000001</ele>
      </trkpt>
      <trkpt lat="-22.641420979052782" lon="14.632230028510094">
        <ele>123.40000000000001</ele>
      </trkpt>
      <trkpt lat="-22.641443023458123" lon="14.632129026576877">
        <ele>123.40000000000001</ele>
      </trkpt>
      <trkpt lat="-22.641463978216052" lon="14.632030036300421">
        <ele>123.2</ele>
      </trkpt>
      <trkpt lat="-22.641483005136251" lon="14.631928028538823">
        <ele>123.2</ele>
      </trkpt>
      <trkpt lat="-22.64150102622807" lon="14.631829960271716">
        <ele>123.2</ele>
      </trkpt>
      <trkpt lat="-22.641519969329238" lon="14.63173096999526">
        <ele>123.2</ele>
      </trkpt>
      <trkpt lat="-22.641536984592676" lon="14.631632985547185">
        <ele>123.2</ele>
      </trkpt>
      <trkpt lat="-22.641556011512876" lon="14.631533995270729">
        <ele>123</ele>
      </trkpt>
      <trkpt lat="-22.641575960442424" lon="14.631436010822654">
        <ele>123</ele>
      </trkpt>
      <trkpt lat="-22.641595993191004" lon="14.631341965869069">
        <ele>123</ele>
      </trkpt>
      <trkpt lat="-22.641615020111203" lon="14.631246998906136">
        <ele>122.8</ele>
      </trkpt>
      <trkpt lat="-22.641633041203022" lon="14.631153037771583">
        <ele>122.8</ele>
      </trkpt>
      <trkpt lat="-22.641653995960951" lon="14.631055975332856">
        <ele>122.8</ele>
      </trkpt>
      <trkpt lat="-22.64167302288115" lon="14.630967965349555">
        <ele>122.8</ele>
      </trkpt>
      <trkpt lat="-22.641691965982318" lon="14.630878027528524">
        <ele>122.8</ele>
      </trkpt>
      <trkpt lat="-22.641713004559278" lon="14.630791023373604">
        <ele>122.8</ele>
      </trkpt>
      <trkpt lat="-22.641733959317207" lon="14.630707958713174">
        <ele>122.8</ele>
      </trkpt>
      <trkpt lat="-22.641760027036071" lon="14.630629001185298">
        <ele>122.8</ele>
      </trkpt>
      <trkpt lat="-22.641785005107522" lon="14.630552977323532">
        <ele>122.59999999999999</ele>
      </trkpt>
      <trkpt lat="-22.641806965693831" lon="14.630474019795656">
        <ele>122.59999999999999</ele>
      </trkpt>
      <trkpt lat="-22.641829010099173" lon="14.630393972620368">
        <ele>122.59999999999999</ele>
      </trkpt>
      <trkpt lat="-22.641855999827385" lon="14.630314009264112">
        <ele>122.59999999999999</ele>
      </trkpt>
      <trkpt lat="-22.641883995383978" lon="14.630233962088823">
        <ele>122.59999999999999</ele>
      </trkpt>
      <trkpt lat="-22.641911990940571" lon="14.630153998732567">
        <ele>122.59999999999999</ele>
      </trkpt>
      <trkpt lat="-22.641937974840403" lon="14.630075041204691">
        <ele>122.40000000000001</ele>
      </trkpt>
      <trkpt lat="-22.641963958740234" lon="14.629995999857783">
        <ele>122.40000000000001</ele>
      </trkpt>
      <trkpt lat="-22.641986003145576" lon="14.629916958510876">
        <ele>122.40000000000001</ele>
      </trkpt>
      <trkpt lat="-22.642004024237394" lon="14.629840012639761">
        <ele>122.40000000000001</ele>
      </trkpt>
      <trkpt lat="-22.642019027844071" lon="14.629761977121234">
        <ele>122.40000000000001</ele>
      </trkpt>
      <trkpt lat="-22.642034031450748" lon="14.629684025421739">
        <ele>122.40000000000001</ele>
      </trkpt>
      <trkpt lat="-22.642045011743903" lon="14.629604984074831">
        <ele>122.40000000000001</ele>
      </trkpt>
      <trkpt lat="-22.642055992037058" lon="14.629527032375336">
        <ele>122.40000000000001</ele>
      </trkpt>
      <trkpt lat="-22.642067978158593" lon="14.62945201434195">
        <ele>122.2</ele>
      </trkpt>
      <trkpt lat="-22.64208298176527" lon="14.629378002136946">
        <ele>122.2</ele>
      </trkpt>
      <trkpt lat="-22.642099997028708" lon="14.629303989931941">
        <ele>122.2</ele>
      </trkpt>
      <trkpt lat="-22.642117012292147" lon="14.629226960241795">
        <ele>122.2</ele>
      </trkpt>
      <trkpt lat="-22.642136039212346" lon="14.62915001437068">
        <ele>122.2</ele>
      </trkpt>
      <trkpt lat="-22.642153976485133" lon="14.629077007994056">
        <ele>122.2</ele>
      </trkpt>
      <trkpt lat="-22.642169985920191" lon="14.62900198996067">
        <ele>122.2</ele>
      </trkpt>
      <trkpt lat="-22.642182977870107" lon="14.628928983584046">
        <ele>122.2</ele>
      </trkpt>
      <trkpt lat="-22.642193036153913" lon="14.628857988864183">
        <ele>122.2</ele>
      </trkpt>
      <trkpt lat="-22.642204016447067" lon="14.62878699414432">
        <ele>122.2</ele>
      </trkpt>
      <trkpt lat="-22.642214996740222" lon="14.628717005252838">
        <ele>122.2</ele>
      </trkpt>
      <trkpt lat="-22.642228994518518" lon="14.628643998876214">
        <ele>122.2</ele>
      </trkpt>
      <trkpt lat="-22.642242992296815" lon="14.628574009984732">
        <ele>122.2</ele>
      </trkpt>
      <trkpt lat="-22.642263025045395" lon="14.62850502692163">
        <ele>122.2</ele>
      </trkpt>
      <trkpt lat="-22.642289008945227" lon="14.628436965867877">
        <ele>122.2</ele>
      </trkpt>
      <trkpt lat="-22.642309963703156" lon="14.628371000289917">
        <ele>122.2</ele>
      </trkpt>
      <trkpt lat="-22.642332008108497" lon="14.628303023055196">
        <ele>122.2</ele>
      </trkpt>
      <trkpt lat="-22.64236100949347" lon="14.628238985314965">
        <ele>122.2</ele>
      </trkpt>
      <trkpt lat="-22.642392022535205" lon="14.628176959231496">
        <ele>122.2</ele>
      </trkpt>
      <trkpt lat="-22.642424963414669" lon="14.6281180344522">
        <ele>122.2</ele>
      </trkpt>
      <trkpt lat="-22.642452958971262" lon="14.628056008368731">
        <ele>122.2</ele>
      </trkpt>
      <trkpt lat="-22.642472991719842" lon="14.627990964800119">
        <ele>122.2</ele>
      </trkpt>
      <trkpt lat="-22.642493024468422" lon="14.627922987565398">
        <ele>122.2</ele>
      </trkpt>
      <trkpt lat="-22.64251297339797" lon="14.627856016159058">
        <ele>122.2</ele>
      </trkpt>
      <trkpt lat="-22.642530994489789" lon="14.627788038924336">
        <ele>122.2</ele>
      </trkpt>
      <trkpt lat="-22.642549015581608" lon="14.627716038376093">
        <ele>122.2</ele>
      </trkpt>
      <trkpt lat="-22.642567036673427" lon="14.627644959837198">
        <ele>122.2</ele>
      </trkpt>
      <trkpt lat="-22.642585979774594" lon="14.627573965117335">
        <ele>122.2</ele>
      </trkpt>
      <trkpt lat="-22.642602995038033" lon="14.627501964569092">
        <ele>122.2</ele>
      </trkpt>
      <trkpt lat="-22.64261900447309" lon="14.627428958192468">
        <ele>122.2</ele>
      </trkpt>
      <trkpt lat="-22.642636019736528" lon="14.627354023978114">
        <ele>122.2</ele>
      </trkpt>
      <trkpt lat="-22.642652029171586" lon="14.627279005944729">
        <ele>122</ele>
      </trkpt>
      <trkpt lat="-22.642673989757895" lon="14.627207005396485">
        <ele>122</ele>
      </trkpt>
      <trkpt lat="-22.642698967829347" lon="14.627138022333384">
        <ele>122</ele>
      </trkpt>
      <trkpt lat="-22.64272696338594" lon="14.627068033441901">
        <ele>122</ele>
      </trkpt>
      <trkpt lat="-22.642756970599294" lon="14.627001984044909">
        <ele>122</ele>
      </trkpt>
      <trkpt lat="-22.642786977812648" lon="14.626938030123711">
        <ele>121.59999999999999</ele>
      </trkpt>
      <trkpt lat="-22.642815979197621" lon="14.626871980726719">
        <ele>121.40000000000001</ele>
      </trkpt>
      <trkpt lat="-22.642841041088104" lon="14.626805009320378">
        <ele>121.40000000000001</ele>
      </trkpt>
      <trkpt lat="-22.642867024987936" lon="14.626741977408528">
        <ele>121.2</ele>
      </trkpt>
      <trkpt lat="-22.64289602637291" lon="14.62667902931571">
        <ele>121.2</ele>
      </trkpt>
      <trkpt lat="-22.642925027757883" lon="14.626619014889002">
        <ele>121.2</ele>
      </trkpt>
      <trkpt lat="-22.642956040799618" lon="14.626563023775816">
        <ele>121</ele>
      </trkpt>
      <trkpt lat="-22.642989987507463" lon="14.62650896050036">
        <ele>121</ele>
      </trkpt>
      <trkpt lat="-22.643031980842352" lon="14.626454981043935">
        <ele>121</ele>
      </trkpt>
      <trkpt lat="-22.643080009147525" lon="14.626407036557794">
        <ele>120.8</ele>
      </trkpt>
      <trkpt lat="-22.643131976947188" lon="14.626367976889014">
        <ele>120.8</ele>
      </trkpt>
      <trkpt lat="-22.643187968060374" lon="14.626333024352789">
        <ele>120.8</ele>
      </trkpt>
      <trkpt lat="-22.643244965001941" lon="14.626299999654293">
        <ele>120.8</ele>
      </trkpt>
      <trkpt lat="-22.643299028277397" lon="14.626264041289687">
        <ele>120.8</ele>
      </trkpt>
      <trkpt lat="-22.643347978591919" lon="14.626220958307385">
        <ele>120.8</ele>
      </trkpt>
      <trkpt lat="-22.643393995240331" lon="14.626173013821244">
        <ele>120.8</ele>
      </trkpt>
      <trkpt lat="-22.643433976918459" lon="14.626120962202549">
        <ele>120.8</ele>
      </trkpt>
      <trkpt lat="-22.643468007445335" lon="14.626062959432602">
        <ele>120.8</ele>
      </trkpt>
      <trkpt lat="-22.643494997173548" lon="14.626000011339784">
        <ele>120.8</ele>
      </trkpt>
      <trkpt lat="-22.643518969416618" lon="14.625933961942792">
        <ele>121</ele>
      </trkpt>
      <trkpt lat="-22.643537996336818" lon="14.625867996364832">
        <ele>121</ele>
      </trkpt>
      <trkpt lat="-22.643556017428637" lon="14.625802030786872">
        <ele>121</ele>
      </trkpt>
      <trkpt lat="-22.643573032692075" lon="14.62573598138988">
        <ele>121</ele>
      </trkpt>
      <trkpt lat="-22.643588958308101" lon="14.62567001581192">
        <ele>121</ele>
      </trkpt>
      <trkpt lat="-22.6436079852283" lon="14.625603966414928">
        <ele>121</ele>
      </trkpt>
      <trkpt lat="-22.64362801797688" lon="14.625536995008588">
        <ele>121</ele>
      </trkpt>
      <trkpt lat="-22.643643021583557" lon="14.625470023602247">
        <ele>121.2</ele>
      </trkpt>
      <trkpt lat="-22.643659031018615" lon="14.625405985862017">
        <ele>121.2</ele>
      </trkpt>
      <trkpt lat="-22.643673028796911" lon="14.625341026112437">
        <ele>121.2</ele>
      </trkpt>
      <trkpt lat="-22.643688032403588" lon="14.625273970887065">
        <ele>121.40000000000001</ele>
      </trkpt>
      <trkpt lat="-22.643704963847995" lon="14.625205993652344">
        <ele>121.40000000000001</ele>
      </trkpt>
      <trkpt lat="-22.643726002424955" lon="14.625138016417623">
        <ele>121.40000000000001</ele>
      </trkpt>
      <trkpt lat="-22.643748968839645" lon="14.625070039182901">
        <ele>121.40000000000001</ele>
      </trkpt>
      <trkpt lat="-22.643772019073367" lon="14.625001978129148">
        <ele>121.40000000000001</ele>
      </trkpt>
      <trkpt lat="-22.643794985488057" lon="14.624934000894427">
        <ele>121.40000000000001</ele>
      </trkpt>
      <trkpt lat="-22.643820969387889" lon="14.624860994517803">
        <ele>121.59999999999999</ele>
      </trkpt>
      <trkpt lat="-22.643849970772862" lon="14.624791005626321">
        <ele>121.59999999999999</ele>
      </trkpt>
      <trkpt lat="-22.643876038491726" lon="14.6247230283916">
        <ele>121.59999999999999</ele>
      </trkpt>
      <trkpt lat="-22.643901016563177" lon="14.624653961509466">
        <ele>121.59999999999999</ele>
      </trkpt>
      <trkpt lat="-22.643921971321106" lon="14.624583972617984">
        <ele>121.59999999999999</ele>
      </trkpt>
      <trkpt lat="-22.643939992412925" lon="14.624513983726501">
        <ele>121.59999999999999</ele>
      </trkpt>
      <trkpt lat="-22.643957007676363" lon="14.624439971521497">
        <ele>121.40000000000001</ele>
      </trkpt>
      <trkpt lat="-22.643967987969518" lon="14.624370988458395">
        <ele>121.40000000000001</ele>
      </trkpt>
      <trkpt lat="-22.643979974091053" lon="14.624304017052054">
        <ele>121.40000000000001</ele>
      </trkpt>
      <trkpt lat="-22.643991038203239" lon="14.624236039817333">
        <ele>121.40000000000001</ele>
      </trkpt>
      <trkpt lat="-22.644002018496394" lon="14.62416403926909">
        <ele>121.40000000000001</ele>
      </trkpt>
      <trkpt lat="-22.644010987132788" lon="14.624091032892466">
        <ele>121.40000000000001</ele>
      </trkpt>
      <trkpt lat="-22.644020039588213" lon="14.624019032344222">
        <ele>121.2</ele>
      </trkpt>
      <trkpt lat="-22.644034959375858" lon="14.623947031795979">
        <ele>121.2</ele>
      </trkpt>
      <trkpt lat="-22.644052980467677" lon="14.623876037076116">
        <ele>121.2</ele>
      </trkpt>
      <trkpt lat="-22.644074019044638" lon="14.623804036527872">
        <ele>121</ele>
      </trkpt>
      <trkpt lat="-22.644095979630947" lon="14.623732035979629">
        <ele>120.8</ele>
      </trkpt>
      <trkpt lat="-22.644120035693049" lon="14.623659029603004">
        <ele>120.8</ele>
      </trkpt>
      <trkpt lat="-22.644149037078023" lon="14.623589040711522">
        <ele>120.59999999999999</ele>
      </trkpt>
      <trkpt lat="-22.644179966300726" lon="14.623523997142911">
        <ele>120.59999999999999</ele>
      </trkpt>
      <trkpt lat="-22.644210979342461" lon="14.62345702573657">
        <ele>120.59999999999999</ele>
      </trkpt>
      <trkpt lat="-22.644245009869337" lon="14.623377984389663">
        <ele>120.40000000000001</ele>
      </trkpt>
      <trkpt lat="-22.644262025132775" lon="14.62332802824676">
        <ele>120.40000000000001</ele>
      </trkpt>
      <trkpt lat="-22.644282979890704" lon="14.623266002163291">
        <ele>120.2</ele>
      </trkpt>
      <trkpt lat="-22.644303012639284" lon="14.623202970251441">
        <ele>120.2</ele>
      </trkpt>
      <trkpt lat="-22.644326984882355" lon="14.623125018551946">
        <ele>120.2</ele>
      </trkpt>
      <trkpt lat="-22.644342994317412" lon="14.623073972761631">
        <ele>120</ele>
      </trkpt>
      <trkpt lat="-22.644364032894373" lon="14.623009013012052">
        <ele>119.8</ele>
      </trkpt>
      <trkpt lat="-22.644388005137444" lon="14.622945981100202">
        <ele>119.8</ele>
      </trkpt>
      <trkpt lat="-22.644414994865656" lon="14.622881021350622">
        <ele>119.59999999999999</ele>
      </trkpt>
      <trkpt lat="-22.644437961280346" lon="14.62281497195363">
        <ele>119.59999999999999</ele>
      </trkpt>
      <trkpt lat="-22.644461011514068" lon="14.62274900637567">
        <ele>119.59999999999999</ele>
      </trkpt>
      <trkpt lat="-22.644486995413899" lon="14.622687986120582">
        <ele>119.59999999999999</ele>
      </trkpt>
      <trkpt lat="-22.644512979313731" lon="14.622627971693873">
        <ele>119.59999999999999</ele>
      </trkpt>
      <trkpt lat="-22.644537035375834" lon="14.622569968923926">
        <ele>119.40000000000001</ele>
      </trkpt>
      <trkpt lat="-22.644564025104046" lon="14.622518001124263">
        <ele>119.40000000000001</ele>
      </trkpt>
      <trkpt lat="-22.64459696598351" lon="14.622468966990709">
        <ele>119.40000000000001</ele>
      </trkpt>
      <trkpt lat="-22.644643988460302" lon="14.622409036383033">
        <ele>119.40000000000001</ele>
      </trkpt>
      <trkpt lat="-22.64468003064394" lon="14.622370982542634">
        <ele>119.40000000000001</ele>
      </trkpt>
      <trkpt lat="-22.644739961251616" lon="14.622314991429448">
        <ele>119.40000000000001</ele>
      </trkpt>
      <trkpt lat="-22.644784972071648" lon="14.6222760155797">
        <ele>119.40000000000001</ele>
      </trkpt>
      <trkpt lat="-22.644838029518723" lon="14.622224969789386">
        <ele>119.40000000000001</ele>
      </trkpt>
      <trkpt lat="-22.644901983439922" lon="14.622159004211426">
        <ele>119.40000000000001</ele>
      </trkpt>
      <trkpt lat="-22.644942970946431" lon="14.622112987563014">
        <ele>119.40000000000001</ele>
      </trkpt>
      <trkpt lat="-22.644997034221888" lon="14.622053978964686">
        <ele>119.40000000000001</ele>
      </trkpt>
      <trkpt lat="-22.645051013678312" lon="14.621988013386726">
        <ele>119.40000000000001</ele>
      </trkpt>
      <trkpt lat="-22.645103987306356" lon="14.621925987303257">
        <ele>119.40000000000001</ele>
      </trkpt>
      <trkpt lat="-22.645156038925052" lon="14.621863039210439">
        <ele>119.40000000000001</ele>
      </trkpt>
      <trkpt lat="-22.645208006724715" lon="14.621793972328305">
        <ele>119.40000000000001</ele>
      </trkpt>
      <trkpt lat="-22.64526198618114" lon="14.621707974001765">
        <ele>119.59999999999999</ele>
      </trkpt>
      <trkpt lat="-22.645295010879636" lon="14.621648965403438">
        <ele>119.59999999999999</ele>
      </trkpt>
      <trkpt lat="-22.645338010042906" lon="14.621572019532323">
        <ele>119.59999999999999</ele>
      </trkpt>
      <trkpt lat="-22.645376985892653" lon="14.621497001498938">
        <ele>119.59999999999999</ele>
      </trkpt>
      <trkpt lat="-22.645415039733052" lon="14.621420977637172">
        <ele>119.59999999999999</ele>
      </trkpt>
      <trkpt lat="-22.645452003926039" lon="14.621344031766057">
        <ele>119.59999999999999</ele>
      </trkpt>
      <trkpt lat="-22.645487040281296" lon="14.62126599624753">
        <ele>119.59999999999999</ele>
      </trkpt>
      <trkpt lat="-22.645521992817521" lon="14.621187960729003">
        <ele>119.59999999999999</ele>
      </trkpt>
      <trkpt lat="-22.645559040829539" lon="14.621111014857888">
        <ele>119.59999999999999</ele>
      </trkpt>
      <trkpt lat="-22.645603967830539" lon="14.621018981561065">
        <ele>119.59999999999999</ele>
      </trkpt>
      <trkpt lat="-22.645636992529035" lon="14.620956033468246">
        <ele>119.59999999999999</ele>
      </trkpt>
      <trkpt lat="-22.645678985863924" lon="14.620874980464578">
        <ele>119.8</ele>
      </trkpt>
      <trkpt lat="-22.645720979198813" lon="14.620797028765082">
        <ele>119.8</ele>
      </trkpt>
      <trkpt lat="-22.645762972533703" lon="14.620718993246555">
        <ele>119.8</ele>
      </trkpt>
      <trkpt lat="-22.645806977525353" lon="14.62064104154706">
        <ele>119.8</ele>
      </trkpt>
      <trkpt lat="-22.645852994173765" lon="14.620565017685294">
        <ele>120</ele>
      </trkpt>
      <trkpt lat="-22.645899010822177" lon="14.620483964681625">
        <ele>120</ele>
      </trkpt>
      <trkpt lat="-22.645945027470589" lon="14.62040601298213">
        <ele>120</ele>
      </trkpt>
      <trkpt lat="-22.64599003829062" lon="14.620330994948745">
        <ele>120</ele>
      </trkpt>
      <trkpt lat="-22.646034965291619" lon="14.620253965258598">
        <ele>120</ele>
      </trkpt>
      <trkpt lat="-22.646080981940031" lon="14.620178025215864">
        <ele>120.2</ele>
      </trkpt>
      <trkpt lat="-22.64612297527492" lon="14.620103007182479">
        <ele>120.2</ele>
      </trkpt>
      <trkpt lat="-22.646166980266571" lon="14.620028994977474">
        <ele>120.2</ele>
      </trkpt>
      <trkpt lat="-22.646211991086602" lon="14.619953976944089">
        <ele>120.40000000000001</ele>
      </trkpt>
      <trkpt lat="-22.646253984421492" lon="14.619877031072974">
        <ele>120.40000000000001</ele>
      </trkpt>
      <trkpt lat="-22.646298995241523" lon="14.619801007211208">
        <ele>120.40000000000001</ele>
      </trkpt>
      <trkpt lat="-22.646344006061554" lon="14.619724983349442">
        <ele>120.59999999999999</ele>
      </trkpt>
      <trkpt lat="-22.646390022709966" lon="14.619648037478328">
        <ele>120.59999999999999</ele>
      </trkpt>
      <trkpt lat="-22.646437967196107" lon="14.619573019444942">
        <ele>120.59999999999999</ele>
      </trkpt>
      <trkpt lat="-22.64648700132966" lon="14.619498001411557">
        <ele>120.8</ele>
      </trkpt>
      <trkpt lat="-22.646534023806453" lon="14.619423989206553">
        <ele>120.8</ele>
      </trkpt>
      <trkpt lat="-22.646578028798103" lon="14.61935299448669">
        <ele>121</ele>
      </trkpt>
      <trkpt lat="-22.646628990769386" lon="14.61926800198853">
        <ele>121</ele>
      </trkpt>
      <trkpt lat="-22.646661009639502" lon="14.619212010875344">
        <ele>121</ele>
      </trkpt>
      <trkpt lat="-22.646696968004107" lon="14.619146967306733">
        <ele>121.2</ele>
      </trkpt>
      <trkpt lat="-22.646733010187745" lon="14.619085025042295">
        <ele>121.2</ele>
      </trkpt>
      <trkpt lat="-22.646770980209112" lon="14.619024004787207">
        <ele>121.59999999999999</ele>
      </trkpt>
      <trkpt lat="-22.64680702239275" lon="14.618960972875357">
        <ele>121.59999999999999</ele>
      </trkpt>
      <trkpt lat="-22.646840969100595" lon="14.618896013125777">
        <ele>121.59999999999999</ele>
      </trkpt>
      <trkpt lat="-22.646882040426135" lon="14.618829963728786">
        <ele>121.8</ele>
      </trkpt>
      <trkpt lat="-22.646922022104263" lon="14.618760980665684">
        <ele>122</ele>
      </trkpt>
      <trkpt lat="-22.646965021267533" lon="14.618693003430963">
        <ele>122.40000000000001</ele>
      </trkpt>
      <trkpt lat="-22.647009026259184" lon="14.618626032024622">
        <ele>122.59999999999999</ele>
      </trkpt>
      <trkpt lat="-22.647052025422454" lon="14.618557970970869">
        <ele>122.8</ele>
      </trkpt>
      <trkpt lat="-22.647093012928963" lon="14.618488987907767">
        <ele>123.40000000000001</ele>
      </trkpt>
      <trkpt lat="-22.647136012092233" lon="14.618416987359524">
        <ele>123.59999999999999</ele>
      </trkpt>
      <trkpt lat="-22.647189991548657" lon="14.618329983204603">
        <ele>123.8</ele>
      </trkpt>
      <trkpt lat="-22.647227961570024" lon="14.618270974606276">
        <ele>123.8</ele>
      </trkpt>
      <trkpt lat="-22.647274984046817" lon="14.618197968229651">
        <ele>123.8</ele>
      </trkpt>
      <trkpt lat="-22.64732301235199" lon="14.618123034015298">
        <ele>123.8</ele>
      </trkpt>
      <trkpt lat="-22.647377997636795" lon="14.618031000718474">
        <ele>124</ele>
      </trkpt>
      <trkpt lat="-22.647426025941968" lon="14.617953971028328">
        <ele>124</ele>
      </trkpt>
      <trkpt lat="-22.647462990134954" lon="14.61789202876389">
        <ele>124</ele>
      </trkpt>
      <trkpt lat="-22.647511018440127" lon="14.61780896410346">
        <ele>124</ele>
      </trkpt>
      <trkpt lat="-22.64755804091692" lon="14.617729000747204">
        <ele>124</ele>
      </trkpt>
      <trkpt lat="-22.647602967917919" lon="14.617649037390947">
        <ele>124</ele>
      </trkpt>
      <trkpt lat="-22.647649990394711" lon="14.617566978558898">
        <ele>124</ele>
      </trkpt>
      <trkpt lat="-22.647695001214743" lon="14.617488021031022">
        <ele>124</ele>
      </trkpt>
      <trkpt lat="-22.647740012034774" lon="14.617405962198973">
        <ele>124</ele>
      </trkpt>
      <trkpt lat="-22.647786028683186" lon="14.617323987185955">
        <ele>124</ele>
      </trkpt>
      <trkpt lat="-22.647842019796371" lon="14.617228014394641">
        <ele>124</ele>
      </trkpt>
      <trkpt lat="-22.647879989817739" lon="14.617161964997649">
        <ele>124</ele>
      </trkpt>
      <trkpt lat="-22.647929023951292" lon="14.617080995813012">
        <ele>124</ele>
      </trkpt>
      <trkpt lat="-22.647977974265814" lon="14.617000026628375">
        <ele>123.8</ele>
      </trkpt>
      <trkpt lat="-22.648026002570987" lon="14.616916961967945">
        <ele>123.8</ele>
      </trkpt>
      <trkpt lat="-22.64807503670454" lon="14.616832975298166">
        <ele>123.8</ele>
      </trkpt>
      <trkpt lat="-22.648121975362301" lon="14.616749994456768">
        <ele>123.8</ele>
      </trkpt>
      <trkpt lat="-22.648171009495854" lon="14.616660978645086">
        <ele>123.59999999999999</ele>
      </trkpt>
      <trkpt lat="-22.648219037801027" lon="14.616570034995675">
        <ele>123.59999999999999</ele>
      </trkpt>
      <trkpt lat="-22.648267988115549" lon="14.616480013355613">
        <ele>123.59999999999999</ele>
      </trkpt>
      <trkpt lat="-22.648319033905864" lon="14.61638999171555">
        <ele>123.40000000000001</ele>
      </trkpt>
      <trkpt lat="-22.648372007533908" lon="14.61630298756063">
        <ele>123.40000000000001</ele>
      </trkpt>
      <trkpt lat="-22.648426992818713" lon="14.616215983405709">
        <ele>123.40000000000001</ele>
      </trkpt>
      <trkpt lat="-22.648482983931899" lon="14.61613099090755">
        <ele>123</ele>
      </trkpt>
      <trkpt lat="-22.648539980873466" lon="14.616043986752629">
        <ele>122.59999999999999</ele>
      </trkpt>
      <trkpt lat="-22.648597983643413" lon="14.615957988426089">
        <ele>122.40000000000001</ele>
      </trkpt>
      <trkpt lat="-22.648653974756598" lon="14.615870984271169">
        <ele>122.2</ele>
      </trkpt>
      <trkpt lat="-22.648708960041404" lon="14.615781968459487">
        <ele>122</ele>
      </trkpt>
      <trkpt lat="-22.648760005831718" lon="14.615691024810076">
        <ele>122</ele>
      </trkpt>
      <trkpt lat="-22.648809039965272" lon="14.615598991513252">
        <ele>121.8</ele>
      </trkpt>
      <trkpt lat="-22.648856984451413" lon="14.615506958216429">
        <ele>121.8</ele>
      </trkpt>
      <trkpt lat="-22.648905012756586" lon="14.615412997081876">
        <ele>121.8</ele>
      </trkpt>
      <trkpt lat="-22.648953041061759" lon="14.615319035947323">
        <ele>121.8</ele>
      </trkpt>
      <trkpt lat="-22.649001991376281" lon="14.615224990993738">
        <ele>121.59999999999999</ele>
      </trkpt>
      <trkpt lat="-22.649050019681454" lon="14.615132035687566">
        <ele>121.40000000000001</ele>
      </trkpt>
      <trkpt lat="-22.649096036329865" lon="14.615037990733981">
        <ele>121</ele>
      </trkpt>
      <trkpt lat="-22.649137023836374" lon="14.614943023771048">
        <ele>120.8</ele>
      </trkpt>
      <trkpt lat="-22.649180022999644" lon="14.61484101600945">
        <ele>120.59999999999999</ele>
      </trkpt>
      <trkpt lat="-22.649224027991295" lon="14.614744037389755">
        <ele>120.59999999999999</ele>
      </trkpt>
      <trkpt lat="-22.649269960820675" lon="14.614654015749693">
        <ele>120.40000000000001</ele>
      </trkpt>
      <trkpt lat="-22.649312959983945" lon="14.614567011594772">
        <ele>120.40000000000001</ele>
      </trkpt>
      <trkpt lat="-22.649357970803976" lon="14.614479001611471">
        <ele>120.40000000000001</ele>
      </trkpt>
      <trkpt lat="-22.64940700493753" lon="14.614393003284931">
        <ele>120.2</ele>
      </trkpt>
      <trkpt lat="-22.649455033242702" lon="14.614309016615152">
        <ele>120.2</ele>
      </trkpt>
      <trkpt lat="-22.649503983557224" lon="14.614224024116993">
        <ele>120.2</ele>
      </trkpt>
      <trkpt lat="-22.64955603517592" lon="14.614139031618834">
        <ele>120.2</ele>
      </trkpt>
      <trkpt lat="-22.649609008803964" lon="14.614052027463913">
        <ele>120.2</ele>
      </trkpt>
      <trkpt lat="-22.649660976603627" lon="14.613964017480612">
        <ele>120</ele>
      </trkpt>
      <trkpt lat="-22.649714034050703" lon="14.613877013325691">
        <ele>120</ele>
      </trkpt>
      <trkpt lat="-22.649764996021986" lon="14.613791014999151">
        <ele>120</ele>
      </trkpt>
      <trkpt lat="-22.64981796965003" lon="14.613708034157753">
        <ele>120</ele>
      </trkpt>
      <trkpt lat="-22.649874966591597" lon="14.613624969497323">
        <ele>120</ele>
      </trkpt>
      <trkpt lat="-22.649935986846685" lon="14.613546011969447">
        <ele>120</ele>
      </trkpt>
      <trkpt lat="-22.650002036243677" lon="14.613469988107681">
        <ele>120</ele>
      </trkpt>
      <trkpt lat="-22.650074036791921" lon="14.613399999216199">
        <ele>120</ele>
      </trkpt>
      <trkpt lat="-22.650147965177894" lon="14.613332021981478">
        <ele>120</ele>
      </trkpt>
      <trkpt lat="-22.65022398903966" lon="14.613263038918376">
        <ele>119.8</ele>
      </trkpt>
      <trkpt lat="-22.650301018729806" lon="14.613190032541752">
        <ele>119.8</ele>
      </trkpt>
      <trkpt lat="-22.650380982086062" lon="14.613119959831238">
        <ele>119.8</ele>
      </trkpt>
      <trkpt lat="-22.650458011776209" lon="14.613047959282994">
        <ele>119.8</ele>
      </trkpt>
      <trkpt lat="-22.650535041466355" lon="14.612975958734751">
        <ele>119.59999999999999</ele>
      </trkpt>
      <trkpt lat="-22.650612993165851" lon="14.612904964014888">
        <ele>119.59999999999999</ele>
      </trkpt>
      <trkpt lat="-22.650693040341139" lon="14.612833969295025">
        <ele>119.59999999999999</ele>
      </trkpt>
      <trkpt lat="-22.650787001475692" lon="14.612745037302375">
        <ele>119.59999999999999</ele>
      </trkpt>
      <trkpt lat="-22.650848021730781" lon="14.612688040360808">
        <ele>119.40000000000001</ele>
      </trkpt>
      <trkpt lat="-22.650923039764166" lon="14.612615033984184">
        <ele>119.40000000000001</ele>
      </trkpt>
      <trkpt lat="-22.650996968150139" lon="14.61254496127367">
        <ele>119.40000000000001</ele>
      </trkpt>
      <trkpt lat="-22.651069974526763" lon="14.612474972382188">
        <ele>119.40000000000001</ele>
      </trkpt>
      <trkpt lat="-22.651156978681684" lon="14.612388974055648">
        <ele>119.2</ele>
      </trkpt>
      <trkpt lat="-22.651210958138108" lon="14.612330971285701">
        <ele>119.2</ele>
      </trkpt>
      <trkpt lat="-22.651279019191861" lon="14.612257964909077">
        <ele>119.2</ele>
      </trkpt>
      <trkpt lat="-22.651345990598202" lon="14.612184036523104">
        <ele>119.2</ele>
      </trkpt>
      <trkpt lat="-22.65142603777349" lon="14.612093009054661">
        <ele>119.2</ele>
      </trkpt>
      <trkpt lat="-22.651475993916392" lon="14.612029977142811">
        <ele>119.2</ele>
      </trkpt>
      <trkpt lat="-22.651541037485003" lon="14.611953031271696">
        <ele>119.2</ele>
      </trkpt>
      <trkpt lat="-22.651604991406202" lon="14.61187600158155">
        <ele>119.2</ele>
      </trkpt>
      <trkpt lat="-22.651669029146433" lon="14.611801989376545">
        <ele>119.2</ele>
      </trkpt>
      <trkpt lat="-22.651731977239251" lon="14.611725965514779">
        <ele>119.2</ele>
      </trkpt>
      <trkpt lat="-22.651795009151101" lon="14.611650025472045">
        <ele>119.2</ele>
      </trkpt>
      <trkpt lat="-22.651859968900681" lon="14.611572995781898">
        <ele>119.2</ele>
      </trkpt>
      <trkpt lat="-22.651927024126053" lon="14.611495966091752">
        <ele>119.2</ele>
      </trkpt>
      <trkpt lat="-22.651990978047252" lon="14.611417008563876">
        <ele>119.2</ele>
      </trkpt>
      <trkpt lat="-22.652054009959102" lon="14.611341990530491">
        <ele>119.2</ele>
      </trkpt>
      <trkpt lat="-22.652117963880301" lon="14.611264960840344">
        <ele>119.2</ele>
      </trkpt>
      <trkpt lat="-22.65217998996377" lon="14.61118902079761">
        <ele>119.2</ele>
      </trkpt>
      <trkpt lat="-22.65224302187562" lon="14.611115008592606">
        <ele>119.40000000000001</ele>
      </trkpt>
      <trkpt lat="-22.652304964140058" lon="14.61103898473084">
        <ele>119.40000000000001</ele>
      </trkpt>
      <trkpt lat="-22.652365984395146" lon="14.610962038859725">
        <ele>119.59999999999999</ele>
      </trkpt>
      <trkpt lat="-22.652441002428532" lon="14.610868999734521">
        <ele>119.59999999999999</ele>
      </trkpt>
      <trkpt lat="-22.652492970228195" lon="14.610808985307813">
        <ele>119.59999999999999</ele>
      </trkpt>
      <trkpt lat="-22.652556002140045" lon="14.610733967274427">
        <ele>119.59999999999999</ele>
      </trkpt>
      <trkpt lat="-22.652616016566753" lon="14.610660038888454">
        <ele>119.59999999999999</ele>
      </trkpt>
      <trkpt lat="-22.6526740193367" lon="14.610583009198308">
        <ele>119.59999999999999</ele>
      </trkpt>
      <trkpt lat="-22.652735961601138" lon="14.610508996993303">
        <ele>119.59999999999999</ele>
      </trkpt>
      <trkpt lat="-22.652797987684608" lon="14.610435990616679">
        <ele>119.59999999999999</ele>
      </trkpt>
      <trkpt lat="-22.652856996282935" lon="14.610363990068436">
        <ele>119.59999999999999</ele>
      </trkpt>
      <trkpt lat="-22.652917010709643" lon="14.610290983691812">
        <ele>119.59999999999999</ele>
      </trkpt>
      <trkpt lat="-22.652978030964732" lon="14.610218983143568">
        <ele>119.59999999999999</ele>
      </trkpt>
      <trkpt lat="-22.65303703956306" lon="14.610144970938563">
        <ele>119.59999999999999</ele>
      </trkpt>
      <trkpt lat="-22.653095964342356" lon="14.610070958733559">
        <ele>119.59999999999999</ele>
      </trkpt>
      <trkpt lat="-22.653154972940683" lon="14.609998036175966">
        <ele>119.59999999999999</ele>
      </trkpt>
      <trkpt lat="-22.65321297571063" lon="14.609924023970962">
        <ele>119.59999999999999</ele>
      </trkpt>
      <trkpt lat="-22.653270978480577" lon="14.609849005937576">
        <ele>119.59999999999999</ele>
      </trkpt>
      <trkpt lat="-22.653331998735666" lon="14.609778011217713">
        <ele>119.59999999999999</ele>
      </trkpt>
      <trkpt lat="-22.653394024819136" lon="14.609705004841089">
        <ele>119.59999999999999</ele>
      </trkpt>
      <trkpt lat="-22.653454961255193" lon="14.609628980979323">
        <ele>119.59999999999999</ele>
      </trkpt>
      <trkpt lat="-22.653511958196759" lon="14.609552035108209">
        <ele>119.59999999999999</ele>
      </trkpt>
      <trkpt lat="-22.653569960966706" lon="14.609475005418062">
        <ele>119.59999999999999</ele>
      </trkpt>
      <trkpt lat="-22.653628969565034" lon="14.609400993213058">
        <ele>119.59999999999999</ele>
      </trkpt>
      <trkpt lat="-22.653686972334981" lon="14.609326981008053">
        <ele>119.59999999999999</ele>
      </trkpt>
      <trkpt lat="-22.653743969276547" lon="14.609252968803048">
        <ele>119.8</ele>
      </trkpt>
      <trkpt lat="-22.6538120303303" lon="14.609164958819747">
        <ele>119.8</ele>
      </trkpt>
      <trkpt lat="-22.653857041150331" lon="14.60910402238369">
        <ele>119.8</ele>
      </trkpt>
      <trkpt lat="-22.653915965929627" lon="14.609029004350305">
        <ele>119.8</ele>
      </trkpt>
      <trkpt lat="-22.653975980356336" lon="14.6089549921453">
        <ele>119.8</ele>
      </trkpt>
      <trkpt lat="-22.654031971469522" lon="14.608879974111915">
        <ele>119.8</ele>
      </trkpt>
      <trkpt lat="-22.654088968411088" lon="14.608806967735291">
        <ele>120</ele>
      </trkpt>
      <trkpt lat="-22.654144959524274" lon="14.608732033520937">
        <ele>120</ele>
      </trkpt>
      <trkpt lat="-22.654202040284872" lon="14.608657015487552">
        <ele>120.2</ele>
      </trkpt>
      <trkpt lat="-22.654259959235787" lon="14.608579985797405">
        <ele>120.40000000000001</ele>
      </trkpt>
      <trkpt lat="-22.654320979490876" lon="14.608503961935639">
        <ele>120.40000000000001</ele>
      </trkpt>
      <trkpt lat="-22.654380993917584" lon="14.608430033549666">
        <ele>120.59999999999999</ele>
      </trkpt>
      <trkpt lat="-22.654440002515912" lon="14.608354009687901">
        <ele>120.59999999999999</ele>
      </trkpt>
      <trkpt lat="-22.654498005285859" lon="14.608275974169374">
        <ele>120.59999999999999</ele>
      </trkpt>
      <trkpt lat="-22.654556008055806" lon="14.608198022469878">
        <ele>120.8</ele>
      </trkpt>
      <trkpt lat="-22.654624991118908" lon="14.608104983344674">
        <ele>120.8</ele>
      </trkpt>
      <trkpt lat="-22.6546720135957" lon="14.608042035251856">
        <ele>120.8</ele>
      </trkpt>
      <trkpt lat="-22.654729010537267" lon="14.607962993904948">
        <ele>120.8</ele>
      </trkpt>
      <trkpt lat="-22.65477997250855" lon="14.607882024720311">
        <ele>120.8</ele>
      </trkpt>
      <trkpt lat="-22.654826994985342" lon="14.607796026393771">
        <ele>120.8</ele>
      </trkpt>
      <trkpt lat="-22.654868988320231" lon="14.60770801641047">
        <ele>120.8</ele>
      </trkpt>
      <trkpt lat="-22.654910981655121" lon="14.607620006427169">
        <ele>121</ele>
      </trkpt>
      <trkpt lat="-22.65494903549552" lon="14.607529984787107">
        <ele>121</ele>
      </trkpt>
      <trkpt lat="-22.654990023002028" lon="14.607437029480934">
        <ele>121</ele>
      </trkpt>
      <trkpt lat="-22.655028998851776" lon="14.607349019497633">
        <ele>121</ele>
      </trkpt>
      <trkpt lat="-22.655065963044763" lon="14.607264026999474">
        <ele>121</ele>
      </trkpt>
      <trkpt lat="-22.655103011056781" lon="14.607180962339044">
        <ele>121</ele>
      </trkpt>
      <trkpt lat="-22.655135029926896" lon="14.607094964012504">
        <ele>121</ele>
      </trkpt>
      <trkpt lat="-22.65516696497798" lon="14.607008965685964">
        <ele>121.2</ele>
      </trkpt>
      <trkpt lat="-22.655195966362953" lon="14.606921961531043">
        <ele>121.40000000000001</ele>
      </trkpt>
      <trkpt lat="-22.655225973576307" lon="14.606835041195154">
        <ele>121.40000000000001</ele>
      </trkpt>
      <trkpt lat="-22.655256986618042" lon="14.606748959049582">
        <ele>121.59999999999999</ele>
      </trkpt>
      <trkpt lat="-22.655290011316538" lon="14.606663966551423">
        <ele>121.59999999999999</ele>
      </trkpt>
      <trkpt lat="-22.655324041843414" lon="14.606581991538405">
        <ele>121.59999999999999</ele>
      </trkpt>
      <trkpt lat="-22.655356982722878" lon="14.606499010697007">
        <ele>121.8</ele>
      </trkpt>
      <trkpt lat="-22.655397970229387" lon="14.606413012370467">
        <ele>122</ele>
      </trkpt>
      <trkpt lat="-22.655437029898167" lon="14.606328019872308">
        <ele>122</ele>
      </trkpt>
      <trkpt lat="-22.655477011576295" lon="14.60624797269702">
        <ele>122.2</ele>
      </trkpt>
      <trkpt lat="-22.655525039881468" lon="14.606154011562467">
        <ele>122.2</ele>
      </trkpt>
      <trkpt lat="-22.655557980760932" lon="14.606089973822236">
        <ele>122.40000000000001</ele>
      </trkpt>
      <trkpt lat="-22.655597040429711" lon="14.606007998809218">
        <ele>122.40000000000001</ele>
      </trkpt>
      <trkpt lat="-22.65563702210784" lon="14.605927029624581">
        <ele>122.59999999999999</ele>
      </trkpt>
      <trkpt lat="-22.655677003785968" lon="14.605845976620913">
        <ele>122.8</ele>
      </trkpt>
      <trkpt lat="-22.655718997120857" lon="14.605765007436275">
        <ele>122.8</ele>
      </trkpt>
      <trkpt lat="-22.655760990455747" lon="14.605684960260987">
        <ele>123</ele>
      </trkpt>
      <trkpt lat="-22.655801977962255" lon="14.60560399107635">
        <ele>123</ele>
      </trkpt>
      <trkpt lat="-22.655841037631035" lon="14.605522016063333">
        <ele>123.2</ele>
      </trkpt>
      <trkpt lat="-22.655881019309163" lon="14.605437023565173">
        <ele>123.2</ele>
      </trkpt>
      <trkpt lat="-22.655919995158911" lon="14.605352031067014">
        <ele>123.40000000000001</ele>
      </trkpt>
      <trkpt lat="-22.655958971008658" lon="14.605267038568854">
        <ele>123.40000000000001</ele>
      </trkpt>
      <trkpt lat="-22.655998030677438" lon="14.605181040242314">
        <ele>123.59999999999999</ele>
      </trkpt>
      <trkpt lat="-22.656037006527185" lon="14.605096969753504">
        <ele>123.59999999999999</ele>
      </trkpt>
      <trkpt lat="-22.656082017347217" lon="14.604994961991906">
        <ele>123.8</ele>
      </trkpt>
      <trkpt lat="-22.65611101873219" lon="14.604930002242327">
        <ele>123.8</ele>
      </trkpt>
      <trkpt lat="-22.656148988753557" lon="14.604844003915787">
        <ele>124</ele>
      </trkpt>
      <trkpt lat="-22.656185030937195" lon="14.604760017246008">
        <ele>124.2</ele>
      </trkpt>
      <trkpt lat="-22.656221995130181" lon="14.604675024747849">
        <ele>124.2</ele>
      </trkpt>
      <trkpt lat="-22.656258037313819" lon="14.604590032249689">
        <ele>124.2</ele>
      </trkpt>
      <trkpt lat="-22.656293995678425" lon="14.604505961760879">
        <ele>124.40000000000001</ele>
      </trkpt>
      <trkpt lat="-22.656330959871411" lon="14.60441904142499">
        <ele>124.40000000000001</ele>
      </trkpt>
      <trkpt lat="-22.65636800788343" lon="14.604333965107799">
        <ele>124.40000000000001</ele>
      </trkpt>
      <trkpt lat="-22.656402960419655" lon="14.60424997843802">
        <ele>124.59999999999999</ele>
      </trkpt>
      <trkpt lat="-22.656435985118151" lon="14.604169009253383">
        <ele>124.59999999999999</ele>
      </trkpt>
      <trkpt lat="-22.656469009816647" lon="14.604086028411984">
        <ele>124.8</ele>
      </trkpt>
      <trkpt lat="-22.656502034515142" lon="14.604003969579935">
        <ele>124.8</ele>
      </trkpt>
      <trkpt lat="-22.656533969566226" lon="14.603920988738537">
        <ele>124.8</ele>
      </trkpt>
      <trkpt lat="-22.656565988436341" lon="14.603838007897139">
        <ele>125</ele>
      </trkpt>
      <trkpt lat="-22.656599013134837" lon="14.603757038712502">
        <ele>125</ele>
      </trkpt>
      <trkpt lat="-22.656630026176572" lon="14.603677997365594">
        <ele>125</ele>
      </trkpt>
      <trkpt lat="-22.656662967056036" lon="14.603599039837718">
        <ele>125.2</ele>
      </trkpt>
      <trkpt lat="-22.656694985926151" lon="14.603517986834049">
        <ele>125.2</ele>
      </trkpt>
      <trkpt lat="-22.656724993139505" lon="14.603436011821032">
        <ele>125.59999999999999</ele>
      </trkpt>
      <trkpt lat="-22.65675600618124" lon="14.603354958817363">
        <ele>125.8</ele>
      </trkpt>
      <trkpt lat="-22.656785007566214" lon="14.603274995461106">
        <ele>126</ele>
      </trkpt>
      <trkpt lat="-22.656807973980904" lon="14.603191008791327">
        <ele>126.2</ele>
      </trkpt>
      <trkpt lat="-22.656835969537497" lon="14.603094030171633">
        <ele>126.2</ele>
      </trkpt>
      <trkpt lat="-22.656857008114457" lon="14.603028986603022">
        <ele>126.40000000000001</ele>
      </trkpt>
      <trkpt lat="-22.656880980357528" lon="14.602946005761623">
        <ele>126.40000000000001</ele>
      </trkpt>
      <trkpt lat="-22.65690503641963" lon="14.602862019091845">
        <ele>126.40000000000001</ele>
      </trkpt>
      <trkpt lat="-22.656930014491081" lon="14.602780966088176">
        <ele>126.59999999999999</ele>
      </trkpt>
      <trkpt lat="-22.656957004219294" lon="14.6027020085603">
        <ele>126.59999999999999</ele>
      </trkpt>
      <trkpt lat="-22.656986005604267" lon="14.602623973041773">
        <ele>126.59999999999999</ele>
      </trkpt>
      <trkpt lat="-22.657017018646002" lon="14.602547027170658">
        <ele>126.59999999999999</ele>
      </trkpt>
      <trkpt lat="-22.657047025859356" lon="14.602468991652131">
        <ele>126.59999999999999</ele>
      </trkpt>
      <trkpt lat="-22.657076027244329" lon="14.602391961961985">
        <ele>126.59999999999999</ele>
      </trkpt>
      <trkpt lat="-22.657103016972542" lon="14.602314010262489">
        <ele>126.59999999999999</ele>
      </trkpt>
      <trkpt lat="-22.657131012529135" lon="14.602238992229104">
        <ele>126.8</ele>
      </trkpt>
      <trkpt lat="-22.657152973115444" lon="14.602161962538958">
        <ele>126.8</ele>
      </trkpt>
      <trkpt lat="-22.657176023349166" lon="14.602085016667843">
        <ele>126.8</ele>
      </trkpt>
      <trkpt lat="-22.657195972278714" lon="14.602008992806077">
        <ele>126.8</ele>
      </trkpt>
      <trkpt lat="-22.657213993370533" lon="14.601931963115931">
        <ele>126.8</ele>
      </trkpt>
      <trkpt lat="-22.657233020290732" lon="14.601857028901577">
        <ele>126.8</ele>
      </trkpt>
      <trkpt lat="-22.6572519633919" lon="14.601782010868192">
        <ele>126.8</ele>
      </trkpt>
      <trkpt lat="-22.657268978655338" lon="14.601705987006426">
        <ele>126.8</ele>
      </trkpt>
      <trkpt lat="-22.657285993918777" lon="14.60162996314466">
        <ele>126.8</ele>
      </trkpt>
      <trkpt lat="-22.657300997525454" lon="14.601553017273545">
        <ele>127</ele>
      </trkpt>
      <trkpt lat="-22.65731499530375" lon="14.601472970098257">
        <ele>127</ele>
      </trkpt>
      <trkpt lat="-22.657328993082047" lon="14.60139200091362">
        <ele>127.2</ele>
      </trkpt>
      <trkpt lat="-22.657346008345485" lon="14.601307008415461">
        <ele>127.59999999999999</ele>
      </trkpt>
      <trkpt lat="-22.657362017780542" lon="14.601223021745682">
        <ele>128</ele>
      </trkpt>
      <trkpt lat="-22.6573780272156" lon="14.601138029247522">
        <ele>128.19999999999999</ele>
      </trkpt>
      <trkpt lat="-22.657394036650658" lon="14.601054964587092">
        <ele>128.40000000000001</ele>
      </trkpt>
      <trkpt lat="-22.657406022772193" lon="14.600972989574075">
        <ele>128.59999999999999</ele>
      </trkpt>
      <trkpt lat="-22.657414991408587" lon="14.600890008732677">
        <ele>128.59999999999999</ele>
      </trkpt>
      <trkpt lat="-22.657427983358502" lon="14.600809039548039">
        <ele>128.59999999999999</ele>
      </trkpt>
      <trkpt lat="-22.657441981136799" lon="14.600728992372751">
        <ele>128.59999999999999</ele>
      </trkpt>
      <trkpt lat="-22.657457990571856" lon="14.600650034844875">
        <ele>128.80000000000001</ele>
      </trkpt>
      <trkpt lat="-22.657476011663675" lon="14.600568981841207">
        <ele>128.80000000000001</ele>
      </trkpt>
      <trkpt lat="-22.657492021098733" lon="14.600490024313331">
        <ele>128.80000000000001</ele>
      </trkpt>
      <trkpt lat="-22.657508030533791" lon="14.600407965481281">
        <ele>128.80000000000001</ele>
      </trkpt>
      <trkpt lat="-22.657524039968848" lon="14.600323978811502">
        <ele>128.80000000000001</ele>
      </trkpt>
      <trkpt lat="-22.657539965584874" lon="14.600238986313343">
        <ele>128.80000000000001</ele>
      </trkpt>
      <trkpt lat="-22.657562009990215" lon="14.600136978551745">
        <ele>129</ele>
      </trkpt>
      <trkpt lat="-22.657577013596892" lon="14.600069001317024">
        <ele>129</ele>
      </trkpt>
      <trkpt lat="-22.657596040517092" lon="14.599984008818865">
        <ele>129.19999999999999</ele>
      </trkpt>
      <trkpt lat="-22.657614983618259" lon="14.599899016320705">
        <ele>129.19999999999999</ele>
      </trkpt>
      <trkpt lat="-22.657637028023601" lon="14.599810000509024">
        <ele>129.19999999999999</ele>
      </trkpt>
      <trkpt lat="-22.657659994438291" lon="14.599719978868961">
        <ele>129.40000000000001</ele>
      </trkpt>
      <trkpt lat="-22.657683966681361" lon="14.59962903521955">
        <ele>129.40000000000001</ele>
      </trkpt>
      <trkpt lat="-22.657707016915083" lon="14.599534990265965">
        <ele>129.40000000000001</ele>
      </trkpt>
      <trkpt lat="-22.657729983329773" lon="14.599441029131413">
        <ele>129.40000000000001</ele>
      </trkpt>
      <trkpt lat="-22.657754039391875" lon="14.599344972521067">
        <ele>129.40000000000001</ele>
      </trkpt>
      <trkpt lat="-22.657779017463326" lon="14.599246988072991">
        <ele>129.40000000000001</ele>
      </trkpt>
      <trkpt lat="-22.657807013019919" lon="14.599147997796535">
        <ele>129.40000000000001</ele>
      </trkpt>
      <trkpt lat="-22.657836014404893" lon="14.599052025005221">
        <ele>129.40000000000001</ele>
      </trkpt>
      <trkpt lat="-22.657866021618247" lon="14.598955968394876">
        <ele>129.40000000000001</ele>
      </trkpt>
      <trkpt lat="-22.657897034659982" lon="14.598862007260323">
        <ele>129.40000000000001</ele>
      </trkpt>
      <trkpt lat="-22.657929975539446" lon="14.598767040297389">
        <ele>129.40000000000001</ele>
      </trkpt>
      <trkpt lat="-22.657963000237942" lon="14.598677018657327">
        <ele>129.40000000000001</ele>
      </trkpt>
      <trkpt lat="-22.657998036593199" lon="14.598585991188884">
        <ele>129.40000000000001</ele>
      </trkpt>
      <trkpt lat="-22.658031983301044" lon="14.598497981205583">
        <ele>129.40000000000001</ele>
      </trkpt>
      <trkpt lat="-22.658061990514398" lon="14.598409971222281">
        <ele>129.40000000000001</ele>
      </trkpt>
      <trkpt lat="-22.658094009384513" lon="14.598322967067361">
        <ele>129.40000000000001</ele>
      </trkpt>
      <trkpt lat="-22.658124016597867" lon="14.598235040903091">
        <ele>129.40000000000001</ele>
      </trkpt>
      <trkpt lat="-22.658154023811221" lon="14.59814602509141">
        <ele>129.40000000000001</ele>
      </trkpt>
      <trkpt lat="-22.658184031024575" lon="14.598057009279728">
        <ele>129.40000000000001</ele>
      </trkpt>
      <trkpt lat="-22.658213032409549" lon="14.597967993468046">
        <ele>129.19999999999999</ele>
      </trkpt>
      <trkpt lat="-22.658242033794522" lon="14.597881995141506">
        <ele>129.19999999999999</ele>
      </trkpt>
      <trkpt lat="-22.658271035179496" lon="14.597792979329824">
        <ele>129.19999999999999</ele>
      </trkpt>
      <trkpt lat="-22.658299030736089" lon="14.597706981003284">
        <ele>129</ele>
      </trkpt>
      <trkpt lat="-22.658326020464301" lon="14.597618971019983">
        <ele>129</ele>
      </trkpt>
      <trkpt lat="-22.658355021849275" lon="14.597529033198953">
        <ele>129</ele>
      </trkpt>
      <trkpt lat="-22.658384023234248" lon="14.597440017387271">
        <ele>128.80000000000001</ele>
      </trkpt>
      <trkpt lat="-22.658413024619222" lon="14.597355024889112">
        <ele>128.80000000000001</ele>
      </trkpt>
      <trkpt lat="-22.658444037660956" lon="14.597269026562572">
        <ele>128.80000000000001</ele>
      </trkpt>
      <trkpt lat="-22.658477984368801" lon="14.597184034064412">
        <ele>128.80000000000001</ele>
      </trkpt>
      <trkpt lat="-22.658513020724058" lon="14.597099963575602">
        <ele>128.59999999999999</ele>
      </trkpt>
      <trkpt lat="-22.658553002402186" lon="14.597017988562584">
        <ele>128.59999999999999</ele>
      </trkpt>
      <trkpt lat="-22.658597007393837" lon="14.596934001892805">
        <ele>128.59999999999999</ele>
      </trkpt>
      <trkpt lat="-22.658644029870629" lon="14.596850015223026">
        <ele>128.59999999999999</ele>
      </trkpt>
      <trkpt lat="-22.658691974356771" lon="14.596766028553247">
        <ele>128.59999999999999</ele>
      </trkpt>
      <trkpt lat="-22.658740002661943" lon="14.596684975549579">
        <ele>128.59999999999999</ele>
      </trkpt>
      <trkpt lat="-22.658789958804846" lon="14.596604006364942">
        <ele>128.59999999999999</ele>
      </trkpt>
      <trkpt lat="-22.658838992938399" lon="14.596520019695163">
        <ele>128.59999999999999</ele>
      </trkpt>
      <trkpt lat="-22.658885009586811" lon="14.596435027197003">
        <ele>128.40000000000001</ele>
      </trkpt>
      <trkpt lat="-22.658928008750081" lon="14.596346011385322">
        <ele>128.40000000000001</ele>
      </trkpt>
      <trkpt lat="-22.65897000208497" lon="14.596254983916879">
        <ele>128.40000000000001</ele>
      </trkpt>
      <trkpt lat="-22.659008977934718" lon="14.596167979761958">
        <ele>128.40000000000001</ele>
      </trkpt>
      <trkpt lat="-22.659048959612846" lon="14.596077036112547">
        <ele>128.40000000000001</ele>
      </trkpt>
      <trkpt lat="-22.659088019281626" lon="14.595987014472485">
        <ele>128.40000000000001</ele>
      </trkpt>
      <trkpt lat="-22.659128000959754" lon="14.595897998660803">
        <ele>128.40000000000001</ele>
      </trkpt>
      <trkpt lat="-22.659165970981121" lon="14.59580697119236">
        <ele>128.19999999999999</ele>
      </trkpt>
      <trkpt lat="-22.6592050306499" lon="14.59571803919971">
        <ele>128</ele>
      </trkpt>
      <trkpt lat="-22.659245012328029" lon="14.595629023388028">
        <ele>127.8</ele>
      </trkpt>
      <trkpt lat="-22.659284994006157" lon="14.595540007576346">
        <ele>127.59999999999999</ele>
      </trkpt>
      <trkpt lat="-22.659324975684285" lon="14.595451997593045">
        <ele>127.59999999999999</ele>
      </trkpt>
      <trkpt lat="-22.659365963190794" lon="14.595364993438125">
        <ele>127.59999999999999</ele>
      </trkpt>
      <trkpt lat="-22.659406028687954" lon="14.595277989283204">
        <ele>127.40000000000001</ele>
      </trkpt>
      <trkpt lat="-22.659448022022843" lon="14.595191990956664">
        <ele>127.2</ele>
      </trkpt>
      <trkpt lat="-22.659489009529352" lon="14.595104986801744">
        <ele>127.2</ele>
      </trkpt>
      <trkpt lat="-22.65952899120748" lon="14.595021000131965">
        <ele>127.2</ele>
      </trkpt>
      <trkpt lat="-22.659565033391118" lon="14.594938019290566">
        <ele>127.2</ele>
      </trkpt>
      <trkpt lat="-22.659597974270582" lon="14.594853026792407">
        <ele>127.2</ele>
      </trkpt>
      <trkpt lat="-22.65963401645422" lon="14.594766022637486">
        <ele>127</ele>
      </trkpt>
      <trkpt lat="-22.659672992303967" lon="14.594680024310946">
        <ele>127</ele>
      </trkpt>
      <trkpt lat="-22.659708028659225" lon="14.594592014327645">
        <ele>127</ele>
      </trkpt>
      <trkpt lat="-22.659739963710308" lon="14.594504004344344">
        <ele>127</ele>
      </trkpt>
      <trkpt lat="-22.659766031429172" lon="14.594415994361043">
        <ele>126.8</ele>
      </trkpt>
      <trkpt lat="-22.6597869861871" lon="14.594326978549361">
        <ele>126.8</ele>
      </trkpt>
      <trkpt lat="-22.6598060131073" lon="14.594239974394441">
        <ele>126.8</ele>
      </trkpt>
      <trkpt lat="-22.659824034199119" lon="14.594153976067901">
        <ele>126.59999999999999</ele>
      </trkpt>
      <trkpt lat="-22.659845994785428" lon="14.594068983569741">
        <ele>126.59999999999999</ele>
      </trkpt>
      <trkpt lat="-22.65987298451364" lon="14.593986002728343">
        <ele>126.59999999999999</ele>
      </trkpt>
      <trkpt lat="-22.659900980070233" lon="14.593902016058564">
        <ele>126.40000000000001</ele>
      </trkpt>
      <trkpt lat="-22.659928975626826" lon="14.593814006075263">
        <ele>126.40000000000001</ele>
      </trkpt>
      <trkpt lat="-22.659960994496942" lon="14.593731025233865">
        <ele>126.2</ele>
      </trkpt>
      <trkpt lat="-22.659989995881915" lon="14.593648966401815">
        <ele>126.2</ele>
      </trkpt>
      <trkpt lat="-22.66002100892365" lon="14.59357000887394">
        <ele>126.2</ele>
      </trkpt>
      <trkpt lat="-22.660055039450526" lon="14.593492979183793">
        <ele>126.2</ele>
      </trkpt>
      <trkpt lat="-22.660089991986752" lon="14.593413015827537">
        <ele>126.2</ele>
      </trkpt>
      <trkpt lat="-22.660125028342009" lon="14.593333974480629">
        <ele>126</ele>
      </trkpt>
      <trkpt lat="-22.660159980878234" lon="14.593254011124372">
        <ele>126</ele>
      </trkpt>
      <trkpt lat="-22.660197028890252" lon="14.593176981434226">
        <ele>126</ele>
      </trkpt>
      <trkpt lat="-22.660231981426477" lon="14.593096012249589">
        <ele>126</ele>
      </trkpt>
      <trkpt lat="-22.660262994468212" lon="14.593014037236571">
        <ele>126</ele>
      </trkpt>
      <trkpt lat="-22.660293001681566" lon="14.592933990061283">
        <ele>126</ele>
      </trkpt>
      <trkpt lat="-22.66032200306654" lon="14.592852015048265">
        <ele>126</ele>
      </trkpt>
      <trkpt lat="-22.660356033593416" lon="14.592770040035248">
        <ele>126</ele>
      </trkpt>
      <trkpt lat="-22.660386962816119" lon="14.592686975374818">
        <ele>126</ele>
      </trkpt>
      <trkpt lat="-22.660418981686234" lon="14.592602988705039">
        <ele>126</ele>
      </trkpt>
      <trkpt lat="-22.660453012213111" lon="14.59251900203526">
        <ele>126</ele>
      </trkpt>
      <trkpt lat="-22.660486958920956" lon="14.592434009537101">
        <ele>126</ele>
      </trkpt>
      <trkpt lat="-22.660521995276213" lon="14.59234700538218">
        <ele>126</ele>
      </trkpt>
      <trkpt lat="-22.660556025803089" lon="14.592263018712401">
        <ele>126</ele>
      </trkpt>
      <trkpt lat="-22.660588966682553" lon="14.592181965708733">
        <ele>126</ele>
      </trkpt>
      <trkpt lat="-22.660620985552669" lon="14.592102002352476">
        <ele>125.8</ele>
      </trkpt>
      <trkpt lat="-22.660651998594403" lon="14.592021033167839">
        <ele>125.8</ele>
      </trkpt>
      <trkpt lat="-22.660684017464519" lon="14.59193998016417">
        <ele>125.8</ele>
      </trkpt>
      <trkpt lat="-22.660716958343983" lon="14.591859010979533">
        <ele>125.8</ele>
      </trkpt>
      <trkpt lat="-22.660749983042479" lon="14.591778963804245">
        <ele>125.8</ele>
      </trkpt>
      <trkpt lat="-22.660778984427452" lon="14.591704029589891">
        <ele>125.8</ele>
      </trkpt>
      <trkpt lat="-22.660803962498903" lon="14.591633034870028">
        <ele>125.8</ele>
      </trkpt>
      <trkpt lat="-22.660828018561006" lon="14.591563967987895">
        <ele>125.8</ele>
      </trkpt>
      <trkpt lat="-22.660855008289218" lon="14.591495990753174">
        <ele>125.8</ele>
      </trkpt>
      <trkpt lat="-22.660883003845811" lon="14.591430025175214">
        <ele>125.8</ele>
      </trkpt>
      <trkpt lat="-22.660912005230784" lon="14.591361964121461">
        <ele>125.8</ele>
      </trkpt>
      <trkpt lat="-22.660936983302236" lon="14.59129398688674">
        <ele>125.8</ele>
      </trkpt>
      <trkpt lat="-22.660956010222435" lon="14.591225003823638">
        <ele>125.8</ele>
      </trkpt>
      <trkpt lat="-22.660971013829112" lon="14.591159960255027">
        <ele>125.8</ele>
      </trkpt>
      <trkpt lat="-22.660985011607409" lon="14.591093994677067">
        <ele>125.8</ele>
      </trkpt>
      <trkpt lat="-22.660998003557324" lon="14.591040015220642">
        <ele>125.8</ele>
      </trkpt>
      <trkpt lat="-22.661016024649143" lon="14.590955022722483">
        <ele>125.8</ele>
      </trkpt>
      <trkpt lat="-22.661034967750311" lon="14.590886039659381">
        <ele>126</ele>
      </trkpt>
      <trkpt lat="-22.661051983013749" lon="14.590816972777247">
        <ele>126</ele>
      </trkpt>
      <trkpt lat="-22.661065980792046" lon="14.590748995542526">
        <ele>126</ele>
      </trkpt>
      <trkpt lat="-22.661084001883864" lon="14.590680012479424">
        <ele>126</ele>
      </trkpt>
      <trkpt lat="-22.661103028804064" lon="14.590613963082433">
        <ele>126</ele>
      </trkpt>
      <trkpt lat="-22.66111996024847" lon="14.590547997504473">
        <ele>126</ele>
      </trkpt>
      <trkpt lat="-22.661136975511909" lon="14.590483959764242">
        <ele>126</ele>
      </trkpt>
      <trkpt lat="-22.661150973290205" lon="14.590419000014663">
        <ele>126.2</ele>
      </trkpt>
      <trkpt lat="-22.661165976896882" lon="14.590356973931193">
        <ele>126.2</ele>
      </trkpt>
      <trkpt lat="-22.66118198633194" lon="14.590292014181614">
        <ele>126.2</ele>
      </trkpt>
      <trkpt lat="-22.661197995766997" lon="14.590229988098145">
        <ele>126.40000000000001</ele>
      </trkpt>
      <trkpt lat="-22.661212999373674" lon="14.590170979499817">
        <ele>126.59999999999999</ele>
      </trkpt>
      <trkpt lat="-22.661234037950635" lon="14.590114988386631">
        <ele>126.59999999999999</ele>
      </trkpt>
      <trkpt lat="-22.661263039335608" lon="14.590066960081458">
        <ele>126.8</ele>
      </trkpt>
      <trkpt lat="-22.661296986043453" lon="14.590025972574949">
        <ele>127</ele>
      </trkpt>
      <trkpt lat="-22.661336967721581" lon="14.589992025867105">
        <ele>127.2</ele>
      </trkpt>
      <trkpt lat="-22.661381978541613" lon="14.58996101282537">
        <ele>127.2</ele>
      </trkpt>
      <trkpt lat="-22.661433024331927" lon="14.589932011440396">
        <ele>127.2</ele>
      </trkpt>
      <trkpt lat="-22.661488009616733" lon="14.589903010055423">
        <ele>127.2</ele>
      </trkpt>
      <trkpt lat="-22.66154601238668" lon="14.589871997013688">
        <ele>127.40000000000001</ele>
      </trkpt>
      <trkpt lat="-22.661604015156627" lon="14.589839978143573">
        <ele>127.40000000000001</ele>
      </trkpt>
      <trkpt lat="-22.661665035411716" lon="14.589799996465445">
        <ele>127.40000000000001</ele>
      </trkpt>
      <trkpt lat="-22.661727983504534" lon="14.589760014787316">
        <ele>127.40000000000001</ele>
      </trkpt>
      <trkpt lat="-22.661794032901525" lon="14.589722966775298">
        <ele>127.40000000000001</ele>
      </trkpt>
      <trkpt lat="-22.661859998479486" lon="14.589687008410692">
        <ele>127.40000000000001</ele>
      </trkpt>
      <trkpt lat="-22.661925964057446" lon="14.589649038389325">
        <ele>127.2</ele>
      </trkpt>
      <trkpt lat="-22.661995030939579" lon="14.589610984548926">
        <ele>127.2</ele>
      </trkpt>
      <trkpt lat="-22.66206200234592" lon="14.589568991214037">
        <ele>127.2</ele>
      </trkpt>
      <trkpt lat="-22.662122016772628" lon="14.589525992050767">
        <ele>127</ele>
      </trkpt>
      <trkpt lat="-22.662183037027717" lon="14.589480981230736">
        <ele>126.8</ele>
      </trkpt>
      <trkpt lat="-22.662243973463774" lon="14.589433036744595">
        <ele>126.59999999999999</ele>
      </trkpt>
      <trkpt lat="-22.66230097040534" lon="14.589380985125899">
        <ele>126.40000000000001</ele>
      </trkpt>
      <trkpt lat="-22.662353022024035" lon="14.589330023154616">
        <ele>126.40000000000001</ele>
      </trkpt>
      <trkpt lat="-22.662410018965602" lon="14.589286018162966">
        <ele>126.2</ele>
      </trkpt>
      <trkpt lat="-22.662467015907168" lon="14.589245030656457">
        <ele>126.2</ele>
      </trkpt>
      <trkpt lat="-22.662519989535213" lon="14.589205970987678">
        <ele>126</ele>
      </trkpt>
      <trkpt lat="-22.662563994526863" lon="14.589169006794691">
        <ele>125.59999999999999</ele>
      </trkpt>
      <trkpt lat="-22.66260095871985" lon="14.589133970439434">
        <ele>125.59999999999999</ele>
      </trkpt>
      <trkpt lat="-22.662632977589965" lon="14.589100023731589">
        <ele>125.2</ele>
      </trkpt>
      <trkpt lat="-22.662660973146558" lon="14.589072028174996">
        <ele>125.2</ele>
      </trkpt>
      <trkpt lat="-22.66268502920866" lon="14.589053001254797">
        <ele>125</ele>
      </trkpt>
      <trkpt lat="-22.662722999230027" lon="14.589031962677836">
        <ele>125</ele>
      </trkpt>
      <trkpt lat="-22.662765998393297" lon="14.589011007919908">
        <ele>124.8</ele>
      </trkpt>
      <trkpt lat="-22.66281402669847" lon="14.588989969342947">
        <ele>124.8</ele>
      </trkpt>
      <trkpt lat="-22.662865994498134" lon="14.588965997099876">
        <ele>124.8</ele>
      </trkpt>
      <trkpt lat="-22.662920979782939" lon="14.588942024856806">
        <ele>124.59999999999999</ele>
      </trkpt>
      <trkpt lat="-22.662980994209647" lon="14.588917968794703">
        <ele>124.40000000000001</ele>
      </trkpt>
      <trkpt lat="-22.663042014464736" lon="14.588901959359646">
        <ele>124.40000000000001</ele>
      </trkpt>
      <trkpt lat="-22.663105968385935" lon="14.588891984894872">
        <ele>124.40000000000001</ele>
      </trkpt>
      <trkpt lat="-22.663167994469404" lon="14.588885027915239">
        <ele>124.2</ele>
      </trkpt>
      <trkpt lat="-22.66322297975421" lon="14.588877987116575">
        <ele>124.2</ele>
      </trkpt>
      <trkpt lat="-22.663272013887763" lon="14.588860971853137">
        <ele>124.2</ele>
      </trkpt>
      <trkpt lat="-22.663321970030665" lon="14.588833982124925">
        <ele>124.2</ele>
      </trkpt>
      <trkpt lat="-22.663377039134502" lon="14.588804980739951">
        <ele>124.2</ele>
      </trkpt>
      <trkpt lat="-22.663434036076069" lon="14.588776985183358">
        <ele>124</ele>
      </trkpt>
      <trkpt lat="-22.663492960855365" lon="14.588753012940288">
        <ele>123.8</ele>
      </trkpt>
      <trkpt lat="-22.663550963625312" lon="14.588728034868836">
        <ele>123.59999999999999</ele>
      </trkpt>
      <trkpt lat="-22.663607960566878" lon="14.588709007948637">
        <ele>123.40000000000001</ele>
      </trkpt>
      <trkpt lat="-22.663664035499096" lon="14.588691992685199">
        <ele>123.40000000000001</ele>
      </trkpt>
      <trkpt lat="-22.663725977763534" lon="14.588672965764999">
        <ele>123.2</ele>
      </trkpt>
      <trkpt lat="-22.663790015503764" lon="14.588654022663832">
        <ele>123.2</ele>
      </trkpt>
      <trkpt lat="-22.663852963596582" lon="14.588639019057155">
        <ele>123</ele>
      </trkpt>
      <trkpt lat="-22.663915995508432" lon="14.588628960773349">
        <ele>123</ele>
      </trkpt>
      <trkpt lat="-22.663972992449999" lon="14.588614040985703">
        <ele>122.8</ele>
      </trkpt>
      <trkpt lat="-22.664027977734804" lon="14.58858797326684">
        <ele>122.8</ele>
      </trkpt>
      <trkpt lat="-22.664084974676371" lon="14.588560983538628">
        <ele>122.8</ele>
      </trkpt>
      <trkpt lat="-22.664140965789557" lon="14.58854204043746">
        <ele>122.8</ele>
      </trkpt>
      <trkpt lat="-22.664197962731123" lon="14.588524019345641">
        <ele>122.59999999999999</ele>
      </trkpt>
      <trkpt lat="-22.664256971329451" lon="14.588511027395725">
        <ele>122.59999999999999</ele>
      </trkpt>
      <trkpt lat="-22.664320003241301" lon="14.58849904127419">
        <ele>122.59999999999999</ele>
      </trkpt>
      <trkpt lat="-22.664383035153151" lon="14.588489988818765">
        <ele>122.59999999999999</ele>
      </trkpt>
      <trkpt lat="-22.664436008781195" lon="14.588486971333623">
        <ele>122.40000000000001</ele>
      </trkpt>
      <trkpt lat="-22.664480013772845" lon="14.588487977162004">
        <ele>122.40000000000001</ele>
      </trkpt>
      <trkpt lat="-22.664528964087367" lon="14.588487977162004">
        <ele>121.8</ele>
      </trkpt>
      <trkpt lat="-22.664577998220921" lon="14.588484037667513">
        <ele>121.59999999999999</ele>
      </trkpt>
      <trkpt lat="-22.664626026526093" lon="14.588478002697229">
        <ele>121.59999999999999</ele>
      </trkpt>
      <trkpt lat="-22.664674976840615" lon="14.588464004918933">
        <ele>121.2</ele>
      </trkpt>
      <trkpt lat="-22.664731973782182" lon="14.588440032675862">
        <ele>121.2</ele>
      </trkpt>
      <trkpt lat="-22.664786959066987" lon="14.588418994098902">
        <ele>121.2</ele>
      </trkpt>
      <trkpt lat="-22.664833981543779" lon="14.588402984663844">
        <ele>121</ele>
      </trkpt>
      <trkpt lat="-22.664874969050288" lon="14.588390998542309">
        <ele>121</ele>
      </trkpt>
      <trkpt lat="-22.664917968213558" lon="14.588386975228786">
        <ele>120.8</ele>
      </trkpt>
      <trkpt lat="-22.664967002347112" lon="14.588386975228786">
        <ele>120.8</ele>
      </trkpt>
      <trkpt lat="-22.665013018995523" lon="14.588384041562676">
        <ele>120.59999999999999</ele>
      </trkpt>
      <trkpt lat="-22.665053000673652" lon="14.588374989107251">
        <ele>120.40000000000001</ele>
      </trkpt>
      <trkpt lat="-22.665086025372148" lon="14.588366020470858">
        <ele>120.2</ele>
      </trkpt>
      <trkpt lat="-22.665117038413882" lon="14.588355962187052">
        <ele>120.2</ele>
      </trkpt>
      <trkpt lat="-22.665149979293346" lon="14.588345987722278">
        <ele>120.2</ele>
      </trkpt>
      <trkpt lat="-22.665187027305365" lon="14.588341964408755">
        <ele>120.2</ele>
      </trkpt>
      <trkpt lat="-22.665237989276648" lon="14.588337019085884">
        <ele>120.2</ele>
      </trkpt>
      <trkpt lat="-22.665274031460285" lon="14.588331989943981">
        <ele>120.2</ele>
      </trkpt>
      <trkpt lat="-22.665323987603188" lon="14.588323021307588">
        <ele>120.2</ele>
      </trkpt>
      <trkpt lat="-22.665376961231232" lon="14.588309023529291">
        <ele>120.2</ele>
      </trkpt>
      <trkpt lat="-22.665424989536405" lon="14.588297959417105">
        <ele>120.2</ele>
      </trkpt>
      <trkpt lat="-22.665474023669958" lon="14.588283039629459">
        <ele>120.2</ele>
      </trkpt>
      <trkpt lat="-22.665519034489989" lon="14.588272981345654">
        <ele>120.2</ele>
      </trkpt>
      <trkpt lat="-22.665564967319369" lon="14.588265018537641">
        <ele>120.59999999999999</ele>
      </trkpt>
      <trkpt lat="-22.665615007281303" lon="14.588258983567357">
        <ele>120.59999999999999</ele>
      </trkpt>
      <trkpt lat="-22.665664041414857" lon="14.588253032416105">
        <ele>120.8</ele>
      </trkpt>
      <trkpt lat="-22.665711985900998" lon="14.588242974132299">
        <ele>120.8</ele>
      </trkpt>
      <trkpt lat="-22.665764959529042" lon="14.588227970525622">
        <ele>120.8</ele>
      </trkpt>
      <trkpt lat="-22.66582103446126" lon="14.588209027424455">
        <ele>120.8</ele>
      </trkpt>
      <trkpt lat="-22.665876019746065" lon="14.588188994675875">
        <ele>120.8</ele>
      </trkpt>
      <trkpt lat="-22.66593100503087" lon="14.588171979412436">
        <ele>120.8</ele>
      </trkpt>
      <trkpt lat="-22.665989007800817" lon="14.588154964148998">
        <ele>120.8</ele>
      </trkpt>
      <trkpt lat="-22.666052961722016" lon="14.588139038532972">
        <ele>120.8</ele>
      </trkpt>
      <trkpt lat="-22.666111970320344" lon="14.588120011612773">
        <ele>120.8</ele>
      </trkpt>
      <trkpt lat="-22.666157986968756" lon="14.588097967207432">
        <ele>120.8</ele>
      </trkpt>
      <trkpt lat="-22.666199980303645" lon="14.588077012449503">
        <ele>120.8</ele>
      </trkpt>
      <trkpt lat="-22.666242979466915" lon="14.588059997186065">
        <ele>120.40000000000001</ele>
      </trkpt>
      <trkpt lat="-22.666281033307314" lon="14.588048011064529">
        <ele>120.2</ele>
      </trkpt>
      <trkpt lat="-22.66631699167192" lon="14.588036024942994">
        <ele>120</ele>
      </trkpt>
      <trkpt lat="-22.666354039683938" lon="14.588024960830808">
        <ele>120</ele>
      </trkpt>
      <trkpt lat="-22.666391003876925" lon="14.588010041043162">
        <ele>120</ele>
      </trkpt>
      <trkpt lat="-22.666429979726672" lon="14.587992019951344">
        <ele>120</ele>
      </trkpt>
      <trkpt lat="-22.666477002203465" lon="14.587970981374383">
        <ele>119.8</ele>
      </trkpt>
      <trkpt lat="-22.666526958346367" lon="14.587952960282564">
        <ele>119.59999999999999</ele>
      </trkpt>
      <trkpt lat="-22.666572974994779" lon="14.58794298581779">
        <ele>119.59999999999999</ele>
      </trkpt>
      <trkpt lat="-22.666622009128332" lon="14.587939968332648">
        <ele>119.40000000000001</ele>
      </trkpt>
      <trkpt lat="-22.666680011898279" lon="14.587933011353016">
        <ele>119.2</ele>
      </trkpt>
      <trkpt lat="-22.666739020496607" lon="14.587917001917958">
        <ele>119.2</ele>
      </trkpt>
      <trkpt lat="-22.666792999953032" lon="14.587895041331649">
        <ele>119</ele>
      </trkpt>
      <trkpt lat="-22.666834993287921" lon="14.587868973612785">
        <ele>118.8</ele>
      </trkpt>
      <trkpt lat="-22.666868017986417" lon="14.587840978056192">
        <ele>118.59999999999999</ele>
      </trkpt>
      <trkpt lat="-22.666900036856532" lon="14.587812982499599">
        <ele>118.59999999999999</ele>
      </trkpt>
      <trkpt lat="-22.666928032413125" lon="14.587777024134994">
        <ele>118.59999999999999</ele>
      </trkpt>
      <trkpt lat="-22.666955022141337" lon="14.587737964466214">
        <ele>118.40000000000001</ele>
      </trkpt>
      <trkpt lat="-22.66698301769793" lon="14.587693037465215">
        <ele>118.40000000000001</ele>
      </trkpt>
      <trkpt lat="-22.667011013254523" lon="14.587645009160042">
        <ele>118</ele>
      </trkpt>
      <trkpt lat="-22.667035991325974" lon="14.587593041360378">
        <ele>117.40000000000001</ele>
      </trkpt>
      <trkpt lat="-22.667060969397426" lon="14.587541995570064">
        <ele>116.8</ele>
      </trkpt>
      <trkpt lat="-22.667086031287909" lon="14.587493967264891">
        <ele>116.59999999999999</ele>
      </trkpt>
      <trkpt lat="-22.66711100935936" lon="14.587453985586762">
        <ele>116.40000000000001</ele>
      </trkpt>
      <trkpt lat="-22.667140010744333" lon="14.587418027222157">
        <ele>116.2</ele>
      </trkpt>
      <trkpt lat="-22.667170017957687" lon="14.587386008352041">
        <ele>116.2</ele>
      </trkpt>
      <trkpt lat="-22.667204970493913" lon="14.587352983653545">
        <ele>116.2</ele>
      </trkpt>
      <trkpt lat="-22.667245035991073" lon="14.58732096478343">
        <ele>116.2</ele>
      </trkpt>
      <trkpt lat="-22.66728401184082" lon="14.587290035560727">
        <ele>116.2</ele>
      </trkpt>
      <trkpt lat="-22.667323993518949" lon="14.587262962013483">
        <ele>116.2</ele>
      </trkpt>
      <trkpt lat="-22.667361963540316" lon="14.587238989770412">
        <ele>116.2</ele>
      </trkpt>
      <trkpt lat="-22.667395994067192" lon="14.587217029184103">
        <ele>116</ele>
      </trkpt>
      <trkpt lat="-22.66743203625083" lon="14.587198002263904">
        <ele>116</ele>
      </trkpt>
      <trkpt lat="-22.667471012100577" lon="14.587184004485607">
        <ele>116</ele>
      </trkpt>
      <trkpt lat="-22.667516022920609" lon="14.587174030020833">
        <ele>116.2</ele>
      </trkpt>
      <trkpt lat="-22.66756497323513" lon="14.58716900087893">
        <ele>116.2</ele>
      </trkpt>
      <trkpt lat="-22.667614007368684" lon="14.587161038070917">
        <ele>116.2</ele>
      </trkpt>
      <trkpt lat="-22.667660024017096" lon="14.58714896813035">
        <ele>116.2</ele>
      </trkpt>
      <trkpt lat="-22.667707968503237" lon="14.587139999493957">
        <ele>116.2</ele>
      </trkpt>
      <trkpt lat="-22.66775599680841" lon="14.587133964523673">
        <ele>116.2</ele>
      </trkpt>
      <trkpt lat="-22.667803019285202" lon="14.587128013372421">
        <ele>116.2</ele>
      </trkpt>
      <trkpt lat="-22.667855992913246" lon="14.587118960916996">
        <ele>116.2</ele>
      </trkpt>
      <trkpt lat="-22.667907038703561" lon="14.5871049631387">
        <ele>116</ele>
      </trkpt>
      <trkpt lat="-22.667955989018083" lon="14.587093982845545">
        <ele>116</ele>
      </trkpt>
      <trkpt lat="-22.668008962646127" lon="14.587085014209151">
        <ele>116</ele>
      </trkpt>
      <trkpt lat="-22.668062020093203" lon="14.587074033915997">
        <ele>116</ele>
      </trkpt>
      <trkpt lat="-22.668112982064486" lon="14.587060958147049">
        <ele>115.8</ele>
      </trkpt>
      <trkpt lat="-22.668161010369658" lon="14.587050983682275">
        <ele>115.59999999999999</ele>
      </trkpt>
      <trkpt lat="-22.668200992047787" lon="14.587036985903978">
        <ele>115.2</ele>
      </trkpt>
      <trkpt lat="-22.668232005089521" lon="14.58701703697443">
        <ele>115</ele>
      </trkpt>
      <trkpt lat="-22.668265029788017" lon="14.586983006447554">
        <ele>114.8</ele>
      </trkpt>
      <trkpt lat="-22.668286990374327" lon="14.586955010890961">
        <ele>114.59999999999999</ele>
      </trkpt>
      <trkpt lat="-22.668316997587681" lon="14.586917962878942">
        <ele>114.59999999999999</ele>
      </trkpt>
      <trkpt lat="-22.668349016457796" lon="14.586875969544053">
        <ele>114.59999999999999</ele>
      </trkpt>
      <trkpt lat="-22.668390003964305" lon="14.58682400174439">
        <ele>114.59999999999999</ele>
      </trkpt>
      <trkpt lat="-22.668416993692517" lon="14.586787959560752">
        <ele>114.2</ele>
      </trkpt>
      <trkpt lat="-22.668447000905871" lon="14.586744038388133">
        <ele>114</ele>
      </trkpt>
      <trkpt lat="-22.668478013947606" lon="14.586701039224863">
        <ele>114</ele>
      </trkpt>
      <trkpt lat="-22.668511038646102" lon="14.586664997041225">
        <ele>114</ele>
      </trkpt>
      <trkpt lat="-22.668546997010708" lon="14.586640018969774">
        <ele>113.8</ele>
      </trkpt>
      <trkpt lat="-22.668583039194345" lon="14.586624009534717">
        <ele>113.8</ele>
      </trkpt>
      <trkpt lat="-22.668622015044093" lon="14.58661001175642">
        <ele>113.59999999999999</ele>
      </trkpt>
      <trkpt lat="-22.668665014207363" lon="14.586598025634885">
        <ele>113.59999999999999</ele>
      </trkpt>
      <trkpt lat="-22.668706001713872" lon="14.586587967351079">
        <ele>113.40000000000001</ele>
      </trkpt>
      <trkpt lat="-22.668743971735239" lon="14.586573969572783">
        <ele>113.40000000000001</ele>
      </trkpt>
      <trkpt lat="-22.668781019747257" lon="14.586559971794486">
        <ele>113.40000000000001</ele>
      </trkpt>
      <trkpt lat="-22.668813960626721" lon="14.586547985672951">
        <ele>113.40000000000001</ele>
      </trkpt>
      <trkpt lat="-22.668842962011695" lon="14.586542034521699">
        <ele>113.40000000000001</ele>
      </trkpt>
      <trkpt lat="-22.668860983103514" lon="14.586544968187809">
        <ele>113.40000000000001</ele>
      </trkpt>
      <trkpt lat="-22.668871963396668" lon="14.586543962359428">
        <ele>113.40000000000001</ele>
      </trkpt>
      <trkpt lat="-22.668883027508855" lon="14.586535999551415">
        <ele>113.40000000000001</ele>
      </trkpt>
      <trkpt lat="-22.66889501363039" lon="14.5865230076015">
        <ele>113.40000000000001</ele>
      </trkpt>
      <trkpt lat="-22.668909011408687" lon="14.586499035358429">
        <ele>113.40000000000001</ele>
      </trkpt>
      <trkpt lat="-22.668927032500505" lon="14.586466010659933">
        <ele>113.59999999999999</ele>
      </trkpt>
      <trkpt lat="-22.668941030278802" lon="14.586426028981805">
        <ele>114.2</ele>
      </trkpt>
      <trkpt lat="-22.668952010571957" lon="14.586384035646915">
        <ele>114.2</ele>
      </trkpt>
      <trkpt lat="-22.668963996693492" lon="14.586338018998504">
        <ele>114.40000000000001</ele>
      </trkpt>
      <trkpt lat="-22.668972965329885" lon="14.586301976814866">
        <ele>114.59999999999999</ele>
      </trkpt>
      <trkpt lat="-22.668985035270452" lon="14.586279010400176">
        <ele>114.8</ele>
      </trkpt>
      <trkpt lat="-22.669001966714859" lon="14.586259983479977">
        <ele>115</ele>
      </trkpt>
      <trkpt lat="-22.669021999463439" lon="14.586241040378809">
        <ele>115</ele>
      </trkpt>
      <trkpt lat="-22.669042032212019" lon="14.586215978488326">
        <ele>115.2</ele>
      </trkpt>
      <trkpt lat="-22.669061981141567" lon="14.586182031780481">
        <ele>115.2</ele>
      </trkpt>
      <trkpt lat="-22.669078996405005" lon="14.586140960454941">
        <ele>115.2</ele>
      </trkpt>
      <trkpt lat="-22.669091988354921" lon="14.586095027625561">
        <ele>115.2</ele>
      </trkpt>
      <trkpt lat="-22.669102968648076" lon="14.58605102263391">
        <ele>115.2</ele>
      </trkpt>
      <trkpt lat="-22.669117972254753" lon="14.586009029299021">
        <ele>115.2</ele>
      </trkpt>
      <trkpt lat="-22.669138005003333" lon="14.58596401847899">
        <ele>115.2</ele>
      </trkpt>
      <trkpt lat="-22.669150996953249" lon="14.585931999608874">
        <ele>115.2</ele>
      </trkpt>
      <trkpt lat="-22.669169018045068" lon="14.585890006273985">
        <ele>115</ele>
      </trkpt>
      <trkpt lat="-22.669183015823364" lon="14.585850024595857">
        <ele>115</ele>
      </trkpt>
      <trkpt lat="-22.669190978631377" lon="14.585809037089348">
        <ele>115</ele>
      </trkpt>
      <trkpt lat="-22.6691950019449" lon="14.58577299490571">
        <ele>115</ele>
      </trkpt>
      <trkpt lat="-22.669191984459758" lon="14.585737036541104">
        <ele>115</ele>
      </trkpt>
      <trkpt lat="-22.669185027480125" lon="14.585699988529086">
        <ele>115</ele>
      </trkpt>
      <trkpt lat="-22.669170023873448" lon="14.585669981315732">
        <ele>115</ele>
      </trkpt>
      <trkpt lat="-22.669154014438391" lon="14.585645003244281">
        <ele>115</ele>
      </trkpt>
      <trkpt lat="-22.669141022488475" lon="14.585619019344449">
        <ele>115</ele>
      </trkpt>
      <trkpt lat="-22.66913297586143" lon="14.585594041272998">
        <ele>115</ele>
      </trkpt>
      <trkpt lat="-22.669128030538559" lon="14.585569985210896">
        <ele>115</ele>
      </trkpt>
      <trkpt lat="-22.669125013053417" lon="14.58553796634078">
        <ele>115</ele>
      </trkpt>
      <trkpt lat="-22.669128030538559" lon="14.585495973005891">
        <ele>115</ele>
      </trkpt>
      <trkpt lat="-22.66913297586143" lon="14.585453979671001">
        <ele>115</ele>
      </trkpt>
      <trkpt lat="-22.669136999174953" lon="14.585413997992873">
        <ele>115</ele>
      </trkpt>
      <trkpt lat="-22.669145967811346" lon="14.585377033799887">
        <ele>115</ele>
      </trkpt>
      <trkpt lat="-22.669155020266771" lon="14.585344009101391">
        <ele>115</ele>
      </trkpt>
      <trkpt lat="-22.669163988903165" lon="14.585301009938121">
        <ele>115</ele>
      </trkpt>
      <trkpt lat="-22.669176980853081" lon="14.585277959704399">
        <ele>115</ele>
      </trkpt>
      <trkpt lat="-22.669190978631377" lon="14.585260022431612">
        <ele>115</ele>
      </trkpt>
      <trkpt lat="-22.669207993894815" lon="14.585243007168174">
        <ele>115</ele>
      </trkpt>
      <trkpt lat="-22.669226014986634" lon="14.585223980247974">
        <ele>115</ele>
      </trkpt>
      <trkpt lat="-22.669240012764931" lon="14.585197996348143">
        <ele>115</ele>
      </trkpt>
      <trkpt lat="-22.669248981401324" lon="14.58517000079155">
        <ele>115</ele>
      </trkpt>
      <trkpt lat="-22.669253004714847" lon="14.585142005234957">
        <ele>115</ele>
      </trkpt>
      <trkpt lat="-22.669256022199988" lon="14.58510797470808">
        <ele>115</ele>
      </trkpt>
      <trkpt lat="-22.66926197335124" lon="14.58506497554481">
        <ele>115</ele>
      </trkpt>
      <trkpt lat="-22.669273959472775" lon="14.585019964724779">
        <ele>115</ele>
      </trkpt>
      <trkpt lat="-22.669289968907833" lon="14.584980988875031">
        <ele>114.59999999999999</ele>
      </trkpt>
      <trkpt lat="-22.669311007484794" lon="14.584947964176536">
        <ele>114.40000000000001</ele>
      </trkpt>
      <trkpt lat="-22.669337997213006" lon="14.584915023297071">
        <ele>114.2</ele>
      </trkpt>
      <trkpt lat="-22.669370016083121" lon="14.584877975285053">
        <ele>114.2</ele>
      </trkpt>
      <trkpt lat="-22.669393988326192" lon="14.584837993606925">
        <ele>114</ele>
      </trkpt>
      <trkpt lat="-22.66941100358963" lon="14.584796000272036">
        <ele>114</ele>
      </trkpt>
      <trkpt lat="-22.669426007196307" lon="14.584755012765527">
        <ele>113.8</ele>
      </trkpt>
      <trkpt lat="-22.669444028288126" lon="14.584712013602257">
        <ele>113.8</ele>
      </trkpt>
      <trkpt lat="-22.669462971389294" lon="14.584669014438987">
        <ele>113.59999999999999</ele>
      </trkpt>
      <trkpt lat="-22.669483004137874" lon="14.584621991962194">
        <ele>113.40000000000001</ele>
      </trkpt>
      <trkpt lat="-22.669503036886454" lon="14.584573041647673">
        <ele>113.2</ele>
      </trkpt>
      <trkpt lat="-22.669520974159241" lon="14.584527024999261">
        <ele>112.8</ele>
      </trkpt>
      <trkpt lat="-22.669532960280776" lon="14.584484025835991">
        <ele>112.8</ele>
      </trkpt>
      <trkpt lat="-22.669543018564582" lon="14.584442032501101">
        <ele>112.59999999999999</ele>
      </trkpt>
      <trkpt lat="-22.669551987200975" lon="14.584398027509451">
        <ele>112.40000000000001</ele>
      </trkpt>
      <trkpt lat="-22.669557016342878" lon="14.584357040002942">
        <ele>112.40000000000001</ele>
      </trkpt>
      <trkpt lat="-22.66956003382802" lon="14.584315968677402">
        <ele>112.40000000000001</ele>
      </trkpt>
      <trkpt lat="-22.669565984979272" lon="14.584276992827654">
        <ele>112.40000000000001</ele>
      </trkpt>
      <trkpt lat="-22.669575037434697" lon="14.584242040291429">
        <ele>112.40000000000001</ele>
      </trkpt>
      <trkpt lat="-22.669587023556232" lon="14.584205998107791">
        <ele>112.2</ele>
      </trkpt>
      <trkpt lat="-22.66960303299129" lon="14.584172973409295">
        <ele>112.2</ele>
      </trkpt>
      <trkpt lat="-22.6696249935776" lon="14.584140032529831">
        <ele>112.2</ele>
      </trkpt>
      <trkpt lat="-22.66964603215456" lon="14.584107007831335">
        <ele>112.2</ele>
      </trkpt>
      <trkpt lat="-22.669663969427347" lon="14.5840759947896">
        <ele>112.59999999999999</ele>
      </trkpt>
      <trkpt lat="-22.669684002175927" lon="14.584043975919485">
        <ele>112.59999999999999</ele>
      </trkpt>
      <trkpt lat="-22.669701017439365" lon="14.58400902338326">
        <ele>112.8</ele>
      </trkpt>
      <trkpt lat="-22.669719960540533" lon="14.583972981199622">
        <ele>113</ele>
      </trkpt>
      <trkpt lat="-22.669739993289113" lon="14.583937022835016">
        <ele>113.2</ele>
      </trkpt>
      <trkpt lat="-22.66975499689579" lon="14.583898968994617">
        <ele>113.40000000000001</ele>
      </trkpt>
      <trkpt lat="-22.669764971360564" lon="14.58385999314487">
        <ele>113.8</ele>
      </trkpt>
      <trkpt lat="-22.669772012159228" lon="14.583821017295122">
        <ele>113.8</ele>
      </trkpt>
      <trkpt lat="-22.669777041301131" lon="14.583785980939865">
        <ele>114.2</ele>
      </trkpt>
      <trkpt lat="-22.669789027422667" lon="14.58375496789813">
        <ele>114.40000000000001</ele>
      </trkpt>
      <trkpt lat="-22.669806964695454" lon="14.583721021190286">
        <ele>114.40000000000001</ele>
      </trkpt>
      <trkpt lat="-22.669823979958892" lon="14.583684979006648">
        <ele>114.40000000000001</ele>
      </trkpt>
      <trkpt lat="-22.669837977737188" lon="14.58364499732852">
        <ele>114.40000000000001</ele>
      </trkpt>
      <trkpt lat="-22.669852981343865" lon="14.583606021478772">
        <ele>114.40000000000001</ele>
      </trkpt>
      <trkpt lat="-22.669871002435684" lon="14.583566961809993">
        <ele>114.40000000000001</ele>
      </trkpt>
      <trkpt lat="-22.669891035184264" lon="14.583526980131865">
        <ele>114.40000000000001</ele>
      </trkpt>
      <trkpt lat="-22.669909978285432" lon="14.58349303342402">
        <ele>114.40000000000001</ele>
      </trkpt>
      <trkpt lat="-22.669927999377251" lon="14.583465037867427">
        <ele>114.40000000000001</ele>
      </trkpt>
      <trkpt lat="-22.669951971620321" lon="14.583447016775608">
        <ele>114.40000000000001</ele>
      </trkpt>
      <trkpt lat="-22.669977033510804" lon="14.58343000151217">
        <ele>114.2</ele>
      </trkpt>
      <trkpt lat="-22.670003017410636" lon="14.583408962935209">
        <ele>114</ele>
      </trkpt>
      <trkpt lat="-22.670031012967229" lon="14.583384990692139">
        <ele>113.8</ele>
      </trkpt>
      <trkpt lat="-22.670062026008964" lon="14.583363030105829">
        <ele>113.59999999999999</ele>
      </trkpt>
      <trkpt lat="-22.670092033222318" lon="14.583346014842391">
        <ele>113.40000000000001</ele>
      </trkpt>
      <trkpt lat="-22.670122962445021" lon="14.583336962386966">
        <ele>113.2</ele>
      </trkpt>
      <trkpt lat="-22.670165039598942" lon="14.583325982093811">
        <ele>113.2</ele>
      </trkpt>
      <trkpt lat="-22.670209966599941" lon="14.583315001800656">
        <ele>112.8</ele>
      </trkpt>
      <trkpt lat="-22.670250032097101" lon="14.583310978487134">
        <ele>112.40000000000001</ele>
      </trkpt>
      <trkpt lat="-22.670289007946849" lon="14.583309972658753">
        <ele>112</ele>
      </trkpt>
      <trkpt lat="-22.670331001281738" lon="14.583313995972276">
        <ele>111.59999999999999</ele>
      </trkpt>
      <trkpt lat="-22.670375006273389" lon="14.583321958780289">
        <ele>111.40000000000001</ele>
      </trkpt>
      <trkpt lat="-22.670422028750181" lon="14.583332017064095">
        <ele>111</ele>
      </trkpt>
      <trkpt lat="-22.670470979064703" lon="14.583340985700488">
        <ele>110.59999999999999</ele>
      </trkpt>
      <trkpt lat="-22.670524036511779" lon="14.583348026499152">
        <ele>110.2</ele>
      </trkpt>
      <trkpt lat="-22.670577010139823" lon="14.583352971822023">
        <ele>109.40000000000001</ele>
      </trkpt>
      <trkpt lat="-22.670629983767867" lon="14.583359006792307">
        <ele>109</ele>
      </trkpt>
      <trkpt lat="-22.670684969052672" lon="14.583363030105829">
        <ele>108.8</ele>
      </trkpt>
      <trkpt lat="-22.670738026499748" lon="14.583363030105829">
        <ele>108.2</ele>
      </trkpt>
      <trkpt lat="-22.670788988471031" lon="14.583352971822023">
        <ele>107.40000000000001</ele>
      </trkpt>
      <trkpt lat="-22.670841040089726" lon="14.583336962386966">
        <ele>107.40000000000001</ele>
      </trkpt>
      <trkpt lat="-22.670890996232629" lon="14.583316007629037">
        <ele>107.2</ele>
      </trkpt>
      <trkpt lat="-22.670931983739138" lon="14.583289017900825">
        <ele>106.59999999999999</ele>
      </trkpt>
      <trkpt lat="-22.670960985124111" lon="14.583250964060426">
        <ele>106</ele>
      </trkpt>
      <trkpt lat="-22.670982023701072" lon="14.583204025402665">
        <ele>105.8</ele>
      </trkpt>
      <trkpt lat="-22.670996021479368" lon="14.58315197378397">
        <ele>105.59999999999999</ele>
      </trkpt>
      <trkpt lat="-22.671007001772523" lon="14.583097994327545">
        <ele>105.59999999999999</ele>
      </trkpt>
      <trkpt lat="-22.671017982065678" lon="14.58304401487112">
        <ele>105.2</ele>
      </trkpt>
      <trkpt lat="-22.671033991500735" lon="14.582992969080806">
        <ele>105</ele>
      </trkpt>
      <trkpt lat="-22.671052012592554" lon="14.582942007109523">
        <ele>104.59999999999999</ele>
      </trkpt>
      <trkpt lat="-22.671071961522102" lon="14.582890961319208">
        <ele>104.59999999999999</ele>
      </trkpt>
      <trkpt lat="-22.671093000099063" lon="14.582842011004686">
        <ele>104.40000000000001</ele>
      </trkpt>
      <trkpt lat="-22.671114960685372" lon="14.582789037376642">
        <ele>104.40000000000001</ele>
      </trkpt>
      <trkpt lat="-22.671129964292049" lon="14.582734974101186">
        <ele>104.40000000000001</ele>
      </trkpt>
      <trkpt lat="-22.671143040060997" lon="14.582679988816381">
        <ele>104.40000000000001</ele>
      </trkpt>
      <trkpt lat="-22.671153014525771" lon="14.582625003531575">
        <ele>104.40000000000001</ele>
      </trkpt>
      <trkpt lat="-22.671165000647306" lon="14.582569012418389">
        <ele>104.40000000000001</ele>
      </trkpt>
      <trkpt lat="-22.671177992597222" lon="14.58250698633492">
        <ele>104.40000000000001</ele>
      </trkpt>
      <trkpt lat="-22.671186961233616" lon="14.582446971908212">
        <ele>104.2</ele>
      </trkpt>
      <trkpt lat="-22.671197019517422" lon="14.582389974966645">
        <ele>104.2</ele>
      </trkpt>
      <trkpt lat="-22.671215040609241" lon="14.582338007166982">
        <ele>104.2</ele>
      </trkpt>
      <trkpt lat="-22.671246975660324" lon="14.582300037145615">
        <ele>104.2</ele>
      </trkpt>
      <trkpt lat="-22.671282012015581" lon="14.582278998568654">
        <ele>104.2</ele>
      </trkpt>
      <trkpt lat="-22.671321993693709" lon="14.582267012447119">
        <ele>104.2</ele>
      </trkpt>
      <trkpt lat="-22.671359963715076" lon="14.582257959991693">
        <ele>104.2</ele>
      </trkpt>
      <trkpt lat="-22.671401035040617" lon="14.582255026325583">
        <ele>104.2</ele>
      </trkpt>
      <trkpt lat="-22.671441016718745" lon="14.582256032153964">
        <ele>104</ele>
      </trkpt>
      <trkpt lat="-22.671478986740112" lon="14.582261983305216">
        <ele>104</ele>
      </trkpt>
      <trkpt lat="-22.671514023095369" lon="14.582273969426751">
        <ele>104</ele>
      </trkpt>
      <trkpt lat="-22.671548975631595" lon="14.582296013832092">
        <ele>103.8</ele>
      </trkpt>
      <trkpt lat="-22.671585017815232" lon="14.582327026873827">
        <ele>103.8</ele>
      </trkpt>
      <trkpt lat="-22.671617958694696" lon="14.582363991066813">
        <ele>103.59999999999999</ele>
      </trkpt>
      <trkpt lat="-22.671646038070321" lon="14.582406990230083">
        <ele>103.59999999999999</ele>
      </trkpt>
      <trkpt lat="-22.671676967293024" lon="14.582457030192018">
        <ele>103.59999999999999</ele>
      </trkpt>
      <trkpt lat="-22.671712003648281" lon="14.582505980506539">
        <ele>103.40000000000001</ele>
      </trkpt>
      <trkpt lat="-22.671748967841268" lon="14.582557026296854">
        <ele>103.40000000000001</ele>
      </trkpt>
      <trkpt lat="-22.671787021681666" lon="14.582605976611376">
        <ele>103.40000000000001</ele>
      </trkpt>
      <trkpt lat="-22.671821974217892" lon="14.582649981603026">
        <ele>103.2</ele>
      </trkpt>
      <trkpt lat="-22.67186002805829" lon="14.582684012129903">
        <ele>103.2</ele>
      </trkpt>
      <trkpt lat="-22.67190202139318" lon="14.582711001858115">
        <ele>103.2</ele>
      </trkpt>
      <trkpt lat="-22.671948038041592" lon="14.582736985757947">
        <ele>103</ele>
      </trkpt>
      <trkpt lat="-22.671991959214211" lon="14.582762969657779">
        <ele>103</ele>
      </trkpt>
      <trkpt lat="-22.672035964205861" lon="14.582783002406359">
        <ele>103</ele>
      </trkpt>
      <trkpt lat="-22.672086004167795" lon="14.582800017669797">
        <ele>103</ele>
      </trkpt>
      <trkpt lat="-22.672138977795839" lon="14.582814015448093">
        <ele>102.8</ele>
      </trkpt>
      <trkpt lat="-22.672193963080645" lon="14.582822984084487">
        <ele>102.8</ele>
      </trkpt>
      <trkpt lat="-22.672249032184482" lon="14.582826001569629">
        <ele>102.59999999999999</ele>
      </trkpt>
      <trkpt lat="-22.672299994155765" lon="14.58282801322639">
        <ele>102.40000000000001</ele>
      </trkpt>
      <trkpt lat="-22.672351961955428" lon="14.582822984084487">
        <ele>102.2</ele>
      </trkpt>
      <trkpt lat="-22.672411976382136" lon="14.582810997962952">
        <ele>102</ele>
      </trkpt>
      <trkpt lat="-22.672485988587141" lon="14.582799011841416">
        <ele>101.59999999999999</ele>
      </trkpt>
      <trkpt lat="-22.672560000792146" lon="14.582789037376642">
        <ele>101.40000000000001</ele>
      </trkpt>
      <trkpt lat="-22.672630995512009" lon="14.58278501406312">
        <ele>101.40000000000001</ele>
      </trkpt>
      <trkpt lat="-22.672705007717013" lon="14.582781996577978">
        <ele>101.2</ele>
      </trkpt>
      <trkpt lat="-22.672779019922018" lon="14.582777973264456">
        <ele>101</ele>
      </trkpt>
      <trkpt lat="-22.672854959964752" lon="14.582775961607695">
        <ele>100.8</ele>
      </trkpt>
      <trkpt lat="-22.672928972169757" lon="14.582774033769965">
        <ele>100.59999999999999</ele>
      </trkpt>
      <trkpt lat="-22.672998961061239" lon="14.582769004628062">
        <ele>100.59999999999999</ele>
      </trkpt>
      <trkpt lat="-22.67306299880147" lon="14.582759030163288">
        <ele>99.799999999999997</ele>
      </trkpt>
      <trkpt lat="-22.673122007399797" lon="14.58274302072823">
        <ele>99.599999999999994</ele>
      </trkpt>
      <trkpt lat="-22.673175986856222" lon="14.582717958837748">
        <ele>99.400000000000006</ele>
      </trkpt>
      <trkpt lat="-22.673228038474917" lon="14.582682000473142">
        <ele>99.200000000000003</ele>
      </trkpt>
      <trkpt lat="-22.673281012102962" lon="14.582645036280155">
        <ele>99</ele>
      </trkpt>
      <trkpt lat="-22.673338009044528" lon="14.582607988268137">
        <ele>98.599999999999994</ele>
      </trkpt>
      <trkpt lat="-22.673396011814475" lon="14.582573035731912">
        <ele>98.599999999999994</ele>
      </trkpt>
      <trkpt lat="-22.673454014584422" lon="14.582537999376655">
        <ele>98.400000000000006</ele>
      </trkpt>
      <trkpt lat="-22.67351402901113" lon="14.582502963021398">
        <ele>98</ele>
      </trkpt>
      <trkpt lat="-22.673576977103949" lon="14.582471027970314">
        <ele>97.599999999999994</ele>
      </trkpt>
      <trkpt lat="-22.673650989308953" lon="14.582431968301535">
        <ele>97.200000000000003</ele>
      </trkpt>
      <trkpt lat="-22.673703962936997" lon="14.582407996058464">
        <ele>97</ele>
      </trkpt>
      <trkpt lat="-22.673765989020467" lon="14.582374971359968">
        <ele>96.799999999999997</ele>
      </trkpt>
      <trkpt lat="-22.673820974305272" lon="14.582337001338601">
        <ele>96.599999999999994</ele>
      </trkpt>
      <trkpt lat="-22.673875037580729" lon="14.58229199051857">
        <ele>96.400000000000006</ele>
      </trkpt>
      <trkpt lat="-22.673930022865534" lon="14.5822489913553">
        <ele>96</ele>
      </trkpt>
      <trkpt lat="-22.673985008150339" lon="14.582206998020411">
        <ele>95.799999999999997</ele>
      </trkpt>
      <trkpt lat="-22.674039993435144" lon="14.582165004685521">
        <ele>95.599999999999994</ele>
      </trkpt>
      <trkpt lat="-22.67409497871995" lon="14.582124017179012">
        <ele>95.599999999999994</ele>
      </trkpt>
      <trkpt lat="-22.674150969833136" lon="14.582084035500884">
        <ele>95.400000000000006</ele>
      </trkpt>
      <trkpt lat="-22.674209978431463" lon="14.582046987488866">
        <ele>95.200000000000003</ele>
      </trkpt>
      <trkpt lat="-22.674272004514933" lon="14.582017986103892">
        <ele>95</ele>
      </trkpt>
      <trkpt lat="-22.674335958436131" lon="14.58199099637568">
        <ele>95</ele>
      </trkpt>
      <trkpt lat="-22.674398990347981" lon="14.581967024132609">
        <ele>94.799999999999997</ele>
      </trkpt>
      <trkpt lat="-22.674461016431451" lon="14.581943973898888">
        <ele>94.599999999999994</ele>
      </trkpt>
      <trkpt lat="-22.67452203668654" lon="14.581922013312578">
        <ele>94.400000000000006</ele>
      </trkpt>
      <trkpt lat="-22.674582973122597" lon="14.581899968907237">
        <ele>94.400000000000006</ele>
      </trkpt>
      <trkpt lat="-22.674641981720924" lon="14.581878008320928">
        <ele>94.400000000000006</ele>
      </trkpt>
      <trkpt lat="-22.674698978662491" lon="14.581855041906238">
        <ele>94.200000000000003</ele>
      </trkpt>
      <trkpt lat="-22.674755975604057" lon="14.581828974187374">
        <ele>94</ele>
      </trkpt>
      <trkpt lat="-22.674813978374004" lon="14.581805001944304">
        <ele>94</ele>
      </trkpt>
      <trkpt lat="-22.674870975315571" lon="14.581778012216091">
        <ele>93.799999999999997</ele>
      </trkpt>
      <trkpt lat="-22.674926966428757" lon="14.58175303414464">
        <ele>93.799999999999997</ele>
      </trkpt>
      <trkpt lat="-22.674983963370323" lon="14.581731995567679">
        <ele>93.799999999999997</ele>
      </trkpt>
      <trkpt lat="-22.67504196614027" lon="14.581711962819099">
        <ele>93.599999999999994</ele>
      </trkpt>
      <trkpt lat="-22.675097035244107" lon="14.581692013889551">
        <ele>93.400000000000006</ele>
      </trkpt>
      <trkpt lat="-22.675152020528913" lon="14.581673992797732">
        <ele>93.200000000000003</ele>
      </trkpt>
      <trkpt lat="-22.675202982500196" lon="14.581659995019436">
        <ele>93</ele>
      </trkpt>
      <trkpt lat="-22.675248999148607" lon="14.581651026383042">
        <ele>93</ele>
      </trkpt>
      <trkpt lat="-22.675298033282161" lon="14.581645997241139">
        <ele>93</ele>
      </trkpt>
      <trkpt lat="-22.675346983596683" lon="14.58164700306952">
        <ele>92.799999999999997</ele>
      </trkpt>
      <trkpt lat="-22.675398029386997" lon="14.581649014726281">
        <ele>92.799999999999997</ele>
      </trkpt>
      <trkpt lat="-22.675452008843422" lon="14.581650020554662">
        <ele>92.799999999999997</ele>
      </trkpt>
      <trkpt lat="-22.675507999956608" lon="14.581649014726281">
        <ele>92.799999999999997</ele>
      </trkpt>
      <trkpt lat="-22.675563991069794" lon="14.58164700306952">
        <ele>92.599999999999994</ele>
      </trkpt>
      <trkpt lat="-22.67562098801136" lon="14.58164700306952">
        <ele>92.599999999999994</ele>
      </trkpt>
      <trkpt lat="-22.675679996609688" lon="14.581648008897901">
        <ele>92.599999999999994</ele>
      </trkpt>
      <trkpt lat="-22.675739005208015" lon="14.581650020554662">
        <ele>92.400000000000006</ele>
      </trkpt>
      <trkpt lat="-22.675797007977962" lon="14.581651026383042">
        <ele>92.400000000000006</ele>
      </trkpt>
      <trkpt lat="-22.67585501074791" lon="14.581651026383042">
        <ele>92.400000000000006</ele>
      </trkpt>
      <trkpt lat="-22.675914019346237" lon="14.581649014726281">
        <ele>92.200000000000003</ele>
      </trkpt>
      <trkpt lat="-22.675970010459423" lon="14.581639040261507">
        <ele>92</ele>
      </trkpt>
      <trkpt lat="-22.676024995744228" lon="14.581624958664179">
        <ele>92</ele>
      </trkpt>
      <trkpt lat="-22.676077969372272" lon="14.581605009734631">
        <ele>91.799999999999997</ele>
      </trkpt>
      <trkpt lat="-22.676129015162587" lon="14.581579025834799">
        <ele>91.599999999999994</ele>
      </trkpt>
      <trkpt lat="-22.676180982962251" lon="14.581550024449825">
        <ele>91.599999999999994</ele>
      </trkpt>
      <trkpt lat="-22.676234040409327" lon="14.581521023064852">
        <ele>91.400000000000006</ele>
      </trkpt>
      <trkpt lat="-22.676283996552229" lon="14.581486992537975">
        <ele>91.200000000000003</ele>
      </trkpt>
      <trkpt lat="-22.676333030685782" lon="14.58145204000175">
        <ele>91.200000000000003</ele>
      </trkpt>
      <trkpt lat="-22.676380975171924" lon="14.581415997818112">
        <ele>91</ele>
      </trkpt>
      <trkpt lat="-22.676431015133858" lon="14.581379033625126">
        <ele>91</ele>
      </trkpt>
      <trkpt lat="-22.67647996544838" lon="14.581349026411772">
        <ele>91</ele>
      </trkpt>
      <trkpt lat="-22.676532017067075" lon="14.581320025026798">
        <ele>91</ele>
      </trkpt>
      <trkpt lat="-22.676585996523499" lon="14.581294963136315">
        <ele>91</ele>
      </trkpt>
      <trkpt lat="-22.676634024828672" lon="14.581277025863528">
        <ele>90.799999999999997</ele>
      </trkpt>
      <trkpt lat="-22.676679035648704" lon="14.581267973408103">
        <ele>90.799999999999997</ele>
      </trkpt>
      <trkpt lat="-22.676725974306464" lon="14.58126001060009">
        <ele>90.799999999999997</ele>
      </trkpt>
      <trkpt lat="-22.676772996783257" lon="14.581255987286568">
        <ele>90.799999999999997</ele>
      </trkpt>
      <trkpt lat="-22.676813984289765" lon="14.581259004771709">
        <ele>90.799999999999997</ele>
      </trkpt>
      <trkpt lat="-22.676863018423319" lon="14.581261016428471">
        <ele>90.799999999999997</ele>
      </trkpt>
      <trkpt lat="-22.676914986222982" lon="14.581269985064864">
        <ele>90.799999999999997</ele>
      </trkpt>
      <trkpt lat="-22.676970977336168" lon="14.581279959529638">
        <ele>90.799999999999997</ele>
      </trkpt>
      <trkpt lat="-22.677026968449354" lon="14.581295968964696">
        <ele>90.599999999999994</ele>
      </trkpt>
      <trkpt lat="-22.677084971219301" lon="14.581314995884895">
        <ele>90.599999999999994</ele>
      </trkpt>
      <trkpt lat="-22.677144985646009" lon="14.581332011148334">
        <ele>90.599999999999994</ele>
      </trkpt>
      <trkpt lat="-22.677199970930815" lon="14.581351038068533">
        <ele>90.599999999999994</ele>
      </trkpt>
      <trkpt lat="-22.677253028377891" lon="14.581369981169701">
        <ele>90.599999999999994</ele>
      </trkpt>
      <trkpt lat="-22.677312958985567" lon="14.581382973119617">
        <ele>90.599999999999994</ele>
      </trkpt>
      <trkpt lat="-22.677374985069036" lon="14.581394037231803">
        <ele>90.599999999999994</ele>
      </trkpt>
      <trkpt lat="-22.677438016980886" lon="14.581404011696577">
        <ele>90.599999999999994</ele>
      </trkpt>
      <trkpt lat="-22.677498031407595" lon="14.581415997818112">
        <ele>90.599999999999994</ele>
      </trkpt>
      <trkpt lat="-22.677558967843652" lon="14.581427983939648">
        <ele>90.599999999999994</ele>
      </trkpt>
      <trkpt lat="-22.67761898227036" lon="14.581439970061183">
        <ele>90.599999999999994</ele>
      </trkpt>
      <trkpt lat="-22.677675979211926" lon="14.581451034173369">
        <ele>90.599999999999994</ele>
      </trkpt>
      <trkpt lat="-22.677729036659002" lon="14.58145497366786">
        <ele>90.599999999999994</ele>
      </trkpt>
      <trkpt lat="-22.677779998630285" lon="14.581452962011099">
        <ele>90.599999999999994</ele>
      </trkpt>
      <trkpt lat="-22.677826015278697" lon="14.581447010859847">
        <ele>90.599999999999994</ele>
      </trkpt>
      <trkpt lat="-22.677867002785206" lon="14.581439970061183">
        <ele>90.599999999999994</ele>
      </trkpt>
      <trkpt lat="-22.677902039140463" lon="14.581437958404422">
        <ele>90.599999999999994</ele>
      </trkpt>
      <trkpt lat="-22.677934980019927" lon="14.581441981717944">
        <ele>90.599999999999994</ele>
      </trkpt>
      <trkpt lat="-22.677964987233281" lon="14.581444999203086">
        <ele>90.599999999999994</ele>
      </trkpt>
      <trkpt lat="-22.677986025810242" lon="14.581452962011099">
        <ele>90.599999999999994</ele>
      </trkpt>
      <trkpt lat="-22.677998011931777" lon="14.581460002809763">
        <ele>90.599999999999994</ele>
      </trkpt>
      <trkpt lat="-22.678001029416919" lon="14.581463020294905">
        <ele>90.599999999999994</ele>
      </trkpt>
      <trkpt lat="-22.678001029416919" lon="14.581463020294905">
        <ele>90.599999999999994</ele>
      </trkpt>
      <trkpt lat="-22.678002035245299" lon="14.581462014466524">
        <ele>90.599999999999994</ele>
      </trkpt>
      <trkpt lat="-22.678011003881693" lon="14.581462014466524">
        <ele>90.599999999999994</ele>
      </trkpt>
      <trkpt lat="-22.678028019145131" lon="14.581464026123285">
        <ele>90.599999999999994</ele>
      </trkpt>
      <trkpt lat="-22.678046962246299" lon="14.581470983102918">
        <ele>90.599999999999994</ele>
      </trkpt>
      <trkpt lat="-22.678065989166498" lon="14.581477018073201">
        <ele>90.599999999999994</ele>
      </trkpt>
      <trkpt lat="-22.678087027743459" lon="14.581484980881214">
        <ele>90.599999999999994</ele>
      </trkpt>
      <trkpt lat="-22.678115023300052" lon="14.581486992537975">
        <ele>90.599999999999994</ele>
      </trkpt>
      <trkpt lat="-22.678146958351135" lon="14.581481041386724">
        <ele>90.599999999999994</ele>
      </trkpt>
      <trkpt lat="-22.67817503772676" lon="14.581464026123285">
        <ele>90.599999999999994</ele>
      </trkpt>
      <trkpt lat="-22.678194986656308" lon="14.581433013081551">
        <ele>90.599999999999994</ele>
      </trkpt>
      <trkpt lat="-22.678205966949463" lon="14.581396970897913">
        <ele>90.599999999999994</ele>
      </trkpt>
      <trkpt lat="-22.678205966949463" lon="14.581359000876546">
        <ele>90.400000000000006</ele>
      </trkpt>
      <trkpt lat="-22.678201021626592" lon="14.581322958692908">
        <ele>90.400000000000006</ele>
      </trkpt>
      <trkpt lat="-22.678189035505056" lon="14.581279959529638">
        <ele>90.400000000000006</ele>
      </trkpt>
      <trkpt lat="-22.678174031898379" lon="14.581232015043497">
        <ele>90.200000000000003</ele>
      </trkpt>
      <trkpt lat="-22.678156010806561" lon="14.581179963424802">
        <ele>90</ele>
      </trkpt>
      <trkpt lat="-22.678138995543122" lon="14.581121960654855">
        <ele>89.599999999999994</ele>
      </trkpt>
      <trkpt lat="-22.678120974451303" lon="14.58106798119843">
        <ele>89.200000000000003</ele>
      </trkpt>
      <trkpt lat="-22.678103959187865" lon="14.581010984256864">
        <ele>89.200000000000003</ele>
      </trkpt>
      <trkpt lat="-22.678090967237949" lon="14.580949964001775">
        <ele>89</ele>
      </trkpt>
      <trkpt lat="-22.678075963631272" lon="14.580890033394098">
        <ele>88.799999999999997</ele>
      </trkpt>
      <trkpt lat="-22.678054003044963" lon="14.580831024795771">
        <ele>88.799999999999997</ele>
      </trkpt>
      <trkpt lat="-22.678020978346467" lon="14.580785008147359">
        <ele>88.599999999999994</ele>
      </trkpt>
      <trkpt lat="-22.677985019981861" lon="14.580753995105624">
        <ele>88.599999999999994</ele>
      </trkpt>
      <trkpt lat="-22.677951995283365" lon="14.580741003155708">
        <ele>88.599999999999994</ele>
      </trkpt>
      <trkpt lat="-22.677923999726772" lon="14.580736979842186">
        <ele>88.599999999999994</ele>
      </trkpt>
      <trkpt lat="-22.677896004170179" lon="14.580733040347695">
        <ele>88.599999999999994</ele>
      </trkpt>
      <trkpt lat="-22.677870020270348" lon="14.580721976235509">
        <ele>88.599999999999994</ele>
      </trkpt>
      <trkpt lat="-22.677844036370516" lon="14.580704038962722">
        <ele>88.599999999999994</ele>
      </trkpt>
      <trkpt lat="-22.677819980308414" lon="14.580670008435845">
        <ele>88.599999999999994</ele>
      </trkpt>
      <trkpt lat="-22.677806988358498" lon="14.58063698373735">
        <ele>88.599999999999994</ele>
      </trkpt>
      <trkpt lat="-22.677800031378865" lon="14.580587027594447">
        <ele>88.799999999999997</ele>
      </trkpt>
      <trkpt lat="-22.677802965044975" lon="14.580532964318991">
        <ele>89.200000000000003</ele>
      </trkpt>
      <trkpt lat="-22.677816040813923" lon="14.580462975427508">
        <ele>89.400000000000006</ele>
      </trkpt>
      <trkpt lat="-22.677830038592219" lon="14.580413019284606">
        <ele>89.599999999999994</ele>
      </trkpt>
      <trkpt lat="-22.677845964208245" lon="14.580353004857898">
        <ele>89.599999999999994</ele>
      </trkpt>
      <trkpt lat="-22.677868008613586" lon="14.58029399625957">
        <ele>89.599999999999994</ele>
      </trkpt>
      <trkpt lat="-22.677889969199896" lon="14.58023096434772">
        <ele>89.599999999999994</ele>
      </trkpt>
      <trkpt lat="-22.677913019433618" lon="14.580167010426521">
        <ele>89.599999999999994</ele>
      </trkpt>
      <trkpt lat="-22.677939003333449" lon="14.58010196685791">
        <ele>89.599999999999994</ele>
      </trkpt>
      <trkpt lat="-22.677969010546803" lon="14.580042958259583">
        <ele>89.599999999999994</ele>
      </trkpt>
      <trkpt lat="-22.677999017760158" lon="14.579985039308667">
        <ele>89.599999999999994</ele>
      </trkpt>
      <trkpt lat="-22.678023995831609" lon="14.57992703653872">
        <ele>89.599999999999994</ele>
      </trkpt>
      <trkpt lat="-22.678046962246299" lon="14.579868027940392">
        <ele>89.599999999999994</ele>
      </trkpt>
      <trkpt lat="-22.67806900665164" lon="14.579807007685304">
        <ele>89.599999999999994</ele>
      </trkpt>
      <trkpt lat="-22.67809197306633" lon="14.579745987430215">
        <ele>89.599999999999994</ele>
      </trkpt>
      <trkpt lat="-22.678116029128432" lon="14.579684967175126">
        <ele>89.599999999999994</ele>
      </trkpt>
      <trkpt lat="-22.678137989714742" lon="14.579616989940405">
        <ele>89.599999999999994</ele>
      </trkpt>
      <trkpt lat="-22.678159028291702" lon="14.579551024362445">
        <ele>89.599999999999994</ele>
      </trkpt>
      <trkpt lat="-22.67817797139287" lon="14.579485980793834">
        <ele>89.599999999999994</ele>
      </trkpt>
      <trkpt lat="-22.67819800414145" lon="14.579424960538745">
        <ele>89.400000000000006</ele>
      </trkpt>
      <trkpt lat="-22.678221976384521" lon="14.57937098108232">
        <ele>89.400000000000006</ele>
      </trkpt>
      <trkpt lat="-22.678250977769494" lon="14.579320019111037">
        <ele>89.400000000000006</ele>
      </trkpt>
      <trkpt lat="-22.678279979154468" lon="14.579275008291006">
        <ele>89.400000000000006</ele>
      </trkpt>
      <trkpt lat="-22.678315015509725" lon="14.579233014956117">
        <ele>89.400000000000006</ele>
      </trkpt>
      <trkpt lat="-22.678353991359472" lon="14.579195966944098">
        <ele>89.400000000000006</ele>
      </trkpt>
      <trkpt lat="-22.678396990522742" lon="14.579167971387506">
        <ele>89.400000000000006</ele>
      </trkpt>
      <trkpt lat="-22.678446024656296" lon="14.579136958345771">
        <ele>89.400000000000006</ele>
      </trkpt>
      <trkpt lat="-22.678495980799198" lon="14.579108962789178">
        <ele>89.400000000000006</ele>
      </trkpt>
      <trkpt lat="-22.678546020761132" lon="14.579081973060966">
        <ele>89.200000000000003</ele>
      </trkpt>
      <trkpt lat="-22.678596982732415" lon="14.579058000817895">
        <ele>89.200000000000003</ele>
      </trkpt>
      <trkpt lat="-22.67864802852273" lon="14.579040985554457">
        <ele>89.200000000000003</ele>
      </trkpt>
      <trkpt lat="-22.678696978837252" lon="14.579033022746444">
        <ele>89.200000000000003</ele>
      </trkpt>
      <trkpt lat="-22.678738972172141" lon="14.579028999432921">
        <ele>89</ele>
      </trkpt>
      <trkpt lat="-22.678770991042256" lon="14.579022964462638">
        <ele>89</ele>
      </trkpt>
      <trkpt lat="-22.678798986598849" lon="14.579013995826244">
        <ele>89</ele>
      </trkpt>
      <trkpt lat="-22.67882002517581" lon="14.579001003876328">
        <ele>89</ele>
      </trkpt>
      <trkpt lat="-22.678835028782487" lon="14.578987006098032">
        <ele>89</ele>
      </trkpt>
      <trkpt lat="-22.678840979933739" lon="14.578972002491355">
        <ele>89</ele>
      </trkpt>
      <trkpt lat="-22.67884399741888" lon="14.578951969742775">
        <ele>89</ele>
      </trkpt>
      <trkpt lat="-22.678845003247261" lon="14.578932020813227">
        <ele>89</ele>
      </trkpt>
      <trkpt lat="-22.67884399741888" lon="14.578907964751124">
        <ele>88.799999999999997</ele>
      </trkpt>
      <trkpt lat="-22.678835028782487" lon="14.578878963366151">
        <ele>88.799999999999997</ele>
      </trkpt>
      <trkpt lat="-22.678819019347429" lon="14.578850967809558">
        <ele>88.799999999999997</ele>
      </trkpt>
      <trkpt lat="-22.67880099825561" lon="14.578821966424584">
        <ele>88.799999999999997</ele>
      </trkpt>
      <trkpt lat="-22.67877803184092" lon="14.578792965039611">
        <ele>88.799999999999997</ele>
      </trkpt>
      <trkpt lat="-22.678752969950438" lon="14.57876798696816">
        <ele>88.799999999999997</ele>
      </trkpt>
      <trkpt lat="-22.678720029070973" lon="14.578742003068328">
        <ele>88.799999999999997</ele>
      </trkpt>
      <trkpt lat="-22.678685998544097" lon="14.578716019168496">
        <ele>88.799999999999997</ele>
      </trkpt>
      <trkpt lat="-22.678652973845601" lon="14.578687017783523">
        <ele>88.799999999999997</ele>
      </trkpt>
      <trkpt lat="-22.678619027137756" lon="14.57866002805531">
        <ele>88.799999999999997</ele>
      </trkpt>
      <trkpt lat="-22.678581979125738" lon="14.578635971993208">
        <ele>88.799999999999997</ele>
      </trkpt>
      <trkpt lat="-22.678549960255623" lon="14.578606970608234">
        <ele>88.799999999999997</ele>
      </trkpt>
      <trkpt lat="-22.678522970527411" lon="14.578571012243629">
        <ele>88.799999999999997</ele>
      </trkpt>
      <trkpt lat="-22.678497992455959" lon="14.57853002473712">
        <ele>89</ele>
      </trkpt>
      <trkpt lat="-22.678475026041269" lon="14.578498005867004">
        <ele>89.200000000000003</ele>
      </trkpt>
      <trkpt lat="-22.678449964150786" lon="14.57846699282527">
        <ele>89.200000000000003</ele>
      </trkpt>
      <trkpt lat="-22.678426997736096" lon="14.578436985611916">
        <ele>89.400000000000006</ele>
      </trkpt>
      <trkpt lat="-22.678403025493026" lon="14.578408990055323">
        <ele>89.599999999999994</ele>
      </trkpt>
      <trkpt lat="-22.678376035764813" lon="14.578384011983871">
        <ele>89.599999999999994</ele>
      </trkpt>
      <trkpt lat="-22.678344016894698" lon="14.57835802808404">
        <ele>89.799999999999997</ele>
      </trkpt>
      <trkpt lat="-22.678310992196202" lon="14.578331038355827">
        <ele>89.799999999999997</ele>
      </trkpt>
      <trkpt lat="-22.678276961669326" lon="14.578303964808583">
        <ele>90</ele>
      </trkpt>
      <trkpt lat="-22.678243014961481" lon="14.57827596925199">
        <ele>90.200000000000003</ele>
      </trkpt>
      <trkpt lat="-22.678209990262985" lon="14.578247973695397">
        <ele>90.200000000000003</ele>
      </trkpt>
      <trkpt lat="-22.678176965564489" lon="14.578218972310424">
        <ele>90.400000000000006</ele>
      </trkpt>
      <trkpt lat="-22.678143018856645" lon="14.57818603143096">
        <ele>90.400000000000006</ele>
      </trkpt>
      <trkpt lat="-22.678103037178516" lon="14.578144960105419">
        <ele>90.599999999999994</ele>
      </trkpt>
      <trkpt lat="-22.678077975288033" lon="14.578116964548826">
        <ele>90.799999999999997</ele>
      </trkpt>
      <trkpt lat="-22.67804604023695" lon="14.578083017840981">
        <ele>91</ele>
      </trkpt>
      <trkpt lat="-22.678015027195215" lon="14.578047981485724">
        <ele>91.400000000000006</ele>
      </trkpt>
      <trkpt lat="-22.677986025810242" lon="14.57801504060626">
        <ele>91.599999999999994</ele>
      </trkpt>
      <trkpt lat="-22.677958030253649" lon="14.577984027564526">
        <ele>91.599999999999994</ele>
      </trkpt>
      <trkpt lat="-22.677929028868675" lon="14.577955026179552">
        <ele>91.599999999999994</ele>
      </trkpt>
      <trkpt lat="-22.677899021655321" lon="14.577929964289069">
        <ele>92</ele>
      </trkpt>
      <trkpt lat="-22.677869014441967" lon="14.57790800370276">
        <ele>92.200000000000003</ele>
      </trkpt>
      <trkpt lat="-22.677839007228613" lon="14.57788897678256">
        <ele>92.200000000000003</ele>
      </trkpt>
      <trkpt lat="-22.677806988358498" lon="14.577863998711109">
        <ele>92.400000000000006</ele>
      </trkpt>
      <trkpt lat="-22.677773963660002" lon="14.577836003154516">
        <ele>92.400000000000006</ele>
      </trkpt>
      <trkpt lat="-22.677743034437299" lon="14.577804990112782">
        <ele>92.599999999999994</ele>
      </trkpt>
      <trkpt lat="-22.677713027223945" lon="14.577773977071047">
        <ele>92.599999999999994</ele>
      </trkpt>
      <trkpt lat="-22.677678996697068" lon="14.577741958200932">
        <ele>93</ele>
      </trkpt>
      <trkpt lat="-22.677645971998572" lon="14.577711028978229">
        <ele>93.200000000000003</ele>
      </trkpt>
      <trkpt lat="-22.677612025290728" lon="14.577680015936494">
        <ele>93.400000000000006</ele>
      </trkpt>
      <trkpt lat="-22.677583023905754" lon="14.57765101455152">
        <ele>93.799999999999997</ele>
      </trkpt>
      <trkpt lat="-22.677551005035639" lon="14.577624024823308">
        <ele>94</ele>
      </trkpt>
      <trkpt lat="-22.677519991993904" lon="14.577598040923476">
        <ele>94.200000000000003</ele>
      </trkpt>
      <trkpt lat="-22.677487973123789" lon="14.577569961547852">
        <ele>94.400000000000006</ele>
      </trkpt>
      <trkpt lat="-22.677455032244325" lon="14.577540960162878">
        <ele>94.599999999999994</ele>
      </trkpt>
      <trkpt lat="-22.677422007545829" lon="14.577508019283414">
        <ele>94.799999999999997</ele>
      </trkpt>
      <trkpt lat="-22.677390994504094" lon="14.577477006241679">
        <ele>95</ele>
      </trkpt>
      <trkpt lat="-22.677362998947501" lon="14.577446999028325">
        <ele>95</ele>
      </trkpt>
      <trkpt lat="-22.677335003390908" lon="14.577417997643352">
        <ele>95.400000000000006</ele>
      </trkpt>
      <trkpt lat="-22.677301978692412" lon="14.577382961288095">
        <ele>95.799999999999997</ele>
      </trkpt>
      <trkpt lat="-22.677266020327806" lon="14.577344991266727">
        <ele>95.799999999999997</ele>
      </trkpt>
      <trkpt lat="-22.677226038649678" lon="14.577302997931838">
        <ele>95.799999999999997</ele>
      </trkpt>
      <trkpt lat="-22.677179016172886" lon="14.577255975455046">
        <ele>96</ele>
      </trkpt>
      <trkpt lat="-22.677127970382571" lon="14.577207025140524">
        <ele>96</ele>
      </trkpt>
      <trkpt lat="-22.677077008411288" lon="14.57715698517859">
        <ele>96</ele>
      </trkpt>
      <trkpt lat="-22.677025040611625" lon="14.577107029035687">
        <ele>96</ele>
      </trkpt>
      <trkpt lat="-22.676969971507788" lon="14.577056989073753">
        <ele>96</ele>
      </trkpt>
      <trkpt lat="-22.676919009536505" lon="14.577007032930851">
        <ele>96</ele>
      </trkpt>
      <trkpt lat="-22.676869975402951" lon="14.57696202211082">
        <ele>96</ele>
      </trkpt>
      <trkpt lat="-22.676826976239681" lon="14.57691902294755">
        <ele>96</ele>
      </trkpt>
      <trkpt lat="-22.676796969026327" lon="14.576880969107151">
        <ele>95.799999999999997</ele>
      </trkpt>
      <trkpt lat="-22.676784982904792" lon="14.576850039884448">
        <ele>95.599999999999994</ele>
      </trkpt>
      <trkpt lat="-22.676785988733172" lon="14.576821960508823">
        <ele>95</ele>
      </trkpt>
      <trkpt lat="-22.676799986511469" lon="14.57679295912385">
        <ele>94.599999999999994</ele>
      </trkpt>
      <trkpt lat="-22.676825970411301" lon="14.576764963567257">
        <ele>94.400000000000006</ele>
      </trkpt>
      <trkpt lat="-22.676856983453035" lon="14.576735962182283">
        <ele>94.200000000000003</ele>
      </trkpt>
      <trkpt lat="-22.676885984838009" lon="14.576700003817677">
        <ele>94</ele>
      </trkpt>
      <trkpt lat="-22.676907023414969" lon="14.576655998826027">
        <ele>93.799999999999997</ele>
      </trkpt>
      <trkpt lat="-22.676920015364885" lon="14.576605036854744">
        <ele>93.799999999999997</ele>
      </trkpt>
      <trkpt lat="-22.676920015364885" lon="14.576552985236049">
        <ele>93.599999999999994</ele>
      </trkpt>
      <trkpt lat="-22.67690802924335" lon="14.576486013829708">
        <ele>93.400000000000006</ele>
      </trkpt>
      <trkpt lat="-22.676897970959544" lon="14.576438991352916">
        <ele>93.400000000000006</ele>
      </trkpt>
      <trkpt lat="-22.676885984838009" lon="14.576381994411349">
        <ele>93.200000000000003</ele>
      </trkpt>
      <trkpt lat="-22.676876010373235" lon="14.576318962499499">
        <ele>93.200000000000003</ele>
      </trkpt>
      <trkpt lat="-22.676866035908461" lon="14.576260037720203">
        <ele>93.200000000000003</ele>
      </trkpt>
      <trkpt lat="-22.676855977624655" lon="14.576200023293495">
        <ele>93</ele>
      </trkpt>
      <trkpt lat="-22.676848014816642" lon="14.576140008866787">
        <ele>93</ele>
      </trkpt>
      <trkpt lat="-22.676838962361217" lon="14.576079994440079">
        <ele>93</ele>
      </trkpt>
      <trkpt lat="-22.676830999553204" lon="14.576019980013371">
        <ele>93</ele>
      </trkpt>
      <trkpt lat="-22.67682203091681" lon="14.575959965586662">
        <ele>93</ele>
      </trkpt>
      <trkpt lat="-22.676815995946527" lon="14.575901962816715">
        <ele>93</ele>
      </trkpt>
      <trkpt lat="-22.676808033138514" lon="14.575843038037419">
        <ele>93</ele>
      </trkpt>
      <trkpt lat="-22.676798980683088" lon="14.575791992247105">
        <ele>93</ele>
      </trkpt>
      <trkpt lat="-22.676791017875075" lon="14.575745975598693">
        <ele>93</ele>
      </trkpt>
      <trkpt lat="-22.676783977076411" lon="14.575700964778662">
        <ele>93</ele>
      </trkpt>
      <trkpt lat="-22.676775008440018" lon="14.575656959787011">
        <ele>93</ele>
      </trkpt>
      <trkpt lat="-22.676767967641354" lon="14.575612032786012">
        <ele>93</ele>
      </trkpt>
      <trkpt lat="-22.676762016490102" lon="14.575572973117232">
        <ele>93</ele>
      </trkpt>
      <trkpt lat="-22.676753969863057" lon="14.575533997267485">
        <ele>93.200000000000003</ele>
      </trkpt>
      <trkpt lat="-22.676748018711805" lon="14.575492003932595">
        <ele>93.400000000000006</ele>
      </trkpt>
      <trkpt lat="-22.676742989569902" lon="14.575446993112564">
        <ele>93.799999999999997</ele>
      </trkpt>
      <trkpt lat="-22.676740977913141" lon="14.57539401948452">
        <ele>94.200000000000003</ele>
      </trkpt>
      <trkpt lat="-22.676741983741522" lon="14.575342973694205">
        <ele>94.200000000000003</ele>
      </trkpt>
      <trkpt lat="-22.676745001226664" lon="14.575290000066161">
        <ele>94.400000000000006</ele>
      </trkpt>
      <trkpt lat="-22.676748018711805" lon="14.575234008952975">
        <ele>94.799999999999997</ele>
      </trkpt>
      <trkpt lat="-22.676753969863057" lon="14.575178017839789">
        <ele>95.200000000000003</ele>
      </trkpt>
      <trkpt lat="-22.676766039803624" lon="14.575125966221094">
        <ele>95.400000000000006</ele>
      </trkpt>
      <trkpt lat="-22.67677903175354" lon="14.575077015906572">
        <ele>95.599999999999994</ele>
      </trkpt>
      <trkpt lat="-22.676792023703456" lon="14.575030999258161">
        <ele>95.799999999999997</ele>
      </trkpt>
      <trkpt lat="-22.676796969026327" lon="14.57498699426651">
        <ele>96</ele>
      </trkpt>
      <trkpt lat="-22.676800992339849" lon="14.574941983446479">
        <ele>96.200000000000003</ele>
      </trkpt>
      <trkpt lat="-22.676799986511469" lon="14.574894960969687">
        <ele>96.200000000000003</ele>
      </trkpt>
      <trkpt lat="-22.676799986511469" lon="14.574847016483545">
        <ele>96.400000000000006</ele>
      </trkpt>
      <trkpt lat="-22.676796969026327" lon="14.574796976521611">
        <ele>96.400000000000006</ele>
      </trkpt>
      <trkpt lat="-22.676792023703456" lon="14.574748026207089">
        <ele>96.599999999999994</ele>
      </trkpt>
      <trkpt lat="-22.676786994561553" lon="14.574696980416775">
        <ele>96.599999999999994</ele>
      </trkpt>
      <trkpt lat="-22.67678196541965" lon="14.574644006788731">
        <ele>96.799999999999997</ele>
      </trkpt>
      <trkpt lat="-22.676775008440018" lon="14.574591033160686">
        <ele>97</ele>
      </trkpt>
      <trkpt lat="-22.676766039803624" lon="14.574535964056849">
        <ele>97.400000000000006</ele>
      </trkpt>
      <trkpt lat="-22.67675899900496" lon="14.574480978772044">
        <ele>97.599999999999994</ele>
      </trkpt>
      <trkpt lat="-22.676754975691438" lon="14.574426999315619">
        <ele>97.799999999999997</ele>
      </trkpt>
      <trkpt lat="-22.676752964034677" lon="14.574374025687575">
        <ele>98</ele>
      </trkpt>
      <trkpt lat="-22.676746007055044" lon="14.574316022917628">
        <ele>98.400000000000006</ele>
      </trkpt>
      <trkpt lat="-22.676740977913141" lon="14.574259025976062">
        <ele>98.400000000000006</ele>
      </trkpt>
      <trkpt lat="-22.676737960427999" lon="14.574203034862876">
        <ele>98.799999999999997</ele>
      </trkpt>
      <trkpt lat="-22.676735026761889" lon="14.574146959930658">
        <ele>99</ele>
      </trkpt>
      <trkpt lat="-22.676731003448367" lon="14.574089040979743">
        <ele>99.200000000000003</ele>
      </trkpt>
      <trkpt lat="-22.676727985963225" lon="14.574030032381415">
        <ele>99.400000000000006</ele>
      </trkpt>
      <trkpt lat="-22.676722034811974" lon="14.573972029611468">
        <ele>99.400000000000006</ele>
      </trkpt>
      <trkpt lat="-22.676717005670071" lon="14.573914026841521">
        <ele>99.400000000000006</ele>
      </trkpt>
      <trkpt lat="-22.676710970699787" lon="14.573857029899955">
        <ele>99.400000000000006</ele>
      </trkpt>
      <trkpt lat="-22.676706025376916" lon="14.573798021301627">
        <ele>99.599999999999994</ele>
      </trkpt>
      <trkpt lat="-22.676700996235013" lon="14.5737390127033">
        <ele>99.599999999999994</ele>
      </trkpt>
      <trkpt lat="-22.676697978749871" lon="14.573673969134688">
        <ele>99.599999999999994</ele>
      </trkpt>
      <trkpt lat="-22.676693033427" lon="14.573614038527012">
        <ele>99.599999999999994</ele>
      </trkpt>
      <trkpt lat="-22.676688004285097" lon="14.573555029928684">
        <ele>99.599999999999994</ele>
      </trkpt>
      <trkpt lat="-22.676683980971575" lon="14.573496021330357">
        <ele>99.799999999999997</ele>
      </trkpt>
      <trkpt lat="-22.676678029820323" lon="14.57343801856041">
        <ele>99.799999999999997</ele>
      </trkpt>
      <trkpt lat="-22.676671994850039" lon="14.573378004133701">
        <ele>100</ele>
      </trkpt>
      <trkpt lat="-22.676665959879756" lon="14.573316983878613">
        <ele>100</ele>
      </trkpt>
      <trkpt lat="-22.676660008728504" lon="14.573256969451904">
        <ele>100</ele>
      </trkpt>
      <trkpt lat="-22.676653973758221" lon="14.573198966681957">
        <ele>100</ele>
      </trkpt>
      <trkpt lat="-22.676651040092111" lon="14.573122020810843">
        <ele>100.2</ele>
      </trkpt>
      <trkpt lat="-22.676647016778588" lon="14.573072986677289">
        <ele>100.2</ele>
      </trkpt>
      <trkpt lat="-22.676639975979924" lon="14.57301096059382">
        <ele>100.2</ele>
      </trkpt>
      <trkpt lat="-22.676635030657053" lon="14.572948012501001">
        <ele>100.40000000000001</ele>
      </trkpt>
      <trkpt lat="-22.676631007343531" lon="14.572889003902674">
        <ele>100.59999999999999</ele>
      </trkpt>
      <trkpt lat="-22.676628995686769" lon="14.572829995304346">
        <ele>100.8</ele>
      </trkpt>
      <trkpt lat="-22.676625978201628" lon="14.572770986706018">
        <ele>100.8</ele>
      </trkpt>
      <trkpt lat="-22.676622038707137" lon="14.572711978107691">
        <ele>100.8</ele>
      </trkpt>
      <trkpt lat="-22.676620027050376" lon="14.572653975337744">
        <ele>100.8</ele>
      </trkpt>
      <trkpt lat="-22.676618015393615" lon="14.572593038901687">
        <ele>101</ele>
      </trkpt>
      <trkpt lat="-22.676613992080092" lon="14.57253503613174">
        <ele>101</ele>
      </trkpt>
      <trkpt lat="-22.67660896293819" lon="14.572475021705031">
        <ele>101</ele>
      </trkpt>
      <trkpt lat="-22.676603011786938" lon="14.572415007278323">
        <ele>101</ele>
      </trkpt>
      <trkpt lat="-22.676598988473415" lon="14.572354992851615">
        <ele>101.2</ele>
      </trkpt>
      <trkpt lat="-22.676594965159893" lon="14.572291038930416">
        <ele>101.2</ele>
      </trkpt>
      <trkpt lat="-22.676591025665402" lon="14.572225995361805">
        <ele>101.2</ele>
      </trkpt>
      <trkpt lat="-22.67658700235188" lon="14.572158018127084">
        <ele>101.40000000000001</ele>
      </trkpt>
      <trkpt lat="-22.676579961553216" lon="14.572088029235601">
        <ele>101.40000000000001</ele>
      </trkpt>
      <trkpt lat="-22.676571998745203" lon="14.572019968181849">
        <ele>101.59999999999999</ele>
      </trkpt>
      <trkpt lat="-22.67656596377492" lon="14.571952996775508">
        <ele>101.59999999999999</ele>
      </trkpt>
      <trkpt lat="-22.676562024280429" lon="14.571883007884026">
        <ele>101.59999999999999</ele>
      </trkpt>
      <trkpt lat="-22.676556995138526" lon="14.571814024820924">
        <ele>101.59999999999999</ele>
      </trkpt>
      <trkpt lat="-22.676552971825004" lon="14.57174202427268">
        <ele>101.59999999999999</ele>
      </trkpt>
      <trkpt lat="-22.67654400318861" lon="14.571672035381198">
        <ele>101.59999999999999</ele>
      </trkpt>
      <trkpt lat="-22.676536040380597" lon="14.571601962670684">
        <ele>101.59999999999999</ele>
      </trkpt>
      <trkpt lat="-22.676527993753552" lon="14.571535997092724">
        <ele>101.59999999999999</ele>
      </trkpt>
      <trkpt lat="-22.67652397044003" lon="14.571468019858003">
        <ele>101.59999999999999</ele>
      </trkpt>
      <trkpt lat="-22.676519025117159" lon="14.57140096463263">
        <ele>101.59999999999999</ele>
      </trkpt>
      <trkpt lat="-22.676510978490114" lon="14.57133399322629">
        <ele>101.59999999999999</ele>
      </trkpt>
      <trkpt lat="-22.676507038995624" lon="14.571281019598246">
        <ele>101.59999999999999</ele>
      </trkpt>
      <trkpt lat="-22.676503015682101" lon="14.571213964372873">
        <ele>101.59999999999999</ele>
      </trkpt>
      <trkpt lat="-22.676494969055057" lon="14.571132995188236">
        <ele>101.8</ele>
      </trkpt>
      <trkpt lat="-22.676490023732185" lon="14.571063006296754">
        <ele>101.8</ele>
      </trkpt>
      <trkpt lat="-22.676483988761902" lon="14.570996034890413">
        <ele>101.8</ele>
      </trkpt>
      <trkpt lat="-22.676478959619999" lon="14.570940965786576">
        <ele>101.8</ele>
      </trkpt>
      <trkpt lat="-22.676469990983605" lon="14.570870976895094">
        <ele>101.8</ele>
      </trkpt>
      <trkpt lat="-22.676464039832354" lon="14.570787996053696">
        <ele>101.8</ele>
      </trkpt>
      <trkpt lat="-22.676460016518831" lon="14.570721024647355">
        <ele>101.8</ele>
      </trkpt>
      <trkpt lat="-22.676450964063406" lon="14.570652963593602">
        <ele>101.8</ele>
      </trkpt>
      <trkpt lat="-22.67643797211349" lon="14.570584986358881">
        <ele>101.8</ele>
      </trkpt>
      <trkpt lat="-22.676429003477097" lon="14.570516003295779">
        <ele>101.8</ele>
      </trkpt>
      <trkpt lat="-22.676422968506813" lon="14.570447020232677">
        <ele>101.8</ele>
      </trkpt>
      <trkpt lat="-22.676418023183942" lon="14.570378037169576">
        <ele>101.8</ele>
      </trkpt>
      <trkpt lat="-22.6764150056988" lon="14.57030301913619">
        <ele>101.8</ele>
      </trkpt>
      <trkpt lat="-22.676409976556897" lon="14.570232024416327">
        <ele>101.8</ele>
      </trkpt>
      <trkpt lat="-22.676407964900136" lon="14.570163041353226">
        <ele>101.8</ele>
      </trkpt>
      <trkpt lat="-22.676405031234026" lon="14.570095986127853">
        <ele>101.8</ele>
      </trkpt>
      <trkpt lat="-22.676398996263742" lon="14.570028008893132">
        <ele>101.8</ele>
      </trkpt>
      <trkpt lat="-22.67639396712184" lon="14.569957014173269">
        <ele>101.8</ele>
      </trkpt>
      <trkpt lat="-22.676390027627349" lon="14.569888031110168">
        <ele>101.8</ele>
      </trkpt>
      <trkpt lat="-22.676386004313827" lon="14.569819970056415">
        <ele>101.8</ele>
      </trkpt>
      <trkpt lat="-22.676381981000304" lon="14.56974696367979">
        <ele>101.8</ele>
      </trkpt>
      <trkpt lat="-22.676377035677433" lon="14.569674963131547">
        <ele>101.8</ele>
      </trkpt>
      <trkpt lat="-22.676367983222008" lon="14.569605980068445">
        <ele>101.8</ele>
      </trkpt>
      <trkpt lat="-22.676363037899137" lon="14.569535991176963">
        <ele>101.59999999999999</ele>
      </trkpt>
      <trkpt lat="-22.676361026242375" lon="14.5694649964571">
        <ele>101.8</ele>
      </trkpt>
      <trkpt lat="-22.676357002928853" lon="14.569396013393998">
        <ele>101.59999999999999</ele>
      </trkpt>
      <trkpt lat="-22.676352979615331" lon="14.569328036159277">
        <ele>101.59999999999999</ele>
      </trkpt>
      <trkpt lat="-22.676347028464079" lon="14.569260980933905">
        <ele>101.40000000000001</ele>
      </trkpt>
      <trkpt lat="-22.676340993493795" lon="14.569194009527564">
        <ele>101.40000000000001</ele>
      </trkpt>
      <trkpt lat="-22.676334958523512" lon="14.569126032292843">
        <ele>101.59999999999999</ele>
      </trkpt>
      <trkpt lat="-22.676333030685782" lon="14.569058977067471">
        <ele>101.59999999999999</ele>
      </trkpt>
      <trkpt lat="-22.676331019029021" lon="14.568990999832749">
        <ele>101.40000000000001</ele>
      </trkpt>
      <trkpt lat="-22.676326995715499" lon="14.568926962092519">
        <ele>101.40000000000001</ele>
      </trkpt>
      <trkpt lat="-22.676323978230357" lon="14.568865019828081">
        <ele>101.40000000000001</ele>
      </trkpt>
      <trkpt lat="-22.676320038735867" lon="14.568801987916231">
        <ele>101.40000000000001</ele>
      </trkpt>
      <trkpt lat="-22.676309980452061" lon="14.568724036216736">
        <ele>101.40000000000001</ele>
      </trkpt>
      <trkpt lat="-22.676303023472428" lon="14.56867097876966">
        <ele>101.40000000000001</ele>
      </trkpt>
      <trkpt lat="-22.676295982673764" lon="14.5686050131917">
        <ele>101.40000000000001</ele>
      </trkpt>
      <trkpt lat="-22.676292965188622" lon="14.568539969623089">
        <ele>101.40000000000001</ele>
      </trkpt>
      <trkpt lat="-22.676292965188622" lon="14.568475009873509">
        <ele>101.40000000000001</ele>
      </trkpt>
      <trkpt lat="-22.676288019865751" lon="14.568407032638788">
        <ele>101.59999999999999</ele>
      </trkpt>
      <trkpt lat="-22.67628500238061" lon="14.568335032090545">
        <ele>101.59999999999999</ele>
      </trkpt>
      <trkpt lat="-22.676278967410326" lon="14.568264037370682">
        <ele>101.59999999999999</ele>
      </trkpt>
      <trkpt lat="-22.676273016259074" lon="14.568192958831787">
        <ele>101.59999999999999</ele>
      </trkpt>
      <trkpt lat="-22.676266981288791" lon="14.568120036274195">
        <ele>101.8</ele>
      </trkpt>
      <trkpt lat="-22.676259018480778" lon="14.56804602406919">
        <ele>101.8</ele>
      </trkpt>
      <trkpt lat="-22.676251977682114" lon="14.567970000207424">
        <ele>101.8</ele>
      </trkpt>
      <trkpt lat="-22.67624300904572" lon="14.567894982174039">
        <ele>101.8</ele>
      </trkpt>
      <trkpt lat="-22.676236974075437" lon="14.567819964140654">
        <ele>101.8</ele>
      </trkpt>
      <trkpt lat="-22.676232028752565" lon="14.56774796359241">
        <ele>101.8</ele>
      </trkpt>
      <trkpt lat="-22.676225993782282" lon="14.567675963044167">
        <ele>101.8</ele>
      </trkpt>
      <trkpt lat="-22.676219036802649" lon="14.567603962495923">
        <ele>101.8</ele>
      </trkpt>
      <trkpt lat="-22.676211996003985" lon="14.56753003410995">
        <ele>101.8</ele>
      </trkpt>
      <trkpt lat="-22.676207972690463" lon="14.567456021904945">
        <ele>101.59999999999999</ele>
      </trkpt>
      <trkpt lat="-22.676202021539211" lon="14.567374968901277">
        <ele>101.59999999999999</ele>
      </trkpt>
      <trkpt lat="-22.676194980740547" lon="14.567292993888259">
        <ele>101.59999999999999</ele>
      </trkpt>
      <trkpt lat="-22.676186012104154" lon="14.567214036360383">
        <ele>101.59999999999999</ele>
      </trkpt>
      <trkpt lat="-22.67617997713387" lon="14.567137006670237">
        <ele>101.40000000000001</ele>
      </trkpt>
      <trkpt lat="-22.676174025982618" lon="14.567057965323329">
        <ele>101.40000000000001</ele>
      </trkpt>
      <trkpt lat="-22.676165979355574" lon="14.566980013623834">
        <ele>101.40000000000001</ele>
      </trkpt>
      <trkpt lat="-22.676158016547561" lon="14.566900972276926">
        <ele>101.2</ele>
      </trkpt>
      <trkpt lat="-22.676148964092135" lon="14.566823020577431">
        <ele>101.2</ele>
      </trkpt>
      <trkpt lat="-22.676141001284122" lon="14.566742973402143">
        <ele>101.2</ele>
      </trkpt>
      <trkpt lat="-22.676133960485458" lon="14.566665021702647">
        <ele>100.8</ele>
      </trkpt>
      <trkpt lat="-22.676130020990968" lon="14.566588997840881">
        <ele>100.59999999999999</ele>
      </trkpt>
      <trkpt lat="-22.676123986020684" lon="14.566514985635877">
        <ele>100.40000000000001</ele>
      </trkpt>
      <trkpt lat="-22.676119040697813" lon="14.566438039764762">
        <ele>100.40000000000001</ele>
      </trkpt>
      <trkpt lat="-22.676109988242388" lon="14.566361010074615">
        <ele>100.40000000000001</ele>
      </trkpt>
      <trkpt lat="-22.676104959100485" lon="14.56628599204123">
        <ele>100.2</ele>
      </trkpt>
      <trkpt lat="-22.676102025434375" lon="14.566213991492987">
        <ele>100</ele>
      </trkpt>
      <trkpt lat="-22.676099007949233" lon="14.566141990944743">
        <ele>100</ele>
      </trkpt>
      <trkpt lat="-22.676095990464091" lon="14.5660699903965">
        <ele>99.799999999999997</ele>
      </trkpt>
      <trkpt lat="-22.67609297297895" lon="14.565997989848256">
        <ele>99.799999999999997</ele>
      </trkpt>
      <trkpt lat="-22.676089033484459" lon="14.565920038148761">
        <ele>99.599999999999994</ele>
      </trkpt>
      <trkpt lat="-22.676086015999317" lon="14.565842002630234">
        <ele>99.599999999999994</ele>
      </trkpt>
      <trkpt lat="-22.676080986857414" lon="14.565766984596848">
        <ele>99.599999999999994</ele>
      </trkpt>
      <trkpt lat="-22.676074029877782" lon="14.565694984048605">
        <ele>99.599999999999994</ele>
      </trkpt>
      <trkpt lat="-22.676066989079118" lon="14.565624995157123">
        <ele>99.599999999999994</ele>
      </trkpt>
      <trkpt lat="-22.676059026271105" lon="14.56555500626564">
        <ele>99.599999999999994</ele>
      </trkpt>
      <trkpt lat="-22.676051985472441" lon="14.565485017374158">
        <ele>99.400000000000006</ele>
      </trkpt>
      <trkpt lat="-22.67604704014957" lon="14.565413016825914">
        <ele>99.400000000000006</ele>
      </trkpt>
      <trkpt lat="-22.67604997381568" lon="14.565331963822246">
        <ele>99.400000000000006</ele>
      </trkpt>
      <trkpt lat="-22.676051985472441" lon="14.565258035436273">
        <ele>99.400000000000006</ele>
      </trkpt>
      <trkpt lat="-22.676051985472441" lon="14.565184023231268">
        <ele>99.400000000000006</ele>
      </trkpt>
      <trkpt lat="-22.67604997381568" lon="14.565110011026263">
        <ele>99.200000000000003</ele>
      </trkpt>
      <trkpt lat="-22.67604704014957" lon="14.565034992992878">
        <ele>99.200000000000003</ele>
      </trkpt>
      <trkpt lat="-22.676041005179286" lon="14.564958969131112">
        <ele>99</ele>
      </trkpt>
      <trkpt lat="-22.676037987694144" lon="14.564884034916759">
        <ele>99</ele>
      </trkpt>
      <trkpt lat="-22.676032958552241" lon="14.564808011054993">
        <ele>99</ele>
      </trkpt>
      <trkpt lat="-22.676026001572609" lon="14.564730981364846">
        <ele>98.799999999999997</ele>
      </trkpt>
      <trkpt lat="-22.676018038764596" lon="14.564655041322112">
        <ele>98.799999999999997</ele>
      </trkpt>
      <trkpt lat="-22.676009992137551" lon="14.564578011631966">
        <ele>98.799999999999997</ele>
      </trkpt>
      <trkpt lat="-22.676002029329538" lon="14.564499976113439">
        <ele>98.599999999999994</ele>
      </trkpt>
      <trkpt lat="-22.675994988530874" lon="14.564422024413943">
        <ele>98.599999999999994</ele>
      </trkpt>
      <trkpt lat="-22.675987025722861" lon="14.564343988895416">
        <ele>98.599999999999994</ele>
      </trkpt>
      <trkpt lat="-22.675979984924197" lon="14.564266037195921">
        <ele>98.400000000000006</ele>
      </trkpt>
      <trkpt lat="-22.675974033772945" lon="14.564189007505774">
        <ele>98.400000000000006</ele>
      </trkpt>
      <trkpt lat="-22.67596498131752" lon="14.564110971987247">
        <ele>98.400000000000006</ele>
      </trkpt>
      <trkpt lat="-22.675959030166268" lon="14.564032014459372">
        <ele>98.400000000000006</ele>
      </trkpt>
      <trkpt lat="-22.675952995195985" lon="14.563953978940845">
        <ele>98.400000000000006</ele>
      </trkpt>
      <trkpt lat="-22.675946960225701" lon="14.563875021412969">
        <ele>98.200000000000003</ele>
      </trkpt>
      <trkpt lat="-22.675943020731211" lon="14.563792962580919">
        <ele>98.200000000000003</ele>
      </trkpt>
      <trkpt lat="-22.675937991589308" lon="14.563711993396282">
        <ele>98.200000000000003</ele>
      </trkpt>
      <trkpt lat="-22.675932040438056" lon="14.563629012554884">
        <ele>98.200000000000003</ele>
      </trkpt>
      <trkpt lat="-22.675927011296153" lon="14.563547037541866">
        <ele>98.200000000000003</ele>
      </trkpt>
      <trkpt lat="-22.675922987982631" lon="14.563462967053056">
        <ele>98.200000000000003</ele>
      </trkpt>
      <trkpt lat="-22.675917036831379" lon="14.563380992040038">
        <ele>98.200000000000003</ele>
      </trkpt>
      <trkpt lat="-22.675909996032715" lon="14.56329901702702">
        <ele>98</ele>
      </trkpt>
      <trkpt lat="-22.675904966890812" lon="14.563217964023352">
        <ele>98</ele>
      </trkpt>
      <trkpt lat="-22.67589901573956" lon="14.563139006495476">
        <ele>98</ele>
      </trkpt>
      <trkpt lat="-22.675893986597657" lon="14.563059965148568">
        <ele>98</ele>
      </trkpt>
      <trkpt lat="-22.675888035446405" lon="14.562982013449073">
        <ele>97.799999999999997</ele>
      </trkpt>
      <trkpt lat="-22.675879988819361" lon="14.562903977930546">
        <ele>97.799999999999997</ele>
      </trkpt>
      <trkpt lat="-22.675874037668109" lon="14.56282602623105">
        <ele>97.799999999999997</ele>
      </trkpt>
      <trkpt lat="-22.675870014354587" lon="14.562747990712523">
        <ele>97.799999999999997</ele>
      </trkpt>
      <trkpt lat="-22.675864985212684" lon="14.562670961022377">
        <ele>97.799999999999997</ele>
      </trkpt>
      <trkpt lat="-22.675860039889812" lon="14.562593009322882">
        <ele>97.599999999999994</ele>
      </trkpt>
      <trkpt lat="-22.675854004919529" lon="14.562512962147593">
        <ele>97.599999999999994</ele>
      </trkpt>
      <trkpt lat="-22.675846964120865" lon="14.562431992962956">
        <ele>97.599999999999994</ele>
      </trkpt>
      <trkpt lat="-22.675836989656091" lon="14.562350017949939">
        <ele>97.400000000000006</ele>
      </trkpt>
      <trkpt lat="-22.675830032676458" lon="14.562267037108541">
        <ele>97.400000000000006</ele>
      </trkpt>
      <trkpt lat="-22.675821986049414" lon="14.562186989933252">
        <ele>97.400000000000006</ele>
      </trkpt>
      <trkpt lat="-22.675815029069781" lon="14.562106020748615">
        <ele>97.400000000000006</ele>
      </trkpt>
      <trkpt lat="-22.675808994099498" lon="14.562024967744946">
        <ele>97.400000000000006</ele>
      </trkpt>
      <trkpt lat="-22.675803964957595" lon="14.561941986903548">
        <ele>97.400000000000006</ele>
      </trkpt>
      <trkpt lat="-22.675793990492821" lon="14.561860011890531">
        <ele>97.200000000000003</ele>
      </trkpt>
      <trkpt lat="-22.675783010199666" lon="14.561778036877513">
        <ele>97.200000000000003</ele>
      </trkpt>
      <trkpt lat="-22.675771024078131" lon="14.561698995530605">
        <ele>97.200000000000003</ele>
      </trkpt>
      <trkpt lat="-22.675761971622705" lon="14.561621965840459">
        <ele>97.200000000000003</ele>
      </trkpt>
      <trkpt lat="-22.675754008814692" lon="14.561546025797725">
        <ele>97</ele>
      </trkpt>
      <trkpt lat="-22.675747973844409" lon="14.561470001935959">
        <ele>97</ele>
      </trkpt>
      <trkpt lat="-22.675741016864777" lon="14.561391966417432">
        <ele>97</ele>
      </trkpt>
      <trkpt lat="-22.675733976066113" lon="14.561314014717937">
        <ele>97</ele>
      </trkpt>
      <trkpt lat="-22.675729030743241" lon="14.561235979199409">
        <ele>96.799999999999997</ele>
      </trkpt>
      <trkpt lat="-22.675725007429719" lon="14.561158027499914">
        <ele>96.799999999999997</ele>
      </trkpt>
      <trkpt lat="-22.675710003823042" lon="14.561080997809768">
        <ele>96.799999999999997</ele>
      </trkpt>
      <trkpt lat="-22.675700029358268" lon="14.561002962291241">
        <ele>96.799999999999997</ele>
      </trkpt>
      <trkpt lat="-22.675689971074462" lon="14.560922998934984">
        <ele>96.599999999999994</ele>
      </trkpt>
      <trkpt lat="-22.675681002438068" lon="14.560843035578728">
        <ele>96.599999999999994</ele>
      </trkpt>
      <trkpt lat="-22.675672033801675" lon="14.560761982575059">
        <ele>96.599999999999994</ele>
      </trkpt>
      <trkpt lat="-22.67566298134625" lon="14.560680007562041">
        <ele>96.599999999999994</ele>
      </trkpt>
      <trkpt lat="-22.675654012709856" lon="14.560599960386753">
        <ele>96.599999999999994</ele>
      </trkpt>
      <trkpt lat="-22.675645966082811" lon="14.560519997030497">
        <ele>96.400000000000006</ele>
      </trkpt>
      <trkpt lat="-22.675639009103179" lon="14.560437016189098">
        <ele>96.400000000000006</ele>
      </trkpt>
      <trkpt lat="-22.675633979961276" lon="14.560352023690939">
        <ele>96.400000000000006</ele>
      </trkpt>
      <trkpt lat="-22.675625011324883" lon="14.56026703119278">
        <ele>96.200000000000003</ele>
      </trkpt>
      <trkpt lat="-22.675616964697838" lon="14.56018396653235">
        <ele>96.200000000000003</ele>
      </trkpt>
      <trkpt lat="-22.675606990233064" lon="14.560099979862571">
        <ele>96.200000000000003</ele>
      </trkpt>
      <trkpt lat="-22.67559802159667" lon="14.560015993192792">
        <ele>96</ele>
      </trkpt>
      <trkpt lat="-22.675589974969625" lon="14.559931000694633">
        <ele>96</ele>
      </trkpt>
      <trkpt lat="-22.675582012161613" lon="14.559846008196473">
        <ele>96</ele>
      </trkpt>
      <trkpt lat="-22.675570026040077" lon="14.559761015698314">
        <ele>95.799999999999997</ele>
      </trkpt>
      <trkpt lat="-22.675557034090161" lon="14.559671999886632">
        <ele>95.599999999999994</ele>
      </trkpt>
      <trkpt lat="-22.675549993291497" lon="14.55958298407495">
        <ele>95.400000000000006</ele>
      </trkpt>
      <trkpt lat="-22.675546975806355" lon="14.559501009061933">
        <ele>95.200000000000003</ele>
      </trkpt>
      <trkpt lat="-22.675546975806355" lon="14.559416016563773">
        <ele>95</ele>
      </trkpt>
      <trkpt lat="-22.675546975806355" lon="14.559332029893994">
        <ele>94.799999999999997</ele>
      </trkpt>
      <trkpt lat="-22.675544964149594" lon="14.559247037395835">
        <ele>94.799999999999997</ele>
      </trkpt>
      <trkpt lat="-22.675542030483484" lon="14.559161961078644">
        <ele>94.799999999999997</ele>
      </trkpt>
      <trkpt lat="-22.675535995513201" lon="14.559078980237246">
        <ele>94.599999999999994</ele>
      </trkpt>
      <trkpt lat="-22.675529960542917" lon="14.558993987739086">
        <ele>94.400000000000006</ele>
      </trkpt>
      <trkpt lat="-22.675524009391665" lon="14.558912012726068">
        <ele>94.400000000000006</ele>
      </trkpt>
      <trkpt lat="-22.675515962764621" lon="14.55882802605629">
        <ele>94.200000000000003</ele>
      </trkpt>
      <trkpt lat="-22.675509005784988" lon="14.55874496139586">
        <ele>94.200000000000003</ele>
      </trkpt>
      <trkpt lat="-22.675500959157944" lon="14.558660974726081">
        <ele>94.200000000000003</ele>
      </trkpt>
      <trkpt lat="-22.67549199052155" lon="14.558578999713063">
        <ele>94</ele>
      </trkpt>
      <trkpt lat="-22.675486961379647" lon="14.558496018871665">
        <ele>94</ele>
      </trkpt>
      <trkpt lat="-22.675484027713537" lon="14.558412032201886">
        <ele>93.799999999999997</ele>
      </trkpt>
      <trkpt lat="-22.675476986914873" lon="14.558327961713076">
        <ele>93.799999999999997</ele>
      </trkpt>
      <trkpt lat="-22.67546801827848" lon="14.558244980871677">
        <ele>93.799999999999997</ele>
      </trkpt>
      <trkpt lat="-22.675458965823054" lon="14.558162000030279">
        <ele>93.799999999999997</ele>
      </trkpt>
      <trkpt lat="-22.675451003015041" lon="14.558079019188881">
        <ele>93.599999999999994</ele>
      </trkpt>
      <trkpt lat="-22.675443962216377" lon="14.557995032519102">
        <ele>93.400000000000006</ele>
      </trkpt>
      <trkpt lat="-22.675438011065125" lon="14.557910962030292">
        <ele>93.400000000000006</ele>
      </trkpt>
      <trkpt lat="-22.675430970266461" lon="14.557824963703752">
        <ele>93.400000000000006</ele>
      </trkpt>
      <trkpt lat="-22.67542501911521" lon="14.557737037539482">
        <ele>93.200000000000003</ele>
      </trkpt>
      <trkpt lat="-22.675420995801687" lon="14.557649027556181">
        <ele>93.200000000000003</ele>
      </trkpt>
      <trkpt lat="-22.675415966659784" lon="14.557559005916119">
        <ele>93.200000000000003</ele>
      </trkpt>
      <trkpt lat="-22.675411021336913" lon="14.557473007589579">
        <ele>93</ele>
      </trkpt>
      <trkpt lat="-22.675403980538249" lon="14.55739002674818">
        <ele>93</ele>
      </trkpt>
      <trkpt lat="-22.675399035215378" lon="14.55730402842164">
        <ele>92.799999999999997</ele>
      </trkpt>
      <trkpt lat="-22.675391994416714" lon="14.55721702426672">
        <ele>92.599999999999994</ele>
      </trkpt>
      <trkpt lat="-22.67538302578032" lon="14.55713102594018">
        <ele>92.599999999999994</ele>
      </trkpt>
      <trkpt lat="-22.675372967496514" lon="14.557044021785259">
        <ele>92.599999999999994</ele>
      </trkpt>
      <trkpt lat="-22.675363998860121" lon="14.556958023458719">
        <ele>92.599999999999994</ele>
      </trkpt>
      <trkpt lat="-22.675355030223727" lon="14.556869007647038">
        <ele>92.599999999999994</ele>
      </trkpt>
      <trkpt lat="-22.675346983596683" lon="14.556782003492117">
        <ele>92.400000000000006</ele>
      </trkpt>
      <trkpt lat="-22.675337009131908" lon="14.556693993508816">
        <ele>92.400000000000006</ele>
      </trkpt>
      <trkpt lat="-22.675330974161625" lon="14.556606989353895">
        <ele>92.200000000000003</ele>
      </trkpt>
      <trkpt lat="-22.675327034667134" lon="14.556519985198975">
        <ele>92</ele>
      </trkpt>
      <trkpt lat="-22.675320999696851" lon="14.556431975215673">
        <ele>92</ele>
      </trkpt>
      <trkpt lat="-22.675313958898187" lon="14.556344971060753">
        <ele>91.799999999999997</ele>
      </trkpt>
      <trkpt lat="-22.675305996090174" lon="14.556258972734213">
        <ele>91.599999999999994</ele>
      </trkpt>
      <trkpt lat="-22.67529702745378" lon="14.556172974407673">
        <ele>91.599999999999994</ele>
      </trkpt>
      <trkpt lat="-22.675287974998355" lon="14.556085970252752">
        <ele>91.400000000000006</ele>
      </trkpt>
      <trkpt lat="-22.675280012190342" lon="14.555998966097832">
        <ele>91.400000000000006</ele>
      </trkpt>
      <trkpt lat="-22.675270959734917" lon="14.555911961942911">
        <ele>91.200000000000003</ele>
      </trkpt>
      <trkpt lat="-22.675260985270143" lon="14.555825041607022">
        <ele>91.200000000000003</ele>
      </trkpt>
      <trkpt lat="-22.67525302246213" lon="14.555741976946592">
        <ele>91</ele>
      </trkpt>
      <trkpt lat="-22.675246987491846" lon="14.555660001933575">
        <ele>91</ele>
      </trkpt>
      <trkpt lat="-22.675244975835085" lon="14.555578026920557">
        <ele>91</ele>
      </trkpt>
      <trkpt lat="-22.675241958349943" lon="14.555496973916888">
        <ele>91</ele>
      </trkpt>
      <trkpt lat="-22.675235001370311" lon="14.555417010560632">
        <ele>91</ele>
      </trkpt>
      <trkpt lat="-22.675227038562298" lon="14.555335035547614">
        <ele>90.799999999999997</ele>
      </trkpt>
      <trkpt lat="-22.675217986106873" lon="14.555250965058804">
        <ele>90.799999999999997</ele>
      </trkpt>
      <trkpt lat="-22.67521102912724" lon="14.555162033066154">
        <ele>90.799999999999997</ele>
      </trkpt>
      <trkpt lat="-22.675202982500196" lon="14.555073017254472">
        <ele>90.799999999999997</ele>
      </trkpt>
      <trkpt lat="-22.675195019692183" lon="14.554987018927932">
        <ele>90.799999999999997</ele>
      </trkpt>
      <trkpt lat="-22.675187978893518" lon="14.554901020601392">
        <ele>90.599999999999994</ele>
      </trkpt>
      <trkpt lat="-22.675181021913886" lon="14.554814016446471">
        <ele>90.599999999999994</ele>
      </trkpt>
      <trkpt lat="-22.675178004428744" lon="14.554722988978028">
        <ele>90.400000000000006</ele>
      </trkpt>
      <trkpt lat="-22.675176998600364" lon="14.554631039500237">
        <ele>90.200000000000003</ele>
      </trkpt>
      <trkpt lat="-22.675172975286841" lon="14.554543029516935">
        <ele>90</ele>
      </trkpt>
      <trkpt lat="-22.67516702413559" lon="14.554458037018776">
        <ele>90</ele>
      </trkpt>
      <trkpt lat="-22.675161994993687" lon="14.554372960701585">
        <ele>89.799999999999997</ele>
      </trkpt>
      <trkpt lat="-22.675155038014054" lon="14.554289979860187">
        <ele>89.599999999999994</ele>
      </trkpt>
      <trkpt lat="-22.67514799721539" lon="14.554206999018788">
        <ele>89.400000000000006</ele>
      </trkpt>
      <trkpt lat="-22.675143973901868" lon="14.55412401817739">
        <ele>89.200000000000003</ele>
      </trkpt>
      <trkpt lat="-22.675138022750616" lon="14.554041959345341">
        <ele>89.200000000000003</ele>
      </trkpt>
      <trkpt lat="-22.675133999437094" lon="14.553957972675562">
        <ele>89</ele>
      </trkpt>
      <trkpt lat="-22.675129976123571" lon="14.553867029026151">
        <ele>88.799999999999997</ele>
      </trkpt>
      <trkpt lat="-22.675123019143939" lon="14.553781030699611">
        <ele>88.599999999999994</ele>
      </trkpt>
      <trkpt lat="-22.675112960860133" lon="14.553701989352703">
        <ele>88.400000000000006</ele>
      </trkpt>
      <trkpt lat="-22.67510399222374" lon="14.553624037653208">
        <ele>88.200000000000003</ele>
      </trkpt>
      <trkpt lat="-22.675096029415727" lon="14.5535449963063">
        <ele>88.200000000000003</ele>
      </trkpt>
      <trkpt lat="-22.675089994445443" lon="14.553465032950044">
        <ele>88</ele>
      </trkpt>
      <trkpt lat="-22.67508395947516" lon="14.553385991603136">
        <ele>88</ele>
      </trkpt>
      <trkpt lat="-22.675079014152288" lon="14.55330602824688">
        <ele>87.799999999999997</ele>
      </trkpt>
      <trkpt lat="-22.675072979182005" lon="14.553227992728353">
        <ele>87.799999999999997</ele>
      </trkpt>
      <trkpt lat="-22.67506099306047" lon="14.553143000230193">
        <ele>87.799999999999997</ele>
      </trkpt>
      <trkpt lat="-22.675050012767315" lon="14.553063036873937">
        <ele>87.599999999999994</ele>
      </trkpt>
      <trkpt lat="-22.67503903247416" lon="14.55298600718379">
        <ele>87.599999999999994</ele>
      </trkpt>
      <trkpt lat="-22.675031991675496" lon="14.552905960008502">
        <ele>87.400000000000006</ele>
      </trkpt>
      <trkpt lat="-22.675025034695864" lon="14.552824990823865">
        <ele>87.400000000000006</ele>
      </trkpt>
      <trkpt lat="-22.67501899972558" lon="14.552745027467608">
        <ele>87.200000000000003</ele>
      </trkpt>
      <trkpt lat="-22.675013970583677" lon="14.552665986120701">
        <ele>87.200000000000003</ele>
      </trkpt>
      <trkpt lat="-22.675010031089187" lon="14.552579987794161">
        <ele>87.200000000000003</ele>
      </trkpt>
      <trkpt lat="-22.675002990290523" lon="14.552498012781143">
        <ele>87.200000000000003</ele>
      </trkpt>
      <trkpt lat="-22.67499502748251" lon="14.552415031939745">
        <ele>87</ele>
      </trkpt>
      <trkpt lat="-22.674985975027084" lon="14.552332973107696">
        <ele>87</ele>
      </trkpt>
      <trkpt lat="-22.674973988905549" lon="14.552250998094678">
        <ele>87</ele>
      </trkpt>
      <trkpt lat="-22.674965020269156" lon="14.55216902308166">
        <ele>86.799999999999997</ele>
      </trkpt>
      <trkpt lat="-22.674959991127253" lon="14.552086964249611">
        <ele>86.799999999999997</ele>
      </trkpt>
      <trkpt lat="-22.67495596781373" lon="14.552003983408213">
        <ele>86.599999999999994</ele>
      </trkpt>
      <trkpt lat="-22.674954039976001" lon="14.551919996738434">
        <ele>86.599999999999994</ele>
      </trkpt>
      <trkpt lat="-22.674949010834098" lon="14.551838021725416">
        <ele>86.400000000000006</ele>
      </trkpt>
      <trkpt lat="-22.674944987520576" lon="14.551754035055637">
        <ele>86.400000000000006</ele>
      </trkpt>
      <trkpt lat="-22.674940964207053" lon="14.551668958738446">
        <ele>86.200000000000003</ele>
      </trkpt>
      <trkpt lat="-22.674939036369324" lon="14.551585977897048">
        <ele>86.200000000000003</ele>
      </trkpt>
      <trkpt lat="-22.674938030540943" lon="14.551508026197553">
        <ele>86.200000000000003</ele>
      </trkpt>
      <trkpt lat="-22.674936018884182" lon="14.551428984850645">
        <ele>86</ele>
      </trkpt>
      <trkpt lat="-22.67493300139904" lon="14.551350027322769">
        <ele>86</ele>
      </trkpt>
      <trkpt lat="-22.674928978085518" lon="14.551271991804242">
        <ele>85.799999999999997</ele>
      </trkpt>
      <trkpt lat="-22.674924032762647" lon="14.551194040104747">
        <ele>85.799999999999997</ele>
      </trkpt>
      <trkpt lat="-22.674917997792363" lon="14.5511170104146">
        <ele>85.799999999999997</ele>
      </trkpt>
      <trkpt lat="-22.67491196282208" lon="14.551040986552835">
        <ele>85.599999999999994</ele>
      </trkpt>
      <trkpt lat="-22.674905005842447" lon="14.550964962691069">
        <ele>85.599999999999994</ele>
      </trkpt>
      <trkpt lat="-22.674899976700544" lon="14.550888016819954">
        <ele>85.599999999999994</ele>
      </trkpt>
      <trkpt lat="-22.674896959215403" lon="14.550806041806936">
        <ele>85.400000000000006</ele>
      </trkpt>
      <trkpt lat="-22.674896959215403" lon="14.550723982974887">
        <ele>85.400000000000006</ele>
      </trkpt>
      <trkpt lat="-22.674896037206054" lon="14.550641002133489">
        <ele>85.400000000000006</ele>
      </trkpt>
      <trkpt lat="-22.674896037206054" lon="14.55055802129209">
        <ele>85.400000000000006</ele>
      </trkpt>
      <trkpt lat="-22.674896037206054" lon="14.550474034622312">
        <ele>85.200000000000003</ele>
      </trkpt>
      <trkpt lat="-22.674893019720912" lon="14.550391975790262">
        <ele>85.200000000000003</ele>
      </trkpt>
      <trkpt lat="-22.674883967265487" lon="14.550311006605625">
        <ele>85.200000000000003</ele>
      </trkpt>
      <trkpt lat="-22.674877010285854" lon="14.550230037420988">
        <ele>85.200000000000003</ele>
      </trkpt>
      <trkpt lat="-22.674872986972332" lon="14.550148984417319">
        <ele>85</ele>
      </trkpt>
      <trkpt lat="-22.67486996948719" lon="14.550066003575921">
        <ele>84.799999999999997</ele>
      </trkpt>
      <trkpt lat="-22.6748660299927" lon="14.549982016906142">
        <ele>84.599999999999994</ele>
      </trkpt>
      <trkpt lat="-22.674864018335938" lon="14.549900963902473">
        <ele>84.400000000000006</ele>
      </trkpt>
      <trkpt lat="-22.674859995022416" lon="14.549816977232695">
        <ele>84.400000000000006</ele>
      </trkpt>
      <trkpt lat="-22.674858989194036" lon="14.549733996391296">
        <ele>84.400000000000006</ele>
      </trkpt>
      <trkpt lat="-22.674857983365655" lon="14.549651015549898">
        <ele>84.200000000000003</ele>
      </trkpt>
      <trkpt lat="-22.674856977537274" lon="14.549569962546229">
        <ele>84</ele>
      </trkpt>
      <trkpt lat="-22.674855971708894" lon="14.549485975876451">
        <ele>84</ele>
      </trkpt>
      <trkpt lat="-22.674853960052133" lon="14.549401989206672">
        <ele>83.799999999999997</ele>
      </trkpt>
      <trkpt lat="-22.674850020557642" lon="14.549320014193654">
        <ele>83.799999999999997</ele>
      </trkpt>
      <trkpt lat="-22.6748470030725" lon="14.549235021695495">
        <ele>83.599999999999994</ele>
      </trkpt>
      <trkpt lat="-22.674843985587358" lon="14.549150029197335">
        <ele>83.599999999999994</ele>
      </trkpt>
      <trkpt lat="-22.674840968102217" lon="14.549065036699176">
        <ele>83.599999999999994</ele>
      </trkpt>
      <trkpt lat="-22.674836022779346" lon="14.548977026715875">
        <ele>83.400000000000006</ele>
      </trkpt>
      <trkpt lat="-22.674828981980681" lon="14.548885999247432">
        <ele>83.400000000000006</ele>
      </trkpt>
      <trkpt lat="-22.674820013344288" lon="14.548800000920892">
        <ele>83.400000000000006</ele>
      </trkpt>
      <trkpt lat="-22.674816995859146" lon="14.548715008422732">
        <ele>83.400000000000006</ele>
      </trkpt>
      <trkpt lat="-22.674813978374004" lon="14.548630015924573">
        <ele>83.200000000000003</ele>
      </trkpt>
      <trkpt lat="-22.674809033051133" lon="14.548544017598033">
        <ele>83.200000000000003</ele>
      </trkpt>
      <trkpt lat="-22.67480299808085" lon="14.548460030928254">
        <ele>83.200000000000003</ele>
      </trkpt>
      <trkpt lat="-22.674796963110566" lon="14.548375038430095">
        <ele>83.200000000000003</ele>
      </trkpt>
      <trkpt lat="-22.674794029444456" lon="14.548290967941284">
        <ele>83.200000000000003</ele>
      </trkpt>
      <trkpt lat="-22.674790006130934" lon="14.548203041777015">
        <ele>83.200000000000003</ele>
      </trkpt>
      <trkpt lat="-22.674781959503889" lon="14.548118971288204">
        <ele>83</ele>
      </trkpt>
      <trkpt lat="-22.674770979210734" lon="14.548035990446806">
        <ele>83</ele>
      </trkpt>
      <trkpt lat="-22.674769973382354" lon="14.547956027090549">
        <ele>83</ele>
      </trkpt>
      <trkpt lat="-22.674768967553973" lon="14.5478739682585">
        <ele>82.799999999999997</ele>
      </trkpt>
      <trkpt lat="-22.674767961725593" lon="14.547789981588721">
        <ele>82.799999999999997</ele>
      </trkpt>
      <trkpt lat="-22.674767961725593" lon="14.547686967998743">
        <ele>82.599999999999994</ele>
      </trkpt>
      <trkpt lat="-22.674770979210734" lon="14.547600969672203">
        <ele>82.400000000000006</ele>
      </trkpt>
      <trkpt lat="-22.674766033887863" lon="14.547516983002424">
        <ele>82.400000000000006</ele>
      </trkpt>
      <trkpt lat="-22.674757987260818" lon="14.547418998554349">
        <ele>82.200000000000003</ele>
      </trkpt>
      <trkpt lat="-22.674754969775677" lon="14.547351021319628">
        <ele>82.200000000000003</ele>
      </trkpt>
      <trkpt lat="-22.674752036109567" lon="14.547265022993088">
        <ele>82.200000000000003</ele>
      </trkpt>
      <trkpt lat="-22.674749018624425" lon="14.547178018838167">
        <ele>82</ele>
      </trkpt>
      <trkpt lat="-22.674744995310903" lon="14.547092020511627">
        <ele>82</ele>
      </trkpt>
      <trkpt lat="-22.674741977825761" lon="14.547006022185087">
        <ele>82</ele>
      </trkpt>
      <trkpt lat="-22.674739966169" lon="14.546920023858547">
        <ele>81.799999999999997</ele>
      </trkpt>
      <trkpt lat="-22.67473803833127" lon="14.546832013875246">
        <ele>81.799999999999997</ele>
      </trkpt>
      <trkpt lat="-22.674736026674509" lon="14.546742998063564">
        <ele>81.599999999999994</ele>
      </trkpt>
      <trkpt lat="-22.674734015017748" lon="14.546655993908644">
        <ele>81.400000000000006</ele>
      </trkpt>
      <trkpt lat="-22.674732003360987" lon="14.546568989753723">
        <ele>81.599999999999994</ele>
      </trkpt>
      <trkpt lat="-22.674727980047464" lon="14.546482991427183">
        <ele>81.400000000000006</ele>
      </trkpt>
      <trkpt lat="-22.674724040552974" lon="14.546401016414165">
        <ele>81.400000000000006</ele>
      </trkpt>
      <trkpt lat="-22.674719011411071" lon="14.546319041401148">
        <ele>81.400000000000006</ele>
      </trkpt>
      <trkpt lat="-22.674713982269168" lon="14.546241005882621">
        <ele>81.400000000000006</ele>
      </trkpt>
      <trkpt lat="-22.674709036946297" lon="14.546165987849236">
        <ele>81.200000000000003</ele>
      </trkpt>
      <trkpt lat="-22.674707025289536" lon="14.546091975644231">
        <ele>81.200000000000003</ele>
      </trkpt>
      <trkpt lat="-22.674707025289536" lon="14.546019975095987">
        <ele>80.799999999999997</ele>
      </trkpt>
      <trkpt lat="-22.674709036946297" lon="14.545946968719363">
        <ele>81</ele>
      </trkpt>
      <trkpt lat="-22.674709036946297" lon="14.545876979827881">
        <ele>80.799999999999997</ele>
      </trkpt>
      <trkpt lat="-22.674704007804394" lon="14.545812020078301">
        <ele>80.799999999999997</ele>
      </trkpt>
      <trkpt lat="-22.674695039168" lon="14.545747982338071">
        <ele>80.799999999999997</ele>
      </trkpt>
      <trkpt lat="-22.674687998369336" lon="14.545687967911363">
        <ele>80.599999999999994</ele>
      </trkpt>
      <trkpt lat="-22.674679029732943" lon="14.545629965141416">
        <ele>80.400000000000006</ele>
      </trkpt>
      <trkpt lat="-22.674666037783027" lon="14.545577997341752">
        <ele>80.400000000000006</ele>
      </trkpt>
      <trkpt lat="-22.674655979499221" lon="14.545522006228566">
        <ele>80.400000000000006</ele>
      </trkpt>
      <trkpt lat="-22.67465103417635" lon="14.545465009287">
        <ele>80.400000000000006</ele>
      </trkpt>
      <trkpt lat="-22.674648016691208" lon="14.545408012345433">
        <ele>80.200000000000003</ele>
      </trkpt>
      <trkpt lat="-22.674637958407402" lon="14.545344980433583">
        <ele>80.200000000000003</ele>
      </trkpt>
      <trkpt lat="-22.674637958407402" lon="14.545279014855623">
        <ele>80.200000000000003</ele>
      </trkpt>
      <trkpt lat="-22.674648016691208" lon="14.545220006257296">
        <ele>80.200000000000003</ele>
      </trkpt>
      <trkpt lat="-22.674650028347969" lon="14.545156974345446">
        <ele>80.200000000000003</ele>
      </trkpt>
      <trkpt lat="-22.674658996984363" lon="14.545074999332428">
        <ele>80.200000000000003</ele>
      </trkpt>
      <trkpt lat="-22.674664026126266" lon="14.545006016269326">
        <ele>80</ele>
      </trkpt>
      <trkpt lat="-22.674665031954646" lon="14.544935021549463">
        <ele>80</ele>
      </trkpt>
      <trkpt lat="-22.674670983105898" lon="14.544862015172839">
        <ele>80</ele>
      </trkpt>
      <trkpt lat="-22.67467500641942" lon="14.544785991311073">
        <ele>80</ele>
      </trkpt>
      <trkpt lat="-22.674677018076181" lon="14.544708039611578">
        <ele>80</ele>
      </trkpt>
      <trkpt lat="-22.67467400059104" lon="14.544632015749812">
        <ele>79.799999999999997</ele>
      </trkpt>
      <trkpt lat="-22.674666037783027" lon="14.544555991888046">
        <ele>79.799999999999997</ele>
      </trkpt>
      <trkpt lat="-22.674634018912911" lon="14.544483991339803">
        <ele>79.799999999999997</ele>
      </trkpt>
      <trkpt lat="-22.674617003649473" lon="14.544405033811927">
        <ele>79.599999999999994</ele>
      </trkpt>
      <trkpt lat="-22.674609962850809" lon="14.544325992465019">
        <ele>79.599999999999994</ele>
      </trkpt>
      <trkpt lat="-22.67460803501308" lon="14.544248040765524">
        <ele>79.599999999999994</ele>
      </trkpt>
      <trkpt lat="-22.67460803501308" lon="14.544170005246997">
        <ele>79.599999999999994</ele>
      </trkpt>
      <trkpt lat="-22.674606023356318" lon="14.544093981385231">
        <ele>79.599999999999994</ele>
      </trkpt>
      <trkpt lat="-22.674603005871177" lon="14.544018041342497">
        <ele>79.400000000000006</ele>
      </trkpt>
      <trkpt lat="-22.674599988386035" lon="14.543944029137492">
        <ele>79.400000000000006</ele>
      </trkpt>
      <trkpt lat="-22.674597976729274" lon="14.543869011104107">
        <ele>79.400000000000006</ele>
      </trkpt>
      <trkpt lat="-22.674594037234783" lon="14.543794998899102">
        <ele>79.400000000000006</ele>
      </trkpt>
      <trkpt lat="-22.674590013921261" lon="14.543717969208956">
        <ele>79.400000000000006</ele>
      </trkpt>
      <trkpt lat="-22.674585990607738" lon="14.543642029166222">
        <ele>79.400000000000006</ele>
      </trkpt>
      <trkpt lat="-22.674580961465836" lon="14.543566005304456">
        <ele>79.400000000000006</ele>
      </trkpt>
      <trkpt lat="-22.674580039456487" lon="14.543485958129168">
        <ele>79.400000000000006</ele>
      </trkpt>
      <trkpt lat="-22.674578027799726" lon="14.543408006429672">
        <ele>79.400000000000006</ele>
      </trkpt>
      <trkpt lat="-22.674575010314584" lon="14.543330976739526">
        <ele>79</ele>
      </trkpt>
      <trkpt lat="-22.674572998657823" lon="14.54325201921165">
        <ele>79</ele>
      </trkpt>
      <trkpt lat="-22.674569981172681" lon="14.543171972036362">
        <ele>79</ele>
      </trkpt>
      <trkpt lat="-22.67456796951592" lon="14.543095026165247">
        <ele>79</ele>
      </trkpt>
      <trkpt lat="-22.674564030021429" lon="14.543022019788623">
        <ele>79</ele>
      </trkpt>
      <trkpt lat="-22.674561012536287" lon="14.542950019240379">
        <ele>79.200000000000003</ele>
      </trkpt>
      <trkpt lat="-22.674557995051146" lon="14.542875001206994">
        <ele>79.200000000000003</ele>
      </trkpt>
      <trkpt lat="-22.674552965909243" lon="14.54280199483037">
        <ele>79.200000000000003</ele>
      </trkpt>
      <trkpt lat="-22.674549026414752" lon="14.542729994282126">
        <ele>79</ele>
      </trkpt>
      <trkpt lat="-22.674542991444468" lon="14.542660005390644">
        <ele>78.799999999999997</ele>
      </trkpt>
      <trkpt lat="-22.674538968130946" lon="14.542589010670781">
        <ele>78.599999999999994</ele>
      </trkpt>
      <trkpt lat="-22.674532011151314" lon="14.542536959052086">
        <ele>78.799999999999997</ele>
      </trkpt>
      <trkpt lat="-22.674527987837791" lon="14.542447021231055">
        <ele>78.799999999999997</ele>
      </trkpt>
      <trkpt lat="-22.67452497035265" lon="14.542375020682812">
        <ele>78.799999999999997</ele>
      </trkpt>
      <trkpt lat="-22.67452203668654" lon="14.542302014306188">
        <ele>78.799999999999997</ele>
      </trkpt>
      <trkpt lat="-22.674521030858159" lon="14.542226996272802">
        <ele>78.599999999999994</ele>
      </trkpt>
      <trkpt lat="-22.674517007544637" lon="14.542152984067798">
        <ele>78.599999999999994</ele>
      </trkpt>
      <trkpt lat="-22.674513990059495" lon="14.542079977691174">
        <ele>78.599999999999994</ele>
      </trkpt>
      <trkpt lat="-22.674513990059495" lon="14.542008982971311">
        <ele>78.599999999999994</ele>
      </trkpt>
      <trkpt lat="-22.674507033079863" lon="14.541938994079828">
        <ele>78.599999999999994</ele>
      </trkpt>
      <trkpt lat="-22.674500998109579" lon="14.541865987703204">
        <ele>78.599999999999994</ele>
      </trkpt>
      <trkpt lat="-22.674495968967676" lon="14.54179298132658">
        <ele>78.599999999999994</ele>
      </trkpt>
      <trkpt lat="-22.674491023644805" lon="14.541717963293195">
        <ele>78.599999999999994</ele>
      </trkpt>
      <trkpt lat="-22.674484988674521" lon="14.541645962744951">
        <ele>78.599999999999994</ele>
      </trkpt>
      <trkpt lat="-22.674480965360999" lon="14.541588965803385">
        <ele>78.599999999999994</ele>
      </trkpt>
      <trkpt lat="-22.674476020038128" lon="14.541505984961987">
        <ele>78.599999999999994</ele>
      </trkpt>
      <trkpt lat="-22.674475014209747" lon="14.541441025212407">
        <ele>78.400000000000006</ele>
      </trkpt>
      <trkpt lat="-22.674476020038128" lon="14.541375981643796">
        <ele>78.400000000000006</ele>
      </trkpt>
      <trkpt lat="-22.67447903752327" lon="14.541322002187371">
        <ele>78.400000000000006</ele>
      </trkpt>
      <trkpt lat="-22.67448197118938" lon="14.54127598553896">
        <ele>78.400000000000006</ele>
      </trkpt>
      <trkpt lat="-22.674491023644805" lon="14.541236003860831">
        <ele>78.200000000000003</ele>
      </trkpt>
      <trkpt lat="-22.674504015594721" lon="14.541201973333955">
        <ele>78.200000000000003</ele>
      </trkpt>
      <trkpt lat="-22.674513990059495" lon="14.541181018576026">
        <ele>78.200000000000003</ele>
      </trkpt>
      <trkpt lat="-22.674517007544637" lon="14.541172971948981">
        <ele>78.200000000000003</ele>
      </trkpt>
      <trkpt lat="-22.674519019201398" lon="14.541170038282871">
        <ele>78.200000000000003</ele>
      </trkpt>
      <trkpt lat="-22.67452597618103" lon="14.541166014969349">
        <ele>78</ele>
      </trkpt>
      <trkpt lat="-22.674534022808075" lon="14.541162997484207">
        <ele>78</ele>
      </trkpt>
      <trkpt lat="-22.674543997272849" lon="14.541156962513924">
        <ele>78</ele>
      </trkpt>
      <trkpt lat="-22.674553971737623" lon="14.541145982220769">
        <ele>78</ele>
      </trkpt>
      <trkpt lat="-22.67456503584981" lon="14.541133996099234">
        <ele>77.799999999999997</ele>
      </trkpt>
      <trkpt lat="-22.674576016142964" lon="14.541126033291221">
        <ele>77.799999999999997</ele>
      </trkpt>
      <trkpt lat="-22.674583978950977" lon="14.541116980835795">
        <ele>77.799999999999997</ele>
      </trkpt>
      <trkpt lat="-22.674585990607738" lon="14.541111029684544">
        <ele>77.799999999999997</ele>
      </trkpt>
      <trkpt lat="-22.67458900809288" lon="14.541111029684544">
        <ele>77.599999999999994</ele>
      </trkpt>
      <trkpt lat="-22.674594959244132" lon="14.54110398888588">
        <ele>77.599999999999994</ele>
      </trkpt>
      <trkpt lat="-22.674605017527938" lon="14.541088985279202">
        <ele>77.599999999999994</ele>
      </trkpt>
      <trkpt lat="-22.674615997821093" lon="14.541069036349654">
        <ele>77.599999999999994</ele>
      </trkpt>
      <trkpt lat="-22.67463100142777" lon="14.541043974459171">
        <ele>77.599999999999994</ele>
      </trkpt>
      <trkpt lat="-22.67465204000473" lon="14.541016984730959">
        <ele>77.599999999999994</ele>
      </trkpt>
      <trkpt lat="-22.674680035561323" lon="14.540986977517605">
        <ele>77.599999999999994</ele>
      </trkpt>
      <trkpt lat="-22.674710964784026" lon="14.540956970304251">
        <ele>77.599999999999994</ele>
      </trkpt>
      <trkpt lat="-22.674741977825761" lon="14.540925035253167">
        <ele>77.599999999999994</ele>
      </trkpt>
      <trkpt lat="-22.674773996695876" lon="14.540892010554671">
        <ele>77.400000000000006</ele>
      </trkpt>
      <trkpt lat="-22.674806015565991" lon="14.540859991684556">
        <ele>77.400000000000006</ele>
      </trkpt>
      <trkpt lat="-22.674840968102217" lon="14.540830990299582">
        <ele>77.200000000000003</ele>
      </trkpt>
      <trkpt lat="-22.674881033599377" lon="14.540800983086228">
        <ele>77.200000000000003</ele>
      </trkpt>
      <trkpt lat="-22.674922021105886" lon="14.540770975872874">
        <ele>77.200000000000003</ele>
      </trkpt>
      <trkpt lat="-22.674962002784014" lon="14.54073803499341">
        <ele>77</ele>
      </trkpt>
      <trkpt lat="-22.675007013604045" lon="14.540701992809772">
        <ele>77</ele>
      </trkpt>
      <trkpt lat="-22.675053030252457" lon="14.540666034445167">
        <ele>77</ele>
      </trkpt>
      <trkpt lat="-22.675098041072488" lon="14.540633009746671">
        <ele>77</ele>
      </trkpt>
      <trkpt lat="-22.675142968073487" lon="14.540595039725304">
        <ele>77</ele>
      </trkpt>
      <trkpt lat="-22.675179010257125" lon="14.540548017248511">
        <ele>77</ele>
      </trkpt>
      <trkpt lat="-22.675208011642098" lon="14.540495965629816">
        <ele>76.799999999999997</ele>
      </trkpt>
      <trkpt lat="-22.675235001370311" lon="14.540437962859869">
        <ele>76.799999999999997</ele>
      </trkpt>
      <trkpt lat="-22.675256039947271" lon="14.540378032252192">
        <ele>76.799999999999997</ele>
      </trkpt>
      <trkpt lat="-22.675274983048439" lon="14.540299996733665">
        <ele>76.799999999999997</ele>
      </trkpt>
      <trkpt lat="-22.675290992483497" lon="14.540233025327325">
        <ele>76.799999999999997</ele>
      </trkpt>
      <trkpt lat="-22.675309013575315" lon="14.540163958445191">
        <ele>76.799999999999997</ele>
      </trkpt>
      <trkpt lat="-22.675325023010373" lon="14.540090030059218">
        <ele>76.599999999999994</ele>
      </trkpt>
      <trkpt lat="-22.675338014960289" lon="14.540014006197453">
        <ele>76.599999999999994</ele>
      </trkpt>
      <trkpt lat="-22.675353018566966" lon="14.539935970678926">
        <ele>76.599999999999994</ele>
      </trkpt>
      <trkpt lat="-22.675369028002024" lon="14.539853995665908">
        <ele>76.599999999999994</ele>
      </trkpt>
      <trkpt lat="-22.67538302578032" lon="14.539773026481271">
        <ele>76.599999999999994</ele>
      </trkpt>
      <trkpt lat="-22.675398029386997" lon="14.539689961820841">
        <ele>76.599999999999994</ele>
      </trkpt>
      <trkpt lat="-22.675411021336913" lon="14.539603041484952">
        <ele>76.599999999999994</ele>
      </trkpt>
      <trkpt lat="-22.675420995801687" lon="14.539515031501651">
        <ele>76.599999999999994</ele>
      </trkpt>
      <trkpt lat="-22.675433987751603" lon="14.539425009861588">
        <ele>76.599999999999994</ele>
      </trkpt>
      <trkpt lat="-22.6754479855299" lon="14.539332976564765">
        <ele>76.599999999999994</ele>
      </trkpt>
      <trkpt lat="-22.675461983308196" lon="14.539240021258593">
        <ele>76.599999999999994</ele>
      </trkpt>
      <trkpt lat="-22.675476986914873" lon="14.539143964648247">
        <ele>76.799999999999997</ele>
      </trkpt>
      <trkpt lat="-22.675489978864789" lon="14.539045980200171">
        <ele>76.799999999999997</ele>
      </trkpt>
      <trkpt lat="-22.675502970814705" lon="14.538946989923716">
        <ele>76.799999999999997</ele>
      </trkpt>
      <trkpt lat="-22.675517974421382" lon="14.538844982162118">
        <ele>76.799999999999997</ele>
      </trkpt>
      <trkpt lat="-22.67553398385644" lon="14.538740962743759">
        <ele>76.799999999999997</ele>
      </trkpt>
      <trkpt lat="-22.675549993291497" lon="14.538635015487671">
        <ele>76.799999999999997</ele>
      </trkpt>
      <trkpt lat="-22.675566002726555" lon="14.538529990240932">
        <ele>76.799999999999997</ele>
      </trkpt>
      <trkpt lat="-22.675580000504851" lon="14.538426976650953">
        <ele>76.799999999999997</ele>
      </trkpt>
      <trkpt lat="-22.675591986626387" lon="14.538322035223246">
        <ele>76.799999999999997</ele>
      </trkpt>
      <trkpt lat="-22.675606990233064" lon="14.538211980834603">
        <ele>76.799999999999997</ele>
      </trkpt>
      <trkpt lat="-22.67562098801136" lon="14.538104021921754">
        <ele>76.799999999999997</ele>
      </trkpt>
      <trkpt lat="-22.675633979961276" lon="14.537994973361492">
        <ele>76.799999999999997</ele>
      </trkpt>
      <trkpt lat="-22.675647977739573" lon="14.537887014448643">
        <ele>76.799999999999997</ele>
      </trkpt>
      <trkpt lat="-22.675660969689488" lon="14.53777302056551">
        <ele>76.599999999999994</ele>
      </trkpt>
      <trkpt lat="-22.675673961639404" lon="14.537662966176867">
        <ele>76.400000000000006</ele>
      </trkpt>
      <trkpt lat="-22.675686031579971" lon="14.537552995607257">
        <ele>76.200000000000003</ele>
      </trkpt>
      <trkpt lat="-22.675698017701507" lon="14.537445036694407">
        <ele>76</ele>
      </trkpt>
      <trkpt lat="-22.675711009651423" lon="14.537339005619287">
        <ele>75.400000000000006</ele>
      </trkpt>
      <trkpt lat="-22.675722995772958" lon="14.537232974544168">
        <ele>75.200000000000003</ele>
      </trkpt>
      <trkpt lat="-22.675734981894493" lon="14.537127027288079">
        <ele>74.799999999999997</ele>
      </trkpt>
      <trkpt lat="-22.67574897967279" lon="14.537019990384579">
        <ele>74.799999999999997</ele>
      </trkpt>
      <trkpt lat="-22.675762977451086" lon="14.536912031471729">
        <ele>74.599999999999994</ele>
      </trkpt>
      <trkpt lat="-22.675777981057763" lon="14.536802982911468">
        <ele>74.599999999999994</ele>
      </trkpt>
      <trkpt lat="-22.675793990492821" lon="14.536695023998618">
        <ele>74.599999999999994</ele>
      </trkpt>
      <trkpt lat="-22.675806982442737" lon="14.536585975438356">
        <ele>74.599999999999994</ele>
      </trkpt>
      <trkpt lat="-22.675820980221033" lon="14.536472987383604">
        <ele>74.599999999999994</ele>
      </trkpt>
      <trkpt lat="-22.675836989656091" lon="14.536363016813993">
        <ele>74.599999999999994</ele>
      </trkpt>
      <trkpt lat="-22.675850987434387" lon="14.536253968253732">
        <ele>74.599999999999994</ele>
      </trkpt>
      <trkpt lat="-22.675865991041064" lon="14.536146009340882">
        <ele>74.400000000000006</ele>
      </trkpt>
      <trkpt lat="-22.675880994647741" lon="14.536037966609001">
        <ele>74.400000000000006</ele>
      </trkpt>
      <trkpt lat="-22.675894992426038" lon="14.535930007696152">
        <ele>74.400000000000006</ele>
      </trkpt>
      <trkpt lat="-22.675907984375954" lon="14.535820037126541">
        <ele>74.400000000000006</ele>
      </trkpt>
      <trkpt lat="-22.675922987982631" lon="14.535709982737899">
        <ele>74.400000000000006</ele>
      </trkpt>
      <trkpt lat="-22.675938997417688" lon="14.535596994683146">
        <ele>74.599999999999994</ele>
      </trkpt>
      <trkpt lat="-22.675954001024365" lon="14.535488029941916">
        <ele>74.599999999999994</ele>
      </trkpt>
      <trkpt lat="-22.675969004631042" lon="14.535381998866796">
        <ele>74.599999999999994</ele>
      </trkpt>
      <trkpt lat="-22.67598400823772" lon="14.535275967791677">
        <ele>74.799999999999997</ele>
      </trkpt>
      <trkpt lat="-22.675998006016016" lon="14.535171026363969">
        <ele>74.799999999999997</ele>
      </trkpt>
      <trkpt lat="-22.676010997965932" lon="14.535064995288849">
        <ele>74.799999999999997</ele>
      </trkpt>
      <trkpt lat="-22.676024995744228" lon="14.534959970042109">
        <ele>74.799999999999997</ele>
      </trkpt>
      <trkpt lat="-22.676038993522525" lon="14.534854022786021">
        <ele>74.799999999999997</ele>
      </trkpt>
      <trkpt lat="-22.676055002957582" lon="14.534747991710901">
        <ele>74.799999999999997</ele>
      </trkpt>
      <trkpt lat="-22.676069000735879" lon="14.534641960635781">
        <ele>74.799999999999997</ele>
      </trkpt>
      <trkpt lat="-22.676081992685795" lon="14.534537019208074">
        <ele>74.799999999999997</ele>
      </trkpt>
      <trkpt lat="-22.67609397880733" lon="14.534432999789715">
        <ele>74.799999999999997</ele>
      </trkpt>
      <trkpt lat="-22.676106970757246" lon="14.534329986199737">
        <ele>74.599999999999994</ele>
      </trkpt>
      <trkpt lat="-22.676121974363923" lon="14.534227978438139">
        <ele>74.599999999999994</ele>
      </trkpt>
      <trkpt lat="-22.676133960485458" lon="14.534126976504922">
        <ele>74.400000000000006</ele>
      </trkpt>
      <trkpt lat="-22.676146030426025" lon="14.534028992056847">
        <ele>74.400000000000006</ele>
      </trkpt>
      <trkpt lat="-22.676158016547561" lon="14.533932013437152">
        <ele>74.400000000000006</ele>
      </trkpt>
      <trkpt lat="-22.676173020154238" lon="14.533837968483567">
        <ele>74.200000000000003</ele>
      </trkpt>
      <trkpt lat="-22.676185006275773" lon="14.533744007349014">
        <ele>74</ele>
      </trkpt>
      <trkpt lat="-22.676193974912167" lon="14.533651974052191">
        <ele>74</ele>
      </trkpt>
      <trkpt lat="-22.676204033195972" lon="14.533567987382412">
        <ele>74</ele>
      </trkpt>
      <trkpt lat="-22.676214007660747" lon="14.533491963520646">
        <ele>74</ele>
      </trkpt>
      <trkpt lat="-22.676216019317508" lon="14.533419962972403">
        <ele>73.799999999999997</ele>
      </trkpt>
      <trkpt lat="-22.676211996003985" lon="14.533352991566062">
        <ele>73.799999999999997</ele>
      </trkpt>
      <trkpt lat="-22.676197998225689" lon="14.533289037644863">
        <ele>73.799999999999997</ele>
      </trkpt>
      <trkpt lat="-22.676175031810999" lon="14.533227011561394">
        <ele>73.599999999999994</ele>
      </trkpt>
      <trkpt lat="-22.676139995455742" lon="14.533170014619827">
        <ele>73.599999999999994</ele>
      </trkpt>
      <trkpt lat="-22.67609397880733" lon="14.533123997971416">
        <ele>73.599999999999994</ele>
      </trkpt>
      <trkpt lat="-22.676039999350905" lon="14.53308803960681">
        <ele>73.599999999999994</ele>
      </trkpt>
      <trkpt lat="-22.675975039601326" lon="14.533060966059566">
        <ele>73.599999999999994</ele>
      </trkpt>
      <trkpt lat="-22.675903961062431" lon="14.533042022958398">
        <ele>73.599999999999994</ele>
      </trkpt>
      <trkpt lat="-22.675832966342568" lon="14.53302601352334">
        <ele>73.599999999999994</ele>
      </trkpt>
      <trkpt lat="-22.675759959965944" lon="14.533008998259902">
        <ele>73.599999999999994</ele>
      </trkpt>
      <trkpt lat="-22.675686031579971" lon="14.532991982996464">
        <ele>73.599999999999994</ele>
      </trkpt>
      <trkpt lat="-22.675610007718205" lon="14.532972034066916">
        <ele>73.599999999999994</ele>
      </trkpt>
      <trkpt lat="-22.67553498968482" lon="14.532948983833194">
        <ele>73.400000000000006</ele>
      </trkpt>
      <trkpt lat="-22.675458965823054" lon="14.532925011590123">
        <ele>73.400000000000006</ele>
      </trkpt>
      <trkpt lat="-22.675386965274811" lon="14.53289601020515">
        <ele>73.400000000000006</ele>
      </trkpt>
      <trkpt lat="-22.675329968333244" lon="14.532848987728357">
        <ele>73.400000000000006</ele>
      </trkpt>
      <trkpt lat="-22.675281018018723" lon="14.532791990786791">
        <ele>73.400000000000006</ele>
      </trkpt>
      <trkpt lat="-22.675245981663465" lon="14.532728036865592">
        <ele>73.400000000000006</ele>
      </trkpt>
      <trkpt lat="-22.675226032733917" lon="14.532658969983459">
        <ele>73.400000000000006</ele>
      </trkpt>
      <trkpt lat="-22.675223015248775" lon="14.532582024112344">
        <ele>73.200000000000003</ele>
      </trkpt>
      <trkpt lat="-22.675227960571647" lon="14.532496025785804">
        <ele>73.200000000000003</ele>
      </trkpt>
      <trkpt lat="-22.675230978056788" lon="14.532412961125374">
        <ele>73.200000000000003</ele>
      </trkpt>
      <trkpt lat="-22.67523399554193" lon="14.532328974455595">
        <ele>73.200000000000003</ele>
      </trkpt>
      <trkpt lat="-22.675229972228408" lon="14.532239036634564">
        <ele>73.200000000000003</ele>
      </trkpt>
      <trkpt lat="-22.675226032733917" lon="14.532148009166121">
        <ele>73</ele>
      </trkpt>
      <trkpt lat="-22.675224021077156" lon="14.532053964212537">
        <ele>73</ele>
      </trkpt>
      <trkpt lat="-22.675221003592014" lon="14.531955979764462">
        <ele>73</ele>
      </trkpt>
      <trkpt lat="-22.67521102912724" lon="14.53186403028667">
        <ele>73</ele>
      </trkpt>
      <trkpt lat="-22.675201976671815" lon="14.531767973676324">
        <ele>73</ele>
      </trkpt>
      <trkpt lat="-22.675193008035421" lon="14.53167200088501">
        <ele>73</ele>
      </trkpt>
      <trkpt lat="-22.675183033570647" lon="14.531576028093696">
        <ele>73</ele>
      </trkpt>
      <trkpt lat="-22.675180016085505" lon="14.531481983140111">
        <ele>73</ele>
      </trkpt>
      <trkpt lat="-22.675178004428744" lon="14.531386010348797">
        <ele>73</ele>
      </trkpt>
      <trkpt lat="-22.675174986943603" lon="14.531290037557483">
        <ele>73</ele>
      </trkpt>
      <trkpt lat="-22.67516802996397" lon="14.531190963461995">
        <ele>73</ele>
      </trkpt>
      <trkpt lat="-22.675163000822067" lon="14.531089039519429">
        <ele>73</ele>
      </trkpt>
      <trkpt lat="-22.675157971680164" lon="14.530988037586212">
        <ele>73</ele>
      </trkpt>
      <trkpt lat="-22.675154032185674" lon="14.530886029824615">
        <ele>73</ele>
      </trkpt>
      <trkpt lat="-22.675151014700532" lon="14.530783016234636">
        <ele>73</ele>
      </trkpt>
      <trkpt lat="-22.67514699138701" lon="14.530675979331136">
        <ele>73</ele>
      </trkpt>
      <trkpt lat="-22.675144979730248" lon="14.530569026246667">
        <ele>73</ele>
      </trkpt>
      <trkpt lat="-22.675141040235758" lon="14.530458971858025">
        <ele>73</ele>
      </trkpt>
      <trkpt lat="-22.675135005265474" lon="14.530349001288414">
        <ele>73</ele>
      </trkpt>
      <trkpt lat="-22.675129976123571" lon="14.530238024890423">
        <ele>73</ele>
      </trkpt>
      <trkpt lat="-22.675123019143939" lon="14.530128976330161">
        <ele>73</ele>
      </trkpt>
      <trkpt lat="-22.675116984173656" lon="14.530022023245692">
        <ele>73</ele>
      </trkpt>
      <trkpt lat="-22.675111033022404" lon="14.529915992170572">
        <ele>73</ele>
      </trkpt>
      <trkpt lat="-22.675107009708881" lon="14.529812978580594">
        <ele>73</ele>
      </trkpt>
      <trkpt lat="-22.67510399222374" lon="14.529708037152886">
        <ele>73</ele>
      </trkpt>
      <trkpt lat="-22.675099968910217" lon="14.52960804104805">
        <ele>73</ele>
      </trkpt>
      <trkpt lat="-22.675098963081837" lon="14.529510978609324">
        <ele>72.799999999999997</ele>
      </trkpt>
      <trkpt lat="-22.675097035244107" lon="14.529415005818009">
        <ele>72.599999999999994</ele>
      </trkpt>
      <trkpt lat="-22.675095023587346" lon="14.529320960864425">
        <ele>72.599999999999994</ele>
      </trkpt>
      <trkpt lat="-22.675092006102204" lon="14.529224988073111">
        <ele>72.400000000000006</ele>
      </trkpt>
      <trkpt lat="-22.675086976960301" lon="14.529130021110177">
        <ele>72.200000000000003</ele>
      </trkpt>
      <trkpt lat="-22.675083037465811" lon="14.529033964499831">
        <ele>72.200000000000003</ele>
      </trkpt>
      <trkpt lat="-22.675078008323908" lon="14.528937991708517">
        <ele>71.799999999999997</ele>
      </trkpt>
      <trkpt lat="-22.675074990838766" lon="14.528842018917203">
        <ele>71.799999999999997</ele>
      </trkpt>
      <trkpt lat="-22.675069039687514" lon="14.528744034469128">
        <ele>71.599999999999994</ele>
      </trkpt>
      <trkpt lat="-22.675065016373992" lon="14.528643032535911">
        <ele>71.599999999999994</ele>
      </trkpt>
      <trkpt lat="-22.67506099306047" lon="14.528538007289171">
        <ele>71.599999999999994</ele>
      </trkpt>
      <trkpt lat="-22.675057975575328" lon="14.528432982042432">
        <ele>71.599999999999994</ele>
      </trkpt>
      <trkpt lat="-22.675054036080837" lon="14.528328040614724">
        <ele>71.599999999999994</ele>
      </trkpt>
      <trkpt lat="-22.675049006938934" lon="14.528222009539604">
        <ele>71.599999999999994</ele>
      </trkpt>
      <trkpt lat="-22.675043977797031" lon="14.528116984292865">
        <ele>71.599999999999994</ele>
      </trkpt>
      <trkpt lat="-22.675040038302541" lon="14.528011037036777">
        <ele>71.599999999999994</ele>
      </trkpt>
      <trkpt lat="-22.67503802664578" lon="14.527882039546967">
        <ele>71.599999999999994</ele>
      </trkpt>
      <trkpt lat="-22.675037020817399" lon="14.527793023735285">
        <ele>71.599999999999994</ele>
      </trkpt>
      <trkpt lat="-22.675036014989018" lon="14.527683975175023">
        <ele>71.599999999999994</ele>
      </trkpt>
      <trkpt lat="-22.675031991675496" lon="14.527579033747315">
        <ele>71.599999999999994</ele>
      </trkpt>
      <trkpt lat="-22.675027968361974" lon="14.527477025985718">
        <ele>71.400000000000006</ele>
      </trkpt>
      <trkpt lat="-22.675024028867483" lon="14.527378035709262">
        <ele>71.400000000000006</ele>
      </trkpt>
      <trkpt lat="-22.6750179938972" lon="14.527278961613774">
        <ele>71.200000000000003</ele>
      </trkpt>
      <trkpt lat="-22.675011958926916" lon="14.527176031842828">
        <ele>71.200000000000003</ele>
      </trkpt>
      <trkpt lat="-22.675003996118903" lon="14.527071006596088">
        <ele>71.200000000000003</ele>
      </trkpt>
      <trkpt lat="-22.674997039139271" lon="14.52696799300611">
        <ele>71.200000000000003</ele>
      </trkpt>
      <trkpt lat="-22.674989998340607" lon="14.526865985244513">
        <ele>71.200000000000003</ele>
      </trkpt>
      <trkpt lat="-22.674983963370323" lon="14.526763977482915">
        <ele>71.200000000000003</ele>
      </trkpt>
      <trkpt lat="-22.674977006390691" lon="14.526660041883588">
        <ele>71.200000000000003</ele>
      </trkpt>
      <trkpt lat="-22.674972983077168" lon="14.526555016636848">
        <ele>71.200000000000003</ele>
      </trkpt>
      <trkpt lat="-22.674968037754297" lon="14.52645099721849">
        <ele>71.200000000000003</ele>
      </trkpt>
      <trkpt lat="-22.674963008612394" lon="14.526343960314989">
        <ele>71.200000000000003</ele>
      </trkpt>
      <trkpt lat="-22.674959991127253" lon="14.526240024715662">
        <ele>71.200000000000003</ele>
      </trkpt>
      <trkpt lat="-22.67495496198535" lon="14.526137011125684">
        <ele>71</ele>
      </trkpt>
      <trkpt lat="-22.674949010834098" lon="14.526032991707325">
        <ele>71</ele>
      </trkpt>
      <trkpt lat="-22.674942975863814" lon="14.525931989774108">
        <ele>70.799999999999997</ele>
      </trkpt>
      <trkpt lat="-22.674937024712563" lon="14.525830987840891">
        <ele>70.799999999999997</ele>
      </trkpt>
      <trkpt lat="-22.674930989742279" lon="14.525730991736054">
        <ele>70.599999999999994</ele>
      </trkpt>
      <trkpt lat="-22.674925038591027" lon="14.525633007287979">
        <ele>70.599999999999994</ele>
      </trkpt>
      <trkpt lat="-22.674919003620744" lon="14.525536028668284">
        <ele>70.400000000000006</ele>
      </trkpt>
      <trkpt lat="-22.67491196282208" lon="14.525437960401177">
        <ele>70.200000000000003</ele>
      </trkpt>
      <trkpt lat="-22.674905005842447" lon="14.525338970124722">
        <ele>70.200000000000003</ele>
      </trkpt>
      <trkpt lat="-22.674897965043783" lon="14.525236040353775">
        <ele>70</ele>
      </trkpt>
      <trkpt lat="-22.674887990579009" lon="14.525127997621894">
        <ele>70</ele>
      </trkpt>
      <trkpt lat="-22.674871981143951" lon="14.525028001517057">
        <ele>70</ele>
      </trkpt>
      <trkpt lat="-22.6748470030725" lon="14.524932028725743">
        <ele>69.799999999999997</ele>
      </trkpt>
      <trkpt lat="-22.674812972545624" lon="14.524838989600539">
        <ele>69.799999999999997</ele>
      </trkpt>
      <trkpt lat="-22.674773996695876" lon="14.524749973788857">
        <ele>69.599999999999994</ele>
      </trkpt>
      <trkpt lat="-22.67473803833127" lon="14.524666992947459">
        <ele>69.599999999999994</ele>
      </trkpt>
      <trkpt lat="-22.67469797283411" lon="14.524585017934442">
        <ele>69.400000000000006</ele>
      </trkpt>
      <trkpt lat="-22.67465497367084" lon="14.52451704069972">
        <ele>69</ele>
      </trkpt>
      <trkpt lat="-22.674602000042796" lon="14.524462977424264">
        <ele>68.799999999999997</ele>
      </trkpt>
      <trkpt lat="-22.674541985616088" lon="14.524422995746136">
        <ele>68.799999999999997</ele>
      </trkpt>
      <trkpt lat="-22.674476020038128" lon="14.524401035159826">
        <ele>68.599999999999994</ele>
      </trkpt>
      <trkpt lat="-22.674407036975026" lon="14.524398017674685">
        <ele>68.400000000000006</ele>
      </trkpt>
      <trkpt lat="-22.674335958436131" lon="14.5244110096246">
        <ele>68.200000000000003</ele>
      </trkpt>
      <trkpt lat="-22.67426697537303" lon="14.52443297021091">
        <ele>68.200000000000003</ele>
      </trkpt>
      <trkpt lat="-22.674204027280211" lon="14.524458032101393">
        <ele>68</ele>
      </trkpt>
      <trkpt lat="-22.674139989539981" lon="14.524482004344463">
        <ele>68</ele>
      </trkpt>
      <trkpt lat="-22.674075029790401" lon="14.524502037093043">
        <ele>68</ele>
      </trkpt>
      <trkpt lat="-22.674006968736649" lon="14.524521986022592">
        <ele>68</ele>
      </trkpt>
      <trkpt lat="-22.673934968188405" lon="14.52454000711441">
        <ele>68</ele>
      </trkpt>
      <trkpt lat="-22.673860033974051" lon="14.52455903403461">
        <ele>68</ele>
      </trkpt>
      <trkpt lat="-22.673786021769047" lon="14.524578982964158">
        <ele>68</ele>
      </trkpt>
      <trkpt lat="-22.673711003735662" lon="14.524601027369499">
        <ele>68</ele>
      </trkpt>
      <trkpt lat="-22.673619976267219" lon="14.524629022926092">
        <ele>67.799999999999997</ele>
      </trkpt>
      <trkpt lat="-22.673560967668891" lon="14.52464796602726">
        <ele>68</ele>
      </trkpt>
      <trkpt lat="-22.673486033454537" lon="14.524670010432601">
        <ele>68</ele>
      </trkpt>
      <trkpt lat="-22.67340799793601" lon="14.5246890373528">
        <ele>68.200000000000003</ele>
      </trkpt>
      <trkpt lat="-22.673327028751373" lon="14.524707980453968">
        <ele>68.599999999999994</ele>
      </trkpt>
      <trkpt lat="-22.673242036253214" lon="14.524722984060645">
        <ele>68.799999999999997</ele>
      </trkpt>
      <trkpt lat="-22.673156959936023" lon="14.524738993495703">
        <ele>68.799999999999997</ele>
      </trkpt>
      <trkpt lat="-22.673074984923005" lon="14.524759026244283">
        <ele>69</ele>
      </trkpt>
      <trkpt lat="-22.672995021566749" lon="14.52477796934545">
        <ele>69</ele>
      </trkpt>
      <trkpt lat="-22.67291204072535" lon="14.524799007922411">
        <ele>69</ele>
      </trkpt>
      <trkpt lat="-22.672821013256907" lon="14.524823985993862">
        <ele>69.200000000000003</ele>
      </trkpt>
      <trkpt lat="-22.672735014930367" lon="14.524844018742442">
        <ele>69.200000000000003</ele>
      </trkpt>
      <trkpt lat="-22.672648010775447" lon="14.52486396767199">
        <ele>69.400000000000006</ele>
      </trkpt>
      <trkpt lat="-22.672565029934049" lon="14.524886012077332">
        <ele>69.599999999999994</ele>
      </trkpt>
      <trkpt lat="-22.672478025779128" lon="14.52490596100688">
        <ele>69.799999999999997</ele>
      </trkpt>
      <trkpt lat="-22.672389009967446" lon="14.52492699958384">
        <ele>70</ele>
      </trkpt>
      <trkpt lat="-22.672303011640906" lon="14.524948038160801">
        <ele>70</ele>
      </trkpt>
      <trkpt lat="-22.672220030799508" lon="14.52496999874711">
        <ele>70</ele>
      </trkpt>
      <trkpt lat="-22.67213998362422" lon="14.524993970990181">
        <ele>70</ele>
      </trkpt>
      <trkpt lat="-22.672062031924725" lon="14.525016015395522">
        <ele>70</ele>
      </trkpt>
      <trkpt lat="-22.671985002234578" lon="14.52503495849669">
        <ele>70</ele>
      </trkpt>
      <trkpt lat="-22.671909984201193" lon="14.525046022608876">
        <ele>70</ele>
      </trkpt>
      <trkpt lat="-22.671835971996188" lon="14.525040993466973">
        <ele>70</ele>
      </trkpt>
      <trkpt lat="-22.671766988933086" lon="14.525016015395522">
        <ele>70</ele>
      </trkpt>
      <trkpt lat="-22.671712003648281" lon="14.524971004575491">
        <ele>70</ele>
      </trkpt>
      <trkpt lat="-22.671667998656631" lon="14.52490596100688">
        <ele>69.799999999999997</ele>
      </trkpt>
      <trkpt lat="-22.671622987836599" lon="14.524829015135765">
        <ele>69.799999999999997</ele>
      </trkpt>
      <trkpt lat="-22.671574037522078" lon="14.524748967960477">
        <ele>69.599999999999994</ele>
      </trkpt>
      <trkpt lat="-22.671533972024918" lon="14.524679984897375">
        <ele>69.599999999999994</ele>
      </trkpt>
      <trkpt lat="-22.671470018103719" lon="14.524575965479016">
        <ele>69.599999999999994</ele>
      </trkpt>
      <trkpt lat="-22.671404974535108" lon="14.524490972980857">
        <ele>69.599999999999994</ele>
      </trkpt>
      <trkpt lat="-22.671333979815245" lon="14.524420984089375">
        <ele>69.200000000000003</ele>
      </trkpt>
      <trkpt lat="-22.671250998973846" lon="14.524365998804569">
        <ele>69</ele>
      </trkpt>
      <trkpt lat="-22.671152008697391" lon="14.524329034611583">
        <ele>68.799999999999997</ele>
      </trkpt>
      <trkpt lat="-22.671047989279032" lon="14.524313025176525">
        <ele>68.599999999999994</ele>
      </trkpt>
      <trkpt lat="-22.670940030366182" lon="14.524309001863003">
        <ele>68.200000000000003</ele>
      </trkpt>
      <trkpt lat="-22.670832993462682" lon="14.524313025176525">
        <ele>67.799999999999997</ele>
      </trkpt>
      <trkpt lat="-22.670724028721452" lon="14.524316964671016">
        <ele>67.200000000000003</ele>
      </trkpt>
      <trkpt lat="-22.670617997646332" lon="14.52432400546968">
        <ele>66.599999999999994</ele>
      </trkpt>
      <trkpt lat="-22.670512972399592" lon="14.524331968277693">
        <ele>66</ele>
      </trkpt>
      <trkpt lat="-22.670409036800265" lon="14.524340014904737">
        <ele>65.400000000000006</ele>
      </trkpt>
      <trkpt lat="-22.670306023210287" lon="14.52434403821826">
        <ele>65</ele>
      </trkpt>
      <trkpt lat="-22.670203009620309" lon="14.52434403821826">
        <ele>64.799999999999997</ele>
      </trkpt>
      <trkpt lat="-22.670122040435672" lon="14.524345966055989">
        <ele>64.599999999999994</ele>
      </trkpt>
      <trkpt lat="-22.670003017410636" lon="14.524349989369512">
        <ele>64.599999999999994</ele>
      </trkpt>
      <trkpt lat="-22.669905032962561" lon="14.524355018511415">
        <ele>64.400000000000006</ele>
      </trkpt>
      <trkpt lat="-22.669803025200963" lon="14.524361975491047">
        <ele>64.400000000000006</ele>
      </trkpt>
      <trkpt lat="-22.669703029096127" lon="14.524364992976189">
        <ele>64.400000000000006</ele>
      </trkpt>
      <trkpt lat="-22.669600015506148" lon="14.524369016289711">
        <ele>64.200000000000003</ele>
      </trkpt>
      <trkpt lat="-22.669499013572931" lon="14.524372033774853">
        <ele>64</ele>
      </trkpt>
      <trkpt lat="-22.669403040781617" lon="14.524373961612582">
        <ele>64</ele>
      </trkpt>
      <trkpt lat="-22.669306984171271" lon="14.524373039603233">
        <ele>64</ele>
      </trkpt>
      <trkpt lat="-22.669211011379957" lon="14.524371027946472">
        <ele>64</ele>
      </trkpt>
      <trkpt lat="-22.669113026931882" lon="14.524370022118092">
        <ele>64</ele>
      </trkpt>
      <trkpt lat="-22.669017976149917" lon="14.52436801046133">
        <ele>63.799999999999997</ele>
      </trkpt>
      <trkpt lat="-22.668924015015364" lon="14.524370022118092">
        <ele>63.799999999999997</ele>
      </trkpt>
      <trkpt lat="-22.668832987546921" lon="14.524370022118092">
        <ele>63.799999999999997</ele>
      </trkpt>
      <trkpt lat="-22.668741038069129" lon="14.524370022118092">
        <ele>63.399999999999999</ele>
      </trkpt>
      <trkpt lat="-22.668646993115544" lon="14.524373039603233">
        <ele>63.200000000000003</ele>
      </trkpt>
      <trkpt lat="-22.668554959818721" lon="14.524377984926105">
        <ele>63</ele>
      </trkpt>
      <trkpt lat="-22.668460998684168" lon="14.524383014068007">
        <ele>63</ele>
      </trkpt>
      <trkpt lat="-22.668367037549615" lon="14.524384019896388">
        <ele>63</ele>
      </trkpt>
      <trkpt lat="-22.66827299259603" lon="14.524382008239627">
        <ele>63</ele>
      </trkpt>
      <trkpt lat="-22.668180959299207" lon="14.524379996582866">
        <ele>63</ele>
      </trkpt>
      <trkpt lat="-22.668089009821415" lon="14.524376979097724">
        <ele>63</ele>
      </trkpt>
      <trkpt lat="-22.66799395903945" lon="14.524375973269343">
        <ele>63</ele>
      </trkpt>
      <trkpt lat="-22.667898992076516" lon="14.524378990754485">
        <ele>63</ele>
      </trkpt>
      <trkpt lat="-22.667807964608073" lon="14.524388965219259">
        <ele>63</ele>
      </trkpt>
      <trkpt lat="-22.667715009301901" lon="14.52441000379622">
        <ele>63.200000000000003</ele>
      </trkpt>
      <trkpt lat="-22.6676269993186" lon="14.524440011009574">
        <ele>63.600000000000001</ele>
      </trkpt>
      <trkpt lat="-22.667543012648821" lon="14.524477981030941">
        <ele>63.600000000000001</ele>
      </trkpt>
      <trkpt lat="-22.667460031807423" lon="14.524525003507733">
        <ele>63.600000000000001</ele>
      </trkpt>
      <trkpt lat="-22.667375961318612" lon="14.524576971307397">
        <ele>63.600000000000001</ele>
      </trkpt>
      <trkpt lat="-22.667294992133975" lon="14.524629022926092">
        <ele>63.799999999999997</ele>
      </trkpt>
      <trkpt lat="-22.667216034606099" lon="14.524683002382517">
        <ele>63.799999999999997</ele>
      </trkpt>
      <trkpt lat="-22.667139004915953" lon="14.524735976010561">
        <ele>63.799999999999997</ele>
      </trkpt>
      <trkpt lat="-22.667060969397426" lon="14.524785010144114">
        <ele>63.799999999999997</ele>
      </trkpt>
      <trkpt lat="-22.666984023526311" lon="14.524834966287017">
        <ele>63.799999999999997</ele>
      </trkpt>
      <trkpt lat="-22.666903976351023" lon="14.524886012077332">
        <ele>63.799999999999997</ele>
      </trkpt>
      <trkpt lat="-22.666823007166386" lon="14.524936974048615">
        <ele>63.799999999999997</ele>
      </trkpt>
      <trkpt lat="-22.666744971647859" lon="14.524986008182168">
        <ele>63.799999999999997</ele>
      </trkpt>
      <trkpt lat="-22.666667019948363" lon="14.525034036487341">
        <ele>63.600000000000001</ele>
      </trkpt>
      <trkpt lat="-22.666590996086597" lon="14.525080975145102">
        <ele>63.600000000000001</ele>
      </trkpt>
      <trkpt lat="-22.666515978053212" lon="14.525126991793513">
        <ele>63.399999999999999</ele>
      </trkpt>
      <trkpt lat="-22.666441965848207" lon="14.525173008441925">
        <ele>63.200000000000003</ele>
      </trkpt>
      <trkpt lat="-22.666368037462234" lon="14.525219025090337">
        <ele>63.399999999999999</ele>
      </trkpt>
      <trkpt lat="-22.666296036913991" lon="14.525265041738749">
        <ele>63.399999999999999</ele>
      </trkpt>
      <trkpt lat="-22.666225964203477" lon="14.525310974568129">
        <ele>63.200000000000003</ele>
      </trkpt>
      <trkpt lat="-22.666153963655233" lon="14.525359002873302">
        <ele>62.600000000000001</ele>
      </trkpt>
      <trkpt lat="-22.66608296893537" lon="14.525407031178474">
        <ele>62.399999999999999</ele>
      </trkpt>
      <trkpt lat="-22.666010968387127" lon="14.525456987321377">
        <ele>62.200000000000003</ele>
      </trkpt>
      <trkpt lat="-22.665938967838883" lon="14.52550602145493">
        <ele>62.200000000000003</ele>
      </trkpt>
      <trkpt lat="-22.665868978947401" lon="14.525551032274961">
        <ele>62.200000000000003</ele>
      </trkpt>
      <trkpt lat="-22.665797984227538" lon="14.525594031438231">
        <ele>62.200000000000003</ele>
      </trkpt>
      <trkpt lat="-22.665729001164436" lon="14.525638958439231">
        <ele>62.200000000000003</ele>
      </trkpt>
      <trkpt lat="-22.665659012272954" lon="14.525682963430882">
        <ele>62.200000000000003</ele>
      </trkpt>
      <trkpt lat="-22.665588017553091" lon="14.525725962594151">
        <ele>62.200000000000003</ele>
      </trkpt>
      <trkpt lat="-22.66552004031837" lon="14.525770973414183">
        <ele>62</ele>
      </trkpt>
      <trkpt lat="-22.665451979264617" lon="14.525813972577453">
        <ele>62.200000000000003</ele>
      </trkpt>
      <trkpt lat="-22.665387019515038" lon="14.52585001476109">
        <ele>62.200000000000003</ele>
      </trkpt>
      <trkpt lat="-22.665325999259949" lon="14.5258719753474">
        <ele>62.200000000000003</ele>
      </trkpt>
      <trkpt lat="-22.665263973176479" lon="14.525877004489303">
        <ele>62.200000000000003</ele>
      </trkpt>
      <trkpt lat="-22.665206976234913" lon="14.525865018367767">
        <ele>62.200000000000003</ele>
      </trkpt>
      <trkpt lat="-22.665160959586501" lon="14.525834005326033">
        <ele>62.200000000000003</ele>
      </trkpt>
      <trkpt lat="-22.665123995393515" lon="14.525792011991143">
        <ele>62.200000000000003</ele>
      </trkpt>
      <trkpt lat="-22.665088959038258" lon="14.525745995342731">
        <ele>62.200000000000003</ele>
      </trkpt>
      <trkpt lat="-22.665045037865639" lon="14.525704002007842">
        <ele>62.200000000000003</ele>
      </trkpt>
      <trkpt lat="-22.664999021217227" lon="14.525672988966107">
        <ele>62.200000000000003</ele>
      </trkpt>
      <trkpt lat="-22.664956022053957" lon="14.525644993409514">
        <ele>62.200000000000003</ele>
      </trkpt>
      <trkpt lat="-22.664910005405545" lon="14.525621021166444">
        <ele>62.200000000000003</ele>
      </trkpt>
      <trkpt lat="-22.664866000413895" lon="14.525599982589483">
        <ele>62.200000000000003</ele>
      </trkpt>
      <trkpt lat="-22.664829958230257" lon="14.525582967326045">
        <ele>62.200000000000003</ele>
      </trkpt>
      <trkpt lat="-22.664801962673664" lon="14.52557098120451">
        <ele>62</ele>
      </trkpt>
      <trkpt lat="-22.664773967117071" lon="14.52557198703289">
        <ele>62</ele>
      </trkpt>
      <trkpt lat="-22.664745971560478" lon="14.525586990639567">
        <ele>61.799999999999997</ele>
      </trkpt>
      <trkpt lat="-22.664719987660646" lon="14.525609035044909">
        <ele>61.600000000000001</ele>
      </trkpt>
      <trkpt lat="-22.664694003760815" lon="14.525641975924373">
        <ele>61.600000000000001</ele>
      </trkpt>
      <trkpt lat="-22.664667014032602" lon="14.525673994794488">
        <ele>61.600000000000001</ele>
      </trkpt>
      <trkpt lat="-22.664634995162487" lon="14.525710958987474">
        <ele>61.600000000000001</ele>
      </trkpt>
      <trkpt lat="-22.664603982120752" lon="14.525745995342731">
        <ele>61.399999999999999</ele>
      </trkpt>
      <trkpt lat="-22.664569029584527" lon="14.525780025869608">
        <ele>61.399999999999999</ele>
      </trkpt>
      <trkpt lat="-22.664526030421257" lon="14.525810033082962">
        <ele>61.399999999999999</ele>
      </trkpt>
      <trkpt lat="-22.664479007944465" lon="14.525827970355749">
        <ele>61.399999999999999</ele>
      </trkpt>
      <trkpt lat="-22.664428967982531" lon="14.525841968134046">
        <ele>61.399999999999999</ele>
      </trkpt>
      <trkpt lat="-22.664374988526106" lon="14.52584900893271">
        <ele>61.399999999999999</ele>
      </trkpt>
      <trkpt lat="-22.664314974099398" lon="14.525855965912342">
        <ele>61.399999999999999</ele>
      </trkpt>
      <trkpt lat="-22.664246996864676" lon="14.525869963690639">
        <ele>61.399999999999999</ele>
      </trkpt>
      <trkpt lat="-22.664176002144814" lon="14.525888990610838">
        <ele>61.399999999999999</ele>
      </trkpt>
      <trkpt lat="-22.664107019081712" lon="14.525903994217515">
        <ele>61.399999999999999</ele>
      </trkpt>
      <trkpt lat="-22.66404096968472" lon="14.525911035016179">
        <ele>61.600000000000001</ele>
      </trkpt>
      <trkpt lat="-22.663971986621618" lon="14.52591497451067">
        <ele>61.600000000000001</ele>
      </trkpt>
      <trkpt lat="-22.663899986073375" lon="14.525918997824192">
        <ele>61.600000000000001</ele>
      </trkpt>
      <trkpt lat="-22.663831003010273" lon="14.525923021137714">
        <ele>61.600000000000001</ele>
      </trkpt>
      <trkpt lat="-22.663765037432313" lon="14.525929978117347">
        <ele>61.600000000000001</ele>
      </trkpt>
      <trkpt lat="-22.66369697637856" lon="14.525938024744391">
        <ele>61.600000000000001</ele>
      </trkpt>
      <trkpt lat="-22.663630004972219" lon="14.525944981724024">
        <ele>61.600000000000001</ele>
      </trkpt>
      <trkpt lat="-22.663562027737498" lon="14.525955962017179">
        <ele>61.799999999999997</ele>
      </trkpt>
      <trkpt lat="-22.663491033017635" lon="14.525969959795475">
        <ele>61.799999999999997</ele>
      </trkpt>
      <trkpt lat="-22.663420960307121" lon="14.525984041392803">
        <ele>61.600000000000001</ele>
      </trkpt>
      <trkpt lat="-22.663348959758878" lon="14.525999967008829">
        <ele>61.600000000000001</ele>
      </trkpt>
      <trkpt lat="-22.663275031372905" lon="14.526023017242551">
        <ele>61.600000000000001</ele>
      </trkpt>
      <trkpt lat="-22.66320001333952" lon="14.526052018627524">
        <ele>61.600000000000001</ele>
      </trkpt>
      <trkpt lat="-22.663131030276418" lon="14.526082025840878">
        <ele>61.600000000000001</ele>
      </trkpt>
      <trkpt lat="-22.663061041384935" lon="14.526101974770427">
        <ele>61.600000000000001</ele>
      </trkpt>
      <trkpt lat="-22.662989962846041" lon="14.526109015569091">
        <ele>61.600000000000001</ele>
      </trkpt>
      <trkpt lat="-22.662918968126178" lon="14.526110021397471">
        <ele>61.600000000000001</ele>
      </trkpt>
      <trkpt lat="-22.662850990891457" lon="14.526109015569091">
        <ele>61.600000000000001</ele>
      </trkpt>
      <trkpt lat="-22.662778990343213" lon="14.52610700391233">
        <ele>61.600000000000001</ele>
      </trkpt>
      <trkpt lat="-22.662704978138208" lon="14.526104992255569">
        <ele>61.600000000000001</ele>
      </trkpt>
      <trkpt lat="-22.662629038095474" lon="14.526104992255569">
        <ele>61.600000000000001</ele>
      </trkpt>
      <trkpt lat="-22.66255795955658" lon="14.526109015569091">
        <ele>61.600000000000001</ele>
      </trkpt>
      <trkpt lat="-22.662483025342226" lon="14.526111027225852">
        <ele>61.600000000000001</ele>
      </trkpt>
      <trkpt lat="-22.662409013137221" lon="14.526110021397471">
        <ele>61.600000000000001</ele>
      </trkpt>
      <trkpt lat="-22.662324020639062" lon="14.526109015569091">
        <ele>61.600000000000001</ele>
      </trkpt>
      <trkpt lat="-22.662269035354257" lon="14.526113038882613">
        <ele>61.600000000000001</ele>
      </trkpt>
      <trkpt lat="-22.662198040634394" lon="14.526118990033865">
        <ele>61.600000000000001</ele>
      </trkpt>
      <trkpt lat="-22.66212604008615" lon="14.526128964498639">
        <ele>61.600000000000001</ele>
      </trkpt>
      <trkpt lat="-22.662054039537907" lon="14.526139022782445">
        <ele>61.600000000000001</ele>
      </trkpt>
      <trkpt lat="-22.661981033161283" lon="14.526147991418839">
        <ele>61.600000000000001</ele>
      </trkpt>
      <trkpt lat="-22.661907020956278" lon="14.526157965883613">
        <ele>61.600000000000001</ele>
      </trkpt>
      <trkpt lat="-22.661833008751273" lon="14.526166012510657">
        <ele>61.600000000000001</ele>
      </trkpt>
      <trkpt lat="-22.661758996546268" lon="14.526174981147051">
        <ele>61.600000000000001</ele>
      </trkpt>
      <trkpt lat="-22.661684984341264" lon="14.526184033602476">
        <ele>61.600000000000001</ele>
      </trkpt>
      <trkpt lat="-22.66161197796464" lon="14.526191996410489">
        <ele>61.799999999999997</ele>
      </trkpt>
      <trkpt lat="-22.661538971588016" lon="14.526200965046883">
        <ele>61.799999999999997</ele>
      </trkpt>
      <trkpt lat="-22.661465965211391" lon="14.526211023330688">
        <ele>61.799999999999997</ele>
      </trkpt>
      <trkpt lat="-22.661392958834767" lon="14.526220997795463">
        <ele>62</ele>
      </trkpt>
      <trkpt lat="-22.661320036277175" lon="14.526229966431856">
        <ele>62.399999999999999</ele>
      </trkpt>
      <trkpt lat="-22.66124602407217" lon="14.526240024715662">
        <ele>62.600000000000001</ele>
      </trkpt>
      <trkpt lat="-22.661172011867166" lon="14.526249999180436">
        <ele>62.799999999999997</ele>
      </trkpt>
      <trkpt lat="-22.661097999662161" lon="14.526262991130352">
        <ele>63</ele>
      </trkpt>
      <trkpt lat="-22.661018958315253" lon="14.526274977251887">
        <ele>63</ele>
      </trkpt>
      <trkpt lat="-22.660943018272519" lon="14.526289980858564">
        <ele>63</ele>
      </trkpt>
      <trkpt lat="-22.660865988582373" lon="14.5263019669801">
        <ele>63.200000000000003</ele>
      </trkpt>
      <trkpt lat="-22.660788958892226" lon="14.526313031092286">
        <ele>63.200000000000003</ele>
      </trkpt>
      <trkpt lat="-22.660711007192731" lon="14.52632199972868">
        <ele>63.399999999999999</ele>
      </trkpt>
      <trkpt lat="-22.660631965845823" lon="14.526330968365073">
        <ele>63.399999999999999</ele>
      </trkpt>
      <trkpt lat="-22.660550996661186" lon="14.526341026648879">
        <ele>63.399999999999999</ele>
      </trkpt>
      <trkpt lat="-22.660469021648169" lon="14.526351001113653">
        <ele>63.399999999999999</ele>
      </trkpt>
      <trkpt lat="-22.6603879686445" lon="14.526362987235188">
        <ele>63.399999999999999</ele>
      </trkpt>
      <trkpt lat="-22.660306999459863" lon="14.526372961699963">
        <ele>63.399999999999999</ele>
      </trkpt>
      <trkpt lat="-22.660225024446845" lon="14.526383019983768">
        <ele>63.399999999999999</ele>
      </trkpt>
      <trkpt lat="-22.660141959786415" lon="14.526395006105304">
        <ele>63.600000000000001</ele>
      </trkpt>
      <trkpt lat="-22.660059984773397" lon="14.526405986398458">
        <ele>63.600000000000001</ele>
      </trkpt>
      <trkpt lat="-22.65997901558876" lon="14.526416966691613">
        <ele>63.799999999999997</ele>
      </trkpt>
      <trkpt lat="-22.659898968413472" lon="14.526425013318658">
        <ele>63.799999999999997</ele>
      </trkpt>
      <trkpt lat="-22.659819005057216" lon="14.52643197029829">
        <ele>63.799999999999997</ele>
      </trkpt>
      <trkpt lat="-22.659724960103631" lon="14.526438005268574">
        <ele>63.799999999999997</ele>
      </trkpt>
      <trkpt lat="-22.659662012010813" lon="14.526443034410477">
        <ele>63.799999999999997</ele>
      </trkpt>
      <trkpt lat="-22.659582970663905" lon="14.526449991390109">
        <ele>63.799999999999997</ele>
      </trkpt>
      <trkpt lat="-22.659503007307649" lon="14.526456026360393">
        <ele>63.799999999999997</ele>
      </trkpt>
      <trkpt lat="-22.659423965960741" lon="14.526461977511644">
        <ele>64</ele>
      </trkpt>
      <trkpt lat="-22.659341990947723" lon="14.526466000825167">
        <ele>64</ele>
      </trkpt>
      <trkpt lat="-22.659262027591467" lon="14.526468012481928">
        <ele>63.799999999999997</ele>
      </trkpt>
      <trkpt lat="-22.659181980416179" lon="14.526475975289941">
        <ele>63.799999999999997</ele>
      </trkpt>
      <trkpt lat="-22.659102017059922" lon="14.526482010260224">
        <ele>63.799999999999997</ele>
      </trkpt>
      <trkpt lat="-22.659022975713015" lon="14.526486033573747">
        <ele>63.799999999999997</ele>
      </trkpt>
      <trkpt lat="-22.6589460298419" lon="14.526487039402127">
        <ele>63.799999999999997</ele>
      </trkpt>
      <trkpt lat="-22.658866988494992" lon="14.526487961411476">
        <ele>63.799999999999997</ele>
      </trkpt>
      <trkpt lat="-22.658789958804846" lon="14.526487039402127">
        <ele>63.600000000000001</ele>
      </trkpt>
      <trkpt lat="-22.65871200710535" lon="14.526486033573747">
        <ele>63.600000000000001</ele>
      </trkpt>
      <trkpt lat="-22.658631037920713" lon="14.526484021916986">
        <ele>63.600000000000001</ele>
      </trkpt>
      <trkpt lat="-22.658553002402186" lon="14.526479998603463">
        <ele>63.600000000000001</ele>
      </trkpt>
      <trkpt lat="-22.65847597271204" lon="14.526478992775083">
        <ele>63</ele>
      </trkpt>
      <trkpt lat="-22.658401038497686" lon="14.526482010260224">
        <ele>62.799999999999997</ele>
      </trkpt>
      <trkpt lat="-22.658328032121062" lon="14.526492990553379">
        <ele>62.600000000000001</ele>
      </trkpt>
      <trkpt lat="-22.658255025744438" lon="14.52651796862483">
        <ele>62.399999999999999</ele>
      </trkpt>
      <trkpt lat="-22.658187970519066" lon="14.526547975838184">
        <ele>62.399999999999999</ele>
      </trkpt>
      <trkpt lat="-22.658123010769486" lon="14.526577983051538">
        <ele>62.200000000000003</ele>
      </trkpt>
      <trkpt lat="-22.658059978857636" lon="14.526606984436512">
        <ele>62.200000000000003</ele>
      </trkpt>
      <trkpt lat="-22.657998036593199" lon="14.526634979993105">
        <ele>62.200000000000003</ele>
      </trkpt>
      <trkpt lat="-22.657938022166491" lon="14.526662975549698">
        <ele>62.200000000000003</ele>
      </trkpt>
      <trkpt lat="-22.657875996083021" lon="14.526691976934671">
        <ele>62.200000000000003</ele>
      </trkpt>
      <trkpt lat="-22.657811958342791" lon="14.526718966662884">
        <ele>62.200000000000003</ele>
      </trkpt>
      <trkpt lat="-22.65774498693645" lon="14.526746040210128">
        <ele>62.200000000000003</ele>
      </trkpt>
      <trkpt lat="-22.657677009701729" lon="14.52677302993834">
        <ele>62.200000000000003</ele>
      </trkpt>
      <trkpt lat="-22.657609032467008" lon="14.52679599635303">
        <ele>62.200000000000003</ele>
      </trkpt>
      <trkpt lat="-22.657540971413255" lon="14.52681896276772">
        <ele>62.200000000000003</ele>
      </trkpt>
      <trkpt lat="-22.657470982521772" lon="14.526842013001442">
        <ele>62.200000000000003</ele>
      </trkpt>
      <trkpt lat="-22.65740099363029" lon="14.526865985244513">
        <ele>62.200000000000003</ele>
      </trkpt>
      <trkpt lat="-22.657332010567188" lon="14.526887023821473">
        <ele>62.200000000000003</ele>
      </trkpt>
      <trkpt lat="-22.657260010018945" lon="14.526909990236163">
        <ele>62.200000000000003</ele>
      </trkpt>
      <trkpt lat="-22.657188009470701" lon="14.526933040469885">
        <ele>62.600000000000001</ele>
      </trkpt>
      <trkpt lat="-22.657116008922458" lon="14.526956006884575">
        <ele>62.600000000000001</ele>
      </trkpt>
      <trkpt lat="-22.657044008374214" lon="14.526980984956026">
        <ele>62.799999999999997</ele>
      </trkpt>
      <trkpt lat="-22.656972007825971" lon="14.527005963027477">
        <ele>63</ele>
      </trkpt>
      <trkpt lat="-22.656897995620966" lon="14.527032030746341">
        <ele>63</ele>
      </trkpt>
      <trkpt lat="-22.656825995072722" lon="14.527058014646173">
        <ele>63</ele>
      </trkpt>
      <trkpt lat="-22.656752988696098" lon="14.527082992717624">
        <ele>63</ele>
      </trkpt>
      <trkpt lat="-22.656678976491094" lon="14.527105037122965">
        <ele>63.200000000000003</ele>
      </trkpt>
      <trkpt lat="-22.656603958457708" lon="14.527129009366035">
        <ele>63.200000000000003</ele>
      </trkpt>
      <trkpt lat="-22.656527012586594" lon="14.527153987437487">
        <ele>63.200000000000003</ele>
      </trkpt>
      <trkpt lat="-22.656448977068067" lon="14.527179971337318">
        <ele>63.200000000000003</ele>
      </trkpt>
      <trkpt lat="-22.656372031196952" lon="14.527206039056182">
        <ele>63.200000000000003</ele>
      </trkpt>
      <trkpt lat="-22.656296007335186" lon="14.527232022956014">
        <ele>63.200000000000003</ele>
      </trkpt>
      <trkpt lat="-22.656220989301801" lon="14.527260018512607">
        <ele>63.200000000000003</ele>
      </trkpt>
      <trkpt lat="-22.6561329793185" lon="14.527291031554341">
        <ele>63.200000000000003</ele>
      </trkpt>
      <trkpt lat="-22.656073970720172" lon="14.52731098048389">
        <ele>63.200000000000003</ele>
      </trkpt>
      <trkpt lat="-22.655995013192296" lon="14.527339981868863">
        <ele>63.200000000000003</ele>
      </trkpt>
      <trkpt lat="-22.655916977673769" lon="14.527369989082217">
        <ele>63.200000000000003</ele>
      </trkpt>
      <trkpt lat="-22.655841037631035" lon="14.527403013780713">
        <ele>63.200000000000003</ele>
      </trkpt>
      <trkpt lat="-22.655765013769269" lon="14.527435032650828">
        <ele>63.200000000000003</ele>
      </trkpt>
      <trkpt lat="-22.655692007392645" lon="14.527465961873531">
        <ele>63.200000000000003</ele>
      </trkpt>
      <trkpt lat="-22.65561698935926" lon="14.527497980743647">
        <ele>63.200000000000003</ele>
      </trkpt>
      <trkpt lat="-22.655541971325874" lon="14.527528993785381">
        <ele>63.200000000000003</ele>
      </trkpt>
      <trkpt lat="-22.65546603128314" lon="14.527556989341974">
        <ele>63.200000000000003</ele>
      </trkpt>
      <trkpt lat="-22.655392019078135" lon="14.527585990726948">
        <ele>63.200000000000003</ele>
      </trkpt>
      <trkpt lat="-22.65531599521637" lon="14.52761298045516">
        <ele>63.200000000000003</ele>
      </trkpt>
      <trkpt lat="-22.655237959697843" lon="14.527634019032121">
        <ele>63.200000000000003</ele>
      </trkpt>
      <trkpt lat="-22.655159002169967" lon="14.527650028467178">
        <ele>63.200000000000003</ele>
      </trkpt>
      <trkpt lat="-22.655079960823059" lon="14.527666959911585">
        <ele>63.200000000000003</ele>
      </trkpt>
      <trkpt lat="-22.655002009123564" lon="14.527680035680532">
        <ele>63.200000000000003</ele>
      </trkpt>
      <trkpt lat="-22.654923973605037" lon="14.527691015973687">
        <ele>63.200000000000003</ele>
      </trkpt>
      <trkpt lat="-22.654846021905541" lon="14.527700990438461">
        <ele>63.200000000000003</ele>
      </trkpt>
      <trkpt lat="-22.654767986387014" lon="14.527711970731616">
        <ele>63.200000000000003</ele>
      </trkpt>
      <trkpt lat="-22.654690034687519" lon="14.527722029015422">
        <ele>63</ele>
      </trkpt>
      <trkpt lat="-22.654613004997373" lon="14.527734015136957">
        <ele>63</ele>
      </trkpt>
      <trkpt lat="-22.654533963650465" lon="14.527746001258492">
        <ele>63</ele>
      </trkpt>
      <trkpt lat="-22.654454000294209" lon="14.527757987380028">
        <ele>63</ele>
      </trkpt>
      <trkpt lat="-22.654374958947301" lon="14.527768967673182">
        <ele>63</ele>
      </trkpt>
      <trkpt lat="-22.654280997812748" lon="14.52778103761375">
        <ele>63</ele>
      </trkpt>
      <trkpt lat="-22.654218971729279" lon="14.527787994593382">
        <ele>63</ele>
      </trkpt>
      <trkpt lat="-22.654141020029783" lon="14.527797969058156">
        <ele>63</ele>
      </trkpt>
      <trkpt lat="-22.654061978682876" lon="14.527808027341962">
        <ele>63</ele>
      </trkpt>
      <trkpt lat="-22.65398402698338" lon="14.527819007635117">
        <ele>63</ele>
      </trkpt>
      <trkpt lat="-22.653903979808092" lon="14.527829987928271">
        <ele>63</ele>
      </trkpt>
      <trkpt lat="-22.653827033936977" lon="14.527839962393045">
        <ele>63</ele>
      </trkpt>
      <trkpt lat="-22.65374899841845" lon="14.527850020676851">
        <ele>63</ele>
      </trkpt>
      <trkpt lat="-22.653670040890574" lon="14.527862006798387">
        <ele>63.200000000000003</ele>
      </trkpt>
      <trkpt lat="-22.653592005372047" lon="14.52787097543478">
        <ele>63.200000000000003</ele>
      </trkpt>
      <trkpt lat="-22.653514975681901" lon="14.527882961556315">
        <ele>63.399999999999999</ele>
      </trkpt>
      <trkpt lat="-22.653439035639167" lon="14.527896959334612">
        <ele>63.399999999999999</ele>
      </trkpt>
      <trkpt lat="-22.653363011777401" lon="14.527909029275179">
        <ele>63.399999999999999</ele>
      </trkpt>
      <trkpt lat="-22.653287993744016" lon="14.527917997911572">
        <ele>63.399999999999999</ele>
      </trkpt>
      <trkpt lat="-22.65321196988225" lon="14.527926966547966">
        <ele>63.399999999999999</ele>
      </trkpt>
      <trkpt lat="-22.653137035667896" lon="14.527937024831772">
        <ele>63.399999999999999</ele>
      </trkpt>
      <trkpt lat="-22.653062017634511" lon="14.527944987639785">
        <ele>63.600000000000001</ele>
      </trkpt>
      <trkpt lat="-22.652985993772745" lon="14.52795404009521">
        <ele>63.600000000000001</ele>
      </trkpt>
      <trkpt lat="-22.65291198156774" lon="14.527964014559984">
        <ele>63.600000000000001</ele>
      </trkpt>
      <trkpt lat="-22.652837969362736" lon="14.527973989024758">
        <ele>63.600000000000001</ele>
      </trkpt>
      <trkpt lat="-22.652764962986112" lon="14.527985975146294">
        <ele>63.600000000000001</ele>
      </trkpt>
      <trkpt lat="-22.652693968266249" lon="14.52799896709621">
        <ele>63.600000000000001</ele>
      </trkpt>
      <trkpt lat="-22.652623979374766" lon="14.528015982359648">
        <ele>63.600000000000001</ele>
      </trkpt>
      <trkpt lat="-22.652557007968426" lon="14.528040960431099">
        <ele>63.600000000000001</ele>
      </trkpt>
      <trkpt lat="-22.652489030733705" lon="14.528073985129595">
        <ele>63.399999999999999</ele>
      </trkpt>
      <trkpt lat="-22.652422981336713" lon="14.52810600399971">
        <ele>63.399999999999999</ele>
      </trkpt>
      <trkpt lat="-22.652359027415514" lon="14.528135005384684">
        <ele>63.399999999999999</ele>
      </trkpt>
      <trkpt lat="-22.652302030473948" lon="14.528167024254799">
        <ele>63.399999999999999</ele>
      </trkpt>
      <trkpt lat="-22.652260959148407" lon="14.528209017589688">
        <ele>63.399999999999999</ele>
      </trkpt>
      <trkpt lat="-22.652233969420195" lon="14.528262997046113">
        <ele>63.200000000000003</ele>
      </trkpt>
      <trkpt lat="-22.652220977470279" lon="14.528323011472821">
        <ele>63.200000000000003</ele>
      </trkpt>
      <trkpt lat="-22.652218965813518" lon="14.528379002586007">
        <ele>63.200000000000003</ele>
      </trkpt>
      <trkpt lat="-22.652211003005505" lon="14.528444968163967">
        <ele>63.200000000000003</ele>
      </trkpt>
      <trkpt lat="-22.652194993570447" lon="14.528481010347605">
        <ele>63.200000000000003</ele>
      </trkpt>
      <trkpt lat="-22.652170015498996" lon="14.528523003682494">
        <ele>63.200000000000003</ele>
      </trkpt>
      <trkpt lat="-22.652140008285642" lon="14.528563991189003">
        <ele>63.200000000000003</ele>
      </trkpt>
      <trkpt lat="-22.652102038264275" lon="14.528602967038751">
        <ele>63.200000000000003</ele>
      </trkpt>
      <trkpt lat="-22.652064990252256" lon="14.528640015050769">
        <ele>63.200000000000003</ele>
      </trkpt>
      <trkpt lat="-22.65202903188765" lon="14.528675973415375">
        <ele>63.200000000000003</ele>
      </trkpt>
      <trkpt lat="-22.651995001360774" lon="14.528710003942251">
        <ele>63.399999999999999</ele>
      </trkpt>
      <trkpt lat="-22.651961976662278" lon="14.528742022812366">
        <ele>64</ele>
      </trkpt>
      <trkpt lat="-22.651920989155769" lon="14.528784016147256">
        <ele>64.200000000000003</ele>
      </trkpt>
      <trkpt lat="-22.651893999427557" lon="14.528815029188991">
        <ele>64.400000000000006</ele>
      </trkpt>
      <trkpt lat="-22.651852006092668" lon="14.528863979503512">
        <ele>64.599999999999994</ele>
      </trkpt>
      <trkpt lat="-22.651817975565791" lon="14.528897004202008">
        <ele>64.599999999999994</ele>
      </trkpt>
      <trkpt lat="-22.651762990280986" lon="14.528924999758601">
        <ele>65</ele>
      </trkpt>
      <trkpt lat="-22.651699958369136" lon="14.528930028900504">
        <ele>65.200000000000003</ele>
      </trkpt>
      <trkpt lat="-22.651633992791176" lon="14.528918964788318">
        <ele>65.599999999999994</ele>
      </trkpt>
      <trkpt lat="-22.651565009728074" lon="14.528903039172292">
        <ele>65.599999999999994</ele>
      </trkpt>
      <trkpt lat="-22.651494015008211" lon="14.528882000595331">
        <ele>65.599999999999994</ele>
      </trkpt>
      <trkpt lat="-22.651421008631587" lon="14.528858028352261">
        <ele>65.799999999999997</ele>
      </trkpt>
      <trkpt lat="-22.651345990598202" lon="14.528829026967287">
        <ele>65.599999999999994</ele>
      </trkpt>
      <trkpt lat="-22.651273990049958" lon="14.528789967298508">
        <ele>65.599999999999994</ele>
      </trkpt>
      <trkpt lat="-22.651200983673334" lon="14.528747973963618">
        <ele>65.799999999999997</ele>
      </trkpt>
      <trkpt lat="-22.651125965639949" lon="14.528702041134238">
        <ele>65.799999999999997</ele>
      </trkpt>
      <trkpt lat="-22.651052037253976" lon="14.528654012829065">
        <ele>65.799999999999997</ele>
      </trkpt>
      <trkpt lat="-22.650975007563829" lon="14.528606990352273">
        <ele>65.799999999999997</ele>
      </trkpt>
      <trkpt lat="-22.650899989530444" lon="14.528559967875481">
        <ele>65.599999999999994</ele>
      </trkpt>
      <trkpt lat="-22.650822959840298" lon="14.52851596288383">
        <ele>65.400000000000006</ele>
      </trkpt>
      <trkpt lat="-22.650747019797564" lon="14.528485033661127">
        <ele>65</ele>
      </trkpt>
      <trkpt lat="-22.650669990107417" lon="14.528468018397689">
        <ele>64.599999999999994</ele>
      </trkpt>
      <trkpt lat="-22.650593966245651" lon="14.52847003005445">
        <ele>64.400000000000006</ele>
      </trkpt>
      <trkpt lat="-22.65050302259624" lon="14.528485033661127">
        <ele>64.200000000000003</ele>
      </trkpt>
      <trkpt lat="-22.650443008169532" lon="14.528500037267804">
        <ele>64</ele>
      </trkpt>
      <trkpt lat="-22.650367990136147" lon="14.528517974540591">
        <ele>63.600000000000001</ele>
      </trkpt>
      <trkpt lat="-22.650293977931142" lon="14.52853599563241">
        <ele>63.399999999999999</ele>
      </trkpt>
      <trkpt lat="-22.650222983211279" lon="14.528555022552609">
        <ele>62.799999999999997</ele>
      </trkpt>
      <trkpt lat="-22.650150982663035" lon="14.528574971482158">
        <ele>62.399999999999999</ele>
      </trkpt>
      <trkpt lat="-22.650080993771553" lon="14.528592992573977">
        <ele>62.200000000000003</ele>
      </trkpt>
      <trkpt lat="-22.650014022365212" lon="14.528607996180654">
        <ele>62.200000000000003</ele>
      </trkpt>
      <trkpt lat="-22.64994596131146" lon="14.528624005615711">
        <ele>62.200000000000003</ele>
      </trkpt>
      <trkpt lat="-22.649864992126822" lon="14.52864496037364">
        <ele>62.200000000000003</ele>
      </trkpt>
      <trkpt lat="-22.649812018498778" lon="14.528658958151937">
        <ele>62.200000000000003</ele>
      </trkpt>
      <trkpt lat="-22.649742029607296" lon="14.528676979243755">
        <ele>62</ele>
      </trkpt>
      <trkpt lat="-22.649662988260388" lon="14.528702041134238">
        <ele>62.200000000000003</ele>
      </trkpt>
      <trkpt lat="-22.649614037945867" lon="14.52872802503407">
        <ele>62</ele>
      </trkpt>
      <trkpt lat="-22.64955603517592" lon="14.528759960085154">
        <ele>62</ele>
      </trkpt>
      <trkpt lat="-22.649499960243702" lon="14.528792984783649">
        <ele>62</ele>
      </trkpt>
      <trkpt lat="-22.649442041292787" lon="14.528823997825384">
        <ele>62.399999999999999</ele>
      </trkpt>
      <trkpt lat="-22.649380015209317" lon="14.528845958411694">
        <ele>62.399999999999999</ele>
      </trkpt>
      <trkpt lat="-22.649315977469087" lon="14.528856016695499">
        <ele>62.600000000000001</ele>
      </trkpt>
      <trkpt lat="-22.649250011891127" lon="14.528858028352261">
        <ele>62.600000000000001</ele>
      </trkpt>
      <trkpt lat="-22.649183962494135" lon="14.528856016695499">
        <ele>62.799999999999997</ele>
      </trkpt>
      <trkpt lat="-22.649115985259414" lon="14.528852999210358">
        <ele>62.799999999999997</ele>
      </trkpt>
      <trkpt lat="-22.649041973054409" lon="14.528847970068455">
        <ele>63</ele>
      </trkpt>
      <trkpt lat="-22.648968966677785" lon="14.528837995603681">
        <ele>63.200000000000003</ele>
      </trkpt>
      <trkpt lat="-22.648893026635051" lon="14.528823997825384">
        <ele>63.399999999999999</ele>
      </trkpt>
      <trkpt lat="-22.648815996944904" lon="14.528804970905185">
        <ele>63.399999999999999</ele>
      </trkpt>
      <trkpt lat="-22.648737039417028" lon="14.528783010318875">
        <ele>63.399999999999999</ele>
      </trkpt>
      <trkpt lat="-22.648654980584979" lon="14.528759038075805">
        <ele>63.399999999999999</ele>
      </trkpt>
      <trkpt lat="-22.648574011400342" lon="14.528734982013702">
        <ele>63.399999999999999</ele>
      </trkpt>
      <trkpt lat="-22.648491030558944" lon="14.528710003942251">
        <ele>63.399999999999999</ele>
      </trkpt>
      <trkpt lat="-22.648408971726894" lon="14.528687037527561">
        <ele>63.399999999999999</ele>
      </trkpt>
      <trkpt lat="-22.648330014199018" lon="14.52866499312222">
        <ele>63.399999999999999</ele>
      </trkpt>
      <trkpt lat="-22.648251978680491" lon="14.52864496037364">
        <ele>63.600000000000001</ele>
      </trkpt>
      <trkpt lat="-22.648176038637757" lon="14.528625011444092">
        <ele>63.600000000000001</ele>
      </trkpt>
      <trkpt lat="-22.64809800311923" lon="14.528603972867131">
        <ele>63.600000000000001</ele>
      </trkpt>
      <trkpt lat="-22.648019967600703" lon="14.528582012280822">
        <ele>63.600000000000001</ele>
      </trkpt>
      <trkpt lat="-22.64794503338635" lon="14.528564997017384">
        <ele>63.600000000000001</ele>
      </trkpt>
      <trkpt lat="-22.647873032838106" lon="14.528546975925565">
        <ele>63.600000000000001</ele>
      </trkpt>
      <trkpt lat="-22.647800026461482" lon="14.528530966490507">
        <ele>63.399999999999999</ele>
      </trkpt>
      <trkpt lat="-22.647731965407729" lon="14.528511017560959">
        <ele>63.399999999999999</ele>
      </trkpt>
      <trkpt lat="-22.647673040628433" lon="14.528490984812379">
        <ele>63.399999999999999</ele>
      </trkpt>
      <trkpt lat="-22.647630041465163" lon="14.528466006740928">
        <ele>63.399999999999999</ele>
      </trkpt>
      <trkpt lat="-22.647602967917919" lon="14.528434993699193">
        <ele>63.200000000000003</ele>
      </trkpt>
      <trkpt lat="-22.647583018988371" lon="14.528396017849445">
        <ele>63.200000000000003</ele>
      </trkpt>
      <trkpt lat="-22.647559968754649" lon="14.528354024514556">
        <ele>63.200000000000003</ele>
      </trkpt>
      <trkpt lat="-22.647532979026437" lon="14.528310019522905">
        <ele>63.200000000000003</ele>
      </trkpt>
      <trkpt lat="-22.647500960156322" lon="14.528253022581339">
        <ele>63.200000000000003</ele>
      </trkpt>
      <trkpt lat="-22.647477993741632" lon="14.52821496874094">
        <ele>63</ele>
      </trkpt>
      <trkpt lat="-22.647448992356658" lon="14.528167024254799">
        <ele>63</ele>
      </trkpt>
      <trkpt lat="-22.647419990971684" lon="14.528117990121245">
        <ele>63</ele>
      </trkpt>
      <trkpt lat="-22.647396018728614" lon="14.52806300483644">
        <ele>63</ele>
      </trkpt>
      <trkpt lat="-22.647374980151653" lon="14.52799997292459">
        <ele>62.799999999999997</ele>
      </trkpt>
      <trkpt lat="-22.647355031222105" lon="14.527938030660152">
        <ele>62.399999999999999</ele>
      </trkpt>
      <trkpt lat="-22.647330975160003" lon="14.527878016233444">
        <ele>62.200000000000003</ele>
      </trkpt>
      <trkpt lat="-22.647304991260171" lon="14.527816995978355">
        <ele>62</ele>
      </trkpt>
      <trkpt lat="-22.647278001531959" lon="14.527756981551647">
        <ele>61.799999999999997</ele>
      </trkpt>
      <trkpt lat="-22.647249000146985" lon="14.52769503928721">
        <ele>61.799999999999997</ele>
      </trkpt>
      <trkpt lat="-22.64721798710525" lon="14.527636030688882">
        <ele>61.600000000000001</ele>
      </trkpt>
      <trkpt lat="-22.647187979891896" lon="14.527575010433793">
        <ele>61.600000000000001</ele>
      </trkpt>
      <trkpt lat="-22.647161995992064" lon="14.527511978521943">
        <ele>61.600000000000001</ele>
      </trkpt>
      <trkpt lat="-22.647139029577374" lon="14.527450036257505">
        <ele>61.600000000000001</ele>
      </trkpt>
      <trkpt lat="-22.647120002657175" lon="14.527387004345655">
        <ele>61.600000000000001</ele>
      </trkpt>
      <trkpt lat="-22.647102987393737" lon="14.527321960777044">
        <ele>61.600000000000001</ele>
      </trkpt>
      <trkpt lat="-22.647085972130299" lon="14.527257001027465">
        <ele>61.600000000000001</ele>
      </trkpt>
      <trkpt lat="-22.647069040685892" lon="14.527192041277885">
        <ele>61.600000000000001</ele>
      </trkpt>
    </trkseg></trk></gpx>