<?xml version='1.0' encoding='utf-8'?>
<gpx xmlns="http://www.topografix.com/GPX/1/1" version="1.1" creator="DesertDash stage split"><trk><name>Stage 4: CP3 - Bloedkoppe to CP4 - Goanikontes</name><trkseg><trkpt lat="-22.930820854380727" lon="15.309661729261279">
        <ele>693.79999999999995</ele>
        <time>2024-11-26T15:23:44Z</time>
      </trkpt>
      <trkpt lat="-22.930820602923632" lon="15.309643289074302">
        <ele>694</ele>
        <time>2024-11-26T15:24:00Z</time>
      </trkpt>
      <trkpt lat="-22.930816831067204" lon="15.309629878029227">
        <ele>693.79999999999995</ele>
        <time>2024-11-26T15:24:16Z</time>
      </trkpt>
      <trkpt lat="-22.930806772783399" lon="15.309616299346089">
        <ele>693.79999999999995</ele>
        <time>2024-11-26T15:24:33Z</time>
      </trkpt>
      <trkpt lat="-22.93079269118607" lon="15.309606324881315">
        <ele>693.79999999999995</ele>
        <time>2024-11-26T15:24:49Z</time>
      </trkpt>
      <trkpt lat="-22.930767964571714" lon="15.309596685692668">
        <ele>693.79999999999995</ele>
        <time>2024-11-26T15:25:06Z</time>
      </trkpt>
      <trkpt lat="-22.930743740871549" lon="15.309591321274638">
        <ele>693.79999999999995</ele>
        <time>2024-11-26T15:25:22Z</time>
      </trkpt>
      <trkpt lat="-22.930717254057527" lon="15.309584280475974">
        <ele>694</ele>
        <time>2024-11-26T15:25:39Z</time>
      </trkpt>
      <trkpt lat="-22.930687330663204" lon="15.309573886916041">
        <ele>694</ele>
        <time>2024-11-26T15:25:55Z</time>
      </trkpt>
      <trkpt lat="-22.930523045361042" lon="15.309517057612538">
        <ele>694.20000000000005</ele>
        <time>2024-11-26T15:26:11Z</time>
      </trkpt>
      <trkpt lat="-22.930446434766054" lon="15.309477662667632">
        <ele>694.39999999999998</ele>
        <time>2024-11-26T15:26:28Z</time>
      </trkpt>
      <trkpt lat="-22.930353982374072" lon="15.309379929676652">
        <ele>694.60000000000002</ele>
        <time>2024-11-26T15:26:44Z</time>
      </trkpt>
      <trkpt lat="-22.930299919098616" lon="15.309303905814886">
        <ele>695</ele>
        <time>2024-11-26T15:27:01Z</time>
      </trkpt>
      <trkpt lat="-22.930241161957383" lon="15.309209357947111">
        <ele>695</ele>
        <time>2024-11-26T15:27:17Z</time>
      </trkpt>
      <trkpt lat="-22.930178549140692" lon="15.309102153405547">
        <ele>695.20000000000005</ele>
        <time>2024-11-26T15:27:34Z</time>
      </trkpt>
      <trkpt lat="-22.929899599403143" lon="15.30859999358654">
        <ele>695.39999999999998</ele>
        <time>2024-11-26T15:27:50Z</time>
      </trkpt>
      <trkpt lat="-22.929684603586793" lon="15.308255329728127">
        <ele>695</ele>
        <time>2024-11-26T15:28:07Z</time>
      </trkpt>
      <trkpt lat="-22.929595503956079" lon="15.308173773810267">
        <ele>694</ele>
        <time>2024-11-26T15:28:23Z</time>
      </trkpt>
      <trkpt lat="-22.92949391528964" lon="15.30811577104032">
        <ele>693.60000000000002</ele>
        <time>2024-11-26T15:28:39Z</time>
      </trkpt>
      <trkpt lat="-22.929379418492317" lon="15.308071849867702">
        <ele>693.39999999999998</ele>
        <time>2024-11-26T15:28:56Z</time>
      </trkpt>
      <trkpt lat="-22.929256958886981" lon="15.30803999863565">
        <ele>693.20000000000005</ele>
        <time>2024-11-26T15:29:12Z</time>
      </trkpt>
      <trkpt lat="-22.929130978882313" lon="15.30800823122263">
        <ele>693.20000000000005</ele>
        <time>2024-11-26T15:29:29Z</time>
      </trkpt>
      <trkpt lat="-22.928999802097678" lon="15.307967578992248">
        <ele>693.20000000000005</ele>
        <time>2024-11-26T15:29:45Z</time>
      </trkpt>
      <trkpt lat="-22.928726803511381" lon="15.307849813252687">
        <ele>693.60000000000002</ele>
        <time>2024-11-26T15:30:02Z</time>
      </trkpt>
      <trkpt lat="-22.928161863237619" lon="15.307548400014639">
        <ele>694</ele>
        <time>2024-11-26T15:30:18Z</time>
      </trkpt>
      <trkpt lat="-22.927908729761839" lon="15.307393921539187">
        <ele>693.79999999999995</ele>
        <time>2024-11-26T15:30:35Z</time>
      </trkpt>
      <trkpt lat="-22.927787443622947" lon="15.307350419461727">
        <ele>693.60000000000002</ele>
        <time>2024-11-26T15:30:51Z</time>
      </trkpt>
      <trkpt lat="-22.927664816379547" lon="15.307340444996953">
        <ele>693</ele>
        <time>2024-11-26T15:31:07Z</time>
      </trkpt>
      <trkpt lat="-22.92754570953548" lon="15.30736081302166">
        <ele>692.79999999999995</ele>
        <time>2024-11-26T15:31:24Z</time>
      </trkpt>
      <trkpt lat="-22.927433140575886" lon="15.307384114712477">
        <ele>692.60000000000002</ele>
        <time>2024-11-26T15:31:40Z</time>
      </trkpt>
      <trkpt lat="-22.927323002368212" lon="15.307380091398954">
        <ele>692.39999999999998</ele>
        <time>2024-11-26T15:31:57Z</time>
      </trkpt>
      <trkpt lat="-22.927210936322808" lon="15.307347401976585">
        <ele>692.39999999999998</ele>
        <time>2024-11-26T15:32:13Z</time>
      </trkpt>
      <trkpt lat="-22.927099792286754" lon="15.307287303730845">
        <ele>692.39999999999998</ele>
        <time>2024-11-26T15:32:30Z</time>
      </trkpt>
      <trkpt lat="-22.926987055689096" lon="15.307209687307477">
        <ele>692.39999999999998</ele>
        <time>2024-11-26T15:32:46Z</time>
      </trkpt>
      <trkpt lat="-22.926874151453376" lon="15.307122264057398">
        <ele>692.79999999999995</ele>
        <time>2024-11-26T15:33:03Z</time>
      </trkpt>
      <trkpt lat="-22.926758229732513" lon="15.307032242417336">
        <ele>692.79999999999995</ele>
        <time>2024-11-26T15:33:19Z</time>
      </trkpt>
      <trkpt lat="-22.926639206707478" lon="15.306939706206322">
        <ele>692.79999999999995</ele>
        <time>2024-11-26T15:33:36Z</time>
      </trkpt>
      <trkpt lat="-22.926515322178602" lon="15.306848427280784">
        <ele>693</ele>
        <time>2024-11-26T15:33:52Z</time>
      </trkpt>
      <trkpt lat="-22.926129503175616" lon="15.306552546098828">
        <ele>693</ele>
        <time>2024-11-26T15:34:09Z</time>
      </trkpt>
      <trkpt lat="-22.92588097974658" lon="15.306359929963946">
        <ele>693</ele>
        <time>2024-11-26T15:34:25Z</time>
      </trkpt>
      <trkpt lat="-22.925752904266119" lon="15.30627653002739">
        <ele>692.60000000000002</ele>
        <time>2024-11-26T15:34:41Z</time>
      </trkpt>
      <trkpt lat="-22.925621643662453" lon="15.30620913952589">
        <ele>692.60000000000002</ele>
        <time>2024-11-26T15:34:58Z</time>
      </trkpt>
      <trkpt lat="-22.925488203763962" lon="15.306161027401686">
        <ele>692.39999999999998</ele>
        <time>2024-11-26T15:35:14Z</time>
      </trkpt>
      <trkpt lat="-22.925354512408376" lon="15.306135043501854">
        <ele>692.20000000000005</ele>
        <time>2024-11-26T15:35:31Z</time>
      </trkpt>
      <trkpt lat="-22.925219982862473" lon="15.306125320494175">
        <ele>692</ele>
        <time>2024-11-26T15:35:47Z</time>
      </trkpt>
      <trkpt lat="-22.925089979544282" lon="15.306112077087164">
        <ele>691.79999999999995</ele>
        <time>2024-11-26T15:36:04Z</time>
      </trkpt>
      <trkpt lat="-22.924962490797043" lon="15.306088775396347">
        <ele>691.79999999999995</ele>
        <time>2024-11-26T15:36:20Z</time>
      </trkpt>
      <trkpt lat="-22.924839612096548" lon="15.306053822860122">
        <ele>691.60000000000002</ele>
        <time>2024-11-26T15:36:37Z</time>
      </trkpt>
      <trkpt lat="-22.924720756709576" lon="15.306003112345934">
        <ele>691.60000000000002</ele>
        <time>2024-11-26T15:36:53Z</time>
      </trkpt>
      <trkpt lat="-22.924609612673521" lon="15.305934883654118">
        <ele>691.60000000000002</ele>
        <time>2024-11-26T15:37:10Z</time>
      </trkpt>
      <trkpt lat="-22.924504587426782" lon="15.305854333564639">
        <ele>691.60000000000002</ele>
        <time>2024-11-26T15:37:26Z</time>
      </trkpt>
      <trkpt lat="-22.923943754285574" lon="15.30543515458703">
        <ele>691.39999999999998</ele>
        <time>2024-11-26T15:37:43Z</time>
      </trkpt>
      <trkpt lat="-22.923829508945346" lon="15.305340690538287">
        <ele>691.39999999999998</ele>
        <time>2024-11-26T15:37:59Z</time>
      </trkpt>
      <trkpt lat="-22.923372443765402" lon="15.30492695979774">
        <ele>691.39999999999998</ele>
        <time>2024-11-26T15:38:16Z</time>
      </trkpt>
      <trkpt lat="-22.923259120434523" lon="15.304824197664857">
        <ele>691.39999999999998</ele>
        <time>2024-11-26T15:38:32Z</time>
      </trkpt>
      <trkpt lat="-22.923037502914667" lon="15.304627809673548">
        <ele>691.20000000000005</ele>
        <time>2024-11-26T15:38:49Z</time>
      </trkpt>
      <trkpt lat="-22.922932058572769" lon="15.304538123309612">
        <ele>691.20000000000005</ele>
        <time>2024-11-26T15:39:05Z</time>
      </trkpt>
      <trkpt lat="-22.92283290065825" lon="15.304455645382404">
        <ele>691</ele>
        <time>2024-11-26T15:39:22Z</time>
      </trkpt>
      <trkpt lat="-22.92274204082787" lon="15.304376101121306">
        <ele>690.79999999999995</ele>
        <time>2024-11-26T15:39:38Z</time>
      </trkpt>
      <trkpt lat="-22.922662580385804" lon="15.304301921278238">
        <ele>690.60000000000002</ele>
        <time>2024-11-26T15:39:55Z</time>
      </trkpt>
      <trkpt lat="-22.922596698626876" lon="15.304232770577073">
        <ele>690.20000000000005</ele>
        <time>2024-11-26T15:40:11Z</time>
      </trkpt>
      <trkpt lat="-22.922555543482304" lon="15.304171247407794">
        <ele>689.79999999999995</ele>
        <time>2024-11-26T15:40:28Z</time>
      </trkpt>
      <trkpt lat="-22.922532325610518" lon="15.304110562428832">
        <ele>689.60000000000002</ele>
        <time>2024-11-26T15:40:44Z</time>
      </trkpt>
      <trkpt lat="-22.922520758584142" lon="15.304054822772741">
        <ele>689.60000000000002</ele>
        <time>2024-11-26T15:41:01Z</time>
      </trkpt>
      <trkpt lat="-22.922509610652924" lon="15.303994724527001">
        <ele>689.39999999999998</ele>
        <time>2024-11-26T15:41:17Z</time>
      </trkpt>
      <trkpt lat="-22.922494942322373" lon="15.303923729807138">
        <ele>689.39999999999998</ele>
        <time>2024-11-26T15:41:34Z</time>
      </trkpt>
      <trkpt lat="-22.922483794391155" lon="15.303835468366742">
        <ele>689.39999999999998</ele>
        <time>2024-11-26T15:41:50Z</time>
      </trkpt>
      <trkpt lat="-22.922472897917032" lon="15.30373421497643">
        <ele>689.39999999999998</ele>
        <time>2024-11-26T15:42:07Z</time>
      </trkpt>
      <trkpt lat="-22.922406680881977" lon="15.303417295217514">
        <ele>689.20000000000005</ele>
        <time>2024-11-26T15:42:23Z</time>
      </trkpt>
      <trkpt lat="-22.922369381412864" lon="15.30330958776176">
        <ele>689</ele>
        <time>2024-11-26T15:42:40Z</time>
      </trkpt>
      <trkpt lat="-22.922289669513702" lon="15.302939023822546">
        <ele>688.60000000000002</ele>
        <time>2024-11-26T15:42:56Z</time>
      </trkpt>
      <trkpt lat="-22.922277767211199" lon="15.302800890058279">
        <ele>688.39999999999998</ele>
        <time>2024-11-26T15:43:13Z</time>
      </trkpt>
      <trkpt lat="-22.922295033931732" lon="15.30220678076148">
        <ele>688</ele>
        <time>2024-11-26T15:43:29Z</time>
      </trkpt>
      <trkpt lat="-22.922318670898676" lon="15.30191944912076">
        <ele>688</ele>
        <time>2024-11-26T15:43:46Z</time>
      </trkpt>
      <trkpt lat="-22.922342894598842" lon="15.301193241029978">
        <ele>687.60000000000002</ele>
        <time>2024-11-26T15:44:02Z</time>
      </trkpt>
      <trkpt lat="-22.922267038375139" lon="15.300550935789943">
        <ele>687.79999999999995</ele>
        <time>2024-11-26T15:44:19Z</time>
      </trkpt>
      <trkpt lat="-22.922155810520053" lon="15.299863619729877">
        <ele>688.20000000000005</ele>
        <time>2024-11-26T15:44:35Z</time>
      </trkpt>
      <trkpt lat="-22.922079032287002" lon="15.299526667222381">
        <ele>688</ele>
        <time>2024-11-26T15:44:52Z</time>
      </trkpt>
      <trkpt lat="-22.922044834122062" lon="15.299365818500519">
        <ele>687.60000000000002</ele>
        <time>2024-11-26T15:45:08Z</time>
      </trkpt>
      <trkpt lat="-22.922019101679325" lon="15.299207316711545">
        <ele>687.60000000000002</ele>
        <time>2024-11-26T15:45:25Z</time>
      </trkpt>
      <trkpt lat="-22.921989932656288" lon="15.299053089693189">
        <ele>687.39999999999998</ele>
        <time>2024-11-26T15:45:41Z</time>
      </trkpt>
      <trkpt lat="-22.921953052282333" lon="15.298901125788689">
        <ele>687</ele>
        <time>2024-11-26T15:45:58Z</time>
      </trkpt>
      <trkpt lat="-22.92192111723125" lon="15.298746228218079">
        <ele>686.79999999999995</ele>
        <time>2024-11-26T15:46:14Z</time>
      </trkpt>
      <trkpt lat="-22.921834280714393" lon="15.298244738951325">
        <ele>686.60000000000002</ele>
        <time>2024-11-26T15:46:31Z</time>
      </trkpt>
      <trkpt lat="-22.921768482774496" lon="15.297894459217787">
        <ele>686.60000000000002</ele>
        <time>2024-11-26T15:46:47Z</time>
      </trkpt>
      <trkpt lat="-22.921709474176168" lon="15.29754962772131">
        <ele>686.60000000000002</ele>
        <time>2024-11-26T15:47:04Z</time>
      </trkpt>
      <trkpt lat="-22.921682232990861" lon="15.297384168952703">
        <ele>686.60000000000002</ele>
        <time>2024-11-26T15:47:21Z</time>
      </trkpt>
      <trkpt lat="-22.921654572710395" lon="15.297218710184097">
        <ele>686.39999999999998</ele>
        <time>2024-11-26T15:47:37Z</time>
      </trkpt>
      <trkpt lat="-22.921628756448627" lon="15.297059202566743">
        <ele>686.39999999999998</ele>
        <time>2024-11-26T15:47:54Z</time>
      </trkpt>
      <trkpt lat="-22.921603778377175" lon="15.296898270025849">
        <ele>686.39999999999998</ele>
        <time>2024-11-26T15:48:10Z</time>
      </trkpt>
      <trkpt lat="-22.921585254371166" lon="15.296736247837543">
        <ele>686.39999999999998</ele>
        <time>2024-11-26T15:48:27Z</time>
      </trkpt>
      <trkpt lat="-22.92158299125731" lon="15.296581434085965">
        <ele>686.60000000000002</ele>
        <time>2024-11-26T15:48:43Z</time>
      </trkpt>
      <trkpt lat="-22.921589780598879" lon="15.296433158218861">
        <ele>686.79999999999995</ele>
        <time>2024-11-26T15:49:00Z</time>
      </trkpt>
      <trkpt lat="-22.921591876074672" lon="15.296290582045913">
        <ele>687</ele>
        <time>2024-11-26T15:49:16Z</time>
      </trkpt>
      <trkpt lat="-22.921581817790866" lon="15.296157142147422">
        <ele>687</ele>
        <time>2024-11-26T15:49:33Z</time>
      </trkpt>
      <trkpt lat="-22.921564215794206" lon="15.296035436913371">
        <ele>687</ele>
        <time>2024-11-26T15:49:49Z</time>
      </trkpt>
      <trkpt lat="-22.921537309885025" lon="15.295925214886665">
        <ele>687.20000000000005</ele>
        <time>2024-11-26T15:50:06Z</time>
      </trkpt>
      <trkpt lat="-22.921505626291037" lon="15.295826224610209">
        <ele>687.20000000000005</ele>
        <time>2024-11-26T15:50:23Z</time>
      </trkpt>
      <trkpt lat="-22.921477211639285" lon="15.295737124979496">
        <ele>687.39999999999998</ele>
        <time>2024-11-26T15:50:39Z</time>
      </trkpt>
      <trkpt lat="-22.921453658491373" lon="15.295653641223907">
        <ele>688</ele>
        <time>2024-11-26T15:50:56Z</time>
      </trkpt>
      <trkpt lat="-22.921433793380857" lon="15.295579377561808">
        <ele>688.79999999999995</ele>
        <time>2024-11-26T15:51:12Z</time>
      </trkpt>
      <trkpt lat="-22.921421555802226" lon="15.295511484146118">
        <ele>689.39999999999998</ele>
        <time>2024-11-26T15:51:29Z</time>
      </trkpt>
      <trkpt lat="-22.921408899128437" lon="15.295454151928425">
        <ele>690</ele>
        <time>2024-11-26T15:51:45Z</time>
      </trkpt>
      <trkpt lat="-22.921402445062995" lon="15.295402016490698">
        <ele>690.60000000000002</ele>
        <time>2024-11-26T15:52:02Z</time>
      </trkpt>
      <trkpt lat="-22.921393224969506" lon="15.295359436422586">
        <ele>691</ele>
        <time>2024-11-26T15:52:18Z</time>
      </trkpt>
      <trkpt lat="-22.921382412314415" lon="15.295320209115744">
        <ele>691.60000000000002</ele>
        <time>2024-11-26T15:52:35Z</time>
      </trkpt>
      <trkpt lat="-22.921368833631277" lon="15.295286430045962">
        <ele>691.79999999999995</ele>
        <time>2024-11-26T15:52:52Z</time>
      </trkpt>
      <trkpt lat="-22.921347711235285" lon="15.295254830271006">
        <ele>692.20000000000005</ele>
        <time>2024-11-26T15:53:08Z</time>
      </trkpt>
      <trkpt lat="-22.921322481706738" lon="15.295221218839288">
        <ele>692.39999999999998</ele>
        <time>2024-11-26T15:53:25Z</time>
      </trkpt>
      <trkpt lat="-22.921295156702399" lon="15.295188445597887">
        <ele>692.60000000000002</ele>
        <time>2024-11-26T15:53:41Z</time>
      </trkpt>
      <trkpt lat="-22.921267664059997" lon="15.29515583999455">
        <ele>693.20000000000005</ele>
        <time>2024-11-26T15:53:58Z</time>
      </trkpt>
      <trkpt lat="-22.921237656846642" lon="15.295118791982532">
        <ele>693.39999999999998</ele>
        <time>2024-11-26T15:54:14Z</time>
      </trkpt>
      <trkpt lat="-22.921203458681703" lon="15.295081660151482">
        <ele>693.79999999999995</ele>
        <time>2024-11-26T15:54:31Z</time>
      </trkpt>
      <trkpt lat="-22.921168757602572" lon="15.295043103396893">
        <ele>694.20000000000005</ele>
        <time>2024-11-26T15:54:47Z</time>
      </trkpt>
      <trkpt lat="-22.921132044866681" lon="15.295000607147813">
        <ele>694.39999999999998</ele>
        <time>2024-11-26T15:55:04Z</time>
      </trkpt>
      <trkpt lat="-22.921096840873361" lon="15.294954422861338">
        <ele>695</ele>
        <time>2024-11-26T15:55:21Z</time>
      </trkpt>
      <trkpt lat="-22.921059122309089" lon="15.294906981289387">
        <ele>695.39999999999998</ele>
        <time>2024-11-26T15:55:37Z</time>
      </trkpt>
      <trkpt lat="-22.921018386259675" lon="15.294857108965516">
        <ele>696.20000000000005</ele>
        <time>2024-11-26T15:55:54Z</time>
      </trkpt>
      <trkpt lat="-22.92097463272512" lon="15.294804889708757">
        <ele>696.60000000000002</ele>
        <time>2024-11-26T15:56:10Z</time>
      </trkpt>
      <trkpt lat="-22.920929370447993" lon="15.294751161709428">
        <ele>696.79999999999995</ele>
        <time>2024-11-26T15:56:27Z</time>
      </trkpt>
      <trkpt lat="-22.920881006866693" lon="15.294701121747494">
        <ele>697.39999999999998</ele>
        <time>2024-11-26T15:56:43Z</time>
      </trkpt>
      <trkpt lat="-22.920832391828299" lon="15.294649824500084">
        <ele>698</ele>
        <time>2024-11-26T15:57:00Z</time>
      </trkpt>
      <trkpt lat="-22.920781597495079" lon="15.29459785670042">
        <ele>698.39999999999998</ele>
        <time>2024-11-26T15:57:16Z</time>
      </trkpt>
      <trkpt lat="-22.920727534219623" lon="15.294548571109772">
        <ele>699.20000000000005</ele>
        <time>2024-11-26T15:57:33Z</time>
      </trkpt>
      <trkpt lat="-22.920670034363866" lon="15.294497776776552">
        <ele>699.39999999999998</ele>
        <time>2024-11-26T15:57:50Z</time>
      </trkpt>
      <trkpt lat="-22.920611361041665" lon="15.294447401538491">
        <ele>699.60000000000002</ele>
        <time>2024-11-26T15:58:06Z</time>
      </trkpt>
      <trkpt lat="-22.92055101133883" lon="15.294394176453352">
        <ele>699.79999999999995</ele>
        <time>2024-11-26T15:58:23Z</time>
      </trkpt>
      <trkpt lat="-22.920486386865377" lon="15.294338688254356">
        <ele>700.20000000000005</ele>
        <time>2024-11-26T15:58:39Z</time>
      </trkpt>
      <trkpt lat="-22.920423019677401" lon="15.294269453734159">
        <ele>700.39999999999998</ele>
        <time>2024-11-26T15:58:56Z</time>
      </trkpt>
      <trkpt lat="-22.920357137918472" lon="15.294200303032994">
        <ele>700.39999999999998</ele>
        <time>2024-11-26T15:59:12Z</time>
      </trkpt>
      <trkpt lat="-22.920287568122149" lon="15.294139282777905">
        <ele>700.60000000000002</ele>
        <time>2024-11-26T15:59:29Z</time>
      </trkpt>
      <trkpt lat="-22.920211041346192" lon="15.29408723115921">
        <ele>700.60000000000002</ele>
        <time>2024-11-26T15:59:46Z</time>
      </trkpt>
      <trkpt lat="-22.920131999999285" lon="15.294046411290765">
        <ele>700.39999999999998</ele>
        <time>2024-11-26T16:00:02Z</time>
      </trkpt>
      <trkpt lat="-22.920046588405967" lon="15.29401489533484">
        <ele>700</ele>
        <time>2024-11-26T16:00:19Z</time>
      </trkpt>
      <trkpt lat="-22.919951369985938" lon="15.29399829916656">
        <ele>699.60000000000002</ele>
        <time>2024-11-26T16:00:35Z</time>
      </trkpt>
      <trkpt lat="-22.919851038604975" lon="15.293979942798615">
        <ele>699.39999999999998</ele>
        <time>2024-11-26T16:00:52Z</time>
      </trkpt>
      <trkpt lat="-22.919743834063411" lon="15.293964771553874">
        <ele>699</ele>
        <time>2024-11-26T16:01:08Z</time>
      </trkpt>
      <trkpt lat="-22.919634701684117" lon="15.293950438499451">
        <ele>698.60000000000002</ele>
        <time>2024-11-26T16:01:25Z</time>
      </trkpt>
      <trkpt lat="-22.919522048905492" lon="15.293937865644693">
        <ele>698</ele>
        <time>2024-11-26T16:01:41Z</time>
      </trkpt>
      <trkpt lat="-22.919409144669771" lon="15.293922610580921">
        <ele>697.79999999999995</ele>
        <time>2024-11-26T16:01:58Z</time>
      </trkpt>
      <trkpt lat="-22.919299006462097" lon="15.293903918936849">
        <ele>697.39999999999998</ele>
        <time>2024-11-26T16:02:15Z</time>
      </trkpt>
      <trkpt lat="-22.919191047549248" lon="15.293879276141524">
        <ele>696.79999999999995</ele>
        <time>2024-11-26T16:02:31Z</time>
      </trkpt>
      <trkpt lat="-22.919098176062107" lon="15.293845245614648">
        <ele>696.20000000000005</ele>
        <time>2024-11-26T16:02:48Z</time>
      </trkpt>
      <trkpt lat="-22.919015446677804" lon="15.293812891468406">
        <ele>695.20000000000005</ele>
        <time>2024-11-26T16:03:04Z</time>
      </trkpt>
      <trkpt lat="-22.918938500806689" lon="15.29379403218627">
        <ele>694.60000000000002</ele>
        <time>2024-11-26T16:03:21Z</time>
      </trkpt>
      <trkpt lat="-22.918860549107194" lon="15.293787997215986">
        <ele>693.60000000000002</ele>
        <time>2024-11-26T16:03:37Z</time>
      </trkpt>
      <trkpt lat="-22.918782262131572" lon="15.293796882033348">
        <ele>693.60000000000002</ele>
        <time>2024-11-26T16:03:54Z</time>
      </trkpt>
      <trkpt lat="-22.918701963499188" lon="15.293807778507471">
        <ele>693.39999999999998</ele>
        <time>2024-11-26T16:04:11Z</time>
      </trkpt>
      <trkpt lat="-22.918621832504869" lon="15.293836947530508">
        <ele>693.39999999999998</ele>
        <time>2024-11-26T16:04:27Z</time>
      </trkpt>
      <trkpt lat="-22.918436424806714" lon="15.293881287798285">
        <ele>693</ele>
        <time>2024-11-26T16:04:44Z</time>
      </trkpt>
      <trkpt lat="-22.918233750388026" lon="15.293952282518148">
        <ele>693.20000000000005</ele>
        <time>2024-11-26T16:05:00Z</time>
      </trkpt>
      <trkpt lat="-22.917912723496556" lon="15.294041633605957">
        <ele>692.79999999999995</ele>
        <time>2024-11-26T16:05:17Z</time>
      </trkpt>
      <trkpt lat="-22.917806273326278" lon="15.294048758223653">
        <ele>692.39999999999998</ele>
        <time>2024-11-26T16:05:34Z</time>
      </trkpt>
      <trkpt lat="-22.917700661346316" lon="15.294031156226993">
        <ele>692.20000000000005</ele>
        <time>2024-11-26T16:05:50Z</time>
      </trkpt>
      <trkpt lat="-22.917597312480211" lon="15.294009698554873">
        <ele>691.79999999999995</ele>
        <time>2024-11-26T16:06:07Z</time>
      </trkpt>
      <trkpt lat="-22.917492119595408" lon="15.294001987203956">
        <ele>691.60000000000002</ele>
        <time>2024-11-26T16:06:23Z</time>
      </trkpt>
      <trkpt lat="-22.917387597262859" lon="15.293998382985592">
        <ele>690.79999999999995</ele>
        <time>2024-11-26T16:06:40Z</time>
      </trkpt>
      <trkpt lat="-22.917184000834823" lon="15.294003244489431">
        <ele>690.39999999999998</ele>
        <time>2024-11-26T16:06:56Z</time>
      </trkpt>
      <trkpt lat="-22.917102696374059" lon="15.294002322480083">
        <ele>690.20000000000005</ele>
        <time>2024-11-26T16:07:13Z</time>
      </trkpt>
      <trkpt lat="-22.917038658633828" lon="15.29399779625237">
        <ele>689.39999999999998</ele>
        <time>2024-11-26T16:07:30Z</time>
      </trkpt>
      <trkpt lat="-22.916972693055868" lon="15.293989414349198">
        <ele>688.60000000000002</ele>
        <time>2024-11-26T16:07:46Z</time>
      </trkpt>
      <trkpt lat="-22.916905889287591" lon="15.293979272246361">
        <ele>687.79999999999995</ele>
        <time>2024-11-26T16:08:03Z</time>
      </trkpt>
      <trkpt lat="-22.916837492957711" lon="15.293970638886094">
        <ele>687.60000000000002</ele>
        <time>2024-11-26T16:08:19Z</time>
      </trkpt>
      <trkpt lat="-22.916585197672248" lon="15.293949684128165">
        <ele>687.20000000000005</ele>
        <time>2024-11-26T16:08:36Z</time>
      </trkpt>
      <trkpt lat="-22.916392665356398" lon="15.293957563117146">
        <ele>686.60000000000002</ele>
        <time>2024-11-26T16:08:53Z</time>
      </trkpt>
      <trkpt lat="-22.916181860491633" lon="15.293977092951536">
        <ele>686.60000000000002</ele>
        <time>2024-11-26T16:09:09Z</time>
      </trkpt>
      <trkpt lat="-22.915688082575798" lon="15.294026462361217">
        <ele>686</ele>
        <time>2024-11-26T16:09:26Z</time>
      </trkpt>
      <trkpt lat="-22.915427656844258" lon="15.294041633605957">
        <ele>685.39999999999998</ele>
        <time>2024-11-26T16:09:42Z</time>
      </trkpt>
      <trkpt lat="-22.915039407089353" lon="15.294070718809962">
        <ele>684.39999999999998</ele>
        <time>2024-11-26T16:09:59Z</time>
      </trkpt>
      <trkpt lat="-22.914643781259656" lon="15.294100726023316">
        <ele>683.20000000000005</ele>
        <time>2024-11-26T16:10:16Z</time>
      </trkpt>
      <trkpt lat="-22.914239019155502" lon="15.294053535908461">
        <ele>682.60000000000002</ele>
        <time>2024-11-26T16:10:32Z</time>
      </trkpt>
      <trkpt lat="-22.913823863491416" lon="15.294007267802954">
        <ele>682.20000000000005</ele>
        <time>2024-11-26T16:10:49Z</time>
      </trkpt>
      <trkpt lat="-22.913547344505787" lon="15.293976170942187">
        <ele>681</ele>
        <time>2024-11-26T16:11:05Z</time>
      </trkpt>
      <trkpt lat="-22.91341507807374" lon="15.293959993869066">
        <ele>680.79999999999995</ele>
        <time>2024-11-26T16:11:22Z</time>
      </trkpt>
      <trkpt lat="-22.913284488022327" lon="15.293945912271738">
        <ele>680.79999999999995</ele>
        <time>2024-11-26T16:11:39Z</time>
      </trkpt>
      <trkpt lat="-22.91315364651382" lon="15.293927555903792">
        <ele>680.60000000000002</ele>
        <time>2024-11-26T16:11:55Z</time>
      </trkpt>
      <trkpt lat="-22.913021044805646" lon="15.29390593059361">
        <ele>680.20000000000005</ele>
        <time>2024-11-26T16:12:12Z</time>
      </trkpt>
      <trkpt lat="-22.912889951840043" lon="15.293885311111808">
        <ele>680</ele>
        <time>2024-11-26T16:12:28Z</time>
      </trkpt>
      <trkpt lat="-22.912630448117852" lon="15.293854717165232">
        <ele>679.20000000000005</ele>
        <time>2024-11-26T16:12:45Z</time>
      </trkpt>
      <trkpt lat="-22.912496589124203" lon="15.293836193159223">
        <ele>679.20000000000005</ele>
        <time>2024-11-26T16:13:02Z</time>
      </trkpt>
      <trkpt lat="-22.912359125912189" lon="15.293813226744533">
        <ele>678.79999999999995</ele>
        <time>2024-11-26T16:13:18Z</time>
      </trkpt>
      <trkpt lat="-22.911803489550948" lon="15.293693114072084">
        <ele>678.60000000000002</ele>
        <time>2024-11-26T16:13:35Z</time>
      </trkpt>
      <trkpt lat="-22.911540130153298" lon="15.293618012219667">
        <ele>678.60000000000002</ele>
        <time>2024-11-26T16:13:52Z</time>
      </trkpt>
      <trkpt lat="-22.911410294473171" lon="15.293574593961239">
        <ele>678.79999999999995</ele>
        <time>2024-11-26T16:14:08Z</time>
      </trkpt>
      <trkpt lat="-22.911280626431108" lon="15.293541653081775">
        <ele>679</ele>
        <time>2024-11-26T16:14:25Z</time>
      </trkpt>
      <trkpt lat="-22.911150371655822" lon="15.293510053306818">
        <ele>679</ele>
        <time>2024-11-26T16:14:41Z</time>
      </trkpt>
      <trkpt lat="-22.91076673194766" lon="15.293435454368591">
        <ele>680.20000000000005</ele>
        <time>2024-11-26T16:14:58Z</time>
      </trkpt>
      <trkpt lat="-22.910640416666865" lon="15.293410141021013">
        <ele>680.60000000000002</ele>
        <time>2024-11-26T16:15:15Z</time>
      </trkpt>
      <trkpt lat="-22.91051703505218" lon="15.293383486568928">
        <ele>681</ele>
        <time>2024-11-26T16:15:31Z</time>
      </trkpt>
      <trkpt lat="-22.910396670922637" lon="15.293353814631701">
        <ele>681.79999999999995</ele>
        <time>2024-11-26T16:15:48Z</time>
      </trkpt>
      <trkpt lat="-22.910282090306282" lon="15.293316598981619">
        <ele>681.79999999999995</ele>
        <time>2024-11-26T16:16:05Z</time>
      </trkpt>
      <trkpt lat="-22.910173460841179" lon="15.293272510170937">
        <ele>681.79999999999995</ele>
        <time>2024-11-26T16:16:21Z</time>
      </trkpt>
      <trkpt lat="-22.910063490271568" lon="15.293228588998318">
        <ele>681.79999999999995</ele>
        <time>2024-11-26T16:16:38Z</time>
      </trkpt>
      <trkpt lat="-22.909948406741023" lon="15.293192127719522">
        <ele>681.60000000000002</ele>
        <time>2024-11-26T16:16:54Z</time>
      </trkpt>
      <trkpt lat="-22.909833155572414" lon="15.293158181011677">
        <ele>681.20000000000005</ele>
        <time>2024-11-26T16:17:11Z</time>
      </trkpt>
      <trkpt lat="-22.909723520278931" lon="15.29313194565475">
        <ele>680.39999999999998</ele>
        <time>2024-11-26T16:17:28Z</time>
      </trkpt>
      <trkpt lat="-22.909624194726348" lon="15.293116271495819">
        <ele>679.20000000000005</ele>
        <time>2024-11-26T16:17:44Z</time>
      </trkpt>
      <trkpt lat="-22.909519504755735" lon="15.293111577630043">
        <ele>678</ele>
        <time>2024-11-26T16:18:01Z</time>
      </trkpt>
      <trkpt lat="-22.909414395689964" lon="15.293118199333549">
        <ele>676.60000000000002</ele>
        <time>2024-11-26T16:18:18Z</time>
      </trkpt>
      <trkpt lat="-22.909306101500988" lon="15.293123982846737">
        <ele>675.60000000000002</ele>
        <time>2024-11-26T16:18:34Z</time>
      </trkpt>
      <trkpt lat="-22.909202417358756" lon="15.293129179626703">
        <ele>674.39999999999998</ele>
        <time>2024-11-26T16:18:51Z</time>
      </trkpt>
      <trkpt lat="-22.909106528386474" lon="15.293116690590978">
        <ele>673.79999999999995</ele>
        <time>2024-11-26T16:19:08Z</time>
      </trkpt>
      <trkpt lat="-22.909015668556094" lon="15.29308550991118">
        <ele>673.79999999999995</ele>
        <time>2024-11-26T16:19:24Z</time>
      </trkpt>
      <trkpt lat="-22.908928664401174" lon="15.293043851852417">
        <ele>673.79999999999995</ele>
        <time>2024-11-26T16:19:41Z</time>
      </trkpt>
      <trkpt lat="-22.908845013007522" lon="15.292985597625375">
        <ele>674</ele>
        <time>2024-11-26T16:19:58Z</time>
      </trkpt>
      <trkpt lat="-22.908760607242584" lon="15.292922481894493">
        <ele>674.20000000000005</ele>
        <time>2024-11-26T16:20:14Z</time>
      </trkpt>
      <trkpt lat="-22.908673854544759" lon="15.29285735450685">
        <ele>674.39999999999998</ele>
        <time>2024-11-26T16:20:31Z</time>
      </trkpt>
      <trkpt lat="-22.908181669190526" lon="15.292490730062127">
        <ele>674.60000000000002</ele>
        <time>2024-11-26T16:20:47Z</time>
      </trkpt>
      <trkpt lat="-22.907639611512423" lon="15.292066521942616">
        <ele>673.79999999999995</ele>
        <time>2024-11-26T16:21:04Z</time>
      </trkpt>
      <trkpt lat="-22.907430315390229" lon="15.291895112022758">
        <ele>673.60000000000002</ele>
        <time>2024-11-26T16:21:21Z</time>
      </trkpt>
      <trkpt lat="-22.907104175537825" lon="15.291642062366009">
        <ele>673.39999999999998</ele>
        <time>2024-11-26T16:21:37Z</time>
      </trkpt>
      <trkpt lat="-22.906658090651035" lon="15.291300415992737">
        <ele>672.39999999999998</ele>
        <time>2024-11-26T16:21:54Z</time>
      </trkpt>
      <trkpt lat="-22.906543342396617" lon="15.291211316362023">
        <ele>671.79999999999995</ele>
        <time>2024-11-26T16:22:11Z</time>
      </trkpt>
      <trkpt lat="-22.906430019065738" lon="15.29112322255969">
        <ele>671.79999999999995</ele>
        <time>2024-11-26T16:22:27Z</time>
      </trkpt>
      <trkpt lat="-22.905962644144893" lon="15.290761459618807">
        <ele>671.20000000000005</ele>
        <time>2024-11-26T16:22:44Z</time>
      </trkpt>
      <trkpt lat="-22.905843118205667" lon="15.290671018883586">
        <ele>670.79999999999995</ele>
        <time>2024-11-26T16:23:01Z</time>
      </trkpt>
      <trkpt lat="-22.905727028846741" lon="15.290578817948699">
        <ele>670.79999999999995</ele>
        <time>2024-11-26T16:23:17Z</time>
      </trkpt>
      <trkpt lat="-22.905614376068115" lon="15.290484437718987">
        <ele>670.60000000000002</ele>
        <time>2024-11-26T16:23:34Z</time>
      </trkpt>
      <trkpt lat="-22.905162004753947" lon="15.290121333673596">
        <ele>670.20000000000005</ele>
        <time>2024-11-26T16:23:51Z</time>
      </trkpt>
      <trkpt lat="-22.905049100518227" lon="15.290038185194135">
        <ele>670.20000000000005</ele>
        <time>2024-11-26T16:24:07Z</time>
      </trkpt>
      <trkpt lat="-22.904936363920569" lon="15.289954617619514">
        <ele>670.20000000000005</ele>
        <time>2024-11-26T16:24:24Z</time>
      </trkpt>
      <trkpt lat="-22.904823794960976" lon="15.289877420291305">
        <ele>670.20000000000005</ele>
        <time>2024-11-26T16:24:41Z</time>
      </trkpt>
      <trkpt lat="-22.904707454144955" lon="15.289813801646233">
        <ele>670.39999999999998</ele>
        <time>2024-11-26T16:24:57Z</time>
      </trkpt>
      <trkpt lat="-22.90458507835865" lon="15.289765270426869">
        <ele>670.39999999999998</ele>
        <time>2024-11-26T16:25:14Z</time>
      </trkpt>
      <trkpt lat="-22.904459265992045" lon="15.28973107226193">
        <ele>670.39999999999998</ele>
        <time>2024-11-26T16:25:31Z</time>
      </trkpt>
      <trkpt lat="-22.904327921569347" lon="15.289706429466605">
        <ele>670.60000000000002</ele>
        <time>2024-11-26T16:25:48Z</time>
      </trkpt>
      <trkpt lat="-22.904204120859504" lon="15.2896773442626">
        <ele>670.60000000000002</ele>
        <time>2024-11-26T16:26:04Z</time>
      </trkpt>
      <trkpt lat="-22.904090881347656" lon="15.289650186896324">
        <ele>670.60000000000002</ele>
        <time>2024-11-26T16:26:21Z</time>
      </trkpt>
      <trkpt lat="-22.903989795595407" lon="15.289611797779799">
        <ele>670.60000000000002</ele>
        <time>2024-11-26T16:26:38Z</time>
      </trkpt>
      <trkpt lat="-22.903901617974043" lon="15.289554800838232">
        <ele>670.79999999999995</ele>
        <time>2024-11-26T16:26:54Z</time>
      </trkpt>
      <trkpt lat="-22.903832802549005" lon="15.289481962099671">
        <ele>670.79999999999995</ele>
        <time>2024-11-26T16:27:11Z</time>
      </trkpt>
      <trkpt lat="-22.903782427310944" lon="15.289395544677973">
        <ele>671</ele>
        <time>2024-11-26T16:27:28Z</time>
      </trkpt>
      <trkpt lat="-22.903738087043166" lon="15.289297308772802">
        <ele>671.60000000000002</ele>
        <time>2024-11-26T16:27:44Z</time>
      </trkpt>
      <trkpt lat="-22.903693662956357" lon="15.289203012362123">
        <ele>671.79999999999995</ele>
        <time>2024-11-26T16:28:01Z</time>
      </trkpt>
      <trkpt lat="-22.903649909421802" lon="15.289116511121392">
        <ele>672</ele>
        <time>2024-11-26T16:28:18Z</time>
      </trkpt>
      <trkpt lat="-22.903619399294257" lon="15.28903579339385">
        <ele>672.20000000000005</ele>
        <time>2024-11-26T16:28:34Z</time>
      </trkpt>
      <trkpt lat="-22.903617890551686" lon="15.288959266617894">
        <ele>672.20000000000005</ele>
        <time>2024-11-26T16:28:51Z</time>
      </trkpt>
      <trkpt lat="-22.90364152751863" lon="15.288885422050953">
        <ele>672.20000000000005</ele>
        <time>2024-11-26T16:29:08Z</time>
      </trkpt>
      <trkpt lat="-22.903691316023469" lon="15.288831610232592">
        <ele>672.20000000000005</ele>
        <time>2024-11-26T16:29:24Z</time>
      </trkpt>
      <trkpt lat="-22.903756527230144" lon="15.28878852725029">
        <ele>672.39999999999998</ele>
        <time>2024-11-26T16:29:41Z</time>
      </trkpt>
      <trkpt lat="-22.903885189443827" lon="15.288673024624586">
        <ele>672.20000000000005</ele>
        <time>2024-11-26T16:29:58Z</time>
      </trkpt>
      <trkpt lat="-22.903939252719283" lon="15.288601694628596">
        <ele>672.20000000000005</ele>
        <time>2024-11-26T16:30:14Z</time>
      </trkpt>
      <trkpt lat="-22.90397965349257" lon="15.288519049063325">
        <ele>672</ele>
        <time>2024-11-26T16:30:31Z</time>
      </trkpt>
      <trkpt lat="-22.903998596593738" lon="15.288425087928772">
        <ele>672</ele>
        <time>2024-11-26T16:30:48Z</time>
      </trkpt>
      <trkpt lat="-22.904008738696575" lon="15.288320817053318">
        <ele>672</ele>
        <time>2024-11-26T16:31:05Z</time>
      </trkpt>
      <trkpt lat="-22.904015863314271" lon="15.2882095053792">
        <ele>672</ele>
        <time>2024-11-26T16:31:21Z</time>
      </trkpt>
      <trkpt lat="-22.904024077579379" lon="15.288092158734798">
        <ele>671.79999999999995</ele>
        <time>2024-11-26T16:31:38Z</time>
      </trkpt>
      <trkpt lat="-22.90403145365417" lon="15.287976823747158">
        <ele>671.79999999999995</ele>
        <time>2024-11-26T16:31:55Z</time>
      </trkpt>
      <trkpt lat="-22.904014522209764" lon="15.287745483219624">
        <ele>671.20000000000005</ele>
        <time>2024-11-26T16:32:11Z</time>
      </trkpt>
      <trkpt lat="-22.903983844444156" lon="15.287633249536157">
        <ele>671</ele>
        <time>2024-11-26T16:32:28Z</time>
      </trkpt>
      <trkpt lat="-22.903939839452505" lon="15.287522189319134">
        <ele>670.79999999999995</ele>
        <time>2024-11-26T16:32:45Z</time>
      </trkpt>
      <trkpt lat="-22.903805142268538" lon="15.287182722240686">
        <ele>670.79999999999995</ele>
        <time>2024-11-26T16:33:01Z</time>
      </trkpt>
      <trkpt lat="-22.903589559718966" lon="15.286557096987963">
        <ele>671.20000000000005</ele>
        <time>2024-11-26T16:33:18Z</time>
      </trkpt>
      <trkpt lat="-22.903556367382407" lon="15.286423992365599">
        <ele>671</ele>
        <time>2024-11-26T16:33:35Z</time>
      </trkpt>
      <trkpt lat="-22.903504902496934" lon="15.286165997385979">
        <ele>670.79999999999995</ele>
        <time>2024-11-26T16:33:52Z</time>
      </trkpt>
      <trkpt lat="-22.903482606634498" lon="15.286053931340575">
        <ele>670.60000000000002</ele>
        <time>2024-11-26T16:34:08Z</time>
      </trkpt>
      <trkpt lat="-22.903469111770391" lon="15.285948067903519">
        <ele>669.79999999999995</ele>
        <time>2024-11-26T16:34:25Z</time>
      </trkpt>
      <trkpt lat="-22.903451845049858" lon="15.285842036828399">
        <ele>669.20000000000005</ele>
        <time>2024-11-26T16:34:42Z</time>
      </trkpt>
      <trkpt lat="-22.903416473418474" lon="15.285739861428738">
        <ele>669</ele>
        <time>2024-11-26T16:34:58Z</time>
      </trkpt>
      <trkpt lat="-22.903367020189762" lon="15.285641793161631">
        <ele>668.79999999999995</ele>
        <time>2024-11-26T16:35:15Z</time>
      </trkpt>
      <trkpt lat="-22.903307843953371" lon="15.285547412931919">
        <ele>668.79999999999995</ele>
        <time>2024-11-26T16:35:32Z</time>
      </trkpt>
      <trkpt lat="-22.903079772368073" lon="15.285152960568666">
        <ele>668.60000000000002</ele>
        <time>2024-11-26T16:35:49Z</time>
      </trkpt>
      <trkpt lat="-22.90302730165422" lon="15.285073164850473">
        <ele>668.60000000000002</ele>
        <time>2024-11-26T16:36:05Z</time>
      </trkpt>
      <trkpt lat="-22.902966197580099" lon="15.285000996664166">
        <ele>668.60000000000002</ele>
        <time>2024-11-26T16:36:22Z</time>
      </trkpt>
      <trkpt lat="-22.902895119041204" lon="15.284936120733619">
        <ele>668.60000000000002</ele>
        <time>2024-11-26T16:36:39Z</time>
      </trkpt>
      <trkpt lat="-22.902699317783117" lon="15.284826317802072">
        <ele>668.60000000000002</ele>
        <time>2024-11-26T16:36:55Z</time>
      </trkpt>
      <trkpt lat="-22.902591275051236" lon="15.284773679450154">
        <ele>668.79999999999995</ele>
        <time>2024-11-26T16:37:12Z</time>
      </trkpt>
      <trkpt lat="-22.902072351425886" lon="15.284591456875205">
        <ele>669.79999999999995</ele>
        <time>2024-11-26T16:37:29Z</time>
      </trkpt>
      <trkpt lat="-22.901934720575809" lon="15.284546110779047">
        <ele>670</ele>
        <time>2024-11-26T16:37:46Z</time>
      </trkpt>
      <trkpt lat="-22.901517637073994" lon="15.284350896254182">
        <ele>670.20000000000005</ele>
        <time>2024-11-26T16:38:02Z</time>
      </trkpt>
      <trkpt lat="-22.901139780879021" lon="15.284098936244845">
        <ele>670.39999999999998</ele>
        <time>2024-11-26T16:38:19Z</time>
      </trkpt>
      <trkpt lat="-22.901048669591546" lon="15.284003466367722">
        <ele>670.20000000000005</ele>
        <time>2024-11-26T16:38:36Z</time>
      </trkpt>
      <trkpt lat="-22.900990415364504" lon="15.283903554081917">
        <ele>670.20000000000005</ele>
        <time>2024-11-26T16:38:52Z</time>
      </trkpt>
      <trkpt lat="-22.900932915508747" lon="15.283816214650869">
        <ele>670</ele>
        <time>2024-11-26T16:39:09Z</time>
      </trkpt>
      <trkpt lat="-22.900858819484711" lon="15.283755445852876">
        <ele>670</ele>
        <time>2024-11-26T16:39:26Z</time>
      </trkpt>
      <trkpt lat="-22.900769803673029" lon="15.28371462598443">
        <ele>670</ele>
        <time>2024-11-26T16:39:43Z</time>
      </trkpt>
      <trkpt lat="-22.900670897215605" lon="15.283683026209474">
        <ele>670</ele>
        <time>2024-11-26T16:39:59Z</time>
      </trkpt>
      <trkpt lat="-22.900565452873707" lon="15.283653354272246">
        <ele>670</ele>
        <time>2024-11-26T16:40:16Z</time>
      </trkpt>
      <trkpt lat="-22.900458080694079" lon="15.283624352887273">
        <ele>670.39999999999998</ele>
        <time>2024-11-26T16:40:33Z</time>
      </trkpt>
      <trkpt lat="-22.900346098467708" lon="15.283592417836189">
        <ele>670.39999999999998</ele>
        <time>2024-11-26T16:40:50Z</time>
      </trkpt>
      <trkpt lat="-22.900230595842004" lon="15.283549670130014">
        <ele>670.79999999999995</ele>
        <time>2024-11-26T16:41:06Z</time>
      </trkpt>
      <trkpt lat="-22.90011459030211" lon="15.283492086455226">
        <ele>671.20000000000005</ele>
        <time>2024-11-26T16:41:23Z</time>
      </trkpt>
      <trkpt lat="-22.899883836507797" lon="15.283332746475935">
        <ele>671.79999999999995</ele>
        <time>2024-11-26T16:41:40Z</time>
      </trkpt>
      <trkpt lat="-22.899647299200296" lon="15.283141639083624">
        <ele>672.39999999999998</ele>
        <time>2024-11-26T16:41:57Z</time>
      </trkpt>
      <trkpt lat="-22.89939827285707" lon="15.282948520034552">
        <ele>672.60000000000002</ele>
        <time>2024-11-26T16:42:13Z</time>
      </trkpt>
      <trkpt lat="-22.899270113557577" lon="15.282855145633221">
        <ele>672.79999999999995</ele>
        <time>2024-11-26T16:42:30Z</time>
      </trkpt>
      <trkpt lat="-22.899028714746237" lon="15.282672420144081">
        <ele>672.79999999999995</ele>
        <time>2024-11-26T16:42:47Z</time>
      </trkpt>
      <trkpt lat="-22.898911284282804" lon="15.282579464837909">
        <ele>672.79999999999995</ele>
        <time>2024-11-26T16:43:04Z</time>
      </trkpt>
      <trkpt lat="-22.898796452209353" lon="15.282486090436578">
        <ele>672.79999999999995</ele>
        <time>2024-11-26T16:43:20Z</time>
      </trkpt>
      <trkpt lat="-22.898684553802013" lon="15.282390033826232">
        <ele>672.79999999999995</ele>
        <time>2024-11-26T16:43:37Z</time>
      </trkpt>
      <trkpt lat="-22.898573996499181" lon="15.282288109883666">
        <ele>672.79999999999995</ele>
        <time>2024-11-26T16:43:54Z</time>
      </trkpt>
      <trkpt lat="-22.898463355377316" lon="15.282181659713387">
        <ele>672.79999999999995</ele>
        <time>2024-11-26T16:44:11Z</time>
      </trkpt>
      <trkpt lat="-22.898353300988674" lon="15.282075712457299">
        <ele>673</ele>
        <time>2024-11-26T16:44:27Z</time>
      </trkpt>
      <trkpt lat="-22.89824366569519" lon="15.281972112134099">
        <ele>673.20000000000005</ele>
        <time>2024-11-26T16:44:44Z</time>
      </trkpt>
      <trkpt lat="-22.898135203868151" lon="15.28187052346766">
        <ele>673.20000000000005</ele>
        <time>2024-11-26T16:45:01Z</time>
      </trkpt>
      <trkpt lat="-22.898030681535602" lon="15.281774047762156">
        <ele>673.20000000000005</ele>
        <time>2024-11-26T16:45:18Z</time>
      </trkpt>
      <trkpt lat="-22.897938983514905" lon="15.281667513772845">
        <ele>673</ele>
        <time>2024-11-26T16:45:34Z</time>
      </trkpt>
      <trkpt lat="-22.897860947996378" lon="15.28155486099422">
        <ele>672.79999999999995</ele>
        <time>2024-11-26T16:45:51Z</time>
      </trkpt>
      <trkpt lat="-22.897777715697885" lon="15.281447740271688">
        <ele>672.39999999999998</ele>
        <time>2024-11-26T16:46:08Z</time>
      </trkpt>
      <trkpt lat="-22.897682832553983" lon="15.281356796622276">
        <ele>672.20000000000005</ele>
        <time>2024-11-26T16:46:25Z</time>
      </trkpt>
      <trkpt lat="-22.897575795650482" lon="15.281283035874367">
        <ele>671.79999999999995</ele>
        <time>2024-11-26T16:46:41Z</time>
      </trkpt>
      <trkpt lat="-22.897458449006081" lon="15.281223943457007">
        <ele>671.79999999999995</ele>
        <time>2024-11-26T16:46:58Z</time>
      </trkpt>
      <trkpt lat="-22.897336492314935" lon="15.281159402802587">
        <ele>671.79999999999995</ele>
        <time>2024-11-26T16:47:15Z</time>
      </trkpt>
      <trkpt lat="-22.897219145670533" lon="15.281079607084394">
        <ele>671.60000000000002</ele>
        <time>2024-11-26T16:47:32Z</time>
      </trkpt>
      <trkpt lat="-22.897000713273883" lon="15.280935019254684">
        <ele>671.79999999999995</ele>
        <time>2024-11-26T16:47:48Z</time>
      </trkpt>
      <trkpt lat="-22.896893341094255" lon="15.280864527449012">
        <ele>672.20000000000005</ele>
        <time>2024-11-26T16:48:05Z</time>
      </trkpt>
      <trkpt lat="-22.896786136552691" lon="15.280783390626311">
        <ele>672.39999999999998</ele>
        <time>2024-11-26T16:48:22Z</time>
      </trkpt>
      <trkpt lat="-22.896557562053204" lon="15.280616423115134">
        <ele>672.79999999999995</ele>
        <time>2024-11-26T16:48:39Z</time>
      </trkpt>
      <trkpt lat="-22.896318091079593" lon="15.28044518083334">
        <ele>673.79999999999995</ele>
        <time>2024-11-26T16:48:55Z</time>
      </trkpt>
      <trkpt lat="-22.895817272365093" lon="15.280086938291788">
        <ele>674.20000000000005</ele>
        <time>2024-11-26T16:49:12Z</time>
      </trkpt>
      <trkpt lat="-22.895673271268606" lon="15.280006723478436">
        <ele>674.20000000000005</ele>
        <time>2024-11-26T16:49:29Z</time>
      </trkpt>
      <trkpt lat="-22.895044628530741" lon="15.279710674658418">
        <ele>673.39999999999998</ele>
        <time>2024-11-26T16:49:46Z</time>
      </trkpt>
      <trkpt lat="-22.894738437607884" lon="15.279566757380962">
        <ele>673.20000000000005</ele>
        <time>2024-11-26T16:50:03Z</time>
      </trkpt>
      <trkpt lat="-22.894585132598877" lon="15.27949333190918">
        <ele>673</ele>
        <time>2024-11-26T16:50:19Z</time>
      </trkpt>
      <trkpt lat="-22.894431576132774" lon="15.27942007407546">
        <ele>672.79999999999995</ele>
        <time>2024-11-26T16:50:36Z</time>
      </trkpt>
      <trkpt lat="-22.894279947504401" lon="15.279348827898502">
        <ele>672.39999999999998</ele>
        <time>2024-11-26T16:50:53Z</time>
      </trkpt>
      <trkpt lat="-22.894129576161504" lon="15.279277414083481">
        <ele>672</ele>
        <time>2024-11-26T16:51:10Z</time>
      </trkpt>
      <trkpt lat="-22.893823385238647" lon="15.279124947264791">
        <ele>671.39999999999998</ele>
        <time>2024-11-26T16:51:27Z</time>
      </trkpt>
      <trkpt lat="-22.893367577344179" lon="15.278877932578325">
        <ele>671.20000000000005</ele>
        <time>2024-11-26T16:51:43Z</time>
      </trkpt>
      <trkpt lat="-22.89321955293417" lon="15.278792772442102">
        <ele>671.20000000000005</ele>
        <time>2024-11-26T16:52:00Z</time>
      </trkpt>
      <trkpt lat="-22.893072450533509" lon="15.278709707781672">
        <ele>670.79999999999995</ele>
        <time>2024-11-26T16:52:17Z</time>
      </trkpt>
      <trkpt lat="-22.892921911552548" lon="15.278625804930925">
        <ele>670.60000000000002</ele>
        <time>2024-11-26T16:52:34Z</time>
      </trkpt>
      <trkpt lat="-22.892454201355577" lon="15.278394045308232">
        <ele>670.60000000000002</ele>
        <time>2024-11-26T16:52:50Z</time>
      </trkpt>
      <trkpt lat="-22.89177861995995" lon="15.278161112219095">
        <ele>670.79999999999995</ele>
        <time>2024-11-26T16:53:07Z</time>
      </trkpt>
      <trkpt lat="-22.891241759061813" lon="15.277990540489554">
        <ele>670.60000000000002</ele>
        <time>2024-11-26T16:53:24Z</time>
      </trkpt>
      <trkpt lat="-22.890884438529611" lon="15.277899177744985">
        <ele>670.39999999999998</ele>
        <time>2024-11-26T16:53:41Z</time>
      </trkpt>
      <trkpt lat="-22.89070607163012" lon="15.277859279885888">
        <ele>670.39999999999998</ele>
        <time>2024-11-26T16:53:58Z</time>
      </trkpt>
      <trkpt lat="-22.890527453273535" lon="15.277824075892568">
        <ele>670</ele>
        <time>2024-11-26T16:54:15Z</time>
      </trkpt>
      <trkpt lat="-22.889985395595431" lon="15.277766995131969">
        <ele>669.20000000000005</ele>
        <time>2024-11-26T16:54:31Z</time>
      </trkpt>
      <trkpt lat="-22.88980501703918" lon="15.277762049809098">
        <ele>668.79999999999995</ele>
        <time>2024-11-26T16:54:48Z</time>
      </trkpt>
      <trkpt lat="-22.889626482501626" lon="15.27776850387454">
        <ele>668.60000000000002</ele>
        <time>2024-11-26T16:55:05Z</time>
      </trkpt>
      <trkpt lat="-22.889444762840867" lon="15.277782920747995">
        <ele>668.39999999999998</ele>
        <time>2024-11-26T16:55:22Z</time>
      </trkpt>
      <trkpt lat="-22.88908576592803" lon="15.277814604341984">
        <ele>667.60000000000002</ele>
        <time>2024-11-26T16:55:39Z</time>
      </trkpt>
      <trkpt lat="-22.888378920033574" lon="15.277901021763682">
        <ele>666.60000000000002</ele>
        <time>2024-11-26T16:55:55Z</time>
      </trkpt>
      <trkpt lat="-22.888025371357799" lon="15.277973357588053">
        <ele>666.39999999999998</ele>
        <time>2024-11-26T16:56:12Z</time>
      </trkpt>
      <trkpt lat="-22.887476524338126" lon="15.278078634291887">
        <ele>666.39999999999998</ele>
        <time>2024-11-26T16:56:29Z</time>
      </trkpt>
      <trkpt lat="-22.886916613206267" lon="15.278142336755991">
        <ele>666.20000000000005</ele>
        <time>2024-11-26T16:56:46Z</time>
      </trkpt>
      <trkpt lat="-22.886550659313798" lon="15.278152897953987">
        <ele>665.39999999999998</ele>
        <time>2024-11-26T16:57:03Z</time>
      </trkpt>
      <trkpt lat="-22.886182107031345" lon="15.278139738366008">
        <ele>665</ele>
        <time>2024-11-26T16:57:20Z</time>
      </trkpt>
      <trkpt lat="-22.886001896113157" lon="15.278133787214756">
        <ele>665</ele>
        <time>2024-11-26T16:57:36Z</time>
      </trkpt>
      <trkpt lat="-22.885827217251062" lon="15.278126746416092">
        <ele>664.79999999999995</ele>
        <time>2024-11-26T16:57:53Z</time>
      </trkpt>
      <trkpt lat="-22.885655974969268" lon="15.278117274865508">
        <ele>664.60000000000002</ele>
        <time>2024-11-26T16:58:10Z</time>
      </trkpt>
      <trkpt lat="-22.885483475401998" lon="15.278104785829782">
        <ele>664.20000000000005</ele>
        <time>2024-11-26T16:58:27Z</time>
      </trkpt>
      <trkpt lat="-22.885134536772966" lon="15.278075030073524">
        <ele>663.79999999999995</ele>
        <time>2024-11-26T16:58:44Z</time>
      </trkpt>
      <trkpt lat="-22.884961199015379" lon="15.278058685362339">
        <ele>663.20000000000005</ele>
        <time>2024-11-26T16:59:01Z</time>
      </trkpt>
      <trkpt lat="-22.884788196533918" lon="15.278039993718266">
        <ele>662.79999999999995</ele>
        <time>2024-11-26T16:59:18Z</time>
      </trkpt>
      <trkpt lat="-22.884620223194361" lon="15.278024151921272">
        <ele>662.39999999999998</ele>
        <time>2024-11-26T16:59:34Z</time>
      </trkpt>
      <trkpt lat="-22.884458703920245" lon="15.278015015646815">
        <ele>662.20000000000005</ele>
        <time>2024-11-26T16:59:51Z</time>
      </trkpt>
      <trkpt lat="-22.884306404739618" lon="15.278007136657834">
        <ele>662</ele>
        <time>2024-11-26T17:00:08Z</time>
      </trkpt>
      <trkpt lat="-22.884161733090878" lon="15.277984840795398">
        <ele>662</ele>
        <time>2024-11-26T17:00:25Z</time>
      </trkpt>
      <trkpt lat="-22.884015133604407" lon="15.277955839410424">
        <ele>661.60000000000002</ele>
        <time>2024-11-26T17:00:42Z</time>
      </trkpt>
      <trkpt lat="-22.883867779746652" lon="15.27792482636869">
        <ele>661.39999999999998</ele>
        <time>2024-11-26T17:00:59Z</time>
      </trkpt>
      <trkpt lat="-22.88372159935534" lon="15.277898004278541">
        <ele>661.39999999999998</ele>
        <time>2024-11-26T17:01:16Z</time>
      </trkpt>
      <trkpt lat="-22.883416833356023" lon="15.277860620990396">
        <ele>661</ele>
        <time>2024-11-26T17:01:32Z</time>
      </trkpt>
      <trkpt lat="-22.883120616897941" lon="15.277788620442152">
        <ele>660</ele>
        <time>2024-11-26T17:01:49Z</time>
      </trkpt>
      <trkpt lat="-22.882974101230502" lon="15.277736987918615">
        <ele>659.79999999999995</ele>
        <time>2024-11-26T17:02:06Z</time>
      </trkpt>
      <trkpt lat="-22.88253765553236" lon="15.27755007147789">
        <ele>658.79999999999995</ele>
        <time>2024-11-26T17:02:23Z</time>
      </trkpt>
      <trkpt lat="-22.88238619454205" lon="15.277491481974721">
        <ele>658.60000000000002</ele>
        <time>2024-11-26T17:02:40Z</time>
      </trkpt>
      <trkpt lat="-22.881939606741071" lon="15.277375811710954">
        <ele>657.60000000000002</ele>
        <time>2024-11-26T17:02:57Z</time>
      </trkpt>
      <trkpt lat="-22.881795940920711" lon="15.277328956872225">
        <ele>657.20000000000005</ele>
        <time>2024-11-26T17:03:14Z</time>
      </trkpt>
      <trkpt lat="-22.881651185452938" lon="15.277274139225483">
        <ele>657</ele>
        <time>2024-11-26T17:03:31Z</time>
      </trkpt>
      <trkpt lat="-22.881246758624911" lon="15.277072470635176">
        <ele>656.79999999999995</ele>
        <time>2024-11-26T17:03:47Z</time>
      </trkpt>
      <trkpt lat="-22.880685925483704" lon="15.276798801496625">
        <ele>656.60000000000002</ele>
        <time>2024-11-26T17:04:04Z</time>
      </trkpt>
      <trkpt lat="-22.880530022084713" lon="15.27675555087626">
        <ele>656.60000000000002</ele>
        <time>2024-11-26T17:04:21Z</time>
      </trkpt>
      <trkpt lat="-22.880217293277383" lon="15.276676677167416">
        <ele>656.60000000000002</ele>
        <time>2024-11-26T17:04:38Z</time>
      </trkpt>
      <trkpt lat="-22.880059713497758" lon="15.276620183140039">
        <ele>656</ele>
        <time>2024-11-26T17:04:55Z</time>
      </trkpt>
      <trkpt lat="-22.879902385175228" lon="15.276560001075268">
        <ele>655.79999999999995</ele>
        <time>2024-11-26T17:05:12Z</time>
      </trkpt>
      <trkpt lat="-22.879585884511471" lon="15.276449862867594">
        <ele>655.39999999999998</ele>
        <time>2024-11-26T17:05:29Z</time>
      </trkpt>
      <trkpt lat="-22.879271730780602" lon="15.27635389007628">
        <ele>654.39999999999998</ele>
        <time>2024-11-26T17:05:46Z</time>
      </trkpt>
      <trkpt lat="-22.879117336124182" lon="15.276312902569771">
        <ele>653.79999999999995</ele>
        <time>2024-11-26T17:06:02Z</time>
      </trkpt>
      <trkpt lat="-22.878961432725191" lon="15.276273256167769">
        <ele>653.39999999999998</ele>
        <time>2024-11-26T17:06:19Z</time>
      </trkpt>
      <trkpt lat="-22.878650296479464" lon="15.276194298639894">
        <ele>652.79999999999995</ele>
        <time>2024-11-26T17:06:36Z</time>
      </trkpt>
      <trkpt lat="-22.878496237099171" lon="15.276158088818192">
        <ele>652.60000000000002</ele>
        <time>2024-11-26T17:06:53Z</time>
      </trkpt>
      <trkpt lat="-22.878194823861122" lon="15.276073180139065">
        <ele>652.20000000000005</ele>
        <time>2024-11-26T17:07:10Z</time>
      </trkpt>
      <trkpt lat="-22.878051241859794" lon="15.276033198460937">
        <ele>651.79999999999995</ele>
        <time>2024-11-26T17:07:27Z</time>
      </trkpt>
      <trkpt lat="-22.877915874123573" lon="15.27599330060184">
        <ele>651.20000000000005</ele>
        <time>2024-11-26T17:07:44Z</time>
      </trkpt>
      <trkpt lat="-22.87778964266181" lon="15.275955917313695">
        <ele>650.79999999999995</ele>
        <time>2024-11-26T17:08:01Z</time>
      </trkpt>
      <trkpt lat="-22.877664333209395" lon="15.275925155729055">
        <ele>650.39999999999998</ele>
        <time>2024-11-26T17:08:18Z</time>
      </trkpt>
      <trkpt lat="-22.877538604661822" lon="15.275904200971127">
        <ele>650</ele>
        <time>2024-11-26T17:08:35Z</time>
      </trkpt>
      <trkpt lat="-22.877416228875518" lon="15.275891209021211">
        <ele>649.60000000000002</ele>
        <time>2024-11-26T17:08:51Z</time>
      </trkpt>
      <trkpt lat="-22.877301564440131" lon="15.275871930643916">
        <ele>649.39999999999998</ele>
        <time>2024-11-26T17:09:08Z</time>
      </trkpt>
      <trkpt lat="-22.877200059592724" lon="15.275845946744084">
        <ele>649.39999999999998</ele>
        <time>2024-11-26T17:09:25Z</time>
      </trkpt>
      <trkpt lat="-22.87710945121944" lon="15.27580177411437">
        <ele>649.20000000000005</ele>
        <time>2024-11-26T17:09:42Z</time>
      </trkpt>
      <trkpt lat="-22.877018172293901" lon="15.275760870426893">
        <ele>649.20000000000005</ele>
        <time>2024-11-26T17:09:59Z</time>
      </trkpt>
      <trkpt lat="-22.876924127340317" lon="15.275733126327395">
        <ele>648.79999999999995</ele>
        <time>2024-11-26T17:10:16Z</time>
      </trkpt>
      <trkpt lat="-22.876825220882893" lon="15.275713345035911">
        <ele>648.60000000000002</ele>
        <time>2024-11-26T17:10:33Z</time>
      </trkpt>
      <trkpt lat="-22.876724051311612" lon="15.275694988667965">
        <ele>648.79999999999995</ele>
        <time>2024-11-26T17:10:50Z</time>
      </trkpt>
      <trkpt lat="-22.876528166234493" lon="15.275607481598854">
        <ele>648.79999999999995</ele>
        <time>2024-11-26T17:11:07Z</time>
      </trkpt>
      <trkpt lat="-22.876423392444849" lon="15.275561800226569">
        <ele>648.60000000000002</ele>
        <time>2024-11-26T17:11:24Z</time>
      </trkpt>
      <trkpt lat="-22.875840933993459" lon="15.275348145514727">
        <ele>648</ele>
        <time>2024-11-26T17:11:41Z</time>
      </trkpt>
      <trkpt lat="-22.875599283725023" lon="15.275268936529756">
        <ele>647.39999999999998</ele>
        <time>2024-11-26T17:11:57Z</time>
      </trkpt>
      <trkpt lat="-22.875003833323717" lon="15.275079170241952">
        <ele>646.20000000000005</ele>
        <time>2024-11-26T17:12:14Z</time>
      </trkpt>
      <trkpt lat="-22.874874752014875" lon="15.275044050067663">
        <ele>646</ele>
        <time>2024-11-26T17:12:31Z</time>
      </trkpt>
      <trkpt lat="-22.874466301873326" lon="15.274940114468336">
        <ele>645.20000000000005</ele>
        <time>2024-11-26T17:12:48Z</time>
      </trkpt>
      <trkpt lat="-22.873902535066009" lon="15.27480885386467">
        <ele>644.20000000000005</ele>
        <time>2024-11-26T17:13:05Z</time>
      </trkpt>
      <trkpt lat="-22.873754259198904" lon="15.274774990975857">
        <ele>644</ele>
        <time>2024-11-26T17:13:22Z</time>
      </trkpt>
      <trkpt lat="-22.873179009184241" lon="15.274641802534461">
        <ele>643</ele>
        <time>2024-11-26T17:13:39Z</time>
      </trkpt>
      <trkpt lat="-22.873036684468389" lon="15.274608358740807">
        <ele>642.79999999999995</ele>
        <time>2024-11-26T17:13:56Z</time>
      </trkpt>
      <trkpt lat="-22.872750945389271" lon="15.274541722610593">
        <ele>642</ele>
        <time>2024-11-26T17:14:13Z</time>
      </trkpt>
      <trkpt lat="-22.872460847720504" lon="15.274505596607924">
        <ele>641.60000000000002</ele>
        <time>2024-11-26T17:14:30Z</time>
      </trkpt>
      <trkpt lat="-22.872318690642715" lon="15.274499310180545">
        <ele>641.39999999999998</ele>
        <time>2024-11-26T17:14:47Z</time>
      </trkpt>
      <trkpt lat="-22.872180975973606" lon="15.274502914398909">
        <ele>641.20000000000005</ele>
        <time>2024-11-26T17:15:04Z</time>
      </trkpt>
      <trkpt lat="-22.872048206627369" lon="15.274507105350494">
        <ele>640.79999999999995</ele>
        <time>2024-11-26T17:15:21Z</time>
      </trkpt>
      <trkpt lat="-22.871922980993986" lon="15.27451129630208">
        <ele>640.20000000000005</ele>
        <time>2024-11-26T17:15:38Z</time>
      </trkpt>
      <trkpt lat="-22.871800605207682" lon="15.274528982117772">
        <ele>640.20000000000005</ele>
        <time>2024-11-26T17:15:55Z</time>
      </trkpt>
      <trkpt lat="-22.87168669514358" lon="15.274559827521443">
        <ele>639.79999999999995</ele>
        <time>2024-11-26T17:16:12Z</time>
      </trkpt>
      <trkpt lat="-22.871573623269796" lon="15.274595534428954">
        <ele>639.39999999999998</ele>
        <time>2024-11-26T17:16:28Z</time>
      </trkpt>
      <trkpt lat="-22.871460216119885" lon="15.274632917717099">
        <ele>639.39999999999998</ele>
        <time>2024-11-26T17:16:45Z</time>
      </trkpt>
      <trkpt lat="-22.871345384046435" lon="15.274675833061337">
        <ele>639.20000000000005</ele>
        <time>2024-11-26T17:17:02Z</time>
      </trkpt>
      <trkpt lat="-22.871138602495193" lon="15.274784546345472">
        <ele>639</ele>
        <time>2024-11-26T17:17:19Z</time>
      </trkpt>
      <trkpt lat="-22.871055118739605" lon="15.27483525685966">
        <ele>638.79999999999995</ele>
        <time>2024-11-26T17:17:36Z</time>
      </trkpt>
      <trkpt lat="-22.870970880612731" lon="15.27487188577652">
        <ele>638.20000000000005</ele>
        <time>2024-11-26T17:17:53Z</time>
      </trkpt>
      <trkpt lat="-22.870884044095874" lon="15.27488999068737">
        <ele>638.20000000000005</ele>
        <time>2024-11-26T17:18:10Z</time>
      </trkpt>
      <trkpt lat="-22.870792178437114" lon="15.274898456409574">
        <ele>638.20000000000005</ele>
        <time>2024-11-26T17:18:27Z</time>
      </trkpt>
      <trkpt lat="-22.870695283636451" lon="15.274899126961827">
        <ele>638.20000000000005</ele>
        <time>2024-11-26T17:18:44Z</time>
      </trkpt>
      <trkpt lat="-22.870594449341297" lon="15.274887727573514">
        <ele>638.20000000000005</ele>
        <time>2024-11-26T17:19:01Z</time>
      </trkpt>
      <trkpt lat="-22.870489172637463" lon="15.274869706481695">
        <ele>638.20000000000005</ele>
        <time>2024-11-26T17:19:18Z</time>
      </trkpt>
      <trkpt lat="-22.869982738047838" lon="15.274737356230617">
        <ele>637.79999999999995</ele>
        <time>2024-11-26T17:19:35Z</time>
      </trkpt>
      <trkpt lat="-22.869880311191082" lon="15.274711372330785">
        <ele>637.60000000000002</ele>
        <time>2024-11-26T17:19:52Z</time>
      </trkpt>
      <trkpt lat="-22.869780901819468" lon="15.274688741192222">
        <ele>637.39999999999998</ele>
        <time>2024-11-26T17:20:09Z</time>
      </trkpt>
      <trkpt lat="-22.869683168828487" lon="15.274664266034961">
        <ele>637.20000000000005</ele>
        <time>2024-11-26T17:20:26Z</time>
      </trkpt>
      <trkpt lat="-22.869588704779744" lon="15.274632247164845">
        <ele>637</ele>
        <time>2024-11-26T17:20:43Z</time>
      </trkpt>
      <trkpt lat="-22.869495330378413" lon="15.274591092020273">
        <ele>636.79999999999995</ele>
        <time>2024-11-26T17:21:00Z</time>
      </trkpt>
      <trkpt lat="-22.869402961805463" lon="15.274540381506085">
        <ele>636.60000000000002</ele>
        <time>2024-11-26T17:21:17Z</time>
      </trkpt>
      <trkpt lat="-22.8688570484519" lon="15.274178786203265">
        <ele>636.39999999999998</ele>
        <time>2024-11-26T17:21:34Z</time>
      </trkpt>
      <trkpt lat="-22.86831951700151" lon="15.273877792060375">
        <ele>636.20000000000005</ele>
        <time>2024-11-26T17:21:51Z</time>
      </trkpt>
      <trkpt lat="-22.868100833147764" lon="15.273778298869729">
        <ele>636.39999999999998</ele>
        <time>2024-11-26T17:22:08Z</time>
      </trkpt>
      <trkpt lat="-22.867992036044598" lon="15.273717781528831">
        <ele>636.39999999999998</ele>
        <time>2024-11-26T17:22:25Z</time>
      </trkpt>
      <trkpt lat="-22.867784081026912" lon="15.273578139021993">
        <ele>636.60000000000002</ele>
        <time>2024-11-26T17:22:41Z</time>
      </trkpt>
      <trkpt lat="-22.867683582007885" lon="15.273513598367572">
        <ele>636.60000000000002</ele>
        <time>2024-11-26T17:22:58Z</time>
      </trkpt>
      <trkpt lat="-22.867589453235269" lon="15.273452578112483">
        <ele>636.60000000000002</ele>
        <time>2024-11-26T17:23:15Z</time>
      </trkpt>
      <trkpt lat="-22.867515441030264" lon="15.273378733545542">
        <ele>636.39999999999998</ele>
        <time>2024-11-26T17:23:32Z</time>
      </trkpt>
      <trkpt lat="-22.867464730516076" lon="15.273288879543543">
        <ele>636.20000000000005</ele>
        <time>2024-11-26T17:23:49Z</time>
      </trkpt>
      <trkpt lat="-22.867434555664659" lon="15.273193744942546">
        <ele>636</ele>
        <time>2024-11-26T17:24:06Z</time>
      </trkpt>
      <trkpt lat="-22.867407230660319" lon="15.273097772151232">
        <ele>635.79999999999995</ele>
        <time>2024-11-26T17:24:23Z</time>
      </trkpt>
      <trkpt lat="-22.867360627278686" lon="15.273015210404992">
        <ele>635.60000000000002</ele>
        <time>2024-11-26T17:24:40Z</time>
      </trkpt>
      <trkpt lat="-22.867294913157821" lon="15.272943377494812">
        <ele>635.39999999999998</ele>
        <time>2024-11-26T17:24:57Z</time>
      </trkpt>
      <trkpt lat="-22.867214446887374" lon="15.272888476029038">
        <ele>635</ele>
        <time>2024-11-26T17:25:14Z</time>
      </trkpt>
      <trkpt lat="-22.867124928161502" lon="15.272843968123198">
        <ele>635</ele>
        <time>2024-11-26T17:25:31Z</time>
      </trkpt>
      <trkpt lat="-22.867029290646315" lon="15.272808093577623">
        <ele>634.79999999999995</ele>
        <time>2024-11-26T17:25:48Z</time>
      </trkpt>
      <trkpt lat="-22.866926612332463" lon="15.272778673097491">
        <ele>634.79999999999995</ele>
        <time>2024-11-26T17:26:05Z</time>
      </trkpt>
      <trkpt lat="-22.866814378648996" lon="15.272747911512852">
        <ele>634.60000000000002</ele>
        <time>2024-11-26T17:26:22Z</time>
      </trkpt>
      <trkpt lat="-22.86669485270977" lon="15.272713797166944">
        <ele>634.60000000000002</ele>
        <time>2024-11-26T17:26:39Z</time>
      </trkpt>
      <trkpt lat="-22.866235356777906" lon="15.272520929574966">
        <ele>634.20000000000005</ele>
        <time>2024-11-26T17:26:56Z</time>
      </trkpt>
      <trkpt lat="-22.866123542189598" lon="15.272476421669126">
        <ele>634.20000000000005</ele>
        <time>2024-11-26T17:27:13Z</time>
      </trkpt>
      <trkpt lat="-22.866005273535848" lon="15.272436356171966">
        <ele>634</ele>
        <time>2024-11-26T17:27:30Z</time>
      </trkpt>
      <trkpt lat="-22.865632111206651" lon="15.272299060598016">
        <ele>633.39999999999998</ele>
        <time>2024-11-26T17:27:47Z</time>
      </trkpt>
      <trkpt lat="-22.865267498418689" lon="15.272075263783336">
        <ele>632.79999999999995</ele>
        <time>2024-11-26T17:28:04Z</time>
      </trkpt>
      <trkpt lat="-22.865153420716524" lon="15.271990690380335">
        <ele>632.79999999999995</ele>
        <time>2024-11-26T17:28:21Z</time>
      </trkpt>
      <trkpt lat="-22.864639610052109" lon="15.271731019020081">
        <ele>632.60000000000002</ele>
        <time>2024-11-26T17:28:38Z</time>
      </trkpt>
      <trkpt lat="-22.864103587344289" lon="15.271452236920595">
        <ele>631.79999999999995</ele>
        <time>2024-11-26T17:28:55Z</time>
      </trkpt>
      <trkpt lat="-22.86397366784513" lon="15.271389707922935">
        <ele>631.39999999999998</ele>
        <time>2024-11-26T17:29:12Z</time>
      </trkpt>
      <trkpt lat="-22.863842742517591" lon="15.271337069571018">
        <ele>631.20000000000005</ele>
        <time>2024-11-26T17:29:29Z</time>
      </trkpt>
      <trkpt lat="-22.863710056990385" lon="15.271293232217431">
        <ele>631.20000000000005</ele>
        <time>2024-11-26T17:29:46Z</time>
      </trkpt>
      <trkpt lat="-22.863583825528622" lon="15.271262219175696">
        <ele>630.60000000000002</ele>
        <time>2024-11-26T17:30:03Z</time>
      </trkpt>
      <trkpt lat="-22.863473519682884" lon="15.271235732361674">
        <ele>630.39999999999998</ele>
        <time>2024-11-26T17:30:20Z</time>
      </trkpt>
      <trkpt lat="-22.86337218247354" lon="15.271212849766016">
        <ele>630.20000000000005</ele>
        <time>2024-11-26T17:30:37Z</time>
      </trkpt>
      <trkpt lat="-22.863281909376383" lon="15.271174293011427">
        <ele>629.20000000000005</ele>
        <time>2024-11-26T17:30:54Z</time>
      </trkpt>
      <trkpt lat="-22.863205885514617" lon="15.271115032956004">
        <ele>629</ele>
        <time>2024-11-26T17:31:11Z</time>
      </trkpt>
      <trkpt lat="-22.863123659044504" lon="15.271049318835139">
        <ele>629</ele>
        <time>2024-11-26T17:31:28Z</time>
      </trkpt>
      <trkpt lat="-22.862853761762381" lon="15.270823007449508">
        <ele>628.60000000000002</ele>
        <time>2024-11-26T17:31:45Z</time>
      </trkpt>
      <trkpt lat="-22.86250289529562" lon="15.270393099635839">
        <ele>628.39999999999998</ele>
        <time>2024-11-26T17:32:02Z</time>
      </trkpt>
      <trkpt lat="-22.862158985808492" lon="15.269922539591789">
        <ele>628.20000000000005</ele>
        <time>2024-11-26T17:32:19Z</time>
      </trkpt>
      <trkpt lat="-22.862072652205825" lon="15.269811395555735">
        <ele>628</ele>
        <time>2024-11-26T17:32:36Z</time>
      </trkpt>
      <trkpt lat="-22.861982127651572" lon="15.269708465784788">
        <ele>627.60000000000002</ele>
        <time>2024-11-26T17:32:53Z</time>
      </trkpt>
      <trkpt lat="-22.86189554259181" lon="15.269604530185461">
        <ele>627.39999999999998</ele>
        <time>2024-11-26T17:33:10Z</time>
      </trkpt>
      <trkpt lat="-22.861813148483634" lon="15.269502270966768">
        <ele>627.39999999999998</ele>
        <time>2024-11-26T17:33:27Z</time>
      </trkpt>
      <trkpt lat="-22.861730167642236" lon="15.269409734755754">
        <ele>627.20000000000005</ele>
        <time>2024-11-26T17:33:44Z</time>
      </trkpt>
      <trkpt lat="-22.861640900373459" lon="15.269328346475959">
        <ele>627.20000000000005</ele>
        <time>2024-11-26T17:34:01Z</time>
      </trkpt>
      <trkpt lat="-22.861549453809857" lon="15.269260117784142">
        <ele>627</ele>
        <time>2024-11-26T17:34:18Z</time>
      </trkpt>
      <trkpt lat="-22.861454570665956" lon="15.269196080043912">
        <ele>627</ele>
        <time>2024-11-26T17:34:35Z</time>
      </trkpt>
      <trkpt lat="-22.861357172951102" lon="15.269130868837237">
        <ele>627</ele>
        <time>2024-11-26T17:34:52Z</time>
      </trkpt>
      <trkpt lat="-22.861058693379164" lon="15.268924590200186">
        <ele>626.60000000000002</ele>
        <time>2024-11-26T17:35:09Z</time>
      </trkpt>
      <trkpt lat="-22.860565753653646" lon="15.268579255789518">
        <ele>626</ele>
        <time>2024-11-26T17:35:27Z</time>
      </trkpt>
      <trkpt lat="-22.860469445586205" lon="15.268513625487685">
        <ele>626</ele>
        <time>2024-11-26T17:35:44Z</time>
      </trkpt>
      <trkpt lat="-22.860374227166176" lon="15.268448162823915">
        <ele>625.60000000000002</ele>
        <time>2024-11-26T17:36:01Z</time>
      </trkpt>
      <trkpt lat="-22.860276745632291" lon="15.268382281064987">
        <ele>625.39999999999998</ele>
        <time>2024-11-26T17:36:18Z</time>
      </trkpt>
      <trkpt lat="-22.860176749527454" lon="15.268313968554139">
        <ele>625.20000000000005</ele>
        <time>2024-11-26T17:36:35Z</time>
      </trkpt>
      <trkpt lat="-22.860074322670698" lon="15.268243560567498">
        <ele>625</ele>
        <time>2024-11-26T17:36:52Z</time>
      </trkpt>
      <trkpt lat="-22.859547771513462" lon="15.267872996628284">
        <ele>624.20000000000005</ele>
        <time>2024-11-26T17:37:09Z</time>
      </trkpt>
      <trkpt lat="-22.859440734609962" lon="15.267797559499741">
        <ele>624.20000000000005</ele>
        <time>2024-11-26T17:37:26Z</time>
      </trkpt>
      <trkpt lat="-22.859105877578259" lon="15.267572421580553">
        <ele>623.79999999999995</ele>
        <time>2024-11-26T17:37:43Z</time>
      </trkpt>
      <trkpt lat="-22.858768925070763" lon="15.267351223155856">
        <ele>623</ele>
        <time>2024-11-26T17:38:00Z</time>
      </trkpt>
      <trkpt lat="-22.858652919530869" lon="15.26727712713182">
        <ele>622.79999999999995</ele>
        <time>2024-11-26T17:38:17Z</time>
      </trkpt>
      <trkpt lat="-22.858530543744564" lon="15.267199845984578">
        <ele>622.39999999999998</ele>
        <time>2024-11-26T17:38:34Z</time>
      </trkpt>
      <trkpt lat="-22.858019834384322" lon="15.266884351149201">
        <ele>621.79999999999995</ele>
        <time>2024-11-26T17:38:51Z</time>
      </trkpt>
      <trkpt lat="-22.857890669256449" lon="15.266806147992611">
        <ele>621.79999999999995</ele>
        <time>2024-11-26T17:39:08Z</time>
      </trkpt>
      <trkpt lat="-22.857758235186338" lon="15.266726771369576">
        <ele>621.79999999999995</ele>
        <time>2024-11-26T17:39:25Z</time>
      </trkpt>
      <trkpt lat="-22.857359424233437" lon="15.26644254103303">
        <ele>621.60000000000002</ele>
        <time>2024-11-26T17:39:42Z</time>
      </trkpt>
      <trkpt lat="-22.857233611866832" lon="15.266327876597643">
        <ele>621.60000000000002</ele>
        <time>2024-11-26T17:39:59Z</time>
      </trkpt>
      <trkpt lat="-22.856744024902582" lon="15.265875505283475">
        <ele>621</ele>
        <time>2024-11-26T17:40:16Z</time>
      </trkpt>
      <trkpt lat="-22.856612261384726" lon="15.265796380117536">
        <ele>621</ele>
        <time>2024-11-26T17:40:33Z</time>
      </trkpt>
      <trkpt lat="-22.856471780687571" lon="15.265738125890493">
        <ele>621</ele>
        <time>2024-11-26T17:40:50Z</time>
      </trkpt>
      <trkpt lat="-22.856326857581735" lon="15.265689929947257">
        <ele>621</ele>
        <time>2024-11-26T17:41:08Z</time>
      </trkpt>
      <trkpt lat="-22.856186544522643" lon="15.265636285766959">
        <ele>621</ele>
        <time>2024-11-26T17:41:25Z</time>
      </trkpt>
      <trkpt lat="-22.856054697185755" lon="15.265570236369967">
        <ele>621</ele>
        <time>2024-11-26T17:41:42Z</time>
      </trkpt>
      <trkpt lat="-22.855642726644874" lon="15.26534317061305">
        <ele>620.60000000000002</ele>
        <time>2024-11-26T17:41:59Z</time>
      </trkpt>
      <trkpt lat="-22.85539529286325" lon="15.265191374346614">
        <ele>619.79999999999995</ele>
        <time>2024-11-26T17:42:16Z</time>
      </trkpt>
      <trkpt lat="-22.855286076664925" lon="15.26511300355196">
        <ele>619.60000000000002</ele>
        <time>2024-11-26T17:42:33Z</time>
      </trkpt>
      <trkpt lat="-22.855179207399487" lon="15.265026250854135">
        <ele>619.60000000000002</ele>
        <time>2024-11-26T17:42:50Z</time>
      </trkpt>
      <trkpt lat="-22.855071248486638" lon="15.264933295547962">
        <ele>619.39999999999998</ele>
        <time>2024-11-26T17:43:07Z</time>
      </trkpt>
      <trkpt lat="-22.854619715362787" lon="15.26457748375833">
        <ele>619.79999999999995</ele>
        <time>2024-11-26T17:43:24Z</time>
      </trkpt>
      <trkpt lat="-22.8544981777668" lon="15.264518139883876">
        <ele>619.79999999999995</ele>
        <time>2024-11-26T17:43:41Z</time>
      </trkpt>
      <trkpt lat="-22.854372197762132" lon="15.264474721625447">
        <ele>619.60000000000002</ele>
        <time>2024-11-26T17:43:58Z</time>
      </trkpt>
      <trkpt lat="-22.854238003492355" lon="15.264443121850491">
        <ele>619.60000000000002</ele>
        <time>2024-11-26T17:44:15Z</time>
      </trkpt>
      <trkpt lat="-22.853947905823588" lon="15.264409594237804">
        <ele>619.20000000000005</ele>
        <time>2024-11-26T17:44:32Z</time>
      </trkpt>
      <trkpt lat="-22.853643642738461" lon="15.26435561478138">
        <ele>619</ele>
        <time>2024-11-26T17:44:50Z</time>
      </trkpt>
      <trkpt lat="-22.853337032720447" lon="15.264294594526291">
        <ele>618.39999999999998</ele>
        <time>2024-11-26T17:45:07Z</time>
      </trkpt>
      <trkpt lat="-22.853037882596254" lon="15.264250002801418">
        <ele>618</ele>
        <time>2024-11-26T17:45:24Z</time>
      </trkpt>
      <trkpt lat="-22.852899665012956" lon="15.264231646433473">
        <ele>617.60000000000002</ele>
        <time>2024-11-26T17:45:41Z</time>
      </trkpt>
      <trkpt lat="-22.852767650038004" lon="15.264194011688232">
        <ele>617.20000000000005</ele>
        <time>2024-11-26T17:45:58Z</time>
      </trkpt>
      <trkpt lat="-22.852648710832" lon="15.264128213748336">
        <ele>617</ele>
        <time>2024-11-26T17:46:15Z</time>
      </trkpt>
      <trkpt lat="-22.852538740262389" lon="15.264054788276553">
        <ele>616.79999999999995</ele>
        <time>2024-11-26T17:46:32Z</time>
      </trkpt>
      <trkpt lat="-22.852447209879756" lon="15.263972897082567">
        <ele>616.60000000000002</ele>
        <time>2024-11-26T17:46:49Z</time>
      </trkpt>
      <trkpt lat="-22.852377137169242" lon="15.263877594843507">
        <ele>616.39999999999998</ele>
        <time>2024-11-26T17:47:06Z</time>
      </trkpt>
      <trkpt lat="-22.852332629263401" lon="15.263765109702945">
        <ele>616.39999999999998</ele>
        <time>2024-11-26T17:47:23Z</time>
      </trkpt>
      <trkpt lat="-22.852287283167243" lon="15.263656228780746">
        <ele>616.20000000000005</ele>
        <time>2024-11-26T17:47:40Z</time>
      </trkpt>
      <trkpt lat="-22.852231292054057" lon="15.263551454991102">
        <ele>616</ele>
        <time>2024-11-26T17:47:58Z</time>
      </trkpt>
      <trkpt lat="-22.852168846875429" lon="15.263447519391775">
        <ele>615.39999999999998</ele>
        <time>2024-11-26T17:48:15Z</time>
      </trkpt>
      <trkpt lat="-22.8520218282938" lon="15.263233529403806">
        <ele>615.20000000000005</ele>
        <time>2024-11-26T17:48:32Z</time>
      </trkpt>
      <trkpt lat="-22.851927531883121" lon="15.263133784756064">
        <ele>615.20000000000005</ele>
        <time>2024-11-26T17:48:49Z</time>
      </trkpt>
      <trkpt lat="-22.851710356771946" lon="15.262941839173436">
        <ele>615.60000000000002</ele>
        <time>2024-11-26T17:49:06Z</time>
      </trkpt>
      <trkpt lat="-22.851211884990335" lon="15.262589296326041">
        <ele>615.39999999999998</ele>
        <time>2024-11-26T17:49:23Z</time>
      </trkpt>
      <trkpt lat="-22.850787844508886" lon="15.262344796210527">
        <ele>615</ele>
        <time>2024-11-26T17:49:40Z</time>
      </trkpt>
      <trkpt lat="-22.850508643314242" lon="15.262168357148767">
        <ele>614.79999999999995</ele>
        <time>2024-11-26T17:49:57Z</time>
      </trkpt>
      <trkpt lat="-22.850238243117929" lon="15.2619887329638">
        <ele>614</ele>
        <time>2024-11-26T17:50:14Z</time>
      </trkpt>
      <trkpt lat="-22.850099690258503" lon="15.261899465695024">
        <ele>614</ele>
        <time>2024-11-26T17:50:32Z</time>
      </trkpt>
      <trkpt lat="-22.849558051675558" lon="15.261534685268998">
        <ele>613</ele>
        <time>2024-11-26T17:50:49Z</time>
      </trkpt>
      <trkpt lat="-22.849418241530657" lon="15.261449022218585">
        <ele>612.60000000000002</ele>
        <time>2024-11-26T17:51:06Z</time>
      </trkpt>
      <trkpt lat="-22.849148511886597" lon="15.261282725259662">
        <ele>612.20000000000005</ele>
        <time>2024-11-26T17:51:23Z</time>
      </trkpt>
      <trkpt lat="-22.849015071988106" lon="15.261201253160834">
        <ele>612</ele>
        <time>2024-11-26T17:51:40Z</time>
      </trkpt>
      <trkpt lat="-22.848881045356393" lon="15.261126738041639">
        <ele>611.79999999999995</ele>
        <time>2024-11-26T17:51:57Z</time>
      </trkpt>
      <trkpt lat="-22.84874651581049" lon="15.261056497693062">
        <ele>611.39999999999998</ele>
        <time>2024-11-26T17:52:14Z</time>
      </trkpt>
      <trkpt lat="-22.848615674301982" lon="15.260978881269693">
        <ele>611</ele>
        <time>2024-11-26T17:52:31Z</time>
      </trkpt>
      <trkpt lat="-22.848483240231872" lon="15.260895313695073">
        <ele>611</ele>
        <time>2024-11-26T17:52:49Z</time>
      </trkpt>
      <trkpt lat="-22.848225077614188" lon="15.260737147182226">
        <ele>610.60000000000002</ele>
        <time>2024-11-26T17:53:06Z</time>
      </trkpt>
      <trkpt lat="-22.848095325753093" lon="15.260664140805602">
        <ele>610.20000000000005</ele>
        <time>2024-11-26T17:53:23Z</time>
      </trkpt>
      <trkpt lat="-22.847966328263283" lon="15.260593816637993">
        <ele>610.20000000000005</ele>
        <time>2024-11-26T17:53:40Z</time>
      </trkpt>
      <trkpt lat="-22.847840348258615" lon="15.260522738099098">
        <ele>609.79999999999995</ele>
        <time>2024-11-26T17:53:57Z</time>
      </trkpt>
      <trkpt lat="-22.847717301920056" lon="15.260455682873726">
        <ele>609.60000000000002</ele>
        <time>2024-11-26T17:54:14Z</time>
      </trkpt>
      <trkpt lat="-22.847609594464302" lon="15.260389884933829">
        <ele>609.20000000000005</ele>
        <time>2024-11-26T17:54:31Z</time>
      </trkpt>
      <trkpt lat="-22.847514040768147" lon="15.260330373421311">
        <ele>608.60000000000002</ele>
        <time>2024-11-26T17:54:48Z</time>
      </trkpt>
      <trkpt lat="-22.84742770716548" lon="15.260275723412633">
        <ele>608.39999999999998</ele>
        <time>2024-11-26T17:55:06Z</time>
      </trkpt>
      <trkpt lat="-22.847347827628255" lon="15.26021403260529">
        <ele>608</ele>
        <time>2024-11-26T17:55:23Z</time>
      </trkpt>
      <trkpt lat="-22.847271636128426" lon="15.260137254372239">
        <ele>607.60000000000002</ele>
        <time>2024-11-26T17:55:40Z</time>
      </trkpt>
      <trkpt lat="-22.847203826531768" lon="15.260051842778921">
        <ele>607.39999999999998</ele>
        <time>2024-11-26T17:55:57Z</time>
      </trkpt>
      <trkpt lat="-22.847146578133106" lon="15.259961066767573">
        <ele>607.20000000000005</ele>
        <time>2024-11-26T17:56:14Z</time>
      </trkpt>
      <trkpt lat="-22.847098214551806" lon="15.25986853055656">
        <ele>607.20000000000005</ele>
        <time>2024-11-26T17:56:31Z</time>
      </trkpt>
      <trkpt lat="-22.847058149054646" lon="15.259772390127182">
        <ele>607</ele>
        <time>2024-11-26T17:56:48Z</time>
      </trkpt>
      <trkpt lat="-22.847029399126768" lon="15.259675411507487">
        <ele>607</ele>
        <time>2024-11-26T17:57:06Z</time>
      </trkpt>
      <trkpt lat="-22.847009534016252" lon="15.259577762335539">
        <ele>606.79999999999995</ele>
        <time>2024-11-26T17:57:23Z</time>
      </trkpt>
      <trkpt lat="-22.846982795745134" lon="15.259480280801654">
        <ele>606.79999999999995</ele>
        <time>2024-11-26T17:57:40Z</time>
      </trkpt>
      <trkpt lat="-22.846942227333784" lon="15.259389840066433">
        <ele>606.60000000000002</ele>
        <time>2024-11-26T17:57:57Z</time>
      </trkpt>
      <trkpt lat="-22.8468843922019" lon="15.259308367967606">
        <ele>606.60000000000002</ele>
        <time>2024-11-26T17:58:14Z</time>
      </trkpt>
      <trkpt lat="-22.846809709444642" lon="15.259238881990314">
        <ele>606.39999999999998</ele>
        <time>2024-11-26T17:58:31Z</time>
      </trkpt>
      <trkpt lat="-22.846718095242977" lon="15.259180208668113">
        <ele>606.39999999999998</ele>
        <time>2024-11-26T17:58:48Z</time>
      </trkpt>
      <trkpt lat="-22.846617512404919" lon="15.259128995239735">
        <ele>606.39999999999998</ele>
        <time>2024-11-26T17:59:06Z</time>
      </trkpt>
      <trkpt lat="-22.846511146053672" lon="15.259076692163944">
        <ele>606.20000000000005</ele>
        <time>2024-11-26T17:59:23Z</time>
      </trkpt>
      <trkpt lat="-22.846398074179888" lon="15.259017683565617">
        <ele>606.20000000000005</ele>
        <time>2024-11-26T17:59:40Z</time>
      </trkpt>
      <trkpt lat="-22.846159273758531" lon="15.258890110999346">
        <ele>606.20000000000005</ele>
        <time>2024-11-26T17:59:57Z</time>
      </trkpt>
      <trkpt lat="-22.845664573833346" lon="15.25865625590086">
        <ele>605.39999999999998</ele>
        <time>2024-11-26T18:00:14Z</time>
      </trkpt>
      <trkpt lat="-22.845540437847376" lon="15.258608730509877">
        <ele>605.20000000000005</ele>
        <time>2024-11-26T18:00:31Z</time>
      </trkpt>
      <trkpt lat="-22.845423091202974" lon="15.258564306423068">
        <ele>605</ele>
        <time>2024-11-26T18:00:49Z</time>
      </trkpt>
      <trkpt lat="-22.845317395403981" lon="15.258519966155291">
        <ele>604.79999999999995</ele>
        <time>2024-11-26T18:01:06Z</time>
      </trkpt>
      <trkpt lat="-22.845212956890464" lon="15.258469339460135">
        <ele>604.60000000000002</ele>
        <time>2024-11-26T18:01:23Z</time>
      </trkpt>
      <trkpt lat="-22.845112038776278" lon="15.258410163223743">
        <ele>604.39999999999998</ele>
        <time>2024-11-26T18:01:40Z</time>
      </trkpt>
      <trkpt lat="-22.84501388669014" lon="15.258339419960976">
        <ele>604.39999999999998</ele>
        <time>2024-11-26T18:01:57Z</time>
      </trkpt>
      <trkpt lat="-22.844800148159266" lon="15.258174799382687">
        <ele>604.20000000000005</ele>
        <time>2024-11-26T18:02:14Z</time>
      </trkpt>
      <trkpt lat="-22.844322882592678" lon="15.257806833833456">
        <ele>604.20000000000005</ele>
        <time>2024-11-26T18:02:32Z</time>
      </trkpt>
      <trkpt lat="-22.844198578968644" lon="15.25772200897336">
        <ele>604</ele>
        <time>2024-11-26T18:02:49Z</time>
      </trkpt>
      <trkpt lat="-22.84394133836031" lon="15.257568703964353">
        <ele>603.79999999999995</ele>
        <time>2024-11-26T18:03:06Z</time>
      </trkpt>
      <trkpt lat="-22.84356121905148" lon="15.257355971261859">
        <ele>603.20000000000005</ele>
        <time>2024-11-26T18:03:23Z</time>
      </trkpt>
      <trkpt lat="-22.843439597636461" lon="15.257288413122296">
        <ele>603</ele>
        <time>2024-11-26T18:03:40Z</time>
      </trkpt>
      <trkpt lat="-22.843322334811091" lon="15.257219765335321">
        <ele>602.79999999999995</ele>
        <time>2024-11-26T18:03:57Z</time>
      </trkpt>
      <trkpt lat="-22.843211609870195" lon="15.257146339863539">
        <ele>602.39999999999998</ele>
        <time>2024-11-26T18:04:15Z</time>
      </trkpt>
      <trkpt lat="-22.843108093366027" lon="15.257062185555696">
        <ele>602.39999999999998</ele>
        <time>2024-11-26T18:04:32Z</time>
      </trkpt>
      <trkpt lat="-22.843008851632476" lon="15.25696168653667">
        <ele>602.20000000000005</ele>
        <time>2024-11-26T18:04:49Z</time>
      </trkpt>
      <trkpt lat="-22.842918075621128" lon="15.256847189739347">
        <ele>601.79999999999995</ele>
        <time>2024-11-26T18:05:06Z</time>
      </trkpt>
      <trkpt lat="-22.842730656266212" lon="15.256592379882932">
        <ele>601.60000000000002</ele>
        <time>2024-11-26T18:05:23Z</time>
      </trkpt>
      <trkpt lat="-22.842327319085598" lon="15.256055183708668">
        <ele>600.79999999999995</ele>
        <time>2024-11-26T18:05:40Z</time>
      </trkpt>
      <trkpt lat="-22.842222210019827" lon="15.25592090561986">
        <ele>600.79999999999995</ele>
        <time>2024-11-26T18:05:58Z</time>
      </trkpt>
      <trkpt lat="-22.842005202546716" lon="15.255653187632561">
        <ele>600.20000000000005</ele>
        <time>2024-11-26T18:06:15Z</time>
      </trkpt>
      <trkpt lat="-22.841894309967756" lon="15.255523100495338">
        <ele>599.60000000000002</ele>
        <time>2024-11-26T18:06:32Z</time>
      </trkpt>
      <trkpt lat="-22.841432634741068" lon="15.254985149949789">
        <ele>598.79999999999995</ele>
        <time>2024-11-26T18:06:49Z</time>
      </trkpt>
      <trkpt lat="-22.841319311410189" lon="15.254848189651966">
        <ele>598.39999999999998</ele>
        <time>2024-11-26T18:07:06Z</time>
      </trkpt>
      <trkpt lat="-22.841206407174468" lon="15.254709469154477">
        <ele>598.39999999999998</ele>
        <time>2024-11-26T18:07:24Z</time>
      </trkpt>
      <trkpt lat="-22.840984622016549" lon="15.254441667348146">
        <ele>598</ele>
        <time>2024-11-26T18:07:41Z</time>
      </trkpt>
      <trkpt lat="-22.840875741094351" lon="15.254315519705415">
        <ele>597</ele>
        <time>2024-11-26T18:07:58Z</time>
      </trkpt>
      <trkpt lat="-22.840769961476326" lon="15.254189455881715">
        <ele>596.79999999999995</ele>
        <time>2024-11-26T18:08:15Z</time>
      </trkpt>
      <trkpt lat="-22.840665439143777" lon="15.254065319895744">
        <ele>596.60000000000002</ele>
        <time>2024-11-26T18:08:32Z</time>
      </trkpt>
      <trkpt lat="-22.840560749173164" lon="15.253947051241994">
        <ele>596.39999999999998</ele>
        <time>2024-11-26T18:08:50Z</time>
      </trkpt>
      <trkpt lat="-22.840460920706391" lon="15.253826854750514">
        <ele>596.20000000000005</ele>
        <time>2024-11-26T18:09:07Z</time>
      </trkpt>
      <trkpt lat="-22.840372323989868" lon="15.253698863089085">
        <ele>596</ele>
        <time>2024-11-26T18:09:24Z</time>
      </trkpt>
      <trkpt lat="-22.840305436402559" lon="15.253560310229659">
        <ele>596</ele>
        <time>2024-11-26T18:09:41Z</time>
      </trkpt>
      <trkpt lat="-22.840258162468672" lon="15.25341915898025">
        <ele>595.79999999999995</ele>
        <time>2024-11-26T18:09:58Z</time>
      </trkpt>
      <trkpt lat="-22.840230669826269" lon="15.253278678283095">
        <ele>595.60000000000002</ele>
        <time>2024-11-26T18:10:16Z</time>
      </trkpt>
      <trkpt lat="-22.840218767523766" lon="15.253133419901133">
        <ele>595.39999999999998</ele>
        <time>2024-11-26T18:10:33Z</time>
      </trkpt>
      <trkpt lat="-22.840210972353816" lon="15.252986401319504">
        <ele>595.39999999999998</ele>
        <time>2024-11-26T18:10:50Z</time>
      </trkpt>
      <trkpt lat="-22.840200494974852" lon="15.252840975299478">
        <ele>595.39999999999998</ele>
        <time>2024-11-26T18:11:07Z</time>
      </trkpt>
      <trkpt lat="-22.840175768360496" lon="15.252698231488466">
        <ele>595.39999999999998</ele>
        <time>2024-11-26T18:11:24Z</time>
      </trkpt>
      <trkpt lat="-22.840075353160501" lon="15.252412827685475">
        <ele>595.60000000000002</ele>
        <time>2024-11-26T18:11:42Z</time>
      </trkpt>
      <trkpt lat="-22.839926155284047" lon="15.252127172425389">
        <ele>595.60000000000002</ele>
        <time>2024-11-26T18:11:59Z</time>
      </trkpt>
      <trkpt lat="-22.839830685406923" lon="15.251997923478484">
        <ele>595.60000000000002</ele>
        <time>2024-11-26T18:12:16Z</time>
      </trkpt>
      <trkpt lat="-22.839717613533139" lon="15.251879822462797">
        <ele>595.60000000000002</ele>
        <time>2024-11-26T18:12:33Z</time>
      </trkpt>
      <trkpt lat="-22.839485015720129" lon="15.251668347045779">
        <ele>594.79999999999995</ele>
        <time>2024-11-26T18:12:50Z</time>
      </trkpt>
      <trkpt lat="-22.839377392083406" lon="15.251555945724249">
        <ele>594.39999999999998</ele>
        <time>2024-11-26T18:13:08Z</time>
      </trkpt>
      <trkpt lat="-22.839170610532165" lon="15.251318570226431">
        <ele>593.79999999999995</ele>
        <time>2024-11-26T18:13:25Z</time>
      </trkpt>
      <trkpt lat="-22.838979167863727" lon="15.251061413437128">
        <ele>593.20000000000005</ele>
        <time>2024-11-26T18:13:42Z</time>
      </trkpt>
      <trkpt lat="-22.838785210624337" lon="15.250807525590062">
        <ele>592.79999999999995</ele>
        <time>2024-11-26T18:13:59Z</time>
      </trkpt>
      <trkpt lat="-22.838671887293458" lon="15.25069747120142">
        <ele>592.60000000000002</ele>
        <time>2024-11-26T18:14:17Z</time>
      </trkpt>
      <trkpt lat="-22.838542386889458" lon="15.250599319115281">
        <ele>592.60000000000002</ele>
        <time>2024-11-26T18:14:34Z</time>
      </trkpt>
      <trkpt lat="-22.838404756039381" lon="15.250514158979058">
        <ele>592.60000000000002</ele>
        <time>2024-11-26T18:14:51Z</time>
      </trkpt>
      <trkpt lat="-22.838114658370614" lon="15.250355741009116">
        <ele>592.39999999999998</ele>
        <time>2024-11-26T18:15:08Z</time>
      </trkpt>
      <trkpt lat="-22.837817603722215" lon="15.250233868137002">
        <ele>591.79999999999995</ele>
        <time>2024-11-26T18:15:26Z</time>
      </trkpt>
      <trkpt lat="-22.837667064741254" lon="15.25018542073667">
        <ele>591.39999999999998</ele>
        <time>2024-11-26T18:15:43Z</time>
      </trkpt>
      <trkpt lat="-22.837516022846103" lon="15.250142840668559">
        <ele>591.20000000000005</ele>
        <time>2024-11-26T18:16:00Z</time>
      </trkpt>
      <trkpt lat="-22.837365064769983" lon="15.250098584219813">
        <ele>591.20000000000005</ele>
        <time>2024-11-26T18:16:17Z</time>
      </trkpt>
      <trkpt lat="-22.837215615436435" lon="15.250041419640183">
        <ele>591</ele>
        <time>2024-11-26T18:16:34Z</time>
      </trkpt>
      <trkpt lat="-22.836760394275188" lon="15.249885516241193">
        <ele>590.79999999999995</ele>
        <time>2024-11-26T18:16:52Z</time>
      </trkpt>
      <trkpt lat="-22.836603065952659" lon="15.249860705807805">
        <ele>590.60000000000002</ele>
        <time>2024-11-26T18:17:09Z</time>
      </trkpt>
      <trkpt lat="-22.836447916924953" lon="15.249849054962397">
        <ele>590.39999999999998</ele>
        <time>2024-11-26T18:17:26Z</time>
      </trkpt>
      <trkpt lat="-22.836294192820787" lon="15.249840756878257">
        <ele>589.79999999999995</ele>
        <time>2024-11-26T18:17:43Z</time>
      </trkpt>
      <trkpt lat="-22.836148012429476" lon="15.249834805727005">
        <ele>589.60000000000002</ele>
        <time>2024-11-26T18:18:01Z</time>
      </trkpt>
      <trkpt lat="-22.836006190627813" lon="15.249841259792447">
        <ele>588.20000000000005</ele>
        <time>2024-11-26T18:18:18Z</time>
      </trkpt>
      <trkpt lat="-22.835868140682578" lon="15.24983991868794">
        <ele>587.60000000000002</ele>
        <time>2024-11-26T18:18:35Z</time>
      </trkpt>
      <trkpt lat="-22.835734784603119" lon="15.249828854575753">
        <ele>587.20000000000005</ele>
        <time>2024-11-26T18:18:52Z</time>
      </trkpt>
      <trkpt lat="-22.835604613646865" lon="15.249824076890945">
        <ele>587</ele>
        <time>2024-11-26T18:19:10Z</time>
      </trkpt>
      <trkpt lat="-22.835476202890277" lon="15.249821394681931">
        <ele>587</ele>
        <time>2024-11-26T18:19:27Z</time>
      </trkpt>
      <trkpt lat="-22.835343098267913" lon="15.249827513471246">
        <ele>586.79999999999995</ele>
        <time>2024-11-26T18:19:44Z</time>
      </trkpt>
      <trkpt lat="-22.83493640832603" lon="15.249849390238523">
        <ele>586.60000000000002</ele>
        <time>2024-11-26T18:20:01Z</time>
      </trkpt>
      <trkpt lat="-22.83466667868197" lon="15.249850312247872">
        <ele>586.60000000000002</ele>
        <time>2024-11-26T18:20:19Z</time>
      </trkpt>
      <trkpt lat="-22.834539273753762" lon="15.249846037477255">
        <ele>586.39999999999998</ele>
        <time>2024-11-26T18:20:36Z</time>
      </trkpt>
      <trkpt lat="-22.834415640681982" lon="15.249840756878257">
        <ele>586.39999999999998</ele>
        <time>2024-11-26T18:20:53Z</time>
      </trkpt>
      <trkpt lat="-22.834299802780151" lon="15.249826591461897">
        <ele>586.39999999999998</ele>
        <time>2024-11-26T18:21:10Z</time>
      </trkpt>
      <trkpt lat="-22.834192765876651" lon="15.249815946444869">
        <ele>586</ele>
        <time>2024-11-26T18:21:28Z</time>
      </trkpt>
      <trkpt lat="-22.834096876904368" lon="15.249825417995453">
        <ele>585.79999999999995</ele>
        <time>2024-11-26T18:21:45Z</time>
      </trkpt>
      <trkpt lat="-22.834004508331418" lon="15.249857939779758">
        <ele>585.60000000000002</ele>
        <time>2024-11-26T18:22:02Z</time>
      </trkpt>
      <trkpt lat="-22.833919934928417" lon="15.249913008883595">
        <ele>585.60000000000002</ele>
        <time>2024-11-26T18:22:19Z</time>
      </trkpt>
      <trkpt lat="-22.833841647952795" lon="15.249984422698617">
        <ele>585.60000000000002</ele>
        <time>2024-11-26T18:22:37Z</time>
      </trkpt>
      <trkpt lat="-22.833760511130095" lon="15.250060446560383">
        <ele>585.60000000000002</ele>
        <time>2024-11-26T18:22:54Z</time>
      </trkpt>
      <trkpt lat="-22.833673171699047" lon="15.250125406309962">
        <ele>585.79999999999995</ele>
        <time>2024-11-26T18:23:11Z</time>
      </trkpt>
      <trkpt lat="-22.833573175594211" lon="15.250176284462214">
        <ele>586.60000000000002</ele>
        <time>2024-11-26T18:23:29Z</time>
      </trkpt>
      <trkpt lat="-22.833463540300727" lon="15.250206710770726">
        <ele>587</ele>
        <time>2024-11-26T18:23:46Z</time>
      </trkpt>
      <trkpt lat="-22.833354324102402" lon="15.250220037996769">
        <ele>587.20000000000005</ele>
        <time>2024-11-26T18:24:03Z</time>
      </trkpt>
      <trkpt lat="-22.833236977458" lon="15.250227665528655">
        <ele>587.60000000000002</ele>
        <time>2024-11-26T18:24:20Z</time>
      </trkpt>
      <trkpt lat="-22.833112757652998" lon="15.250237137079239">
        <ele>588</ele>
        <time>2024-11-26T18:24:38Z</time>
      </trkpt>
      <trkpt lat="-22.83298091031611" lon="15.250249709933996">
        <ele>588.20000000000005</ele>
        <time>2024-11-26T18:24:55Z</time>
      </trkpt>
      <trkpt lat="-22.832720652222633" lon="15.250249458476901">
        <ele>588.39999999999998</ele>
        <time>2024-11-26T18:25:12Z</time>
      </trkpt>
      <trkpt lat="-22.832597186788917" lon="15.250218529254198">
        <ele>588.60000000000002</ele>
        <time>2024-11-26T18:25:29Z</time>
      </trkpt>
      <trkpt lat="-22.832473553717136" lon="15.250167399644852">
        <ele>589</ele>
        <time>2024-11-26T18:25:47Z</time>
      </trkpt>
      <trkpt lat="-22.832352183759212" lon="15.250102691352367">
        <ele>589.20000000000005</ele>
        <time>2024-11-26T18:26:04Z</time>
      </trkpt>
      <trkpt lat="-22.832227209582925" lon="15.250035468488932">
        <ele>589.39999999999998</ele>
        <time>2024-11-26T18:26:21Z</time>
      </trkpt>
      <trkpt lat="-22.832096703350544" lon="15.249965563416481">
        <ele>589.60000000000002</ele>
        <time>2024-11-26T18:26:38Z</time>
      </trkpt>
      <trkpt lat="-22.831547437235713" lon="15.249744113534689">
        <ele>588.79999999999995</ele>
        <time>2024-11-26T18:26:56Z</time>
      </trkpt>
      <trkpt lat="-22.831249041482806" lon="15.249734558165073">
        <ele>588.39999999999998</ele>
        <time>2024-11-26T18:27:13Z</time>
      </trkpt>
      <trkpt lat="-22.831095233559608" lon="15.249757608398795">
        <ele>588.20000000000005</ele>
        <time>2024-11-26T18:27:30Z</time>
      </trkpt>
      <trkpt lat="-22.830450497567654" lon="15.249882834032178">
        <ele>588.20000000000005</ele>
        <time>2024-11-26T18:27:48Z</time>
      </trkpt>
      <trkpt lat="-22.830286379903555" lon="15.249914182350039">
        <ele>588.20000000000005</ele>
        <time>2024-11-26T18:28:05Z</time>
      </trkpt>
      <trkpt lat="-22.83011949621141" lon="15.249945698305964">
        <ele>588.20000000000005</ele>
        <time>2024-11-26T18:28:22Z</time>
      </trkpt>
      <trkpt lat="-22.829620437696576" lon="15.250034965574741">
        <ele>588.60000000000002</ele>
        <time>2024-11-26T18:28:39Z</time>
      </trkpt>
      <trkpt lat="-22.829461684450507" lon="15.250062039121985">
        <ele>588.39999999999998</ele>
        <time>2024-11-26T18:28:57Z</time>
      </trkpt>
      <trkpt lat="-22.829306703060865" lon="15.250088442116976">
        <ele>588.60000000000002</ele>
        <time>2024-11-26T18:29:14Z</time>
      </trkpt>
      <trkpt lat="-22.829155577346683" lon="15.250117778778076">
        <ele>588.79999999999995</ele>
        <time>2024-11-26T18:29:31Z</time>
      </trkpt>
      <trkpt lat="-22.829005122184753" lon="15.25014678016305">
        <ele>589</ele>
        <time>2024-11-26T18:29:49Z</time>
      </trkpt>
      <trkpt lat="-22.828852487728" lon="15.250174188986421">
        <ele>589.20000000000005</ele>
        <time>2024-11-26T18:30:06Z</time>
      </trkpt>
      <trkpt lat="-22.82869616523385" lon="15.250197490677238">
        <ele>589.39999999999998</ele>
        <time>2024-11-26T18:30:23Z</time>
      </trkpt>
      <trkpt lat="-22.828057212755084" lon="15.250301510095596">
        <ele>589.60000000000002</ele>
        <time>2024-11-26T18:30:40Z</time>
      </trkpt>
      <trkpt lat="-22.827583216130733" lon="15.250386921688914">
        <ele>589.39999999999998</ele>
        <time>2024-11-26T18:30:58Z</time>
      </trkpt>
      <trkpt lat="-22.827430078759789" lon="15.250412318855524">
        <ele>589.39999999999998</ele>
        <time>2024-11-26T18:31:15Z</time>
      </trkpt>
      <trkpt lat="-22.826952561736107" lon="15.250497227534652">
        <ele>589</ele>
        <time>2024-11-26T18:31:32Z</time>
      </trkpt>
      <trkpt lat="-22.826292151585221" lon="15.250630918890238">
        <ele>589</ele>
        <time>2024-11-26T18:31:50Z</time>
      </trkpt>
      <trkpt lat="-22.825954360887408" lon="15.250679366290569">
        <ele>589</ele>
        <time>2024-11-26T18:32:07Z</time>
      </trkpt>
      <trkpt lat="-22.825609110295773" lon="15.250735273584723">
        <ele>588.79999999999995</ele>
        <time>2024-11-26T18:32:24Z</time>
      </trkpt>
      <trkpt lat="-22.825270984321833" lon="15.250803837552667">
        <ele>588.20000000000005</ele>
        <time>2024-11-26T18:32:42Z</time>
      </trkpt>
      <trkpt lat="-22.82510619610548" lon="15.250836946070194">
        <ele>588</ele>
        <time>2024-11-26T18:32:59Z</time>
      </trkpt>
      <trkpt lat="-22.824943838641047" lon="15.250861421227455">
        <ele>588</ele>
        <time>2024-11-26T18:33:16Z</time>
      </trkpt>
      <trkpt lat="-22.824780559167266" lon="15.250883381813765">
        <ele>588</ele>
        <time>2024-11-26T18:33:34Z</time>
      </trkpt>
      <trkpt lat="-22.824619123712182" lon="15.250908024609089">
        <ele>588</ele>
        <time>2024-11-26T18:33:51Z</time>
      </trkpt>
      <trkpt lat="-22.82446363940835" lon="15.250932332128286">
        <ele>588.39999999999998</ele>
        <time>2024-11-26T18:34:08Z</time>
      </trkpt>
      <trkpt lat="-22.824315028265119" lon="15.250955047085881">
        <ele>589</ele>
        <time>2024-11-26T18:34:26Z</time>
      </trkpt>
      <trkpt lat="-22.824172871187329" lon="15.25097893550992">
        <ele>589.20000000000005</ele>
        <time>2024-11-26T18:34:43Z</time>
      </trkpt>
      <trkpt lat="-22.824037419632077" lon="15.251001985743642">
        <ele>589.39999999999998</ele>
        <time>2024-11-26T18:35:00Z</time>
      </trkpt>
      <trkpt lat="-22.823905237019062" lon="15.251025538891554">
        <ele>589.60000000000002</ele>
        <time>2024-11-26T18:35:18Z</time>
      </trkpt>
      <trkpt lat="-22.823772467672825" lon="15.251048672944307">
        <ele>589.60000000000002</ele>
        <time>2024-11-26T18:35:35Z</time>
      </trkpt>
      <trkpt lat="-22.823641374707222" lon="15.251072226092219">
        <ele>589.60000000000002</ele>
        <time>2024-11-26T18:35:52Z</time>
      </trkpt>
      <trkpt lat="-22.823510197922587" lon="15.251094941049814">
        <ele>589.60000000000002</ele>
        <time>2024-11-26T18:36:10Z</time>
      </trkpt>
      <trkpt lat="-22.823379524052143" lon="15.251120002940297">
        <ele>589.20000000000005</ele>
        <time>2024-11-26T18:36:27Z</time>
      </trkpt>
      <trkpt lat="-22.823251532390714" lon="15.251141460612416">
        <ele>589</ele>
        <time>2024-11-26T18:36:44Z</time>
      </trkpt>
      <trkpt lat="-22.823120439425111" lon="15.251161325722933">
        <ele>588.20000000000005</ele>
        <time>2024-11-26T18:37:02Z</time>
      </trkpt>
      <trkpt lat="-22.822851547971368" lon="15.251205079257488">
        <ele>587.60000000000002</ele>
        <time>2024-11-26T18:37:19Z</time>
      </trkpt>
      <trkpt lat="-22.822710229083896" lon="15.251231146976352">
        <ele>586.79999999999995</ele>
        <time>2024-11-26T18:37:36Z</time>
      </trkpt>
      <trkpt lat="-22.822560276836157" lon="15.251258136704564">
        <ele>585.39999999999998</ele>
        <time>2024-11-26T18:37:54Z</time>
      </trkpt>
      <trkpt lat="-22.822242602705956" lon="15.251312619075179">
        <ele>583.60000000000002</ele>
        <time>2024-11-26T18:38:11Z</time>
      </trkpt>
      <trkpt lat="-22.821911433711648" lon="15.251366514712572">
        <ele>582.20000000000005</ele>
        <time>2024-11-26T18:38:28Z</time>
      </trkpt>
      <trkpt lat="-22.821741616353393" lon="15.251394929364324">
        <ele>581.60000000000002</ele>
        <time>2024-11-26T18:38:46Z</time>
      </trkpt>
      <trkpt lat="-22.821569535881281" lon="15.251423260197043">
        <ele>581</ele>
        <time>2024-11-26T18:39:03Z</time>
      </trkpt>
      <trkpt lat="-22.820879453793168" lon="15.251539601013064">
        <ele>580.60000000000002</ele>
        <time>2024-11-26T18:39:20Z</time>
      </trkpt>
      <trkpt lat="-22.820352399721742" lon="15.251633143052459">
        <ele>580.79999999999995</ele>
        <time>2024-11-26T18:39:38Z</time>
      </trkpt>
      <trkpt lat="-22.819645721465349" lon="15.251748310402036">
        <ele>581.20000000000005</ele>
        <time>2024-11-26T18:39:55Z</time>
      </trkpt>
      <trkpt lat="-22.819126127287745" lon="15.251843528822064">
        <ele>580.79999999999995</ele>
        <time>2024-11-26T18:40:12Z</time>
      </trkpt>
      <trkpt lat="-22.818955471739173" lon="15.251878732815385">
        <ele>580.60000000000002</ele>
        <time>2024-11-26T18:40:30Z</time>
      </trkpt>
      <trkpt lat="-22.818788923323154" lon="15.25191561318934">
        <ele>580.39999999999998</ele>
        <time>2024-11-26T18:40:47Z</time>
      </trkpt>
      <trkpt lat="-22.818629164248705" lon="15.251951990649104">
        <ele>580.20000000000005</ele>
        <time>2024-11-26T18:41:05Z</time>
      </trkpt>
      <trkpt lat="-22.818478457629681" lon="15.251975795254111">
        <ele>580.20000000000005</ele>
        <time>2024-11-26T18:41:22Z</time>
      </trkpt>
      <trkpt lat="-22.818335294723511" lon="15.251971771940589">
        <ele>580</ele>
        <time>2024-11-26T18:41:39Z</time>
      </trkpt>
      <trkpt lat="-22.818192802369595" lon="15.251947045326233">
        <ele>580</ele>
        <time>2024-11-26T18:41:57Z</time>
      </trkpt>
      <trkpt lat="-22.818052740767598" lon="15.251904968172312">
        <ele>579.79999999999995</ele>
        <time>2024-11-26T18:42:14Z</time>
      </trkpt>
      <trkpt lat="-22.817911254242063" lon="15.251859035342932">
        <ele>579.79999999999995</ele>
        <time>2024-11-26T18:42:31Z</time>
      </trkpt>
      <trkpt lat="-22.817776221781969" lon="15.251808408647776">
        <ele>579.60000000000002</ele>
        <time>2024-11-26T18:42:49Z</time>
      </trkpt>
      <trkpt lat="-22.817653259262443" lon="15.251737162470818">
        <ele>579.60000000000002</ele>
        <time>2024-11-26T18:43:06Z</time>
      </trkpt>
      <trkpt lat="-22.817546976730227" lon="15.251645632088184">
        <ele>579.39999999999998</ele>
        <time>2024-11-26T18:43:23Z</time>
      </trkpt>
      <trkpt lat="-22.817447818815708" lon="15.251542869955301">
        <ele>579.20000000000005</ele>
        <time>2024-11-26T18:43:41Z</time>
      </trkpt>
      <trkpt lat="-22.817151015624404" lon="15.251215556636453">
        <ele>579</ele>
        <time>2024-11-26T18:43:58Z</time>
      </trkpt>
      <trkpt lat="-22.816861337050796" lon="15.250905342400074">
        <ele>578.20000000000005</ele>
        <time>2024-11-26T18:44:16Z</time>
      </trkpt>
      <trkpt lat="-22.816766873002052" lon="15.250834347680211">
        <ele>577.79999999999995</ele>
        <time>2024-11-26T18:44:33Z</time>
      </trkpt>
      <trkpt lat="-22.816668972373009" lon="15.250790845602751">
        <ele>577.20000000000005</ele>
        <time>2024-11-26T18:44:50Z</time>
      </trkpt>
      <trkpt lat="-22.816566629335284" lon="15.250771902501583">
        <ele>576.60000000000002</ele>
        <time>2024-11-26T18:45:08Z</time>
      </trkpt>
      <trkpt lat="-22.816462442278862" lon="15.250770058482885">
        <ele>576</ele>
        <time>2024-11-26T18:45:25Z</time>
      </trkpt>
      <trkpt lat="-22.816357500851154" lon="15.250777769833803">
        <ele>575.79999999999995</ele>
        <time>2024-11-26T18:45:43Z</time>
      </trkpt>
      <trkpt lat="-22.816245686262846" lon="15.250782798975706">
        <ele>575.60000000000002</ele>
        <time>2024-11-26T18:46:00Z</time>
      </trkpt>
      <trkpt lat="-22.816126830875874" lon="15.250785229727626">
        <ele>575.39999999999998</ele>
        <time>2024-11-26T18:46:17Z</time>
      </trkpt>
      <trkpt lat="-22.816004371270537" lon="15.250790258869529">
        <ele>575.39999999999998</ele>
        <time>2024-11-26T18:46:35Z</time>
      </trkpt>
      <trkpt lat="-22.815368939191103" lon="15.250814482569695">
        <ele>575</ele>
        <time>2024-11-26T18:46:52Z</time>
      </trkpt>
      <trkpt lat="-22.815246311947703" lon="15.250816661864519">
        <ele>575</ele>
        <time>2024-11-26T18:47:09Z</time>
      </trkpt>
      <trkpt lat="-22.815122595056891" lon="15.250819511711597">
        <ele>574.79999999999995</ele>
        <time>2024-11-26T18:47:27Z</time>
      </trkpt>
      <trkpt lat="-22.815003152936697" lon="15.250824708491564">
        <ele>574.79999999999995</ele>
        <time>2024-11-26T18:47:44Z</time>
      </trkpt>
      <trkpt lat="-22.814886728301644" lon="15.250830911099911">
        <ele>574.79999999999995</ele>
        <time>2024-11-26T18:48:02Z</time>
      </trkpt>
      <trkpt lat="-22.814769381657243" lon="15.250835437327623">
        <ele>574.79999999999995</ele>
        <time>2024-11-26T18:48:19Z</time>
      </trkpt>
      <trkpt lat="-22.814655136317015" lon="15.250838790088892">
        <ele>574.79999999999995</ele>
        <time>2024-11-26T18:48:36Z</time>
      </trkpt>
      <trkpt lat="-22.814543321728706" lon="15.250844322144985">
        <ele>574.60000000000002</ele>
        <time>2024-11-26T18:48:54Z</time>
      </trkpt>
      <trkpt lat="-22.814434356987476" lon="15.250854212790728">
        <ele>574.39999999999998</ele>
        <time>2024-11-26T18:49:11Z</time>
      </trkpt>
      <trkpt lat="-22.814329331740737" lon="15.250860918313265">
        <ele>574.39999999999998</ele>
        <time>2024-11-26T18:49:29Z</time>
      </trkpt>
      <trkpt lat="-22.814231934025884" lon="15.250853039324284">
        <ele>574.39999999999998</ele>
        <time>2024-11-26T18:49:46Z</time>
      </trkpt>
      <trkpt lat="-22.814145097509027" lon="15.25082747451961">
        <ele>574.20000000000005</ele>
        <time>2024-11-26T18:50:03Z</time>
      </trkpt>
      <trkpt lat="-22.814071839675307" lon="15.25078296661377">
        <ele>574.20000000000005</ele>
        <time>2024-11-26T18:50:21Z</time>
      </trkpt>
      <trkpt lat="-22.814006879925728" lon="15.250730328261852">
        <ele>574.20000000000005</ele>
        <time>2024-11-26T18:50:38Z</time>
      </trkpt>
      <trkpt lat="-22.813955582678318" lon="15.250671990215778">
        <ele>574</ele>
        <time>2024-11-26T18:50:56Z</time>
      </trkpt>
      <trkpt lat="-22.813914008438587" lon="15.250610550865531">
        <ele>574</ele>
        <time>2024-11-26T18:51:13Z</time>
      </trkpt>
      <trkpt lat="-22.813877379521728" lon="15.250550787895918">
        <ele>574</ele>
        <time>2024-11-26T18:51:30Z</time>
      </trkpt>
      <trkpt lat="-22.813847539946437" lon="15.250487420707941">
        <ele>574</ele>
        <time>2024-11-26T18:51:48Z</time>
      </trkpt>
      <trkpt lat="-22.81382373534143" lon="15.250413324683905">
        <ele>574</ele>
        <time>2024-11-26T18:52:05Z</time>
      </trkpt>
      <trkpt lat="-22.813809905201197" lon="15.250326320528984">
        <ele>574</ele>
        <time>2024-11-26T18:52:23Z</time>
      </trkpt>
      <trkpt lat="-22.813788447529078" lon="15.250107469037175">
        <ele>574</ele>
        <time>2024-11-26T18:52:40Z</time>
      </trkpt>
      <trkpt lat="-22.813775455579162" lon="15.249979896470904">
        <ele>574</ele>
        <time>2024-11-26T18:52:57Z</time>
      </trkpt>
      <trkpt lat="-22.81371041201055" lon="15.249517131596804">
        <ele>574</ele>
        <time>2024-11-26T18:53:15Z</time>
      </trkpt>
      <trkpt lat="-22.813596082851291" lon="15.2487454097718">
        <ele>574</ele>
        <time>2024-11-26T18:53:32Z</time>
      </trkpt>
      <trkpt lat="-22.813501115888357" lon="15.248105702921748">
        <ele>574</ele>
        <time>2024-11-26T18:53:50Z</time>
      </trkpt>
      <trkpt lat="-22.813435401767492" lon="15.247663892805576">
        <ele>573.79999999999995</ele>
        <time>2024-11-26T18:54:07Z</time>
      </trkpt>
      <trkpt lat="-22.813334399834275" lon="15.246983869001269">
        <ele>573.60000000000002</ele>
        <time>2024-11-26T18:54:25Z</time>
      </trkpt>
      <trkpt lat="-22.813298776745796" lon="15.24675328284502">
        <ele>573.20000000000005</ele>
        <time>2024-11-26T18:54:42Z</time>
      </trkpt>
      <trkpt lat="-22.813230464234948" lon="15.246290098875761">
        <ele>572.39999999999998</ele>
        <time>2024-11-26T18:54:59Z</time>
      </trkpt>
      <trkpt lat="-22.813196182250977" lon="15.246053896844387">
        <ele>572</ele>
        <time>2024-11-26T18:55:17Z</time>
      </trkpt>
      <trkpt lat="-22.813104148954153" lon="15.245329951867461">
        <ele>571.39999999999998</ele>
        <time>2024-11-26T18:55:34Z</time>
      </trkpt>
      <trkpt lat="-22.813045559450984" lon="15.244844388216734">
        <ele>571.20000000000005</ele>
        <time>2024-11-26T18:55:52Z</time>
      </trkpt>
      <trkpt lat="-22.81299015507102" lon="15.24434675462544">
        <ele>571</ele>
        <time>2024-11-26T18:56:09Z</time>
      </trkpt>
      <trkpt lat="-22.812905078753829" lon="15.243594311177731">
        <ele>570.39999999999998</ele>
        <time>2024-11-26T18:56:27Z</time>
      </trkpt>
      <trkpt lat="-22.812837017700076" lon="15.243090558797121">
        <ele>569.20000000000005</ele>
        <time>2024-11-26T18:56:44Z</time>
      </trkpt>
      <trkpt lat="-22.812725286930799" lon="15.242341887205839">
        <ele>568.39999999999998</ele>
        <time>2024-11-26T18:57:01Z</time>
      </trkpt>
      <trkpt lat="-22.812682539224625" lon="15.242095962166786">
        <ele>568</ele>
        <time>2024-11-26T18:57:19Z</time>
      </trkpt>
      <trkpt lat="-22.812588829547167" lon="15.241604698821902">
        <ele>567.20000000000005</ele>
        <time>2024-11-26T18:57:36Z</time>
      </trkpt>
      <trkpt lat="-22.812542142346501" lon="15.241359444335103">
        <ele>566.39999999999998</ele>
        <time>2024-11-26T18:57:54Z</time>
      </trkpt>
      <trkpt lat="-22.812404427677393" lon="15.240616807714105">
        <ele>565.39999999999998</ele>
        <time>2024-11-26T18:58:11Z</time>
      </trkpt>
      <trkpt lat="-22.812357824295759" lon="15.240364093333483">
        <ele>565.20000000000005</ele>
        <time>2024-11-26T18:58:29Z</time>
      </trkpt>
      <trkpt lat="-22.812220025807619" lon="15.239595808088779">
        <ele>564.20000000000005</ele>
        <time>2024-11-26T18:58:46Z</time>
      </trkpt>
      <trkpt lat="-22.812175014987588" lon="15.239338483661413">
        <ele>564</ele>
        <time>2024-11-26T18:59:04Z</time>
      </trkpt>
      <trkpt lat="-22.812031852081418" lon="15.238555613905191">
        <ele>563</ele>
        <time>2024-11-26T18:59:21Z</time>
      </trkpt>
      <trkpt lat="-22.811863711103797" lon="15.237758830189705">
        <ele>562.39999999999998</ele>
        <time>2024-11-26T18:59:39Z</time>
      </trkpt>
      <trkpt lat="-22.811668077483773" lon="15.236964309588075">
        <ele>561.79999999999995</ele>
        <time>2024-11-26T18:59:56Z</time>
      </trkpt>
      <trkpt lat="-22.811516029760242" lon="15.236437004059553">
        <ele>561.39999999999998</ele>
        <time>2024-11-26T19:00:14Z</time>
      </trkpt>
      <trkpt lat="-22.811350235715508" lon="15.235913302749395">
        <ele>560.79999999999995</ele>
        <time>2024-11-26T19:00:31Z</time>
      </trkpt>
      <trkpt lat="-22.811173545196652" lon="15.23539169691503">
        <ele>559.60000000000002</ele>
        <time>2024-11-26T19:00:49Z</time>
      </trkpt>
      <trkpt lat="-22.811081511899829" lon="15.235134875401855">
        <ele>559</ele>
        <time>2024-11-26T19:01:06Z</time>
      </trkpt>
      <trkpt lat="-22.810985455289483" lon="15.234880819916725">
        <ele>558.79999999999995</ele>
        <time>2024-11-26T19:01:24Z</time>
      </trkpt>
      <trkpt lat="-22.810891075059772" lon="15.234626596793532">
        <ele>558.20000000000005</ele>
        <time>2024-11-26T19:01:41Z</time>
      </trkpt>
      <trkpt lat="-22.810606257990003" lon="15.233856551349163">
        <ele>557.39999999999998</ele>
        <time>2024-11-26T19:01:59Z</time>
      </trkpt>
      <trkpt lat="-22.810511039569974" lon="15.233600148931146">
        <ele>556.39999999999998</ele>
        <time>2024-11-26T19:02:16Z</time>
      </trkpt>
      <trkpt lat="-22.810332672670484" lon="15.233089355751872">
        <ele>555.39999999999998</ele>
        <time>2024-11-26T19:02:34Z</time>
      </trkpt>
      <trkpt lat="-22.810172662138939" lon="15.232562217861414">
        <ele>554.60000000000002</ele>
        <time>2024-11-26T19:02:51Z</time>
      </trkpt>
      <trkpt lat="-22.810100829228759" lon="15.232294164597988">
        <ele>554.20000000000005</ele>
        <time>2024-11-26T19:03:09Z</time>
      </trkpt>
      <trkpt lat="-22.80990787781775" lon="15.23148556239903">
        <ele>553.60000000000002</ele>
        <time>2024-11-26T19:03:26Z</time>
      </trkpt>
      <trkpt lat="-22.809847863391042" lon="15.231215329840779">
        <ele>553.20000000000005</ele>
        <time>2024-11-26T19:03:44Z</time>
      </trkpt>
      <trkpt lat="-22.809728924185038" lon="15.230676708742976">
        <ele>552.20000000000005</ele>
        <time>2024-11-26T19:04:01Z</time>
      </trkpt>
      <trkpt lat="-22.809549132362008" lon="15.229868777096272">
        <ele>551.60000000000002</ele>
        <time>2024-11-26T19:04:19Z</time>
      </trkpt>
      <trkpt lat="-22.809439329430461" lon="15.229328982532024">
        <ele>550.20000000000005</ele>
        <time>2024-11-26T19:04:36Z</time>
      </trkpt>
      <trkpt lat="-22.809340674430132" lon="15.228789020329714">
        <ele>549.20000000000005</ele>
        <time>2024-11-26T19:04:54Z</time>
      </trkpt>
      <trkpt lat="-22.80930245295167" lon="15.228514680638909">
        <ele>548.79999999999995</ele>
        <time>2024-11-26T19:05:11Z</time>
      </trkpt>
      <trkpt lat="-22.809273451566696" lon="15.228238413110375">
        <ele>548.39999999999998</ele>
        <time>2024-11-26T19:05:29Z</time>
      </trkpt>
      <trkpt lat="-22.809254676103592" lon="15.227961726486683">
        <ele>547.60000000000002</ele>
        <time>2024-11-26T19:05:47Z</time>
      </trkpt>
      <trkpt lat="-22.809242773801088" lon="15.227681435644627">
        <ele>547.20000000000005</ele>
        <time>2024-11-26T19:06:04Z</time>
      </trkpt>
      <trkpt lat="-22.809217208996415" lon="15.226840227842331">
        <ele>546.79999999999995</ele>
        <time>2024-11-26T19:06:22Z</time>
      </trkpt>
      <trkpt lat="-22.809190638363361" lon="15.22628165781498">
        <ele>545.60000000000002</ele>
        <time>2024-11-26T19:06:39Z</time>
      </trkpt>
      <trkpt lat="-22.809158703312278" lon="15.225724009796977">
        <ele>545</ele>
        <time>2024-11-26T19:06:57Z</time>
      </trkpt>
      <trkpt lat="-22.809079326689243" lon="15.224888166412711">
        <ele>544.39999999999998</ele>
        <time>2024-11-26T19:07:14Z</time>
      </trkpt>
      <trkpt lat="-22.809004811570048" lon="15.224333200603724">
        <ele>543.79999999999995</ele>
        <time>2024-11-26T19:07:32Z</time>
      </trkpt>
      <trkpt lat="-22.808963237330317" lon="15.22405793890357">
        <ele>542.79999999999995</ele>
        <time>2024-11-26T19:07:49Z</time>
      </trkpt>
      <trkpt lat="-22.808823259547353" lon="15.223221424967051">
        <ele>541.39999999999998</ele>
        <time>2024-11-26T19:08:07Z</time>
      </trkpt>
      <trkpt lat="-22.808685712516308" lon="15.222384324297309">
        <ele>541.39999999999998</ele>
        <time>2024-11-26T19:08:25Z</time>
      </trkpt>
      <trkpt lat="-22.808549171313643" lon="15.221552001312375">
        <ele>541.39999999999998</ele>
        <time>2024-11-26T19:08:42Z</time>
      </trkpt>
      <trkpt lat="-22.80841656960547" lon="15.220732921734452">
        <ele>540.20000000000005</ele>
        <time>2024-11-26T19:09:00Z</time>
      </trkpt>
      <trkpt lat="-22.808376001194119" lon="15.220461096614599">
        <ele>539.60000000000002</ele>
        <time>2024-11-26T19:09:17Z</time>
      </trkpt>
      <trkpt lat="-22.808335516601801" lon="15.22018700838089">
        <ele>538.79999999999995</ele>
        <time>2024-11-26T19:09:35Z</time>
      </trkpt>
      <trkpt lat="-22.808211799710989" lon="15.219355104491115">
        <ele>537.79999999999995</ele>
        <time>2024-11-26T19:09:53Z</time>
      </trkpt>
      <trkpt lat="-22.808107612654567" lon="15.218515153974295">
        <ele>537</ele>
        <time>2024-11-26T19:10:10Z</time>
      </trkpt>
      <trkpt lat="-22.808084227144718" lon="15.218234108760953">
        <ele>536.79999999999995</ele>
        <time>2024-11-26T19:10:28Z</time>
      </trkpt>
      <trkpt lat="-22.808065703138709" lon="15.217952560633421">
        <ele>536.39999999999998</ele>
        <time>2024-11-26T19:10:45Z</time>
      </trkpt>
      <trkpt lat="-22.808061260730028" lon="15.21710523404181">
        <ele>535.79999999999995</ele>
        <time>2024-11-26T19:11:03Z</time>
      </trkpt>
      <trkpt lat="-22.808095207437873" lon="15.216541215777397">
        <ele>535</ele>
        <time>2024-11-26T19:11:21Z</time>
      </trkpt>
      <trkpt lat="-22.808132926002145" lon="15.215973258018494">
        <ele>534.79999999999995</ele>
        <time>2024-11-26T19:11:38Z</time>
      </trkpt>
      <trkpt lat="-22.808154467493296" lon="15.215689782053232">
        <ele>534.60000000000002</ele>
        <time>2024-11-26T19:11:56Z</time>
      </trkpt>
      <trkpt lat="-22.808219091966748" lon="15.214835833758116">
        <ele>533.79999999999995</ele>
        <time>2024-11-26T19:12:14Z</time>
      </trkpt>
      <trkpt lat="-22.808257145807147" lon="15.214269468560815">
        <ele>532.79999999999995</ele>
        <time>2024-11-26T19:12:31Z</time>
      </trkpt>
      <trkpt lat="-22.808276172727346" lon="15.213422225788236">
        <ele>532.20000000000005</ele>
        <time>2024-11-26T19:12:49Z</time>
      </trkpt>
      <trkpt lat="-22.808275250717998" lon="15.21314294077456">
        <ele>532.20000000000005</ele>
        <time>2024-11-26T19:13:06Z</time>
      </trkpt>
      <trkpt lat="-22.808277010917664" lon="15.212861811742187">
        <ele>532</ele>
        <time>2024-11-26T19:13:24Z</time>
      </trkpt>
      <trkpt lat="-22.808293355628848" lon="15.21230542100966">
        <ele>532</ele>
        <time>2024-11-26T19:13:42Z</time>
      </trkpt>
      <trkpt lat="-22.808327050879598" lon="15.211752466857433">
        <ele>531.79999999999995</ele>
        <time>2024-11-26T19:13:59Z</time>
      </trkpt>
      <trkpt lat="-22.808394944295287" lon="15.210933890193701">
        <ele>531.39999999999998</ele>
        <time>2024-11-26T19:14:17Z</time>
      </trkpt>
      <trkpt lat="-22.808417323976755" lon="15.210663070902228">
        <ele>531.20000000000005</ele>
        <time>2024-11-26T19:14:35Z</time>
      </trkpt>
      <trkpt lat="-22.808438865467906" lon="15.210392335429788">
        <ele>530.60000000000002</ele>
        <time>2024-11-26T19:14:52Z</time>
      </trkpt>
      <trkpt lat="-22.808487396687269" lon="15.209848349913955">
        <ele>530</ele>
        <time>2024-11-26T19:15:10Z</time>
      </trkpt>
      <trkpt lat="-22.808536514639854" lon="15.209307046607137">
        <ele>529.60000000000002</ele>
        <time>2024-11-26T19:15:28Z</time>
      </trkpt>
      <trkpt lat="-22.808590997010469" lon="15.208489475771785">
        <ele>528.20000000000005</ele>
        <time>2024-11-26T19:15:45Z</time>
      </trkpt>
      <trkpt lat="-22.808622429147363" lon="15.207940125837922">
        <ele>527.60000000000002</ele>
        <time>2024-11-26T19:16:03Z</time>
      </trkpt>
      <trkpt lat="-22.808638773858547" lon="15.207668468356133">
        <ele>527.20000000000005</ele>
        <time>2024-11-26T19:16:21Z</time>
      </trkpt>
      <trkpt lat="-22.808684874325991" lon="15.206844694912434">
        <ele>526.39999999999998</ele>
        <time>2024-11-26T19:16:38Z</time>
      </trkpt>
      <trkpt lat="-22.808716474100947" lon="15.206295931711793">
        <ele>526</ele>
        <time>2024-11-26T19:16:56Z</time>
      </trkpt>
      <trkpt lat="-22.808766514062881" lon="15.205482048913836">
        <ele>525.20000000000005</ele>
        <time>2024-11-26T19:17:14Z</time>
      </trkpt>
      <trkpt lat="-22.808782607316971" lon="15.205211313441396">
        <ele>524.79999999999995</ele>
        <time>2024-11-26T19:17:31Z</time>
      </trkpt>
      <trkpt lat="-22.808818314224482" lon="15.20466037094593">
        <ele>523.79999999999995</ele>
        <time>2024-11-26T19:17:49Z</time>
      </trkpt>
      <trkpt lat="-22.808871036395431" lon="15.203835591673851">
        <ele>523</ele>
        <time>2024-11-26T19:18:07Z</time>
      </trkpt>
      <trkpt lat="-22.808888386934996" lon="15.203562006354332">
        <ele>522.20000000000005</ele>
        <time>2024-11-26T19:18:25Z</time>
      </trkpt>
      <trkpt lat="-22.808938845992088" lon="15.202743345871568">
        <ele>521.60000000000002</ele>
        <time>2024-11-26T19:18:42Z</time>
      </trkpt>
      <trkpt lat="-22.808975810185075" lon="15.202202629297972">
        <ele>521.39999999999998</ele>
        <time>2024-11-26T19:19:00Z</time>
      </trkpt>
      <trkpt lat="-22.809034567326307" lon="15.201671719551086">
        <ele>521.20000000000005</ele>
        <time>2024-11-26T19:19:18Z</time>
      </trkpt>
      <trkpt lat="-22.809072369709611" lon="15.201408192515373">
        <ele>521.20000000000005</ele>
        <time>2024-11-26T19:19:35Z</time>
      </trkpt>
      <trkpt lat="-22.809161804616451" lon="15.200880132615566">
        <ele>520.39999999999998</ele>
        <time>2024-11-26T19:19:53Z</time>
      </trkpt>
      <trkpt lat="-22.809288119897246" lon="15.200350731611252">
        <ele>520.20000000000005</ele>
        <time>2024-11-26T19:20:11Z</time>
      </trkpt>
      <trkpt lat="-22.809356851503253" lon="15.200084857642651">
        <ele>520</ele>
        <time>2024-11-26T19:20:29Z</time>
      </trkpt>
      <trkpt lat="-22.809428768232465" lon="15.199819151312113">
        <ele>519.60000000000002</ele>
        <time>2024-11-26T19:20:46Z</time>
      </trkpt>
      <trkpt lat="-22.809673100709915" lon="15.199025804176927">
        <ele>518.79999999999995</ele>
        <time>2024-11-26T19:21:04Z</time>
      </trkpt>
      <trkpt lat="-22.8098448459059" lon="15.1984987501055">
        <ele>518.20000000000005</ele>
        <time>2024-11-26T19:21:22Z</time>
      </trkpt>
      <trkpt lat="-22.810024386271834" lon="15.197970438748598">
        <ele>518</ele>
        <time>2024-11-26T19:21:40Z</time>
      </trkpt>
      <trkpt lat="-22.810307610780001" lon="15.197179773822427">
        <ele>517.79999999999995</ele>
        <time>2024-11-26T19:21:57Z</time>
      </trkpt>
      <trkpt lat="-22.810600977391005" lon="15.196392629295588">
        <ele>517.20000000000005</ele>
        <time>2024-11-26T19:22:15Z</time>
      </trkpt>
      <trkpt lat="-22.810804322361946" lon="15.195867922157049">
        <ele>516.60000000000002</ele>
        <time>2024-11-26T19:22:33Z</time>
      </trkpt>
      <trkpt lat="-22.811128618195653" lon="15.195095026865602">
        <ele>515.60000000000002</ele>
        <time>2024-11-26T19:22:51Z</time>
      </trkpt>
      <trkpt lat="-22.811248395591974" lon="15.194843569770455">
        <ele>515.39999999999998</ele>
        <time>2024-11-26T19:23:08Z</time>
      </trkpt>
      <trkpt lat="-22.811647038906813" lon="15.194108225405216">
        <ele>514.79999999999995</ele>
        <time>2024-11-26T19:23:26Z</time>
      </trkpt>
      <trkpt lat="-22.81178324483335" lon="15.193867916241288">
        <ele>514.60000000000002</ele>
        <time>2024-11-26T19:23:44Z</time>
      </trkpt>
      <trkpt lat="-22.811922216787934" lon="15.193627439439297">
        <ele>514.39999999999998</ele>
        <time>2024-11-26T19:24:02Z</time>
      </trkpt>
      <trkpt lat="-22.812342485412955" lon="15.19290735013783">
        <ele>514</ele>
        <time>2024-11-26T19:24:19Z</time>
      </trkpt>
      <trkpt lat="-22.812627470120788" lon="15.19243486225605">
        <ele>513.39999999999998</ele>
        <time>2024-11-26T19:24:37Z</time>
      </trkpt>
      <trkpt lat="-22.812909185886383" lon="15.191960195079446">
        <ele>513</ele>
        <time>2024-11-26T19:24:55Z</time>
      </trkpt>
      <trkpt lat="-22.813335908576846" lon="15.191243961453438">
        <ele>512.39999999999998</ele>
        <time>2024-11-26T19:25:13Z</time>
      </trkpt>
      <trkpt lat="-22.813767241314054" lon="15.190519681200385">
        <ele>511.80000000000001</ele>
        <time>2024-11-26T19:25:31Z</time>
      </trkpt>
      <trkpt lat="-22.814055494964123" lon="15.190043589100242">
        <ele>511.19999999999999</ele>
        <time>2024-11-26T19:25:48Z</time>
      </trkpt>
      <trkpt lat="-22.81419706530869" lon="15.18980897963047">
        <ele>511</ele>
        <time>2024-11-26T19:26:06Z</time>
      </trkpt>
      <trkpt lat="-22.814334025606513" lon="15.189574621617794">
        <ele>510.60000000000002</ele>
        <time>2024-11-26T19:26:24Z</time>
      </trkpt>
      <trkpt lat="-22.814467130228877" lon="15.18933791667223">
        <ele>510.19999999999999</ele>
        <time>2024-11-26T19:26:42Z</time>
      </trkpt>
      <trkpt lat="-22.814595624804497" lon="15.189101211726665">
        <ele>509.60000000000002</ele>
        <time>2024-11-26T19:27:00Z</time>
      </trkpt>
      <trkpt lat="-22.814843561500311" lon="15.188615312799811">
        <ele>509</ele>
        <time>2024-11-26T19:27:17Z</time>
      </trkpt>
      <trkpt lat="-22.814958393573761" lon="15.188367795199156">
        <ele>508.60000000000002</ele>
        <time>2024-11-26T19:27:35Z</time>
      </trkpt>
      <trkpt lat="-22.815179005265236" lon="15.187855325639248">
        <ele>508.39999999999998</ele>
        <time>2024-11-26T19:27:53Z</time>
      </trkpt>
      <trkpt lat="-22.815280174836516" lon="15.187591798603535">
        <ele>508.19999999999999</ele>
        <time>2024-11-26T19:28:11Z</time>
      </trkpt>
      <trkpt lat="-22.815464325249195" lon="15.187055189162493">
        <ele>507.80000000000001</ele>
        <time>2024-11-26T19:28:29Z</time>
      </trkpt>
      <trkpt lat="-22.815628023818135" lon="15.186520591378212">
        <ele>507.39999999999998</ele>
        <time>2024-11-26T19:28:46Z</time>
      </trkpt>
      <trkpt lat="-22.815773617476225" lon="15.185979036614299">
        <ele>506.80000000000001</ele>
        <time>2024-11-26T19:29:04Z</time>
      </trkpt>
      <trkpt lat="-22.815978722646832" lon="15.185160795226693">
        <ele>505.80000000000001</ele>
        <time>2024-11-26T19:29:22Z</time>
      </trkpt>
      <trkpt lat="-22.816041000187397" lon="15.184887126088142">
        <ele>505.80000000000001</ele>
        <time>2024-11-26T19:29:40Z</time>
      </trkpt>
      <trkpt lat="-22.816102188080549" lon="15.184611696749926">
        <ele>505.39999999999998</ele>
        <time>2024-11-26T19:29:58Z</time>
      </trkpt>
      <trkpt lat="-22.81630695797503" lon="15.18378272652626">
        <ele>504.80000000000001</ele>
        <time>2024-11-26T19:30:16Z</time>
      </trkpt>
      <trkpt lat="-22.816442409530282" lon="15.183229772374034">
        <ele>504.39999999999998</ele>
        <time>2024-11-26T19:30:33Z</time>
      </trkpt>
      <trkpt lat="-22.816511979326606" lon="15.182954343035817">
        <ele>504.39999999999998</ele>
        <time>2024-11-26T19:30:51Z</time>
      </trkpt>
      <trkpt lat="-22.816733010113239" lon="15.182124199345708">
        <ele>503.80000000000001</ele>
        <time>2024-11-26T19:31:09Z</time>
      </trkpt>
      <trkpt lat="-22.8169612493366" lon="15.181289697065949">
        <ele>503.60000000000002</ele>
        <time>2024-11-26T19:31:27Z</time>
      </trkpt>
      <trkpt lat="-22.817039117217064" lon="15.181011669337749">
        <ele>503.19999999999999</ele>
        <time>2024-11-26T19:31:45Z</time>
      </trkpt>
      <trkpt lat="-22.817195188254118" lon="15.180455697700381">
        <ele>503</ele>
        <time>2024-11-26T19:32:03Z</time>
      </trkpt>
      <trkpt lat="-22.817437509074807" lon="15.179631924256682">
        <ele>502.19999999999999</ele>
        <time>2024-11-26T19:32:21Z</time>
      </trkpt>
      <trkpt lat="-22.817685781046748" lon="15.178803876042366">
        <ele>501.39999999999998</ele>
        <time>2024-11-26T19:32:38Z</time>
      </trkpt>
      <trkpt lat="-22.817771192640066" lon="15.178530206903815">
        <ele>501</ele>
        <time>2024-11-26T19:32:56Z</time>
      </trkpt>
      <trkpt lat="-22.818036647513509" lon="15.177703332155943">
        <ele>500.39999999999998</ele>
        <time>2024-11-26T19:33:14Z</time>
      </trkpt>
      <trkpt lat="-22.818213002756238" lon="15.177151383832097">
        <ele>499.60000000000002</ele>
        <time>2024-11-26T19:33:32Z</time>
      </trkpt>
      <trkpt lat="-22.81838801689446" lon="15.176595663651824">
        <ele>499</ele>
        <time>2024-11-26T19:33:50Z</time>
      </trkpt>
      <trkpt lat="-22.818477032706141" lon="15.176319144666195">
        <ele>498.19999999999999</ele>
        <time>2024-11-26T19:34:08Z</time>
      </trkpt>
      <trkpt lat="-22.818658165633678" lon="15.175764597952366">
        <ele>497.80000000000001</ele>
        <time>2024-11-26T19:34:26Z</time>
      </trkpt>
      <trkpt lat="-22.818841813132167" lon="15.175208961591125">
        <ele>497.39999999999998</ele>
        <time>2024-11-26T19:34:44Z</time>
      </trkpt>
      <trkpt lat="-22.818933008238673" lon="15.174930430948734">
        <ele>497.19999999999999</ele>
        <time>2024-11-26T19:35:01Z</time>
      </trkpt>
      <trkpt lat="-22.819116488099098" lon="15.17437320202589">
        <ele>497</ele>
        <time>2024-11-26T19:35:19Z</time>
      </trkpt>
      <trkpt lat="-22.819299213588238" lon="15.173816224560142">
        <ele>496.60000000000002</ele>
        <time>2024-11-26T19:35:37Z</time>
      </trkpt>
      <trkpt lat="-22.819485459476709" lon="15.173261677846313">
        <ele>496</ele>
        <time>2024-11-26T19:35:55Z</time>
      </trkpt>
      <trkpt lat="-22.819669442251325" lon="15.17270402982831">
        <ele>495.80000000000001</ele>
        <time>2024-11-26T19:36:13Z</time>
      </trkpt>
      <trkpt lat="-22.81985292211175" lon="15.1721450407058">
        <ele>495.39999999999998</ele>
        <time>2024-11-26T19:36:31Z</time>
      </trkpt>
      <trkpt lat="-22.819941435009241" lon="15.171865336596966">
        <ele>495</ele>
        <time>2024-11-26T19:36:49Z</time>
      </trkpt>
      <trkpt lat="-22.820114605128765" lon="15.171309784054756">
        <ele>494.39999999999998</ele>
        <time>2024-11-26T19:37:07Z</time>
      </trkpt>
      <trkpt lat="-22.820284757763147" lon="15.170757668092847">
        <ele>494</ele>
        <time>2024-11-26T19:37:25Z</time>
      </trkpt>
      <trkpt lat="-22.820365643128753" lon="15.170483496040106">
        <ele>493.39999999999998</ele>
        <time>2024-11-26T19:37:43Z</time>
      </trkpt>
      <trkpt lat="-22.820526827126741" lon="15.169930709525943">
        <ele>492.80000000000001</ele>
        <time>2024-11-26T19:38:01Z</time>
      </trkpt>
      <trkpt lat="-22.820689771324396" lon="15.169387562200427">
        <ele>492.60000000000002</ele>
        <time>2024-11-26T19:38:19Z</time>
      </trkpt>
      <trkpt lat="-22.820772668346763" lon="15.169126885011792">
        <ele>492.19999999999999</ele>
        <time>2024-11-26T19:38:36Z</time>
      </trkpt>
      <trkpt lat="-22.820853972807527" lon="15.168871907517314">
        <ele>491.60000000000002</ele>
        <time>2024-11-26T19:38:54Z</time>
      </trkpt>
      <trkpt lat="-22.820932427421212" lon="15.168620534241199">
        <ele>491.39999999999998</ele>
        <time>2024-11-26T19:39:12Z</time>
      </trkpt>
      <trkpt lat="-22.82101146876812" lon="15.168375950306654">
        <ele>491.19999999999999</ele>
        <time>2024-11-26T19:39:30Z</time>
      </trkpt>
      <trkpt lat="-22.821092354133725" lon="15.168135557323694">
        <ele>490.19999999999999</ele>
        <time>2024-11-26T19:39:48Z</time>
      </trkpt>
      <trkpt lat="-22.821173407137394" lon="15.167898936197162">
        <ele>489.80000000000001</ele>
        <time>2024-11-26T19:40:06Z</time>
      </trkpt>
      <trkpt lat="-22.821255130693316" lon="15.167662566527724">
        <ele>489.60000000000002</ele>
        <time>2024-11-26T19:40:24Z</time>
      </trkpt>
      <trkpt lat="-22.82133786007762" lon="15.167427705600858">
        <ele>489.39999999999998</ele>
        <time>2024-11-26T19:40:42Z</time>
      </trkpt>
      <trkpt lat="-22.821419918909669" lon="15.167194101959467">
        <ele>489.39999999999998</ele>
        <time>2024-11-26T19:41:00Z</time>
      </trkpt>
      <trkpt lat="-22.821501474827528" lon="15.166957480832934">
        <ele>489</ele>
        <time>2024-11-26T19:41:18Z</time>
      </trkpt>
      <trkpt lat="-22.821760643273592" lon="15.166227417066693">
        <ele>488.60000000000002</ele>
        <time>2024-11-26T19:41:36Z</time>
      </trkpt>
      <trkpt lat="-22.821943201124668" lon="15.165723999962211">
        <ele>488.19999999999999</ele>
        <time>2024-11-26T19:41:54Z</time>
      </trkpt>
      <trkpt lat="-22.822122909128666" lon="15.165214631706476">
        <ele>487.60000000000002</ele>
        <time>2024-11-26T19:42:12Z</time>
      </trkpt>
      <trkpt lat="-22.822397416457534" lon="15.164448609575629">
        <ele>486.80000000000001</ele>
        <time>2024-11-26T19:42:30Z</time>
      </trkpt>
      <trkpt lat="-22.822481570765376" lon="15.164196146652102">
        <ele>486.39999999999998</ele>
        <time>2024-11-26T19:42:48Z</time>
      </trkpt>
      <trkpt lat="-22.822659434750676" lon="15.163677725940943">
        <ele>486.19999999999999</ele>
        <time>2024-11-26T19:43:06Z</time>
      </trkpt>
      <trkpt lat="-22.822930086404085" lon="15.162890497595072">
        <ele>485.60000000000002</ele>
        <time>2024-11-26T19:43:24Z</time>
      </trkpt>
      <trkpt lat="-22.823200738057494" lon="15.162106370553374">
        <ele>485.39999999999998</ele>
        <time>2024-11-26T19:43:42Z</time>
      </trkpt>
      <trkpt lat="-22.823290843516588" lon="15.161844352260232">
        <ele>485.19999999999999</ele>
        <time>2024-11-26T19:44:00Z</time>
      </trkpt>
      <trkpt lat="-22.823468958958983" lon="15.161322243511677">
        <ele>484.80000000000001</ele>
        <time>2024-11-26T19:44:18Z</time>
      </trkpt>
      <trkpt lat="-22.82355428673327" lon="15.161060225218534">
        <ele>484.39999999999998</ele>
        <time>2024-11-26T19:44:36Z</time>
      </trkpt>
      <trkpt lat="-22.823639949783683" lon="15.160796698182821">
        <ele>484</ele>
        <time>2024-11-26T19:44:54Z</time>
      </trkpt>
      <trkpt lat="-22.823884030804038" lon="15.160020114853978">
        <ele>483.39999999999998</ele>
        <time>2024-11-26T19:45:12Z</time>
      </trkpt>
      <trkpt lat="-22.823961060494184" lon="15.159759102389216">
        <ele>483.19999999999999</ele>
        <time>2024-11-26T19:45:30Z</time>
      </trkpt>
      <trkpt lat="-22.824036413803697" lon="15.159499011933804">
        <ele>483</ele>
        <time>2024-11-26T19:45:48Z</time>
      </trkpt>
      <trkpt lat="-22.824112940579653" lon="15.159239089116454">
        <ele>482.80000000000001</ele>
        <time>2024-11-26T19:46:06Z</time>
      </trkpt>
      <trkpt lat="-22.824327768757939" lon="15.158465104177594">
        <ele>481.80000000000001</ele>
        <time>2024-11-26T19:46:24Z</time>
      </trkpt>
      <trkpt lat="-22.824455006048083" lon="15.157948946580291">
        <ele>481</ele>
        <time>2024-11-26T19:46:42Z</time>
      </trkpt>
      <trkpt lat="-22.824588026851416" lon="15.157422395423055">
        <ele>480.60000000000002</ele>
        <time>2024-11-26T19:47:00Z</time>
      </trkpt>
      <trkpt lat="-22.824781900271773" lon="15.156618738546968">
        <ele>479.80000000000001</ele>
        <time>2024-11-26T19:47:18Z</time>
      </trkpt>
      <trkpt lat="-22.82484283670783" lon="15.156352277845144">
        <ele>479.19999999999999</ele>
        <time>2024-11-26T19:47:36Z</time>
      </trkpt>
      <trkpt lat="-22.824903186410666" lon="15.156085230410099">
        <ele>478.60000000000002</ele>
        <time>2024-11-26T19:47:54Z</time>
      </trkpt>
      <trkpt lat="-22.825083397328854" lon="15.155284591019154">
        <ele>478</ele>
        <time>2024-11-26T19:48:12Z</time>
      </trkpt>
      <trkpt lat="-22.825265871360898" lon="15.154493004083633">
        <ele>477.39999999999998</ele>
        <time>2024-11-26T19:48:30Z</time>
      </trkpt>
      <trkpt lat="-22.825324712321162" lon="15.154230734333396">
        <ele>477</ele>
        <time>2024-11-26T19:48:48Z</time>
      </trkpt>
      <trkpt lat="-22.825437532737851" lon="15.153701500967145">
        <ele>476.60000000000002</ele>
        <time>2024-11-26T19:49:06Z</time>
      </trkpt>
      <trkpt lat="-22.825555382296443" lon="15.153163047507405">
        <ele>476.19999999999999</ele>
        <time>2024-11-26T19:49:24Z</time>
      </trkpt>
      <trkpt lat="-22.825672393664718" lon="15.152628952637315">
        <ele>475.80000000000001</ele>
        <time>2024-11-26T19:49:42Z</time>
      </trkpt>
      <trkpt lat="-22.82584497705102" lon="15.151830492541194">
        <ele>474.80000000000001</ele>
        <time>2024-11-26T19:50:00Z</time>
      </trkpt>
      <trkpt lat="-22.82601160928607" lon="15.151038570329547">
        <ele>473.60000000000002</ele>
        <time>2024-11-26T19:50:18Z</time>
      </trkpt>
      <trkpt lat="-22.826068103313446" lon="15.150775713846087">
        <ele>473.19999999999999</ele>
        <time>2024-11-26T19:50:36Z</time>
      </trkpt>
      <trkpt lat="-22.82623783685267" lon="15.149998208507895">
        <ele>472.19999999999999</ele>
        <time>2024-11-26T19:50:54Z</time>
      </trkpt>
      <trkpt lat="-22.826408911496401" lon="15.149216512218118">
        <ele>471.19999999999999</ele>
        <time>2024-11-26T19:51:12Z</time>
      </trkpt>
      <trkpt lat="-22.826581997796893" lon="15.148419979959726">
        <ele>470.39999999999998</ele>
        <time>2024-11-26T19:51:30Z</time>
      </trkpt>
      <trkpt lat="-22.826639330014586" lon="15.148150250315666">
        <ele>470</ele>
        <time>2024-11-26T19:51:48Z</time>
      </trkpt>
      <trkpt lat="-22.826808393001556" lon="15.147358244284987">
        <ele>469.60000000000002</ele>
        <time>2024-11-26T19:52:06Z</time>
      </trkpt>
      <trkpt lat="-22.826992711052299" lon="15.146574871614575">
        <ele>469</ele>
        <time>2024-11-26T19:52:25Z</time>
      </trkpt>
      <trkpt lat="-22.827113075181842" lon="15.146053936332464">
        <ele>468.39999999999998</ele>
        <time>2024-11-26T19:52:43Z</time>
      </trkpt>
      <trkpt lat="-22.827233439311385" lon="15.145529145374894">
        <ele>467.39999999999998</ele>
        <time>2024-11-26T19:53:01Z</time>
      </trkpt>
      <trkpt lat="-22.827420607209206" lon="15.144733032211661">
        <ele>467</ele>
        <time>2024-11-26T19:53:19Z</time>
      </trkpt>
      <trkpt lat="-22.827614145353436" lon="15.143939349800348">
        <ele>465.60000000000002</ele>
        <time>2024-11-26T19:53:37Z</time>
      </trkpt>
      <trkpt lat="-22.827681116759777" lon="15.143674397841096">
        <ele>465.19999999999999</ele>
        <time>2024-11-26T19:53:55Z</time>
      </trkpt>
      <trkpt lat="-22.827892675995827" lon="15.142885409295559">
        <ele>464.60000000000002</ele>
        <time>2024-11-26T19:54:13Z</time>
      </trkpt>
      <trkpt lat="-22.82796761021018" lon="15.142623391002417">
        <ele>464.60000000000002</ele>
        <time>2024-11-26T19:54:31Z</time>
      </trkpt>
      <trkpt lat="-22.828203476965427" lon="15.141840940341353">
        <ele>464.39999999999998</ele>
        <time>2024-11-26T19:54:49Z</time>
      </trkpt>
      <trkpt lat="-22.828444624319673" lon="15.141057902947068">
        <ele>463.80000000000001</ele>
        <time>2024-11-26T19:55:08Z</time>
      </trkpt>
      <trkpt lat="-22.82861159183085" lon="15.140537219122052">
        <ele>463.39999999999998</ele>
        <time>2024-11-26T19:55:26Z</time>
      </trkpt>
      <trkpt lat="-22.828775960952044" lon="15.140024079009891">
        <ele>462.80000000000001</ele>
        <time>2024-11-26T19:55:44Z</time>
      </trkpt>
      <trkpt lat="-22.828855756670237" lon="15.13976851478219">
        <ele>462.39999999999998</ele>
        <time>2024-11-26T19:56:02Z</time>
      </trkpt>
      <trkpt lat="-22.828935468569398" lon="15.139513537287712">
        <ele>461.80000000000001</ele>
        <time>2024-11-26T19:56:20Z</time>
      </trkpt>
      <trkpt lat="-22.829090869054198" lon="15.139012886211276">
        <ele>461</ele>
        <time>2024-11-26T19:56:38Z</time>
      </trkpt>
      <trkpt lat="-22.829325227066875" lon="15.138263795524836">
        <ele>460.39999999999998</ele>
        <time>2024-11-26T19:56:56Z</time>
      </trkpt>
      <trkpt lat="-22.829565620049834" lon="15.137504059821367">
        <ele>459.80000000000001</ele>
        <time>2024-11-26T19:57:14Z</time>
      </trkpt>
      <trkpt lat="-22.829729989171028" lon="15.13698966242373">
        <ele>459</ele>
        <time>2024-11-26T19:57:33Z</time>
      </trkpt>
      <trkpt lat="-22.829890586435795" lon="15.136474845930934">
        <ele>458.60000000000002</ele>
        <time>2024-11-26T19:57:51Z</time>
      </trkpt>
      <trkpt lat="-22.830138271674514" lon="15.13570262119174">
        <ele>457.60000000000002</ele>
        <time>2024-11-26T19:58:09Z</time>
      </trkpt>
      <trkpt lat="-22.830388722941279" lon="15.134933581575751">
        <ele>456.60000000000002</ele>
        <time>2024-11-26T19:58:27Z</time>
      </trkpt>
      <trkpt lat="-22.830563066527247" lon="15.134420106187463">
        <ele>456</ele>
        <time>2024-11-26T19:58:45Z</time>
      </trkpt>
      <trkpt lat="-22.830740427598357" lon="15.133909983560443">
        <ele>455.60000000000002</ele>
        <time>2024-11-26T19:59:03Z</time>
      </trkpt>
      <trkpt lat="-22.83092575147748" lon="15.133399022743106">
        <ele>454.39999999999998</ele>
        <time>2024-11-26T19:59:22Z</time>
      </trkpt>
      <trkpt lat="-22.831217190250754" lon="15.132628725841641">
        <ele>454.19999999999999</ele>
        <time>2024-11-26T19:59:40Z</time>
      </trkpt>
      <trkpt lat="-22.831413829699159" lon="15.132109969854355">
        <ele>453.80000000000001</ele>
        <time>2024-11-26T19:59:58Z</time>
      </trkpt>
      <trkpt lat="-22.831508293747902" lon="15.131850801408291">
        <ele>453.19999999999999</ele>
        <time>2024-11-26T20:00:16Z</time>
      </trkpt>
      <trkpt lat="-22.831788752228022" lon="15.131081761792302">
        <ele>452.39999999999998</ele>
        <time>2024-11-26T20:00:34Z</time>
      </trkpt>
      <trkpt lat="-22.831883551552892" lon="15.130825024098158">
        <ele>452.19999999999999</ele>
        <time>2024-11-26T20:00:52Z</time>
      </trkpt>
      <trkpt lat="-22.832162166014314" lon="15.130050033330917">
        <ele>451.60000000000002</ele>
        <time>2024-11-26T20:01:11Z</time>
      </trkpt>
      <trkpt lat="-22.832254366949201" lon="15.129789439961314">
        <ele>451.39999999999998</ele>
        <time>2024-11-26T20:01:29Z</time>
      </trkpt>
      <trkpt lat="-22.832434326410294" lon="15.129265822470188">
        <ele>451</ele>
        <time>2024-11-26T20:01:47Z</time>
      </trkpt>
      <trkpt lat="-22.832705229520798" lon="15.128489825874567">
        <ele>450.39999999999998</ele>
        <time>2024-11-26T20:02:05Z</time>
      </trkpt>
      <trkpt lat="-22.83279717899859" lon="15.128231411799788">
        <ele>450</ele>
        <time>2024-11-26T20:02:23Z</time>
      </trkpt>
      <trkpt lat="-22.83297655172646" lon="15.127709889784455">
        <ele>449</ele>
        <time>2024-11-26T20:02:42Z</time>
      </trkpt>
      <trkpt lat="-22.833064645528793" lon="15.127448793500662">
        <ele>448.80000000000001</ele>
        <time>2024-11-26T20:03:00Z</time>
      </trkpt>
      <trkpt lat="-22.83334300853312" lon="15.126655614003539">
        <ele>448</ele>
        <time>2024-11-26T20:03:18Z</time>
      </trkpt>
      <trkpt lat="-22.833616510033607" lon="15.125868134200573">
        <ele>447.39999999999998</ele>
        <time>2024-11-26T20:03:36Z</time>
      </trkpt>
      <trkpt lat="-22.833705861121416" lon="15.125612234696746">
        <ele>447.19999999999999</ele>
        <time>2024-11-26T20:03:55Z</time>
      </trkpt>
      <trkpt lat="-22.833985649049282" lon="15.124854343011975">
        <ele>446.60000000000002</ele>
        <time>2024-11-26T20:04:13Z</time>
      </trkpt>
      <trkpt lat="-22.834270549938083" lon="15.124091170728207">
        <ele>446.19999999999999</ele>
        <time>2024-11-26T20:04:31Z</time>
      </trkpt>
      <trkpt lat="-22.834554696455598" lon="15.123324394226074">
        <ele>445.80000000000001</ele>
        <time>2024-11-26T20:04:49Z</time>
      </trkpt>
      <trkpt lat="-22.834823001176119" lon="15.122547140344977">
        <ele>445.39999999999998</ele>
        <time>2024-11-26T20:05:07Z</time>
      </trkpt>
      <trkpt lat="-22.834997093304992" lon="15.122025366872549">
        <ele>445.19999999999999</ele>
        <time>2024-11-26T20:05:26Z</time>
      </trkpt>
      <trkpt lat="-22.835078900679946" lon="15.121761253103614">
        <ele>444.80000000000001</ele>
        <time>2024-11-26T20:05:44Z</time>
      </trkpt>
      <trkpt lat="-22.835234636440873" lon="15.121235707774758">
        <ele>443.80000000000001</ele>
        <time>2024-11-26T20:06:02Z</time>
      </trkpt>
      <trkpt lat="-22.835442256182432" lon="15.120456526055932">
        <ele>442.80000000000001</ele>
        <time>2024-11-26T20:06:20Z</time>
      </trkpt>
      <trkpt lat="-22.835511658340693" lon="15.120197106152773">
        <ele>442.39999999999998</ele>
        <time>2024-11-26T20:06:39Z</time>
      </trkpt>
      <trkpt lat="-22.835721792653203" lon="15.119404848664999">
        <ele>441.60000000000002</ele>
        <time>2024-11-26T20:06:57Z</time>
      </trkpt>
      <trkpt lat="-22.835935447365046" lon="15.118599180132151">
        <ele>441.39999999999998</ele>
        <time>2024-11-26T20:07:15Z</time>
      </trkpt>
      <trkpt lat="-22.836081543937325" lon="15.118049075827003">
        <ele>441</ele>
        <time>2024-11-26T20:07:34Z</time>
      </trkpt>
      <trkpt lat="-22.836227472871542" lon="15.117493942379951">
        <ele>440.39999999999998</ele>
        <time>2024-11-26T20:07:52Z</time>
      </trkpt>
      <trkpt lat="-22.836461579427123" lon="15.116658434271812">
        <ele>439.39999999999998</ele>
        <time>2024-11-26T20:08:10Z</time>
      </trkpt>
      <trkpt lat="-22.836541375145316" lon="15.116378897801042">
        <ele>439.19999999999999</ele>
        <time>2024-11-26T20:08:28Z</time>
      </trkpt>
      <trkpt lat="-22.836698200553656" lon="15.115823596715927">
        <ele>438.39999999999998</ele>
        <time>2024-11-26T20:08:47Z</time>
      </trkpt>
      <trkpt lat="-22.836779002100229" lon="15.115547329187393">
        <ele>438</ele>
        <time>2024-11-26T20:09:05Z</time>
      </trkpt>
      <trkpt lat="-22.837024088948965" lon="15.114730931818485">
        <ele>437</ele>
        <time>2024-11-26T20:09:23Z</time>
      </trkpt>
      <trkpt lat="-22.837273366749287" lon="15.113920988515019">
        <ele>435.80000000000001</ele>
        <time>2024-11-26T20:09:42Z</time>
      </trkpt>
      <trkpt lat="-22.837357604876161" lon="15.113647067919374">
        <ele>435.80000000000001</ele>
        <time>2024-11-26T20:10:00Z</time>
      </trkpt>
      <trkpt lat="-22.837522393092513" lon="15.113100064918399">
        <ele>435.39999999999998</ele>
        <time>2024-11-26T20:10:18Z</time>
      </trkpt>
      <trkpt lat="-22.83768692985177" lon="15.112547529861331">
        <ele>434.60000000000002</ele>
        <time>2024-11-26T20:10:37Z</time>
      </trkpt>
      <trkpt lat="-22.837941404432058" lon="15.111722499132156">
        <ele>433.39999999999998</ele>
        <time>2024-11-26T20:10:55Z</time>
      </trkpt>
      <trkpt lat="-22.838110467419028" lon="15.111173987388611">
        <ele>433.19999999999999</ele>
        <time>2024-11-26T20:11:13Z</time>
      </trkpt>
      <trkpt lat="-22.838192861527205" lon="15.110899480059743">
        <ele>432.80000000000001</ele>
        <time>2024-11-26T20:11:31Z</time>
      </trkpt>
      <trkpt lat="-22.838362511247396" lon="15.1103559974581">
        <ele>432.19999999999999</ele>
        <time>2024-11-26T20:11:50Z</time>
      </trkpt>
      <trkpt lat="-22.838621344417334" lon="15.109539600089192">
        <ele>431.60000000000002</ele>
        <time>2024-11-26T20:12:08Z</time>
      </trkpt>
      <trkpt lat="-22.83888797275722" lon="15.108731165528297">
        <ele>430.39999999999998</ele>
        <time>2024-11-26T20:12:26Z</time>
      </trkpt>
      <trkpt lat="-22.838979084044695" lon="15.108467387035489">
        <ele>430.19999999999999</ele>
        <time>2024-11-26T20:12:45Z</time>
      </trkpt>
      <trkpt lat="-22.839251579716802" lon="15.107673956081271">
        <ele>429.39999999999998</ele>
        <time>2024-11-26T20:13:03Z</time>
      </trkpt>
      <trkpt lat="-22.839343948289752" lon="15.107410261407495">
        <ele>429.19999999999999</ele>
        <time>2024-11-26T20:13:21Z</time>
      </trkpt>
      <trkpt lat="-22.83961895853281" lon="15.106631582602859">
        <ele>428.60000000000002</ele>
        <time>2024-11-26T20:13:40Z</time>
      </trkpt>
      <trkpt lat="-22.839707806706429" lon="15.106374844908714">
        <ele>428.39999999999998</ele>
        <time>2024-11-26T20:13:58Z</time>
      </trkpt>
      <trkpt lat="-22.839796068146825" lon="15.10611810721457">
        <ele>428.19999999999999</ele>
        <time>2024-11-26T20:14:17Z</time>
      </trkpt>
      <trkpt lat="-22.839974015951157" lon="15.105609828606248">
        <ele>427.60000000000002</ele>
        <time>2024-11-26T20:14:35Z</time>
      </trkpt>
      <trkpt lat="-22.840061355382204" lon="15.105360886082053">
        <ele>426.60000000000002</ele>
        <time>2024-11-26T20:14:53Z</time>
      </trkpt>
      <trkpt lat="-22.840329827740788" lon="15.104607101529837">
        <ele>425.39999999999998</ele>
        <time>2024-11-26T20:15:12Z</time>
      </trkpt>
      <trkpt lat="-22.840511379763484" lon="15.104112401604652">
        <ele>424.60000000000002</ele>
        <time>2024-11-26T20:15:30Z</time>
      </trkpt>
      <trkpt lat="-22.840598970651627" lon="15.103863459080458">
        <ele>424</ele>
        <time>2024-11-26T20:15:48Z</time>
      </trkpt>
      <trkpt lat="-22.840683711692691" lon="15.103613678365946">
        <ele>423.60000000000002</ele>
        <time>2024-11-26T20:16:07Z</time>
      </trkpt>
      <trkpt lat="-22.840947993099689" lon="15.102864671498537">
        <ele>423.19999999999999</ele>
        <time>2024-11-26T20:16:25Z</time>
      </trkpt>
      <trkpt lat="-22.841130048036575" lon="15.102365780621767">
        <ele>423</ele>
        <time>2024-11-26T20:16:43Z</time>
      </trkpt>
      <trkpt lat="-22.841219734400511" lon="15.102113988250494">
        <ele>422.80000000000001</ele>
        <time>2024-11-26T20:17:02Z</time>
      </trkpt>
      <trkpt lat="-22.841480243951082" lon="15.101355509832501">
        <ele>422</ele>
        <time>2024-11-26T20:17:20Z</time>
      </trkpt>
      <trkpt lat="-22.841704627498984" lon="15.100576914846897">
        <ele>421.60000000000002</ele>
        <time>2024-11-26T20:17:39Z</time>
      </trkpt>
      <trkpt lat="-22.841881066560745" lon="15.099793542176485">
        <ele>421</ele>
        <time>2024-11-26T20:17:57Z</time>
      </trkpt>
      <trkpt lat="-22.84192574210465" lon="15.09953185915947">
        <ele>420.80000000000001</ele>
        <time>2024-11-26T20:18:15Z</time>
      </trkpt>
      <trkpt lat="-22.842043256387115" lon="15.098738092929125">
        <ele>419.39999999999998</ele>
        <time>2024-11-26T20:18:34Z</time>
      </trkpt>
      <trkpt lat="-22.842125734314322" lon="15.098207267001271">
        <ele>419</ele>
        <time>2024-11-26T20:18:52Z</time>
      </trkpt>
      <trkpt lat="-22.842172421514988" lon="15.097940387204289">
        <ele>418.80000000000001</ele>
        <time>2024-11-26T20:19:11Z</time>
      </trkpt>
      <trkpt lat="-22.842342238873243" lon="15.097151063382626">
        <ele>418.60000000000002</ele>
        <time>2024-11-26T20:19:29Z</time>
      </trkpt>
      <trkpt lat="-22.842405941337347" lon="15.096885273233056">
        <ele>418.19999999999999</ele>
        <time>2024-11-26T20:19:47Z</time>
      </trkpt>
      <trkpt lat="-22.84247349947691" lon="15.096621327102184">
        <ele>418</ele>
        <time>2024-11-26T20:20:06Z</time>
      </trkpt>
      <trkpt lat="-22.842673743143678" lon="15.095837954431772">
        <ele>417.39999999999998</ele>
        <time>2024-11-26T20:20:24Z</time>
      </trkpt>
      <trkpt lat="-22.842737194150686" lon="15.095573421567678">
        <ele>417</ele>
        <time>2024-11-26T20:20:43Z</time>
      </trkpt>
      <trkpt lat="-22.842911202460527" lon="15.09477948769927">
        <ele>416.39999999999998</ele>
        <time>2024-11-26T20:21:01Z</time>
      </trkpt>
      <trkpt lat="-22.843069788068533" lon="15.093982368707657">
        <ele>416</ele>
        <time>2024-11-26T20:21:20Z</time>
      </trkpt>
      <trkpt lat="-22.843115637078881" lon="15.093718841671944">
        <ele>415.80000000000001</ele>
        <time>2024-11-26T20:21:38Z</time>
      </trkpt>
      <trkpt lat="-22.843158049508929" lon="15.093455146998167">
        <ele>415.39999999999998</ele>
        <time>2024-11-26T20:21:56Z</time>
      </trkpt>
      <trkpt lat="-22.843199288472533" lon="15.093192709609866">
        <ele>414.80000000000001</ele>
        <time>2024-11-26T20:22:15Z</time>
      </trkpt>
      <trkpt lat="-22.843239270150661" lon="15.092927422374487">
        <ele>414.60000000000002</ele>
        <time>2024-11-26T20:22:33Z</time>
      </trkpt>
      <trkpt lat="-22.843354353681207" lon="15.092123933136463">
        <ele>414</ele>
        <time>2024-11-26T20:22:52Z</time>
      </trkpt>
      <trkpt lat="-22.843479160219431" lon="15.091311810538173">
        <ele>413.80000000000001</ele>
        <time>2024-11-26T20:23:10Z</time>
      </trkpt>
      <trkpt lat="-22.843526350334287" lon="15.091041326522827">
        <ele>413.60000000000002</ele>
        <time>2024-11-26T20:23:29Z</time>
      </trkpt>
      <trkpt lat="-22.843687534332275" lon="15.090221995487809">
        <ele>413</ele>
        <time>2024-11-26T20:23:47Z</time>
      </trkpt>
      <trkpt lat="-22.843877803534269" lon="15.08940308354795">
        <ele>412</ele>
        <time>2024-11-26T20:24:06Z</time>
      </trkpt>
      <trkpt lat="-22.844084333628416" lon="15.088591380044818">
        <ele>411</ele>
        <time>2024-11-26T20:24:24Z</time>
      </trkpt>
      <trkpt lat="-22.844290528446436" lon="15.087787806987762">
        <ele>410</ele>
        <time>2024-11-26T20:24:43Z</time>
      </trkpt>
      <trkpt lat="-22.844365378841758" lon="15.087521513924003">
        <ele>409.80000000000001</ele>
        <time>2024-11-26T20:25:01Z</time>
      </trkpt>
      <trkpt lat="-22.844443330541253" lon="15.087256310507655">
        <ele>409.80000000000001</ele>
        <time>2024-11-26T20:25:19Z</time>
      </trkpt>
      <trkpt lat="-22.844704259186983" lon="15.086478888988495">
        <ele>409</ele>
        <time>2024-11-26T20:25:38Z</time>
      </trkpt>
      <trkpt lat="-22.844798639416695" lon="15.086222570389509">
        <ele>408.80000000000001</ele>
        <time>2024-11-26T20:25:56Z</time>
      </trkpt>
      <trkpt lat="-22.844897629693151" lon="15.085964072495699">
        <ele>408.39999999999998</ele>
        <time>2024-11-26T20:26:15Z</time>
      </trkpt>
      <trkpt lat="-22.84510038793087" lon="15.085449926555157">
        <ele>407.60000000000002</ele>
        <time>2024-11-26T20:26:33Z</time>
      </trkpt>
      <trkpt lat="-22.845397777855396" lon="15.084674851968884">
        <ele>406.60000000000002</ele>
        <time>2024-11-26T20:26:52Z</time>
      </trkpt>
      <trkpt lat="-22.845591818913817" lon="15.084162298589945">
        <ele>406.19999999999999</ele>
        <time>2024-11-26T20:27:10Z</time>
      </trkpt>
      <trkpt lat="-22.845875713974237" lon="15.083379847928882">
        <ele>405.80000000000001</ele>
        <time>2024-11-26T20:27:29Z</time>
      </trkpt>
      <trkpt lat="-22.846053661778569" lon="15.082850279286504">
        <ele>405.60000000000002</ele>
        <time>2024-11-26T20:27:47Z</time>
      </trkpt>
      <trkpt lat="-22.846224484965205" lon="15.082318028435111">
        <ele>405</ele>
        <time>2024-11-26T20:28:06Z</time>
      </trkpt>
      <trkpt lat="-22.846476696431637" lon="15.081506576389074">
        <ele>404.60000000000002</ele>
        <time>2024-11-26T20:28:24Z</time>
      </trkpt>
      <trkpt lat="-22.846648190170527" lon="15.080956555902958">
        <ele>404.39999999999998</ele>
        <time>2024-11-26T20:28:43Z</time>
      </trkpt>
      <trkpt lat="-22.846827479079366" lon="15.080410642549396">
        <ele>403.39999999999998</ele>
        <time>2024-11-26T20:29:01Z</time>
      </trkpt>
      <trkpt lat="-22.846918171271682" lon="15.080139487981796">
        <ele>403.19999999999999</ele>
        <time>2024-11-26T20:29:20Z</time>
      </trkpt>
      <trkpt lat="-22.847215058282018" lon="15.079343290999532">
        <ele>403</ele>
        <time>2024-11-26T20:29:39Z</time>
      </trkpt>
      <trkpt lat="-22.847428964450955" lon="15.078821182250977">
        <ele>402.39999999999998</ele>
        <time>2024-11-26T20:29:57Z</time>
      </trkpt>
      <trkpt lat="-22.847535330802202" lon="15.078557906672359">
        <ele>402.19999999999999</ele>
        <time>2024-11-26T20:30:16Z</time>
      </trkpt>
      <trkpt lat="-22.847855435684323" lon="15.07777713239193">
        <ele>401.39999999999998</ele>
        <time>2024-11-26T20:30:34Z</time>
      </trkpt>
      <trkpt lat="-22.84796230494976" lon="15.077520981431007">
        <ele>401.19999999999999</ele>
        <time>2024-11-26T20:30:53Z</time>
      </trkpt>
      <trkpt lat="-22.848246116191149" lon="15.076738363131881">
        <ele>400.19999999999999</ele>
        <time>2024-11-26T20:31:11Z</time>
      </trkpt>
      <trkpt lat="-22.848330438137054" lon="15.076476093381643">
        <ele>400</ele>
        <time>2024-11-26T20:31:30Z</time>
      </trkpt>
      <trkpt lat="-22.848556330427527" lon="15.075675621628761">
        <ele>399.39999999999998</ele>
        <time>2024-11-26T20:31:48Z</time>
      </trkpt>
      <trkpt lat="-22.848626151680946" lon="15.075407484546304">
        <ele>399</ele>
        <time>2024-11-26T20:32:07Z</time>
      </trkpt>
      <trkpt lat="-22.848835112527013" lon="15.074598966166377">
        <ele>398.19999999999999</ele>
        <time>2024-11-26T20:32:25Z</time>
      </trkpt>
      <trkpt lat="-22.849053293466568" lon="15.073780808597803">
        <ele>397.80000000000001</ele>
        <time>2024-11-26T20:32:44Z</time>
      </trkpt>
      <trkpt lat="-22.849274827167392" lon="15.072966674342752">
        <ele>397.19999999999999</ele>
        <time>2024-11-26T20:33:03Z</time>
      </trkpt>
      <trkpt lat="-22.849351018667221" lon="15.072699459269643">
        <ele>397</ele>
        <time>2024-11-26T20:33:21Z</time>
      </trkpt>
      <trkpt lat="-22.849502647295594" lon="15.072163939476013">
        <ele>396.60000000000002</ele>
        <time>2024-11-26T20:33:40Z</time>
      </trkpt>
      <trkpt lat="-22.849735412746668" lon="15.071366401389241">
        <ele>395.80000000000001</ele>
        <time>2024-11-26T20:33:58Z</time>
      </trkpt>
      <trkpt lat="-22.849820908159018" lon="15.071100611239672">
        <ele>395.60000000000002</ele>
        <time>2024-11-26T20:34:17Z</time>
      </trkpt>
      <trkpt lat="-22.849993910640478" lon="15.070567186921835">
        <ele>395.19999999999999</ele>
        <time>2024-11-26T20:34:36Z</time>
      </trkpt>
      <trkpt lat="-22.850265568122268" lon="15.069769732654095">
        <ele>395</ele>
        <time>2024-11-26T20:34:54Z</time>
      </trkpt>
      <trkpt lat="-22.850356260314584" lon="15.069501930847764">
        <ele>394.60000000000002</ele>
        <time>2024-11-26T20:35:13Z</time>
      </trkpt>
      <trkpt lat="-22.850532531738281" lon="15.068961046636105">
        <ele>393.60000000000002</ele>
        <time>2024-11-26T20:35:31Z</time>
      </trkpt>
      <trkpt lat="-22.850687261670828" lon="15.068417899310589">
        <ele>393.19999999999999</ele>
        <time>2024-11-26T20:35:50Z</time>
      </trkpt>
      <trkpt lat="-22.850849786773324" lon="15.067587001249194">
        <ele>392.39999999999998</ele>
        <time>2024-11-26T20:36:09Z</time>
      </trkpt>
      <trkpt lat="-22.850888846442103" lon="15.067305872216821">
        <ele>392.19999999999999</ele>
        <time>2024-11-26T20:36:27Z</time>
      </trkpt>
      <trkpt lat="-22.851005103439093" lon="15.06645024754107">
        <ele>391.60000000000002</ele>
        <time>2024-11-26T20:36:46Z</time>
      </trkpt>
      <trkpt lat="-22.851087916642427" lon="15.065877344459295">
        <ele>391.39999999999998</ele>
        <time>2024-11-26T20:37:04Z</time>
      </trkpt>
      <trkpt lat="-22.851202832534909" lon="15.065009063109756">
        <ele>391</ele>
        <time>2024-11-26T20:37:23Z</time>
      </trkpt>
      <trkpt lat="-22.851242562755942" lon="15.064716534689069">
        <ele>390.80000000000001</ele>
        <time>2024-11-26T20:37:42Z</time>
      </trkpt>
      <trkpt lat="-22.851320682093501" lon="15.064132567495108">
        <ele>390.39999999999998</ele>
        <time>2024-11-26T20:38:00Z</time>
      </trkpt>
      <trkpt lat="-22.851399220526218" lon="15.063549773767591">
        <ele>390.39999999999998</ele>
        <time>2024-11-26T20:38:19Z</time>
      </trkpt>
      <trkpt lat="-22.851443476974964" lon="15.063257664442062">
        <ele>390.39999999999998</ele>
        <time>2024-11-26T20:38:38Z</time>
      </trkpt>
      <trkpt lat="-22.851533917710185" lon="15.062674367800355">
        <ele>390</ele>
        <time>2024-11-26T20:38:56Z</time>
      </trkpt>
      <trkpt lat="-22.851623604074121" lon="15.06208973005414">
        <ele>389.80000000000001</ele>
        <time>2024-11-26T20:39:15Z</time>
      </trkpt>
      <trkpt lat="-22.851669872179627" lon="15.061801141127944">
        <ele>389.39999999999998</ele>
        <time>2024-11-26T20:39:33Z</time>
      </trkpt>
      <trkpt lat="-22.851715385913849" lon="15.061511546373367">
        <ele>389</ele>
        <time>2024-11-26T20:39:52Z</time>
      </trkpt>
      <trkpt lat="-22.851853603497148" lon="15.060651898384094">
        <ele>388.19999999999999</ele>
        <time>2024-11-26T20:40:11Z</time>
      </trkpt>
      <trkpt lat="-22.851903392001987" lon="15.060362219810486">
        <ele>388</ele>
        <time>2024-11-26T20:40:29Z</time>
      </trkpt>
      <trkpt lat="-22.852063151076436" lon="15.059500224888325">
        <ele>387.39999999999998</ele>
        <time>2024-11-26T20:40:48Z</time>
      </trkpt>
      <trkpt lat="-22.852168427780271" lon="15.058916257694364">
        <ele>386.60000000000002</ele>
        <time>2024-11-26T20:41:07Z</time>
      </trkpt>
      <trkpt lat="-22.85227638669312" lon="15.058339415118098">
        <ele>385.80000000000001</ele>
        <time>2024-11-26T20:41:25Z</time>
      </trkpt>
      <trkpt lat="-22.852330952882767" lon="15.058049652725458">
        <ele>385.60000000000002</ele>
        <time>2024-11-26T20:41:44Z</time>
      </trkpt>
      <trkpt lat="-22.852445030584931" lon="15.057468116283417">
        <ele>384.80000000000001</ele>
        <time>2024-11-26T20:42:03Z</time>
      </trkpt>
      <trkpt lat="-22.852557599544525" lon="15.056889094412327">
        <ele>384.19999999999999</ele>
        <time>2024-11-26T20:42:21Z</time>
      </trkpt>
      <trkpt lat="-22.852614680305123" lon="15.056599332019687">
        <ele>383.80000000000001</ele>
        <time>2024-11-26T20:42:40Z</time>
      </trkpt>
      <trkpt lat="-22.852724902331829" lon="15.056014526635408">
        <ele>383.60000000000002</ele>
        <time>2024-11-26T20:42:59Z</time>
      </trkpt>
      <trkpt lat="-22.852778630331159" lon="15.055720824748278">
        <ele>383.19999999999999</ele>
        <time>2024-11-26T20:43:17Z</time>
      </trkpt>
      <trkpt lat="-22.85288373939693" lon="15.055134342983365">
        <ele>382.80000000000001</ele>
        <time>2024-11-26T20:43:36Z</time>
      </trkpt>
      <trkpt lat="-22.852983484044671" lon="15.054547945037484">
        <ele>382.60000000000002</ele>
        <time>2024-11-26T20:43:55Z</time>
      </trkpt>
      <trkpt lat="-22.853030925616622" lon="15.054250387474895">
        <ele>382</ele>
        <time>2024-11-26T20:44:14Z</time>
      </trkpt>
      <trkpt lat="-22.853078953921795" lon="15.053952662274241">
        <ele>382</ele>
        <time>2024-11-26T20:44:32Z</time>
      </trkpt>
      <trkpt lat="-22.853172915056348" lon="15.053358804434538">
        <ele>381.80000000000001</ele>
        <time>2024-11-26T20:44:51Z</time>
      </trkpt>
      <trkpt lat="-22.853258075192571" lon="15.052769221365452">
        <ele>381.60000000000002</ele>
        <time>2024-11-26T20:45:10Z</time>
      </trkpt>
      <trkpt lat="-22.853295458480716" lon="15.052477363497019">
        <ele>381.39999999999998</ele>
        <time>2024-11-26T20:45:28Z</time>
      </trkpt>
      <trkpt lat="-22.853332422673702" lon="15.052186427637935">
        <ele>380.60000000000002</ele>
        <time>2024-11-26T20:45:47Z</time>
      </trkpt>
      <trkpt lat="-22.85336947068572" lon="15.051898341625929">
        <ele>380.19999999999999</ele>
        <time>2024-11-26T20:46:06Z</time>
      </trkpt>
      <trkpt lat="-22.853405931964517" lon="15.051612686365843">
        <ele>380</ele>
        <time>2024-11-26T20:46:24Z</time>
      </trkpt>
      <trkpt lat="-22.853439291939139" lon="15.051326444372535">
        <ele>379.80000000000001</ele>
        <time>2024-11-26T20:46:43Z</time>
      </trkpt>
      <trkpt lat="-22.853469802066684" lon="15.051043387502432">
        <ele>379.80000000000001</ele>
        <time>2024-11-26T20:47:02Z</time>
      </trkpt>
      <trkpt lat="-22.853502407670021" lon="15.050761252641678">
        <ele>379.60000000000002</ele>
        <time>2024-11-26T20:47:21Z</time>
      </trkpt>
      <trkpt lat="-22.853535264730453" lon="15.050481129437685">
        <ele>379.60000000000002</ele>
        <time>2024-11-26T20:47:39Z</time>
      </trkpt>
      <trkpt lat="-22.853566193953156" lon="15.050202263519168">
        <ele>379.19999999999999</ele>
        <time>2024-11-26T20:47:58Z</time>
      </trkpt>
      <trkpt lat="-22.85359569825232" lon="15.049924068152905">
        <ele>379</ele>
        <time>2024-11-26T20:48:17Z</time>
      </trkpt>
      <trkpt lat="-22.853684797883034" lon="15.049093002453446">
        <ele>378.60000000000002</ele>
        <time>2024-11-26T20:48:35Z</time>
      </trkpt>
      <trkpt lat="-22.853713128715754" lon="15.048816902562976">
        <ele>378.19999999999999</ele>
        <time>2024-11-26T20:48:54Z</time>
      </trkpt>
      <trkpt lat="-22.853799881413579" lon="15.047982400283217">
        <ele>377.39999999999998</ele>
        <time>2024-11-26T20:49:13Z</time>
      </trkpt>
      <trkpt lat="-22.853832235559821" lon="15.047707976773381">
        <ele>377</ele>
        <time>2024-11-26T20:49:32Z</time>
      </trkpt>
      <trkpt lat="-22.853927705436945" lon="15.046886214986444">
        <ele>376.39999999999998</ele>
        <time>2024-11-26T20:49:50Z</time>
      </trkpt>
      <trkpt lat="-22.853996688500047" lon="15.046337032690644">
        <ele>375.80000000000001</ele>
        <time>2024-11-26T20:50:09Z</time>
      </trkpt>
      <trkpt lat="-22.854099869728088" lon="15.045507475733757">
        <ele>375.19999999999999</ele>
        <time>2024-11-26T20:50:28Z</time>
      </trkpt>
      <trkpt lat="-22.854155609384179" lon="15.044945972040296">
        <ele>374.80000000000001</ele>
        <time>2024-11-26T20:50:47Z</time>
      </trkpt>
      <trkpt lat="-22.85423532128334" lon="15.044116247445345">
        <ele>374.39999999999998</ele>
        <time>2024-11-26T20:51:05Z</time>
      </trkpt>
      <trkpt lat="-22.854297682642937" lon="15.043275961652398">
        <ele>373.60000000000002</ele>
        <time>2024-11-26T20:51:24Z</time>
      </trkpt>
      <trkpt lat="-22.854351913556457" lon="15.042427210137248">
        <ele>373</ele>
        <time>2024-11-26T20:51:43Z</time>
      </trkpt>
      <trkpt lat="-22.854436570778489" lon="15.041587762534618">
        <ele>372.39999999999998</ele>
        <time>2024-11-26T20:52:02Z</time>
      </trkpt>
      <trkpt lat="-22.854511756449938" lon="15.041040424257517">
        <ele>372</ele>
        <time>2024-11-26T20:52:20Z</time>
      </trkpt>
      <trkpt lat="-22.85459348000586" lon="15.040488559752703">
        <ele>371.80000000000001</ele>
        <time>2024-11-26T20:52:39Z</time>
      </trkpt>
      <trkpt lat="-22.854634383693337" lon="15.040211621671915">
        <ele>371.60000000000002</ele>
        <time>2024-11-26T20:52:58Z</time>
      </trkpt>
      <trkpt lat="-22.854675119742751" lon="15.039934180676937">
        <ele>371</ele>
        <time>2024-11-26T20:53:17Z</time>
      </trkpt>
      <trkpt lat="-22.854800680652261" lon="15.039093056693673">
        <ele>370.19999999999999</ele>
        <time>2024-11-26T20:53:36Z</time>
      </trkpt>
      <trkpt lat="-22.85492280498147" lon="15.038247322663665">
        <ele>370</ele>
        <time>2024-11-26T20:53:54Z</time>
      </trkpt>
      <trkpt lat="-22.85504886880517" lon="15.037412066012621">
        <ele>368.80000000000001</ele>
        <time>2024-11-26T20:54:13Z</time>
      </trkpt>
      <trkpt lat="-22.855085162445903" lon="15.037142839282751">
        <ele>368.60000000000002</ele>
        <time>2024-11-26T20:54:32Z</time>
      </trkpt>
      <trkpt lat="-22.855120953172445" lon="15.036880485713482">
        <ele>368.19999999999999</ele>
        <time>2024-11-26T20:54:51Z</time>
      </trkpt>
      <trkpt lat="-22.855156240984797" lon="15.036628106608987">
        <ele>367</ele>
        <time>2024-11-26T20:55:10Z</time>
      </trkpt>
      <trkpt lat="-22.855191696435213" lon="15.036386623978615">
        <ele>366.80000000000001</ele>
        <time>2024-11-26T20:55:28Z</time>
      </trkpt>
      <trkpt lat="-22.85523016937077" lon="15.036157127469778">
        <ele>366</ele>
        <time>2024-11-26T20:55:47Z</time>
      </trkpt>
      <trkpt lat="-22.855269396677613" lon="15.035943640395999">
        <ele>365.60000000000002</ele>
        <time>2024-11-26T20:56:06Z</time>
      </trkpt>
      <trkpt lat="-22.855310635641217" lon="15.035739960148931">
        <ele>365.19999999999999</ele>
        <time>2024-11-26T20:56:25Z</time>
      </trkpt>
      <trkpt lat="-22.855351958423853" lon="15.035551451146603">
        <ele>364.60000000000002</ele>
        <time>2024-11-26T20:56:44Z</time>
      </trkpt>
      <trkpt lat="-22.855392107740045" lon="15.035374341532588">
        <ele>364</ele>
        <time>2024-11-26T20:57:02Z</time>
      </trkpt>
      <trkpt lat="-22.855427982285619" lon="15.03521366044879">
        <ele>363.39999999999998</ele>
        <time>2024-11-26T20:57:21Z</time>
      </trkpt>
      <trkpt lat="-22.855459079146385" lon="15.035067815333605">
        <ele>362.60000000000002</ele>
        <time>2024-11-26T20:57:40Z</time>
      </trkpt>
      <trkpt lat="-22.855485649779439" lon="15.034938985481858">
        <ele>361.60000000000002</ele>
        <time>2024-11-26T20:57:59Z</time>
      </trkpt>
      <trkpt lat="-22.855506772175431" lon="15.034819962456822">
        <ele>361.19999999999999</ele>
        <time>2024-11-26T20:58:18Z</time>
      </trkpt>
      <trkpt lat="-22.855522278696299" lon="15.034714937210083">
        <ele>361</ele>
        <time>2024-11-26T20:58:37Z</time>
      </trkpt>
      <trkpt lat="-22.855528397485614" lon="15.034641679376364">
        <ele>360.60000000000002</ele>
        <time>2024-11-26T20:58:55Z</time>
      </trkpt>
      <trkpt lat="-22.855521608144045" lon="15.034593399614096">
        <ele>360.39999999999998</ele>
        <time>2024-11-26T20:59:14Z</time>
      </trkpt>
      <trkpt lat="-22.855490930378437" lon="15.034553837031126">
        <ele>360.39999999999998</ele>
        <time>2024-11-26T20:59:33Z</time>
      </trkpt>
      <trkpt lat="-22.855459079146385" lon="15.034517124295235">
        <ele>360.39999999999998</ele>
        <time>2024-11-26T20:59:52Z</time>
      </trkpt>
      <trkpt lat="-22.855436950922012" lon="15.034479070454836">
        <ele>360.39999999999998</ele>
        <time>2024-11-26T21:00:11Z</time>
      </trkpt>
      <trkpt lat="-22.855431418865919" lon="15.03444068133831">
        <ele>360.39999999999998</ele>
        <time>2024-11-26T21:00:29Z</time>
      </trkpt>
      <trkpt lat="-22.855427395552397" lon="15.034400364384055">
        <ele>360.80000000000001</ele>
        <time>2024-11-26T21:00:48Z</time>
      </trkpt>
      <trkpt lat="-22.855431083589792" lon="15.034360717982054">
        <ele>360.80000000000001</ele>
        <time>2024-11-26T21:01:07Z</time>
      </trkpt>
      <trkpt lat="-22.855439465492964" lon="15.034309085458517">
        <ele>361</ele>
        <time>2024-11-26T21:01:26Z</time>
      </trkpt>
      <trkpt lat="-22.855448601767421" lon="15.03424865193665">
        <ele>361</ele>
        <time>2024-11-26T21:01:45Z</time>
      </trkpt>
      <trkpt lat="-22.855454636737704" lon="15.034177573397756">
        <ele>361</ele>
        <time>2024-11-26T21:02:04Z</time>
      </trkpt>
      <trkpt lat="-22.855458492413163" lon="15.034094592556357">
        <ele>361</ele>
        <time>2024-11-26T21:02:22Z</time>
      </trkpt>
      <trkpt lat="-22.855447260662913" lon="15.03381522372365">
        <ele>361</ele>
        <time>2024-11-26T21:02:41Z</time>
      </trkpt>
      <trkpt lat="-22.855417337268591" lon="15.033624451607466">
        <ele>360.80000000000001</ele>
        <time>2024-11-26T21:03:00Z</time>
      </trkpt>
      <trkpt lat="-22.855285406112671" lon="15.033241482451558">
        <ele>360.39999999999998</ele>
        <time>2024-11-26T21:03:19Z</time>
      </trkpt>
      <trkpt lat="-22.855026572942734" lon="15.032674362882972">
        <ele>360.39999999999998</ele>
        <time>2024-11-26T21:03:38Z</time>
      </trkpt>
      <trkpt lat="-22.854928085580468" lon="15.032425252720714">
        <ele>359.60000000000002</ele>
        <time>2024-11-26T21:03:57Z</time>
      </trkpt>
      <trkpt lat="-22.854903945699334" lon="15.032360879704356">
        <ele>359.39999999999998</ele>
        <time>2024-11-26T21:04:15Z</time>
      </trkpt>
      <trkpt lat="-22.854877710342407" lon="15.03229072317481">
        <ele>359.39999999999998</ele>
        <time>2024-11-26T21:04:34Z</time>
      </trkpt>
      <trkpt lat="-22.854849547147751" lon="15.032208999618888">
        <ele>359.60000000000002</ele>
        <time>2024-11-26T21:04:53Z</time>
      </trkpt>
      <trkpt lat="-22.8547796420753" lon="15.032028537243605">
        <ele>359.80000000000001</ele>
        <time>2024-11-26T21:05:12Z</time>
      </trkpt>
      <trkpt lat="-22.854589875787497" lon="15.031531238928437">
        <ele>359.60000000000002</ele>
        <time>2024-11-26T21:05:31Z</time>
      </trkpt>
      <trkpt lat="-22.854556012898684" lon="15.031438199803233">
        <ele>359.39999999999998</ele>
        <time>2024-11-26T21:05:50Z</time>
      </trkpt>
      <trkpt lat="-22.854517372325063" lon="15.031347507610917">
        <ele>359.39999999999998</ele>
        <time>2024-11-26T21:06:08Z</time>
      </trkpt>
      <trkpt lat="-22.854374628514051" lon="15.03095917403698">
        <ele>359.39999999999998</ele>
        <time>2024-11-26T21:06:27Z</time>
      </trkpt>
      <trkpt lat="-22.854247055947781" lon="15.030556339770555">
        <ele>359.39999999999998</ele>
        <time>2024-11-26T21:06:46Z</time>
      </trkpt>
      <trkpt lat="-22.854217886924744" lon="15.030459864065051">
        <ele>359.19999999999999</ele>
        <time>2024-11-26T21:07:05Z</time>
      </trkpt>
      <trkpt lat="-22.854187712073326" lon="15.030363220721483">
        <ele>358.80000000000001</ele>
        <time>2024-11-26T21:07:24Z</time>
      </trkpt>
      <trkpt lat="-22.854156028479338" lon="15.030257692560554">
        <ele>358.80000000000001</ele>
        <time>2024-11-26T21:07:43Z</time>
      </trkpt>
      <trkpt lat="-22.854014709591866" lon="15.029856618493795">
        <ele>358.80000000000001</ele>
        <time>2024-11-26T21:08:01Z</time>
      </trkpt>
      <trkpt lat="-22.853979505598545" lon="15.029763244092464">
        <ele>358.80000000000001</ele>
        <time>2024-11-26T21:08:20Z</time>
      </trkpt>
      <trkpt lat="-22.853944301605225" lon="15.029672970995307">
        <ele>358.60000000000002</ele>
        <time>2024-11-26T21:08:39Z</time>
      </trkpt>
      <trkpt lat="-22.853911276906729" lon="15.02958563156426">
        <ele>358.60000000000002</ele>
        <time>2024-11-26T21:08:58Z</time>
      </trkpt>
      <trkpt lat="-22.853884287178516" lon="15.029498124495149">
        <ele>358.60000000000002</ele>
        <time>2024-11-26T21:09:17Z</time>
      </trkpt>
      <trkpt lat="-22.853859812021255" lon="15.029414808377624">
        <ele>358.39999999999998</ele>
        <time>2024-11-26T21:09:36Z</time>
      </trkpt>
      <trkpt lat="-22.853835420683026" lon="15.029339706525207">
        <ele>358.19999999999999</ele>
        <time>2024-11-26T21:09:55Z</time>
      </trkpt>
      <trkpt lat="-22.853811616078019" lon="15.02927047200501">
        <ele>358</ele>
        <time>2024-11-26T21:10:13Z</time>
      </trkpt>
      <trkpt lat="-22.853788062930107" lon="15.029200064018369">
        <ele>358</ele>
        <time>2024-11-26T21:10:32Z</time>
      </trkpt>
      <trkpt lat="-22.853764342144132" lon="15.02912973985076">
        <ele>357.80000000000001</ele>
        <time>2024-11-26T21:10:51Z</time>
      </trkpt>
      <trkpt lat="-22.853738022968173" lon="15.029057320207357">
        <ele>357.80000000000001</ele>
        <time>2024-11-26T21:11:10Z</time>
      </trkpt>
      <trkpt lat="-22.853653030470014" lon="15.028829667717218">
        <ele>357.80000000000001</ele>
        <time>2024-11-26T21:11:29Z</time>
      </trkpt>
      <trkpt lat="-22.853598967194557" lon="15.028688851743937">
        <ele>357.39999999999998</ele>
        <time>2024-11-26T21:11:48Z</time>
      </trkpt>
      <trkpt lat="-22.853574408218265" lon="15.028616180643439">
        <ele>357.39999999999998</ele>
        <time>2024-11-26T21:12:07Z</time>
      </trkpt>
      <trkpt lat="-22.853545742109418" lon="15.028548957780004">
        <ele>357.39999999999998</ele>
        <time>2024-11-26T21:12:25Z</time>
      </trkpt>
      <trkpt lat="-22.853521853685379" lon="15.028481902554631">
        <ele>357.19999999999999</ele>
        <time>2024-11-26T21:12:44Z</time>
      </trkpt>
      <trkpt lat="-22.85350039601326" lon="15.028414763510227">
        <ele>357.19999999999999</ele>
        <time>2024-11-26T21:13:03Z</time>
      </trkpt>
      <trkpt lat="-22.853481620550156" lon="15.028346534818411">
        <ele>357.19999999999999</ele>
        <time>2024-11-26T21:13:22Z</time>
      </trkpt>
      <trkpt lat="-22.853417750447989" lon="15.028150314465165">
        <ele>357.19999999999999</ele>
        <time>2024-11-26T21:13:41Z</time>
      </trkpt>
      <trkpt lat="-22.853336278349161" lon="15.027935989201069">
        <ele>357.19999999999999</ele>
        <time>2024-11-26T21:14:00Z</time>
      </trkpt>
      <trkpt lat="-22.85325413569808" lon="15.027691991999745">
        <ele>357.19999999999999</ele>
        <time>2024-11-26T21:14:19Z</time>
      </trkpt>
      <trkpt lat="-22.853204933926463" lon="15.02754220739007">
        <ele>357</ele>
        <time>2024-11-26T21:14:37Z</time>
      </trkpt>
      <trkpt lat="-22.853181464597583" lon="15.027468027547002">
        <ele>357</ele>
        <time>2024-11-26T21:14:56Z</time>
      </trkpt>
      <trkpt lat="-22.853157492354512" lon="15.027388818562031">
        <ele>356.80000000000001</ele>
        <time>2024-11-26T21:15:15Z</time>
      </trkpt>
      <trkpt lat="-22.853067805990577" lon="15.027119340375066">
        <ele>356.80000000000001</ele>
        <time>2024-11-26T21:15:34Z</time>
      </trkpt>
      <trkpt lat="-22.852889858186245" lon="15.02662505954504">
        <ele>356.80000000000001</ele>
        <time>2024-11-26T21:15:53Z</time>
      </trkpt>
      <trkpt lat="-22.852862030267715" lon="15.026545431464911">
        <ele>356.80000000000001</ele>
        <time>2024-11-26T21:16:12Z</time>
      </trkpt>
      <trkpt lat="-22.852836800739169" lon="15.026475107297301">
        <ele>356.39999999999998</ele>
        <time>2024-11-26T21:16:31Z</time>
      </trkpt>
      <trkpt lat="-22.852811738848686" lon="15.026403777301311">
        <ele>356.39999999999998</ele>
        <time>2024-11-26T21:16:50Z</time>
      </trkpt>
      <trkpt lat="-22.852784162387252" lon="15.026330435648561">
        <ele>356.39999999999998</ele>
        <time>2024-11-26T21:17:08Z</time>
      </trkpt>
      <trkpt lat="-22.852730853483081" lon="15.026180986315012">
        <ele>356.19999999999999</ele>
        <time>2024-11-26T21:17:27Z</time>
      </trkpt>
      <trkpt lat="-22.852577464655042" lon="15.025739846751094">
        <ele>356.80000000000001</ele>
        <time>2024-11-26T21:17:46Z</time>
      </trkpt>
      <trkpt lat="-22.852358696982265" lon="15.025106342509389">
        <ele>356.80000000000001</ele>
        <time>2024-11-26T21:18:05Z</time>
      </trkpt>
      <trkpt lat="-22.852281248196959" lon="15.02489386126399">
        <ele>356.80000000000001</ele>
        <time>2024-11-26T21:18:24Z</time>
      </trkpt>
      <trkpt lat="-22.852240344509482" lon="15.024790596216917">
        <ele>356.60000000000002</ele>
        <time>2024-11-26T21:18:43Z</time>
      </trkpt>
      <trkpt lat="-22.852199105545878" lon="15.024686995893717">
        <ele>356.60000000000002</ele>
        <time>2024-11-26T21:19:02Z</time>
      </trkpt>
      <trkpt lat="-22.852161386981606" lon="15.024586664512753">
        <ele>356.39999999999998</ele>
        <time>2024-11-26T21:19:21Z</time>
      </trkpt>
      <trkpt lat="-22.852125512436032" lon="15.024483231827617">
        <ele>356.39999999999998</ele>
        <time>2024-11-26T21:19:39Z</time>
      </trkpt>
      <trkpt lat="-22.85209022462368" lon="15.024377619847655">
        <ele>356.39999999999998</ele>
        <time>2024-11-26T21:19:58Z</time>
      </trkpt>
      <trkpt lat="-22.851981511339545" lon="15.024073524400592">
        <ele>356.19999999999999</ele>
        <time>2024-11-26T21:20:17Z</time>
      </trkpt>
      <trkpt lat="-22.851943541318178" lon="15.023977635428309">
        <ele>356.19999999999999</ele>
        <time>2024-11-26T21:20:36Z</time>
      </trkpt>
      <trkpt lat="-22.851908002048731" lon="15.023886021226645">
        <ele>356.19999999999999</ele>
        <time>2024-11-26T21:20:55Z</time>
      </trkpt>
      <trkpt lat="-22.851873720064759" lon="15.023798933252692">
        <ele>356</ele>
        <time>2024-11-26T21:21:14Z</time>
      </trkpt>
      <trkpt lat="-22.851842539384961" lon="15.023712934926152">
        <ele>356</ele>
        <time>2024-11-26T21:21:33Z</time>
      </trkpt>
      <trkpt lat="-22.851814543828368" lon="15.023625763133168">
        <ele>356</ele>
        <time>2024-11-26T21:21:52Z</time>
      </trkpt>
      <trkpt lat="-22.851783698424697" lon="15.023529622703791">
        <ele>356</ele>
        <time>2024-11-26T21:22:11Z</time>
      </trkpt>
      <trkpt lat="-22.851686300709844" lon="15.02322711981833">
        <ele>356.19999999999999</ele>
        <time>2024-11-26T21:22:30Z</time>
      </trkpt>
      <trkpt lat="-22.851580772548914" lon="15.022921934723854">
        <ele>356</ele>
        <time>2024-11-26T21:22:48Z</time>
      </trkpt>
      <trkpt lat="-22.851547747850418" lon="15.022828644141555">
        <ele>355.60000000000002</ele>
        <time>2024-11-26T21:23:07Z</time>
      </trkpt>
      <trkpt lat="-22.851515226066113" lon="15.022731749340892">
        <ele>355.60000000000002</ele>
        <time>2024-11-26T21:23:26Z</time>
      </trkpt>
      <trkpt lat="-22.851367872208357" lon="15.022313324734569">
        <ele>355.39999999999998</ele>
        <time>2024-11-26T21:23:45Z</time>
      </trkpt>
      <trkpt lat="-22.851334931328893" lon="15.022225985303521">
        <ele>355.39999999999998</ele>
        <time>2024-11-26T21:24:04Z</time>
      </trkpt>
      <trkpt lat="-22.851312886923552" lon="15.022167982533574">
        <ele>355.39999999999998</ele>
        <time>2024-11-26T21:24:23Z</time>
      </trkpt>
      <trkpt lat="-22.851299056783319" lon="15.022126156836748">
        <ele>355.19999999999999</ele>
        <time>2024-11-26T21:24:42Z</time>
      </trkpt>
      <trkpt lat="-22.851287154480815" lon="15.022093215957284">
        <ele>355</ele>
        <time>2024-11-26T21:25:01Z</time>
      </trkpt>
      <trkpt lat="-22.851269971579313" lon="15.022046277299523">
        <ele>354.80000000000001</ele>
        <time>2024-11-26T21:25:20Z</time>
      </trkpt>
      <trkpt lat="-22.85125220194459" lon="15.021994477137923">
        <ele>354.80000000000001</ele>
        <time>2024-11-26T21:25:39Z</time>
      </trkpt>
      <trkpt lat="-22.851236443966627" lon="15.021939910948277">
        <ele>354.80000000000001</ele>
        <time>2024-11-26T21:25:57Z</time>
      </trkpt>
      <trkpt lat="-22.851208364591002" lon="15.021846871823072">
        <ele>355</ele>
        <time>2024-11-26T21:26:16Z</time>
      </trkpt>
      <trkpt lat="-22.851189840584993" lon="15.021802866831422">
        <ele>355</ele>
        <time>2024-11-26T21:26:35Z</time>
      </trkpt>
      <trkpt lat="-22.851142734289169" lon="15.021693985909224">
        <ele>355</ele>
        <time>2024-11-26T21:26:54Z</time>
      </trkpt>
      <trkpt lat="-22.85100887529552" lon="15.021324176341295">
        <ele>355.39999999999998</ele>
        <time>2024-11-26T21:27:13Z</time>
      </trkpt>
      <trkpt lat="-22.850902089849114" lon="15.021018655970693">
        <ele>355.39999999999998</ele>
        <time>2024-11-26T21:27:32Z</time>
      </trkpt>
      <trkpt lat="-22.850877111777663" lon="15.020954450592399">
        <ele>355.19999999999999</ele>
        <time>2024-11-26T21:27:51Z</time>
      </trkpt>
      <trkpt lat="-22.850856743752956" lon="15.020901644602418">
        <ele>355.19999999999999</ele>
        <time>2024-11-26T21:28:10Z</time>
      </trkpt>
      <trkpt lat="-22.850837800651789" lon="15.020853029564023">
        <ele>354.80000000000001</ele>
        <time>2024-11-26T21:28:29Z</time>
      </trkpt>
      <trkpt lat="-22.85082078538835" lon="15.020808186382055">
        <ele>354.80000000000001</ele>
        <time>2024-11-26T21:28:48Z</time>
      </trkpt>
      <trkpt lat="-22.850804943591356" lon="15.02076392993331">
        <ele>354.80000000000001</ele>
        <time>2024-11-26T21:29:07Z</time>
      </trkpt>
      <trkpt lat="-22.850790275260806" lon="15.0207195058465">
        <ele>354.80000000000001</ele>
        <time>2024-11-26T21:29:25Z</time>
      </trkpt>
      <trkpt lat="-22.850774684920907" lon="15.020672651007771">
        <ele>354.80000000000001</ele>
        <time>2024-11-26T21:29:44Z</time>
      </trkpt>
      <trkpt lat="-22.850757166743279" lon="15.020617917180061">
        <ele>354.80000000000001</ele>
        <time>2024-11-26T21:30:03Z</time>
      </trkpt>
      <trkpt lat="-22.850658847019076" lon="15.020322455093265">
        <ele>355.19999999999999</ele>
        <time>2024-11-26T21:30:22Z</time>
      </trkpt>
      <trkpt lat="-22.850508308038116" lon="15.01987955532968">
        <ele>355.60000000000002</ele>
        <time>2024-11-26T21:30:41Z</time>
      </trkpt>
      <trkpt lat="-22.850474026054144" lon="15.019799591973424">
        <ele>355.60000000000002</ele>
        <time>2024-11-26T21:31:00Z</time>
      </trkpt>
      <trkpt lat="-22.850440833717585" lon="15.019717197865248">
        <ele>355.39999999999998</ele>
        <time>2024-11-26T21:31:19Z</time>
      </trkpt>
      <trkpt lat="-22.850412167608738" lon="15.019639832898974">
        <ele>355.39999999999998</ele>
        <time>2024-11-26T21:31:38Z</time>
      </trkpt>
      <trkpt lat="-22.850388865917921" lon="15.019567748531699">
        <ele>355.39999999999998</ele>
        <time>2024-11-26T21:31:57Z</time>
      </trkpt>
      <trkpt lat="-22.850368414074183" lon="15.019500525668263">
        <ele>355.19999999999999</ele>
        <time>2024-11-26T21:32:16Z</time>
      </trkpt>
      <trkpt lat="-22.850348800420761" lon="15.019433805719018">
        <ele>355.19999999999999</ele>
        <time>2024-11-26T21:32:35Z</time>
      </trkpt>
      <trkpt lat="-22.850328935310245" lon="15.01936792396009">
        <ele>355.19999999999999</ele>
        <time>2024-11-26T21:32:54Z</time>
      </trkpt>
      <trkpt lat="-22.850302364677191" lon="15.01929709687829">
        <ele>355.19999999999999</ele>
        <time>2024-11-26T21:33:12Z</time>
      </trkpt>
      <trkpt lat="-22.850216533988714" lon="15.019066091626883">
        <ele>355.39999999999998</ele>
        <time>2024-11-26T21:33:31Z</time>
      </trkpt>
      <trkpt lat="-22.850073035806417" lon="15.018661497160792">
        <ele>356</ele>
        <time>2024-11-26T21:33:50Z</time>
      </trkpt>
      <trkpt lat="-22.849883269518614" lon="15.018113907426596">
        <ele>356</ele>
        <time>2024-11-26T21:34:09Z</time>
      </trkpt>
      <trkpt lat="-22.849849071353674" lon="15.018016677349806">
        <ele>355.80000000000001</ele>
        <time>2024-11-26T21:34:28Z</time>
      </trkpt>
      <trkpt lat="-22.849818477407098" lon="15.017928080633283">
        <ele>355.80000000000001</ele>
        <time>2024-11-26T21:34:47Z</time>
      </trkpt>
      <trkpt lat="-22.849789727479219" lon="15.017846273258328">
        <ele>355.80000000000001</ele>
        <time>2024-11-26T21:35:06Z</time>
      </trkpt>
      <trkpt lat="-22.849757289513946" lon="15.017761448398232">
        <ele>355.80000000000001</ele>
        <time>2024-11-26T21:35:25Z</time>
      </trkpt>
      <trkpt lat="-22.849725186824799" lon="15.017670840024948">
        <ele>355.80000000000001</ele>
        <time>2024-11-26T21:35:44Z</time>
      </trkpt>
      <trkpt lat="-22.849693084135652" lon="15.017580650746822">
        <ele>356</ele>
        <time>2024-11-26T21:36:03Z</time>
      </trkpt>
      <trkpt lat="-22.849626364186406" lon="15.017388788983226">
        <ele>356.39999999999998</ele>
        <time>2024-11-26T21:36:22Z</time>
      </trkpt>
      <trkpt lat="-22.849504491314292" lon="15.016993246972561">
        <ele>356.60000000000002</ele>
        <time>2024-11-26T21:36:41Z</time>
      </trkpt>
      <trkpt lat="-22.849473645910621" lon="15.01689987257123">
        <ele>356.60000000000002</ele>
        <time>2024-11-26T21:37:00Z</time>
      </trkpt>
      <trkpt lat="-22.849448248744011" lon="15.016821250319481">
        <ele>356.60000000000002</ele>
        <time>2024-11-26T21:37:19Z</time>
      </trkpt>
      <trkpt lat="-22.849426120519638" lon="15.016759559512138">
        <ele>356.39999999999998</ele>
        <time>2024-11-26T21:37:37Z</time>
      </trkpt>
      <trkpt lat="-22.849408937618136" lon="15.016716560348868">
        <ele>356.19999999999999</ele>
        <time>2024-11-26T21:37:56Z</time>
      </trkpt>
      <trkpt lat="-22.849395526573062" lon="15.016675740480423">
        <ele>356.19999999999999</ele>
        <time>2024-11-26T21:38:15Z</time>
      </trkpt>
      <trkpt lat="-22.849381947889924" lon="15.016637854278088">
        <ele>356.19999999999999</ele>
        <time>2024-11-26T21:38:34Z</time>
      </trkpt>
      <trkpt lat="-22.849368117749691" lon="15.016603320837021">
        <ele>356.19999999999999</ele>
        <time>2024-11-26T21:38:53Z</time>
      </trkpt>
      <trkpt lat="-22.849352611228824" lon="15.016562584787607">
        <ele>356.19999999999999</ele>
        <time>2024-11-26T21:39:12Z</time>
      </trkpt>
      <trkpt lat="-22.849331237375736" lon="15.016511706635356">
        <ele>356.39999999999998</ele>
        <time>2024-11-26T21:39:31Z</time>
      </trkpt>
      <trkpt lat="-22.849237695336342" lon="15.016248011961579">
        <ele>356.80000000000001</ele>
        <time>2024-11-26T21:39:50Z</time>
      </trkpt>
      <trkpt lat="-22.849206766113639" lon="15.016153631731868">
        <ele>356.80000000000001</ele>
        <time>2024-11-26T21:40:09Z</time>
      </trkpt>
      <trkpt lat="-22.84919117577374" lon="15.01611758954823">
        <ele>356.80000000000001</ele>
        <time>2024-11-26T21:40:28Z</time>
      </trkpt>
      <trkpt lat="-22.849174495786428" lon="15.016080122441053">
        <ele>356.80000000000001</ele>
        <time>2024-11-26T21:40:47Z</time>
      </trkpt>
      <trkpt lat="-22.849156893789768" lon="15.016034608706832">
        <ele>356.80000000000001</ele>
        <time>2024-11-26T21:41:06Z</time>
      </trkpt>
      <trkpt lat="-22.849095370620489" lon="15.015864791348577">
        <ele>356.80000000000001</ele>
        <time>2024-11-26T21:41:25Z</time>
      </trkpt>
      <trkpt lat="-22.849039379507303" lon="15.015694219619036">
        <ele>356.80000000000001</ele>
        <time>2024-11-26T21:41:44Z</time>
      </trkpt>
      <trkpt lat="-22.848922787234187" lon="15.0153748691082">
        <ele>357</ele>
        <time>2024-11-26T21:42:03Z</time>
      </trkpt>
      <trkpt lat="-22.84888431429863" lon="15.015253582969308">
        <ele>357.19999999999999</ele>
        <time>2024-11-26T21:42:22Z</time>
      </trkpt>
      <trkpt lat="-22.848866125568748" lon="15.015198262408376">
        <ele>357.19999999999999</ele>
        <time>2024-11-26T21:42:41Z</time>
      </trkpt>
      <trkpt lat="-22.848846344277263" lon="15.01513984054327">
        <ele>357.19999999999999</ele>
        <time>2024-11-26T21:43:00Z</time>
      </trkpt>
      <trkpt lat="-22.848780127242208" lon="15.014930041506886">
        <ele>357.39999999999998</ele>
        <time>2024-11-26T21:43:18Z</time>
      </trkpt>
      <trkpt lat="-22.848751544952393" lon="15.014851503074169">
        <ele>357.80000000000001</ele>
        <time>2024-11-26T21:43:37Z</time>
      </trkpt>
      <trkpt lat="-22.848639311268926" lon="15.014548078179359">
        <ele>357.80000000000001</ele>
        <time>2024-11-26T21:43:56Z</time>
      </trkpt>
      <trkpt lat="-22.848613495007157" lon="15.014478508383036">
        <ele>357.80000000000001</ele>
        <time>2024-11-26T21:44:15Z</time>
      </trkpt>
      <trkpt lat="-22.848587930202484" lon="15.014408268034458">
        <ele>357.80000000000001</ele>
        <time>2024-11-26T21:44:34Z</time>
      </trkpt>
      <trkpt lat="-22.848561275750399" lon="15.014337608590722">
        <ele>358</ele>
        <time>2024-11-26T21:44:53Z</time>
      </trkpt>
      <trkpt lat="-22.84853545948863" lon="15.014268206432462">
        <ele>357.80000000000001</ele>
        <time>2024-11-26T21:45:12Z</time>
      </trkpt>
      <trkpt lat="-22.848507463932037" lon="15.014201821759343">
        <ele>358</ele>
        <time>2024-11-26T21:45:31Z</time>
      </trkpt>
      <trkpt lat="-22.848479636013508" lon="15.014139376580715">
        <ele>358</ele>
        <time>2024-11-26T21:45:50Z</time>
      </trkpt>
      <trkpt lat="-22.848452813923359" lon="15.014076931402087">
        <ele>358</ele>
        <time>2024-11-26T21:46:09Z</time>
      </trkpt>
      <trkpt lat="-22.848426662385464" lon="15.014008870348334">
        <ele>358</ele>
        <time>2024-11-26T21:46:28Z</time>
      </trkpt>
      <trkpt lat="-22.848404534161091" lon="15.01393879763782">
        <ele>358</ele>
        <time>2024-11-26T21:46:47Z</time>
      </trkpt>
      <trkpt lat="-22.848357763141394" lon="15.013814410194755">
        <ele>357.80000000000001</ele>
        <time>2024-11-26T21:47:06Z</time>
      </trkpt>
      <trkpt lat="-22.848338065668941" lon="15.013753725215793">
        <ele>357.80000000000001</ele>
        <time>2024-11-26T21:47:25Z</time>
      </trkpt>
      <trkpt lat="-22.848319793120027" lon="15.01369203440845">
        <ele>357.80000000000001</ele>
        <time>2024-11-26T21:47:44Z</time>
      </trkpt>
      <trkpt lat="-22.848299006000161" lon="15.013629924505949">
        <ele>357.80000000000001</ele>
        <time>2024-11-26T21:48:03Z</time>
      </trkpt>
      <trkpt lat="-22.848274614661932" lon="15.013565383851528">
        <ele>357.80000000000001</ele>
        <time>2024-11-26T21:48:22Z</time>
      </trkpt>
      <trkpt lat="-22.848099935799837" lon="15.013047801330686">
        <ele>358.19999999999999</ele>
        <time>2024-11-26T21:48:41Z</time>
      </trkpt>
      <trkpt lat="-22.847907487303019" lon="15.012506581842899">
        <ele>358.80000000000001</ele>
        <time>2024-11-26T21:49:00Z</time>
      </trkpt>
      <trkpt lat="-22.847874630242586" lon="15.012426786124706">
        <ele>358.80000000000001</ele>
        <time>2024-11-26T21:49:19Z</time>
      </trkpt>
      <trkpt lat="-22.847845461219549" lon="15.012342715635896">
        <ele>359</ele>
        <time>2024-11-26T21:49:38Z</time>
      </trkpt>
      <trkpt lat="-22.847816795110703" lon="15.012256801128387">
        <ele>359</ele>
        <time>2024-11-26T21:49:57Z</time>
      </trkpt>
      <trkpt lat="-22.847755020484328" lon="15.012089582160115">
        <ele>358.80000000000001</ele>
        <time>2024-11-26T21:50:16Z</time>
      </trkpt>
      <trkpt lat="-22.847725851461291" lon="15.012013642117381">
        <ele>358.80000000000001</ele>
        <time>2024-11-26T21:50:35Z</time>
      </trkpt>
      <trkpt lat="-22.847699113190174" lon="15.011937702074647">
        <ele>358.80000000000001</ele>
        <time>2024-11-26T21:50:54Z</time>
      </trkpt>
      <trkpt lat="-22.847671620547771" lon="15.011858493089676">
        <ele>359</ele>
        <time>2024-11-26T21:51:12Z</time>
      </trkpt>
      <trkpt lat="-22.847522422671318" lon="15.011424226686358">
        <ele>359.39999999999998</ele>
        <time>2024-11-26T21:51:31Z</time>
      </trkpt>
      <trkpt lat="-22.847315976396203" lon="15.01085015013814">
        <ele>359.80000000000001</ele>
        <time>2024-11-26T21:51:50Z</time>
      </trkpt>
      <trkpt lat="-22.847281442955136" lon="15.010754512622952">
        <ele>359.80000000000001</ele>
        <time>2024-11-26T21:52:09Z</time>
      </trkpt>
      <trkpt lat="-22.847209526225924" lon="15.010571787133813">
        <ele>360</ele>
        <time>2024-11-26T21:52:28Z</time>
      </trkpt>
      <trkpt lat="-22.847176752984524" lon="15.010479418560863">
        <ele>360</ele>
        <time>2024-11-26T21:52:47Z</time>
      </trkpt>
      <trkpt lat="-22.847145488485694" lon="15.010386295616627">
        <ele>360</ele>
        <time>2024-11-26T21:53:06Z</time>
      </trkpt>
      <trkpt lat="-22.847114894539118" lon="15.010294681414962">
        <ele>360</ele>
        <time>2024-11-26T21:53:25Z</time>
      </trkpt>
      <trkpt lat="-22.847087569534779" lon="15.01020759344101">
        <ele>360</ele>
        <time>2024-11-26T21:53:44Z</time>
      </trkpt>
      <trkpt lat="-22.847060579806566" lon="15.010122936218977">
        <ele>360</ele>
        <time>2024-11-26T21:54:03Z</time>
      </trkpt>
      <trkpt lat="-22.847034344449639" lon="15.010038949549198">
        <ele>360</ele>
        <time>2024-11-26T21:54:22Z</time>
      </trkpt>
      <trkpt lat="-22.847007606178522" lon="15.009957393631339">
        <ele>360</ele>
        <time>2024-11-26T21:54:41Z</time>
      </trkpt>
      <trkpt lat="-22.84697818569839" lon="15.009873658418655">
        <ele>360</ele>
        <time>2024-11-26T21:55:00Z</time>
      </trkpt>
      <trkpt lat="-22.846888666972518" lon="15.009622368961573">
        <ele>360.19999999999999</ele>
        <time>2024-11-26T21:55:19Z</time>
      </trkpt>
      <trkpt lat="-22.846860671415925" lon="15.009539891034365">
        <ele>360.19999999999999</ele>
        <time>2024-11-26T21:55:38Z</time>
      </trkpt>
      <trkpt lat="-22.846667720004916" lon="15.00901635736227">
        <ele>360.39999999999998</ele>
        <time>2024-11-26T21:55:57Z</time>
      </trkpt>
      <trkpt lat="-22.846637461334467" lon="15.008929688483477">
        <ele>360.39999999999998</ele>
        <time>2024-11-26T21:56:16Z</time>
      </trkpt>
      <trkpt lat="-22.846607621759176" lon="15.0088404212147">
        <ele>360.39999999999998</ele>
        <time>2024-11-26T21:56:35Z</time>
      </trkpt>
      <trkpt lat="-22.846424225717783" lon="15.008311523124576">
        <ele>360.60000000000002</ele>
        <time>2024-11-26T21:56:54Z</time>
      </trkpt>
      <trkpt lat="-22.846394302323461" lon="15.008219992741942">
        <ele>360.60000000000002</ele>
        <time>2024-11-26T21:57:13Z</time>
      </trkpt>
      <trkpt lat="-22.846332024782896" lon="15.008040955290198">
        <ele>360.60000000000002</ele>
        <time>2024-11-26T21:57:32Z</time>
      </trkpt>
      <trkpt lat="-22.846301179379225" lon="15.007955878973007">
        <ele>360.60000000000002</ele>
        <time>2024-11-26T21:57:51Z</time>
      </trkpt>
      <trkpt lat="-22.846272932365537" lon="15.007874825969338">
        <ele>360.60000000000002</ele>
        <time>2024-11-26T21:58:10Z</time>
      </trkpt>
      <trkpt lat="-22.846250887960196" lon="15.007810117676854">
        <ele>360.60000000000002</ele>
        <time>2024-11-26T21:58:29Z</time>
      </trkpt>
      <trkpt lat="-22.846232196316123" lon="15.00775370746851">
        <ele>360.39999999999998</ele>
        <time>2024-11-26T21:58:48Z</time>
      </trkpt>
      <trkpt lat="-22.846212079748511" lon="15.007698219269514">
        <ele>360.39999999999998</ele>
        <time>2024-11-26T21:59:07Z</time>
      </trkpt>
      <trkpt lat="-22.846191376447678" lon="15.007640887051821">
        <ele>360.39999999999998</ele>
        <time>2024-11-26T21:59:26Z</time>
      </trkpt>
      <trkpt lat="-22.846114514395595" lon="15.007440559566021">
        <ele>360.80000000000001</ele>
        <time>2024-11-26T21:59:45Z</time>
      </trkpt>
      <trkpt lat="-22.845943691208959" lon="15.006952565163374">
        <ele>361.80000000000001</ele>
        <time>2024-11-26T22:00:04Z</time>
      </trkpt>
      <trkpt lat="-22.845881413668394" lon="15.006770258769393">
        <ele>362</ele>
        <time>2024-11-26T22:00:23Z</time>
      </trkpt>
      <trkpt lat="-22.845783345401287" lon="15.006474629044533">
        <ele>362.19999999999999</ele>
        <time>2024-11-26T22:00:42Z</time>
      </trkpt>
      <trkpt lat="-22.845747554674745" lon="15.006379326805472">
        <ele>362</ele>
        <time>2024-11-26T22:01:01Z</time>
      </trkpt>
      <trkpt lat="-22.845712434500456" lon="15.006284108385444">
        <ele>362</ele>
        <time>2024-11-26T22:01:20Z</time>
      </trkpt>
      <trkpt lat="-22.845679745078087" lon="15.006189728155732">
        <ele>362</ele>
        <time>2024-11-26T22:01:39Z</time>
      </trkpt>
      <trkpt lat="-22.845646720379591" lon="15.006092414259911">
        <ele>361.80000000000001</ele>
        <time>2024-11-26T22:01:58Z</time>
      </trkpt>
      <trkpt lat="-22.845581090077758" lon="15.005905497819185">
        <ele>361.80000000000001</ele>
        <time>2024-11-26T22:02:17Z</time>
      </trkpt>
      <trkpt lat="-22.845548987388611" lon="15.005820924416184">
        <ele>361.80000000000001</ele>
        <time>2024-11-26T22:02:36Z</time>
      </trkpt>
      <trkpt lat="-22.845522165298462" lon="15.005746996030211">
        <ele>361.80000000000001</ele>
        <time>2024-11-26T22:02:55Z</time>
      </trkpt>
      <trkpt lat="-22.845497773960233" lon="15.005677342414856">
        <ele>361.80000000000001</ele>
        <time>2024-11-26T22:03:14Z</time>
      </trkpt>
      <trkpt lat="-22.845474807545543" lon="15.00560668297112">
        <ele>361.80000000000001</ele>
        <time>2024-11-26T22:03:33Z</time>
      </trkpt>
      <trkpt lat="-22.845450416207314" lon="15.005534347146749">
        <ele>361.80000000000001</ele>
        <time>2024-11-26T22:03:52Z</time>
      </trkpt>
      <trkpt lat="-22.845343882218003" lon="15.005231592804193">
        <ele>361.80000000000001</ele>
        <time>2024-11-26T22:04:11Z</time>
      </trkpt>
      <trkpt lat="-22.845119582489133" lon="15.004613343626261">
        <ele>362.39999999999998</ele>
        <time>2024-11-26T22:04:30Z</time>
      </trkpt>
      <trkpt lat="-22.844996117055416" lon="15.004253508523107">
        <ele>362.39999999999998</ele>
        <time>2024-11-26T22:04:49Z</time>
      </trkpt>
      <trkpt lat="-22.844965858384967" lon="15.004169270396233">
        <ele>362.19999999999999</ele>
        <time>2024-11-26T22:05:08Z</time>
      </trkpt>
      <trkpt lat="-22.844935683533549" lon="15.004084780812263">
        <ele>362.19999999999999</ele>
        <time>2024-11-26T22:05:27Z</time>
      </trkpt>
      <trkpt lat="-22.844872232526541" lon="15.003903480246663">
        <ele>362.19999999999999</ele>
        <time>2024-11-26T22:05:46Z</time>
      </trkpt>
      <trkpt lat="-22.844783132895827" lon="15.003639366477728">
        <ele>362.39999999999998</ele>
        <time>2024-11-26T22:06:05Z</time>
      </trkpt>
      <trkpt lat="-22.844754634425044" lon="15.00355739146471">
        <ele>362.39999999999998</ele>
        <time>2024-11-26T22:06:25Z</time>
      </trkpt>
      <trkpt lat="-22.844726555049419" lon="15.00348312780261">
        <ele>362.39999999999998</ele>
        <time>2024-11-26T22:06:44Z</time>
      </trkpt>
      <trkpt lat="-22.844696883112192" lon="15.003408612683415">
        <ele>362.19999999999999</ele>
        <time>2024-11-26T22:07:03Z</time>
      </trkpt>
      <trkpt lat="-22.844667043536901" lon="15.003335354849696">
        <ele>362.19999999999999</ele>
        <time>2024-11-26T22:07:22Z</time>
      </trkpt>
      <trkpt lat="-22.844640724360943" lon="15.003262432292104">
        <ele>362</ele>
        <time>2024-11-26T22:07:41Z</time>
      </trkpt>
      <trkpt lat="-22.84461373463273" lon="15.003187078982592">
        <ele>362</ele>
        <time>2024-11-26T22:08:00Z</time>
      </trkpt>
      <trkpt lat="-22.844502003863454" lon="15.002876445651054">
        <ele>362</ele>
        <time>2024-11-26T22:08:19Z</time>
      </trkpt>
      <trkpt lat="-22.844473756849766" lon="15.002799667418003">
        <ele>362</ele>
        <time>2024-11-26T22:08:38Z</time>
      </trkpt>
      <trkpt lat="-22.844417514279485" lon="15.002631107345223">
        <ele>362</ele>
        <time>2024-11-26T22:08:57Z</time>
      </trkpt>
      <trkpt lat="-22.844316596165299" lon="15.002344865351915">
        <ele>362.19999999999999</ele>
        <time>2024-11-26T22:09:16Z</time>
      </trkpt>
      <trkpt lat="-22.844125153496861" lon="15.001767938956618">
        <ele>362.39999999999998</ele>
        <time>2024-11-26T22:09:35Z</time>
      </trkpt>
      <trkpt lat="-22.844098499044776" lon="15.0016825273633">
        <ele>362.19999999999999</ele>
        <time>2024-11-26T22:09:54Z</time>
      </trkpt>
      <trkpt lat="-22.844074694439769" lon="15.001606419682503">
        <ele>362</ele>
        <time>2024-11-26T22:10:13Z</time>
      </trkpt>
      <trkpt lat="-22.844054913148284" lon="15.001545650884509">
        <ele>362</ele>
        <time>2024-11-26T22:10:32Z</time>
      </trkpt>
      <trkpt lat="-22.84403714351356" lon="15.001491000875831">
        <ele>362</ele>
        <time>2024-11-26T22:10:51Z</time>
      </trkpt>
      <trkpt lat="-22.844019373878837" lon="15.001440541818738">
        <ele>361.80000000000001</ele>
        <time>2024-11-26T22:11:10Z</time>
      </trkpt>
      <trkpt lat="-22.843998670578003" lon="15.001388238742948">
        <ele>361.80000000000001</ele>
        <time>2024-11-26T22:11:29Z</time>
      </trkpt>
      <trkpt lat="-22.843976290896535" lon="15.001332247629762">
        <ele>362</ele>
        <time>2024-11-26T22:11:48Z</time>
      </trkpt>
      <trkpt lat="-22.843910492956638" lon="15.001094620674849">
        <ele>362.19999999999999</ele>
        <time>2024-11-26T22:12:07Z</time>
      </trkpt>
      <trkpt lat="-22.843892555683851" lon="15.001036617904902">
        <ele>362.19999999999999</ele>
        <time>2024-11-26T22:12:26Z</time>
      </trkpt>
      <trkpt lat="-22.843778226524591" lon="15.000764206051826">
        <ele>362.39999999999998</ele>
        <time>2024-11-26T22:12:45Z</time>
      </trkpt>
      <trkpt lat="-22.84365258179605" lon="15.000403029844165">
        <ele>362.60000000000002</ele>
        <time>2024-11-26T22:13:04Z</time>
      </trkpt>
      <trkpt lat="-22.843613354489207" lon="15.000311248004436">
        <ele>362.80000000000001</ele>
        <time>2024-11-26T22:13:23Z</time>
      </trkpt>
      <trkpt lat="-22.843543784692883" lon="15.000127013772726">
        <ele>363</ele>
        <time>2024-11-26T22:13:42Z</time>
      </trkpt>
      <trkpt lat="-22.843485781922936" lon="14.999929368495941">
        <ele>363.19999999999999</ele>
        <time>2024-11-26T22:14:01Z</time>
      </trkpt>
      <trkpt lat="-22.8433374222368" lon="14.999534329399467">
        <ele>363.19999999999999</ele>
        <time>2024-11-26T22:14:20Z</time>
      </trkpt>
      <trkpt lat="-22.843300709500909" lon="14.999446319416165">
        <ele>363.19999999999999</ele>
        <time>2024-11-26T22:14:40Z</time>
      </trkpt>
      <trkpt lat="-22.843266930431128" lon="14.999361746013165">
        <ele>363.19999999999999</ele>
        <time>2024-11-26T22:14:59Z</time>
      </trkpt>
      <trkpt lat="-22.843238767236471" lon="14.999274322763085">
        <ele>363.19999999999999</ele>
        <time>2024-11-26T22:15:18Z</time>
      </trkpt>
      <trkpt lat="-22.843210101127625" lon="14.999184720218182">
        <ele>363.19999999999999</ele>
        <time>2024-11-26T22:15:37Z</time>
      </trkpt>
      <trkpt lat="-22.843092838302255" lon="14.99881524592638">
        <ele>363.60000000000002</ele>
        <time>2024-11-26T22:15:56Z</time>
      </trkpt>
      <trkpt lat="-22.842895025387406" lon="14.998228261247277">
        <ele>363.60000000000002</ele>
        <time>2024-11-26T22:16:15Z</time>
      </trkpt>
      <trkpt lat="-22.842824785038829" lon="14.99803438782692">
        <ele>363.60000000000002</ele>
        <time>2024-11-26T22:16:34Z</time>
      </trkpt>
      <trkpt lat="-22.842797543853521" lon="14.99795283190906">
        <ele>363.39999999999998</ele>
        <time>2024-11-26T22:16:53Z</time>
      </trkpt>
      <trkpt lat="-22.842767871916294" lon="14.997881501913071">
        <ele>363.19999999999999</ele>
        <time>2024-11-26T22:17:12Z</time>
      </trkpt>
      <trkpt lat="-22.842736775055528" lon="14.997807741165161">
        <ele>363.19999999999999</ele>
        <time>2024-11-26T22:17:31Z</time>
      </trkpt>
      <trkpt lat="-22.842703917995095" lon="14.997730292379856">
        <ele>363.19999999999999</ele>
        <time>2024-11-26T22:17:50Z</time>
      </trkpt>
      <trkpt lat="-22.842677012085915" lon="14.997647227719426">
        <ele>363</ele>
        <time>2024-11-26T22:18:09Z</time>
      </trkpt>
      <trkpt lat="-22.842555893585086" lon="14.997329553589225">
        <ele>363.19999999999999</ele>
        <time>2024-11-26T22:18:28Z</time>
      </trkpt>
      <trkpt lat="-22.842521360144019" lon="14.997250931337476">
        <ele>363.19999999999999</ele>
        <time>2024-11-26T22:18:47Z</time>
      </trkpt>
      <trkpt lat="-22.842438295483589" lon="14.997012801468372">
        <ele>363.39999999999998</ele>
        <time>2024-11-26T22:19:06Z</time>
      </trkpt>
      <trkpt lat="-22.842410383746028" lon="14.996936023235321">
        <ele>363.60000000000002</ele>
        <time>2024-11-26T22:19:26Z</time>
      </trkpt>
      <trkpt lat="-22.842384902760386" lon="14.996851366013288">
        <ele>363.60000000000002</ele>
        <time>2024-11-26T22:19:45Z</time>
      </trkpt>
      <trkpt lat="-22.84233327023685" lon="14.996664114296436">
        <ele>364.19999999999999</ele>
        <time>2024-11-26T22:20:04Z</time>
      </trkpt>
      <trkpt lat="-22.842262946069241" lon="14.996475353837013">
        <ele>364.19999999999999</ele>
        <time>2024-11-26T22:20:23Z</time>
      </trkpt>
      <trkpt lat="-22.842057170346379" lon="14.995915191248059">
        <ele>364.19999999999999</ele>
        <time>2024-11-26T22:20:42Z</time>
      </trkpt>
      <trkpt lat="-22.842028001323342" lon="14.995827516540885">
        <ele>364.19999999999999</ele>
        <time>2024-11-26T22:21:01Z</time>
      </trkpt>
      <trkpt lat="-22.842001933604479" lon="14.99575057066977">
        <ele>364.19999999999999</ele>
        <time>2024-11-26T22:21:20Z</time>
      </trkpt>
      <trkpt lat="-22.841978128999472" lon="14.995679995045066">
        <ele>364</ele>
        <time>2024-11-26T22:21:39Z</time>
      </trkpt>
      <trkpt lat="-22.841955246403813" lon="14.99561034142971">
        <ele>364.19999999999999</ele>
        <time>2024-11-26T22:21:58Z</time>
      </trkpt>
      <trkpt lat="-22.841930855065584" lon="14.995537251234055">
        <ele>364.19999999999999</ele>
        <time>2024-11-26T22:22:17Z</time>
      </trkpt>
      <trkpt lat="-22.841810910031199" lon="14.995214128866792">
        <ele>364</ele>
        <time>2024-11-26T22:22:36Z</time>
      </trkpt>
      <trkpt lat="-22.841784423217177" lon="14.995136596262455">
        <ele>364</ele>
        <time>2024-11-26T22:22:55Z</time>
      </trkpt>
      <trkpt lat="-22.841764474287629" lon="14.995056381449103">
        <ele>363.80000000000001</ele>
        <time>2024-11-26T22:23:14Z</time>
      </trkpt>
      <trkpt lat="-22.841743603348732" lon="14.994976837188005">
        <ele>363.80000000000001</ele>
        <time>2024-11-26T22:23:34Z</time>
      </trkpt>
      <trkpt lat="-22.841722061857581" lon="14.994903579354286">
        <ele>363.60000000000002</ele>
        <time>2024-11-26T22:23:53Z</time>
      </trkpt>
      <trkpt lat="-22.841701107099652" lon="14.994835685938597">
        <ele>363.60000000000002</ele>
        <time>2024-11-26T22:24:12Z</time>
      </trkpt>
      <trkpt lat="-22.841681996360421" lon="14.994767708703876">
        <ele>363.60000000000002</ele>
        <time>2024-11-26T22:24:31Z</time>
      </trkpt>
      <trkpt lat="-22.841661041602492" lon="14.99469805508852">
        <ele>363.60000000000002</ele>
        <time>2024-11-26T22:24:50Z</time>
      </trkpt>
      <trkpt lat="-22.84153338521719" lon="14.994328916072845">
        <ele>363.60000000000002</ele>
        <time>2024-11-26T22:25:09Z</time>
      </trkpt>
      <trkpt lat="-22.841449147090316" lon="14.994016103446484">
        <ele>363.60000000000002</ele>
        <time>2024-11-26T22:25:28Z</time>
      </trkpt>
      <trkpt lat="-22.841419475153089" lon="14.993947958573699">
        <ele>363.39999999999998</ele>
        <time>2024-11-26T22:25:47Z</time>
      </trkpt>
      <trkpt lat="-22.841384271159768" lon="14.99387813732028">
        <ele>363.39999999999998</ele>
        <time>2024-11-26T22:26:06Z</time>
      </trkpt>
      <trkpt lat="-22.841227864846587" lon="14.993494329974055">
        <ele>363.39999999999998</ele>
        <time>2024-11-26T22:26:25Z</time>
      </trkpt>
      <trkpt lat="-22.84110733307898" lon="14.993169950321317">
        <ele>363.39999999999998</ele>
        <time>2024-11-26T22:26:44Z</time>
      </trkpt>
      <trkpt lat="-22.841077074408531" lon="14.993095267564058">
        <ele>363.39999999999998</ele>
        <time>2024-11-26T22:27:04Z</time>
      </trkpt>
      <trkpt lat="-22.84105159342289" lon="14.993016812950373">
        <ele>363.39999999999998</ele>
        <time>2024-11-26T22:27:23Z</time>
      </trkpt>
      <trkpt lat="-22.841029213741422" lon="14.992938274517655">
        <ele>363.39999999999998</ele>
        <time>2024-11-26T22:27:42Z</time>
      </trkpt>
      <trkpt lat="-22.840984957292676" lon="14.992786897346377">
        <ele>363.19999999999999</ele>
        <time>2024-11-26T22:28:01Z</time>
      </trkpt>
      <trkpt lat="-22.84096609801054" lon="14.992729565128684">
        <ele>363.19999999999999</ele>
        <time>2024-11-26T22:28:20Z</time>
      </trkpt>
      <trkpt lat="-22.840947909280658" lon="14.992680866271257">
        <ele>363.39999999999998</ele>
        <time>2024-11-26T22:28:39Z</time>
      </trkpt>
      <trkpt lat="-22.840927373617887" lon="14.992632586508989">
        <ele>363.39999999999998</ele>
        <time>2024-11-26T22:28:58Z</time>
      </trkpt>
      <trkpt lat="-22.840905748307705" lon="14.992572823539376">
        <ele>363.39999999999998</ele>
        <time>2024-11-26T22:29:17Z</time>
      </trkpt>
      <trkpt lat="-22.840837268158793" lon="14.99236629344523">
        <ele>363.60000000000002</ele>
        <time>2024-11-26T22:29:36Z</time>
      </trkpt>
      <trkpt lat="-22.840695027261972" lon="14.991992125287652">
        <ele>363.80000000000001</ele>
        <time>2024-11-26T22:29:55Z</time>
      </trkpt>
      <trkpt lat="-22.840666780248284" lon="14.991923309862614">
        <ele>363.80000000000001</ele>
        <time>2024-11-26T22:30:15Z</time>
      </trkpt>
      <trkpt lat="-22.840637527406216" lon="14.991853907704353">
        <ele>363.80000000000001</ele>
        <time>2024-11-26T22:30:34Z</time>
      </trkpt>
      <trkpt lat="-22.840610118582845" lon="14.991785595193505">
        <ele>363.80000000000001</ele>
        <time>2024-11-26T22:30:53Z</time>
      </trkpt>
      <trkpt lat="-22.840584721416235" lon="14.991715019568801">
        <ele>363.80000000000001</ele>
        <time>2024-11-26T22:31:12Z</time>
      </trkpt>
      <trkpt lat="-22.840561168268323" lon="14.991648215800524">
        <ele>364</ele>
        <time>2024-11-26T22:31:31Z</time>
      </trkpt>
      <trkpt lat="-22.840539962053299" lon="14.991584094241261">
        <ele>364</ele>
        <time>2024-11-26T22:31:50Z</time>
      </trkpt>
      <trkpt lat="-22.840518169105053" lon="14.99152148142457">
        <ele>364</ele>
        <time>2024-11-26T22:32:09Z</time>
      </trkpt>
      <trkpt lat="-22.840495035052299" lon="14.991452917456627">
        <ele>364.19999999999999</ele>
        <time>2024-11-26T22:32:28Z</time>
      </trkpt>
      <trkpt lat="-22.840442899614573" lon="14.99130698852241">
        <ele>364.39999999999998</ele>
        <time>2024-11-26T22:32:47Z</time>
      </trkpt>
      <trkpt lat="-22.840255480259657" lon="14.990752441808581">
        <ele>364.60000000000002</ele>
        <time>2024-11-26T22:33:07Z</time>
      </trkpt>
      <trkpt lat="-22.840090356767178" lon="14.990303087979555">
        <ele>364.60000000000002</ele>
        <time>2024-11-26T22:33:26Z</time>
      </trkpt>
      <trkpt lat="-22.839995725080371" lon="14.990033525973558">
        <ele>364.19999999999999</ele>
        <time>2024-11-26T22:33:45Z</time>
      </trkpt>
      <trkpt lat="-22.839965214952826" lon="14.989943923428655">
        <ele>364.19999999999999</ele>
        <time>2024-11-26T22:34:04Z</time>
      </trkpt>
      <trkpt lat="-22.839936129748821" lon="14.989852476865053">
        <ele>364.19999999999999</ele>
        <time>2024-11-26T22:34:23Z</time>
      </trkpt>
      <trkpt lat="-22.839766144752502" lon="14.989364817738533">
        <ele>364.19999999999999</ele>
        <time>2024-11-26T22:34:42Z</time>
      </trkpt>
      <trkpt lat="-22.839662292972207" lon="14.989075055345893">
        <ele>364.19999999999999</ele>
        <time>2024-11-26T22:35:01Z</time>
      </trkpt>
      <trkpt lat="-22.839631196111441" lon="14.98898059129715">
        <ele>364.19999999999999</ele>
        <time>2024-11-26T22:35:20Z</time>
      </trkpt>
      <trkpt lat="-22.839604709297419" lon="14.988891743123531">
        <ele>364.19999999999999</ele>
        <time>2024-11-26T22:35:40Z</time>
      </trkpt>
      <trkpt lat="-22.839583838358521" lon="14.988824687898159">
        <ele>363.80000000000001</ele>
        <time>2024-11-26T22:35:59Z</time>
      </trkpt>
      <trkpt lat="-22.839565481990576" lon="14.988782946020365">
        <ele>363.80000000000001</ele>
        <time>2024-11-26T22:36:18Z</time>
      </trkpt>
      <trkpt lat="-22.839547377079725" lon="14.988752352073789">
        <ele>363.39999999999998</ele>
        <time>2024-11-26T22:36:37Z</time>
      </trkpt>
      <trkpt lat="-22.839533379301429" lon="14.988720584660769">
        <ele>363.39999999999998</ele>
        <time>2024-11-26T22:36:56Z</time>
      </trkpt>
      <trkpt lat="-22.839519632980227" lon="14.988681944087148">
        <ele>363.19999999999999</ele>
        <time>2024-11-26T22:37:15Z</time>
      </trkpt>
      <trkpt lat="-22.839458948001266" lon="14.988514557480812">
        <ele>363.60000000000002</ele>
        <time>2024-11-26T22:37:34Z</time>
      </trkpt>
      <trkpt lat="-22.839339086785913" lon="14.988168049603701">
        <ele>364.39999999999998</ele>
        <time>2024-11-26T22:37:53Z</time>
      </trkpt>
      <trkpt lat="-22.839213358238339" lon="14.987820871174335">
        <ele>364.80000000000001</ele>
        <time>2024-11-26T22:38:13Z</time>
      </trkpt>
      <trkpt lat="-22.839183518663049" lon="14.987738225609064">
        <ele>364.80000000000001</ele>
        <time>2024-11-26T22:38:32Z</time>
      </trkpt>
      <trkpt lat="-22.839154433459044" lon="14.987655496224761">
        <ele>364.80000000000001</ele>
        <time>2024-11-26T22:38:51Z</time>
      </trkpt>
      <trkpt lat="-22.839127779006958" lon="14.987575951963663">
        <ele>364.80000000000001</ele>
        <time>2024-11-26T22:39:10Z</time>
      </trkpt>
      <trkpt lat="-22.839099364355206" lon="14.987501353025436">
        <ele>364.80000000000001</ele>
        <time>2024-11-26T22:39:29Z</time>
      </trkpt>
      <trkpt lat="-22.839074051007628" lon="14.987427592277527">
        <ele>365</ele>
        <time>2024-11-26T22:39:48Z</time>
      </trkpt>
      <trkpt lat="-22.839051922783256" lon="14.987357687205076">
        <ele>365</ele>
        <time>2024-11-26T22:40:07Z</time>
      </trkpt>
      <trkpt lat="-22.839024430140853" lon="14.987292308360338">
        <ele>364.80000000000001</ele>
        <time>2024-11-26T22:40:27Z</time>
      </trkpt>
      <trkpt lat="-22.839004145935178" lon="14.987229276448488">
        <ele>365</ele>
        <time>2024-11-26T22:40:46Z</time>
      </trkpt>
      <trkpt lat="-22.83898419700563" lon="14.987160293385386">
        <ele>365</ele>
        <time>2024-11-26T22:41:05Z</time>
      </trkpt>
      <trkpt lat="-22.838817648589611" lon="14.98666986823082">
        <ele>364.39999999999998</ele>
        <time>2024-11-26T22:41:24Z</time>
      </trkpt>
      <trkpt lat="-22.838791413232684" lon="14.986595269292593">
        <ele>364.39999999999998</ele>
        <time>2024-11-26T22:41:43Z</time>
      </trkpt>
      <trkpt lat="-22.838647412136197" lon="14.986188160255551">
        <ele>364</ele>
        <time>2024-11-26T22:42:02Z</time>
      </trkpt>
      <trkpt lat="-22.838616566732526" lon="14.986110627651215">
        <ele>363.80000000000001</ele>
        <time>2024-11-26T22:42:21Z</time>
      </trkpt>
      <trkpt lat="-22.838589157909155" lon="14.986034100875258">
        <ele>363.80000000000001</ele>
        <time>2024-11-26T22:42:41Z</time>
      </trkpt>
      <trkpt lat="-22.838562754914165" lon="14.985957238823175">
        <ele>363.60000000000002</ele>
        <time>2024-11-26T22:43:00Z</time>
      </trkpt>
      <trkpt lat="-22.838535765185952" lon="14.985882807523012">
        <ele>363.60000000000002</ele>
        <time>2024-11-26T22:43:19Z</time>
      </trkpt>
      <trkpt lat="-22.838507685810328" lon="14.985808124765754">
        <ele>363.60000000000002</ele>
        <time>2024-11-26T22:43:38Z</time>
      </trkpt>
      <trkpt lat="-22.838478181511164" lon="14.98573369346559">
        <ele>363.60000000000002</ele>
        <time>2024-11-26T22:43:57Z</time>
      </trkpt>
      <trkpt lat="-22.838452281430364" lon="14.985658759251237">
        <ele>363.39999999999998</ele>
        <time>2024-11-26T22:44:16Z</time>
      </trkpt>
      <trkpt lat="-22.838404672220349" lon="14.985514087602496">
        <ele>363.19999999999999</ele>
        <time>2024-11-26T22:44:35Z</time>
      </trkpt>
      <trkpt lat="-22.838377263396978" lon="14.985442673787475">
        <ele>363.19999999999999</ele>
        <time>2024-11-26T22:44:55Z</time>
      </trkpt>
      <trkpt lat="-22.838352117687464" lon="14.985374696552753">
        <ele>363.19999999999999</ele>
        <time>2024-11-26T22:45:14Z</time>
      </trkpt>
      <trkpt lat="-22.838328145444393" lon="14.985311832278967">
        <ele>363</ele>
        <time>2024-11-26T22:45:33Z</time>
      </trkpt>
      <trkpt lat="-22.838306603953242" lon="14.985248716548085">
        <ele>363.19999999999999</ele>
        <time>2024-11-26T22:45:52Z</time>
      </trkpt>
      <trkpt lat="-22.838287744671106" lon="14.985186690464616">
        <ele>363.19999999999999</ele>
        <time>2024-11-26T22:46:11Z</time>
      </trkpt>
      <trkpt lat="-22.838264442980289" lon="14.985120557248592">
        <ele>363.19999999999999</ele>
        <time>2024-11-26T22:46:30Z</time>
      </trkpt>
      <trkpt lat="-22.838237034156919" lon="14.985045706853271">
        <ele>363.19999999999999</ele>
        <time>2024-11-26T22:46:49Z</time>
      </trkpt>
      <trkpt lat="-22.838164027780294" lon="14.98484923504293">
        <ele>363.19999999999999</ele>
        <time>2024-11-26T22:47:09Z</time>
      </trkpt>
      <trkpt lat="-22.838141899555922" lon="14.984779329970479">
        <ele>363.39999999999998</ele>
        <time>2024-11-26T22:47:28Z</time>
      </trkpt>
      <trkpt lat="-22.838092278689146" lon="14.984631221741438">
        <ele>363.60000000000002</ele>
        <time>2024-11-26T22:47:47Z</time>
      </trkpt>
      <trkpt lat="-22.837950037792325" lon="14.984202068299055">
        <ele>364.19999999999999</ele>
        <time>2024-11-26T22:48:06Z</time>
      </trkpt>
      <trkpt lat="-22.837918186560273" lon="14.984106263145804">
        <ele>364.19999999999999</ele>
        <time>2024-11-26T22:48:25Z</time>
      </trkpt>
      <trkpt lat="-22.837701849639416" lon="14.983498742803931">
        <ele>364.39999999999998</ele>
        <time>2024-11-26T22:48:44Z</time>
      </trkpt>
      <trkpt lat="-22.837665807455778" lon="14.983398579061031">
        <ele>364.39999999999998</ele>
        <time>2024-11-26T22:49:04Z</time>
      </trkpt>
      <trkpt lat="-22.837632363662124" lon="14.98330763541162">
        <ele>364.39999999999998</ele>
        <time>2024-11-26T22:49:23Z</time>
      </trkpt>
      <trkpt lat="-22.837601769715548" lon="14.98322700150311">
        <ele>364.39999999999998</ele>
        <time>2024-11-26T22:49:42Z</time>
      </trkpt>
      <trkpt lat="-22.837575701996684" lon="14.983158186078072">
        <ele>364</ele>
        <time>2024-11-26T22:50:01Z</time>
      </trkpt>
      <trkpt lat="-22.837551645934582" lon="14.983095824718475">
        <ele>363.60000000000002</ele>
        <time>2024-11-26T22:50:20Z</time>
      </trkpt>
      <trkpt lat="-22.837529685348272" lon="14.98304377309978">
        <ele>363.60000000000002</ele>
        <time>2024-11-26T22:50:39Z</time>
      </trkpt>
      <trkpt lat="-22.8375109937042" lon="14.982993062585592">
        <ele>363.60000000000002</ele>
        <time>2024-11-26T22:50:59Z</time>
      </trkpt>
      <trkpt lat="-22.837493056431413" lon="14.982937574386597">
        <ele>363.60000000000002</ele>
        <time>2024-11-26T22:51:18Z</time>
      </trkpt>
      <trkpt lat="-22.837477549910545" lon="14.982879990711808">
        <ele>363.60000000000002</ele>
        <time>2024-11-26T22:51:37Z</time>
      </trkpt>
      <trkpt lat="-22.837344110012054" lon="14.982503307983279">
        <ele>363.80000000000001</ele>
        <time>2024-11-26T22:51:56Z</time>
      </trkpt>
      <trkpt lat="-22.837297841906548" lon="14.982376405969262">
        <ele>363.60000000000002</ele>
        <time>2024-11-26T22:52:15Z</time>
      </trkpt>
      <trkpt lat="-22.83728233538568" lon="14.98232695274055">
        <ele>363.39999999999998</ele>
        <time>2024-11-26T22:52:34Z</time>
      </trkpt>
      <trkpt lat="-22.837269594892859" lon="14.982288060709834">
        <ele>363.39999999999998</ele>
        <time>2024-11-26T22:52:54Z</time>
      </trkpt>
      <trkpt lat="-22.837261212989688" lon="14.982270374894142">
        <ele>363.19999999999999</ele>
        <time>2024-11-26T22:53:13Z</time>
      </trkpt>
      <trkpt lat="-22.837259033694863" lon="14.982263585552573">
        <ele>363.39999999999998</ele>
        <time>2024-11-26T22:53:32Z</time>
      </trkpt>
      <trkpt lat="-22.837268589064479" lon="14.982276158407331">
        <ele>364.60000000000002</ele>
        <time>2024-11-26T22:53:51Z</time>
      </trkpt>
      <trkpt lat="-22.837268924340606" lon="14.982275236397982">
        <ele>365</ele>
        <time>2024-11-26T22:54:10Z</time>
      </trkpt>
      <trkpt lat="-22.837270349264145" lon="14.982266519218683">
        <ele>365</ele>
        <time>2024-11-26T22:54:29Z</time>
      </trkpt>
      <trkpt lat="-22.837269091978669" lon="14.982262747362256">
        <ele>365</ele>
        <time>2024-11-26T22:54:49Z</time>
      </trkpt>
      <trkpt lat="-22.837265320122242" lon="14.9822604842484">
        <ele>365</ele>
        <time>2024-11-26T22:55:08Z</time>
      </trkpt>
      <trkpt lat="-22.837264649569988" lon="14.982266603037715">
        <ele>365</ele>
        <time>2024-11-26T22:55:27Z</time>
      </trkpt>
      <trkpt lat="-22.837264062836766" lon="14.982271045446396">
        <ele>365</ele>
        <time>2024-11-26T22:55:46Z</time>
      </trkpt>
      <trkpt lat="-22.837263559922576" lon="14.982263334095478">
        <ele>365</ele>
        <time>2024-11-26T22:56:05Z</time>
      </trkpt>
      <trkpt lat="-22.837227936834097" lon="14.98218722641468">
        <ele>364.60000000000002</ele>
        <time>2024-11-26T22:56:24Z</time>
      </trkpt>
      <trkpt lat="-22.837134227156639" lon="14.981961166486144">
        <ele>364.80000000000001</ele>
        <time>2024-11-26T22:56:44Z</time>
      </trkpt>
      <trkpt lat="-22.837088881060481" lon="14.981830408796668">
        <ele>364.80000000000001</ele>
        <time>2024-11-26T22:57:03Z</time>
      </trkpt>
      <trkpt lat="-22.837055269628763" lon="14.981723790988326">
        <ele>364.60000000000002</ele>
        <time>2024-11-26T22:57:22Z</time>
      </trkpt>
      <trkpt lat="-22.837040852755308" lon="14.981690011918545">
        <ele>364.19999999999999</ele>
        <time>2024-11-26T22:57:41Z</time>
      </trkpt>
      <trkpt lat="-22.837027441710234" lon="14.981659585610032">
        <ele>364</ele>
        <time>2024-11-26T22:58:00Z</time>
      </trkpt>
      <trkpt lat="-22.837014449760318" lon="14.981632512062788">
        <ele>364</ele>
        <time>2024-11-26T22:58:19Z</time>
      </trkpt>
      <trkpt lat="-22.837001122534275" lon="14.981602421030402">
        <ele>364</ele>
        <time>2024-11-26T22:58:39Z</time>
      </trkpt>
      <trkpt lat="-22.836961727589369" lon="14.981508124619722">
        <ele>364.19999999999999</ele>
        <time>2024-11-26T22:58:58Z</time>
      </trkpt>
      <trkpt lat="-22.836850332096219" lon="14.981171255931258">
        <ele>364.19999999999999</ele>
        <time>2024-11-26T22:59:17Z</time>
      </trkpt>
      <trkpt lat="-22.836832730099559" lon="14.981116857379675">
        <ele>364</ele>
        <time>2024-11-26T22:59:36Z</time>
      </trkpt>
      <trkpt lat="-22.836821917444468" lon="14.981069918721914">
        <ele>363.80000000000001</ele>
        <time>2024-11-26T22:59:55Z</time>
      </trkpt>
      <trkpt lat="-22.836813032627106" lon="14.981026835739613">
        <ele>363.60000000000002</ele>
        <time>2024-11-26T23:00:15Z</time>
      </trkpt>
      <trkpt lat="-22.836799453943968" lon="14.980988027527928">
        <ele>363.60000000000002</ele>
        <time>2024-11-26T23:00:34Z</time>
      </trkpt>
      <trkpt lat="-22.836787467822433" lon="14.980953661724925">
        <ele>363.39999999999998</ele>
        <time>2024-11-26T23:00:53Z</time>
      </trkpt>
      <trkpt lat="-22.836779588833451" lon="14.980921056121588">
        <ele>363.39999999999998</ele>
        <time>2024-11-26T23:01:12Z</time>
      </trkpt>
      <trkpt lat="-22.836770368739963" lon="14.980890965089202">
        <ele>363.39999999999998</ele>
        <time>2024-11-26T23:01:31Z</time>
      </trkpt>
      <trkpt lat="-22.836760729551315" lon="14.980862885713577">
        <ele>363.39999999999998</ele>
        <time>2024-11-26T23:01:50Z</time>
      </trkpt>
      <trkpt lat="-22.836746228858829" lon="14.980823323130608">
        <ele>363.39999999999998</ele>
        <time>2024-11-26T23:02:10Z</time>
      </trkpt>
      <trkpt lat="-22.836730973795056" lon="14.980774372816086">
        <ele>363.39999999999998</ele>
        <time>2024-11-26T23:02:29Z</time>
      </trkpt>
      <trkpt lat="-22.836656793951988" lon="14.980531800538301">
        <ele>363.60000000000002</ele>
        <time>2024-11-26T23:02:48Z</time>
      </trkpt>
      <trkpt lat="-22.836632737889886" lon="14.980459967628121">
        <ele>363.60000000000002</ele>
        <time>2024-11-26T23:03:07Z</time>
      </trkpt>
      <trkpt lat="-22.836566101759672" lon="14.98026492074132">
        <ele>363.60000000000002</ele>
        <time>2024-11-26T23:03:26Z</time>
      </trkpt>
      <trkpt lat="-22.836541626602411" lon="14.980197194963694">
        <ele>363.80000000000001</ele>
        <time>2024-11-26T23:03:46Z</time>
      </trkpt>
      <trkpt lat="-22.836488988250494" lon="14.980057049542665">
        <ele>363.80000000000001</ele>
        <time>2024-11-26T23:04:05Z</time>
      </trkpt>
      <trkpt lat="-22.836352111771703" lon="14.979674331843853">
        <ele>363.60000000000002</ele>
        <time>2024-11-26T23:04:24Z</time>
      </trkpt>
      <trkpt lat="-22.836291594430804" lon="14.979513315483928">
        <ele>363.60000000000002</ele>
        <time>2024-11-26T23:04:43Z</time>
      </trkpt>
      <trkpt lat="-22.836244739592075" lon="14.979376522824168">
        <ele>363.60000000000002</ele>
        <time>2024-11-26T23:05:02Z</time>
      </trkpt>
      <trkpt lat="-22.836222695186734" lon="14.979315754026175">
        <ele>363.39999999999998</ele>
        <time>2024-11-26T23:05:21Z</time>
      </trkpt>
      <trkpt lat="-22.83620098605752" lon="14.979247860610485">
        <ele>363.19999999999999</ele>
        <time>2024-11-26T23:05:41Z</time>
      </trkpt>
      <trkpt lat="-22.836056314408779" lon="14.978871764615178">
        <ele>363</ele>
        <time>2024-11-26T23:06:00Z</time>
      </trkpt>
      <trkpt lat="-22.836028654128313" lon="14.978795740753412">
        <ele>363</ele>
        <time>2024-11-26T23:06:19Z</time>
      </trkpt>
      <trkpt lat="-22.83600116148591" lon="14.978725416585803">
        <ele>363</ele>
        <time>2024-11-26T23:06:38Z</time>
      </trkpt>
      <trkpt lat="-22.835976853966713" lon="14.978657271713018">
        <ele>363</ele>
        <time>2024-11-26T23:06:57Z</time>
      </trkpt>
      <trkpt lat="-22.835952714085579" lon="14.978587785735726">
        <ele>363</ele>
        <time>2024-11-26T23:07:17Z</time>
      </trkpt>
      <trkpt lat="-22.835925975814462" lon="14.978511091321707">
        <ele>363.19999999999999</ele>
        <time>2024-11-26T23:07:36Z</time>
      </trkpt>
      <trkpt lat="-22.835902506485581" lon="14.978432469069958">
        <ele>363.19999999999999</ele>
        <time>2024-11-26T23:07:55Z</time>
      </trkpt>
      <trkpt lat="-22.835825309157372" lon="14.978202302008867">
        <ele>363.19999999999999</ele>
        <time>2024-11-26T23:08:14Z</time>
      </trkpt>
      <trkpt lat="-22.835802426561713" lon="14.978136755526066">
        <ele>363.39999999999998</ele>
        <time>2024-11-26T23:08:33Z</time>
      </trkpt>
      <trkpt lat="-22.835778035223484" lon="14.978074477985501">
        <ele>363.19999999999999</ele>
        <time>2024-11-26T23:08:53Z</time>
      </trkpt>
      <trkpt lat="-22.835756409913301" lon="14.978012787178159">
        <ele>363.39999999999998</ele>
        <time>2024-11-26T23:09:12Z</time>
      </trkpt>
      <trkpt lat="-22.835737047716975" lon="14.977948414161801">
        <ele>363.39999999999998</ele>
        <time>2024-11-26T23:09:31Z</time>
      </trkpt>
      <trkpt lat="-22.835607882589102" lon="14.977602576836944">
        <ele>363.80000000000001</ele>
        <time>2024-11-26T23:09:50Z</time>
      </trkpt>
      <trkpt lat="-22.835546359419823" lon="14.977448098361492">
        <ele>363.80000000000001</ele>
        <time>2024-11-26T23:10:09Z</time>
      </trkpt>
      <trkpt lat="-22.835470754653215" lon="14.977218853309751">
        <ele>363.80000000000001</ele>
        <time>2024-11-26T23:10:29Z</time>
      </trkpt>
      <trkpt lat="-22.835442088544369" lon="14.977142829447985">
        <ele>363.80000000000001</ele>
        <time>2024-11-26T23:10:48Z</time>
      </trkpt>
      <trkpt lat="-22.835327927023172" lon="14.976822221651673">
        <ele>363.80000000000001</ele>
        <time>2024-11-26T23:11:07Z</time>
      </trkpt>
      <trkpt lat="-22.835299512371421" lon="14.976746030151844">
        <ele>363.80000000000001</ele>
        <time>2024-11-26T23:11:26Z</time>
      </trkpt>
      <trkpt lat="-22.835271516814828" lon="14.976675789803267">
        <ele>363.80000000000001</ele>
        <time>2024-11-26T23:11:45Z</time>
      </trkpt>
      <trkpt lat="-22.835247544571757" lon="14.976610997691751">
        <ele>363.80000000000001</ele>
        <time>2024-11-26T23:12:05Z</time>
      </trkpt>
      <trkpt lat="-22.83522860147059" lon="14.976556012406945">
        <ele>363.80000000000001</ele>
        <time>2024-11-26T23:12:24Z</time>
      </trkpt>
      <trkpt lat="-22.835210664197803" lon="14.976507732644677">
        <ele>363.80000000000001</ele>
        <time>2024-11-26T23:12:43Z</time>
      </trkpt>
      <trkpt lat="-22.835193146020174" lon="14.976451992988586">
        <ele>363.80000000000001</ele>
        <time>2024-11-26T23:13:02Z</time>
      </trkpt>
      <trkpt lat="-22.835173700004816" lon="14.97639499604702">
        <ele>363.60000000000002</ele>
        <time>2024-11-26T23:13:22Z</time>
      </trkpt>
      <trkpt lat="-22.835114942863584" lon="14.976200368255377">
        <ele>363.60000000000002</ele>
        <time>2024-11-26T23:13:41Z</time>
      </trkpt>
      <trkpt lat="-22.83507521264255" lon="14.97607447206974">
        <ele>363.60000000000002</ele>
        <time>2024-11-26T23:14:00Z</time>
      </trkpt>
      <trkpt lat="-22.835055766627192" lon="14.976015966385603">
        <ele>363.60000000000002</ele>
        <time>2024-11-26T23:14:19Z</time>
      </trkpt>
      <trkpt lat="-22.835035650059581" lon="14.975957376882434">
        <ele>363.39999999999998</ele>
        <time>2024-11-26T23:14:38Z</time>
      </trkpt>
      <trkpt lat="-22.835016958415508" lon="14.975901553407311">
        <ele>363.19999999999999</ele>
        <time>2024-11-26T23:14:58Z</time>
      </trkpt>
      <trkpt lat="-22.835001703351736" lon="14.975853776559234">
        <ele>363.19999999999999</ele>
        <time>2024-11-26T23:15:17Z</time>
      </trkpt>
      <trkpt lat="-22.8349828440696" lon="14.975805999711156">
        <ele>363.39999999999998</ele>
        <time>2024-11-26T23:15:36Z</time>
      </trkpt>
      <trkpt lat="-22.834959123283625" lon="14.975752104073763">
        <ele>363.39999999999998</ele>
        <time>2024-11-26T23:15:55Z</time>
      </trkpt>
      <trkpt lat="-22.834932468831539" lon="14.975688317790627">
        <ele>363.60000000000002</ele>
        <time>2024-11-26T23:16:14Z</time>
      </trkpt>
      <trkpt lat="-22.834828784689307" lon="14.975387575104833">
        <ele>363.60000000000002</ele>
        <time>2024-11-26T23:16:34Z</time>
      </trkpt>
      <trkpt lat="-22.834804896265268" lon="14.975319765508175">
        <ele>363.39999999999998</ele>
        <time>2024-11-26T23:16:53Z</time>
      </trkpt>
      <trkpt lat="-22.834780002012849" lon="14.975256817415357">
        <ele>363</ele>
        <time>2024-11-26T23:17:12Z</time>
      </trkpt>
      <trkpt lat="-22.834753096103668" lon="14.975194372236729">
        <ele>362.80000000000001</ele>
        <time>2024-11-26T23:17:31Z</time>
      </trkpt>
      <trkpt lat="-22.834728537127376" lon="14.975131675601006">
        <ele>362.80000000000001</ele>
        <time>2024-11-26T23:17:51Z</time>
      </trkpt>
      <trkpt lat="-22.834676820784807" lon="14.974981304258108">
        <ele>362.80000000000001</ele>
        <time>2024-11-26T23:18:10Z</time>
      </trkpt>
      <trkpt lat="-22.834518235176802" lon="14.974544523283839">
        <ele>363.19999999999999</ele>
        <time>2024-11-26T23:18:29Z</time>
      </trkpt>
      <trkpt lat="-22.834455035626888" lon="14.974370934069157">
        <ele>363.19999999999999</ele>
        <time>2024-11-26T23:18:48Z</time>
      </trkpt>
      <trkpt lat="-22.834428297355771" lon="14.974289378151298">
        <ele>363.19999999999999</ele>
        <time>2024-11-26T23:19:07Z</time>
      </trkpt>
      <trkpt lat="-22.834402984008193" lon="14.974211174994707">
        <ele>363.19999999999999</ele>
        <time>2024-11-26T23:19:27Z</time>
      </trkpt>
      <trkpt lat="-22.8343749884516" lon="14.974130792543292">
        <ele>363.19999999999999</ele>
        <time>2024-11-26T23:19:46Z</time>
      </trkpt>
      <trkpt lat="-22.834262419492006" lon="14.973798114806414">
        <ele>363.19999999999999</ele>
        <time>2024-11-26T23:20:05Z</time>
      </trkpt>
      <trkpt lat="-22.834123950451612" lon="14.973440878093243">
        <ele>363</ele>
        <time>2024-11-26T23:20:24Z</time>
      </trkpt>
      <trkpt lat="-22.834098301827908" lon="14.973370302468538">
        <ele>363</ele>
        <time>2024-11-26T23:20:44Z</time>
      </trkpt>
      <trkpt lat="-22.834081538021564" lon="14.973328560590744">
        <ele>363</ele>
        <time>2024-11-26T23:21:03Z</time>
      </trkpt>
      <trkpt lat="-22.834072485566139" lon="14.973295787349343">
        <ele>362.80000000000001</ele>
        <time>2024-11-26T23:21:22Z</time>
      </trkpt>
      <trkpt lat="-22.83406276255846" lon="14.97326779179275">
        <ele>362.80000000000001</ele>
        <time>2024-11-26T23:21:41Z</time>
      </trkpt>
      <trkpt lat="-22.83405345864594" lon="14.97324189171195">
        <ele>362.60000000000002</ele>
        <time>2024-11-26T23:22:01Z</time>
      </trkpt>
      <trkpt lat="-22.834043484181166" lon="14.973225044086576">
        <ele>362.60000000000002</ele>
        <time>2024-11-26T23:22:20Z</time>
      </trkpt>
      <trkpt lat="-22.834034850820899" lon="14.9732013233006">
        <ele>362.60000000000002</ele>
        <time>2024-11-26T23:22:39Z</time>
      </trkpt>
      <trkpt lat="-22.834026888012886" lon="14.973176009953022">
        <ele>362.80000000000001</ele>
        <time>2024-11-26T23:22:58Z</time>
      </trkpt>
      <trkpt lat="-22.834018925204873" lon="14.973135944455862">
        <ele>362.80000000000001</ele>
        <time>2024-11-26T23:23:17Z</time>
      </trkpt>
      <trkpt lat="-22.833955809473991" lon="14.972981046885252">
        <ele>363.19999999999999</ele>
        <time>2024-11-26T23:23:37Z</time>
      </trkpt>
      <trkpt lat="-22.833845168352127" lon="14.972657924517989">
        <ele>363.39999999999998</ele>
        <time>2024-11-26T23:23:56Z</time>
      </trkpt>
      <trkpt lat="-22.833795044571161" lon="14.972513504326344">
        <ele>363.39999999999998</ele>
        <time>2024-11-26T23:24:15Z</time>
      </trkpt>
      <trkpt lat="-22.833776185289025" lon="14.972445778548717">
        <ele>363</ele>
        <time>2024-11-26T23:24:34Z</time>
      </trkpt>
      <trkpt lat="-22.833753302693367" lon="14.972378639504313">
        <ele>363</ele>
        <time>2024-11-26T23:24:54Z</time>
      </trkpt>
      <trkpt lat="-22.833725893869996" lon="14.972309321165085">
        <ele>363</ele>
        <time>2024-11-26T23:25:13Z</time>
      </trkpt>
      <trkpt lat="-22.833644254133105" lon="14.972098851576447">
        <ele>363.19999999999999</ele>
        <time>2024-11-26T23:25:32Z</time>
      </trkpt>
      <trkpt lat="-22.833619527518749" lon="14.972027856856585">
        <ele>363.19999999999999</ele>
        <time>2024-11-26T23:25:51Z</time>
      </trkpt>
      <trkpt lat="-22.833595555275679" lon="14.971958538517356">
        <ele>363.39999999999998</ele>
        <time>2024-11-26T23:26:11Z</time>
      </trkpt>
      <trkpt lat="-22.833570074290037" lon="14.971885615959764">
        <ele>363.39999999999998</ele>
        <time>2024-11-26T23:26:30Z</time>
      </trkpt>
      <trkpt lat="-22.833529757335782" lon="14.971666177734733">
        <ele>363.39999999999998</ele>
        <time>2024-11-26T23:26:49Z</time>
      </trkpt>
      <trkpt lat="-22.833525650203228" lon="14.971619909629226">
        <ele>363.39999999999998</ele>
        <time>2024-11-26T23:27:08Z</time>
      </trkpt>
      <trkpt lat="-22.83352330327034" lon="14.97157615609467">
        <ele>363.19999999999999</ele>
        <time>2024-11-26T23:27:28Z</time>
      </trkpt>
      <trkpt lat="-22.833519782871008" lon="14.971536006778479">
        <ele>362.80000000000001</ele>
        <time>2024-11-26T23:27:47Z</time>
      </trkpt>
      <trkpt lat="-22.833516262471676" lon="14.971497114747763">
        <ele>362.60000000000002</ele>
        <time>2024-11-26T23:28:06Z</time>
      </trkpt>
      <trkpt lat="-22.833510143682361" lon="14.971460402011871">
        <ele>362.60000000000002</ele>
        <time>2024-11-26T23:28:25Z</time>
      </trkpt>
      <trkpt lat="-22.833505785092711" lon="14.971428802236915">
        <ele>362.60000000000002</ele>
        <time>2024-11-26T23:28:45Z</time>
      </trkpt>
      <trkpt lat="-22.833501007407904" lon="14.97139829210937">
        <ele>362.60000000000002</ele>
        <time>2024-11-26T23:29:04Z</time>
      </trkpt>
      <trkpt lat="-22.833497654646635" lon="14.971371470019221">
        <ele>362.80000000000001</ele>
        <time>2024-11-26T23:29:23Z</time>
      </trkpt>
      <trkpt lat="-22.833492374047637" lon="14.971349509432912">
        <ele>362.80000000000001</ele>
        <time>2024-11-26T23:29:42Z</time>
      </trkpt>
      <trkpt lat="-22.833483153954148" lon="14.971320508047938">
        <ele>362.80000000000001</ele>
        <time>2024-11-26T23:30:02Z</time>
      </trkpt>
      <trkpt lat="-22.833448201417923" lon="14.971236689016223">
        <ele>363</ele>
        <time>2024-11-26T23:30:21Z</time>
      </trkpt>
      <trkpt lat="-22.833353988826275" lon="14.971075505018234">
        <ele>363</ele>
        <time>2024-11-26T23:30:40Z</time>
      </trkpt>
      <trkpt lat="-22.833335297182202" lon="14.971047341823578">
        <ele>363</ele>
        <time>2024-11-26T23:30:59Z</time>
      </trkpt>
      <trkpt lat="-22.833309313282371" lon="14.971015239134431">
        <ele>363</ele>
        <time>2024-11-26T23:31:19Z</time>
      </trkpt>
      <trkpt lat="-22.833218788728118" lon="14.970891941338778">
        <ele>363</ele>
        <time>2024-11-26T23:31:38Z</time>
      </trkpt>
      <trkpt lat="-22.833096580579877" lon="14.970639226958156">
        <ele>363.19999999999999</ele>
        <time>2024-11-26T23:31:57Z</time>
      </trkpt>
      <trkpt lat="-22.833074452355504" lon="14.970555324107409">
        <ele>363.19999999999999</ele>
        <time>2024-11-26T23:32:16Z</time>
      </trkpt>
      <trkpt lat="-22.832987867295742" lon="14.970304789021611">
        <ele>363</ele>
        <time>2024-11-26T23:32:36Z</time>
      </trkpt>
      <trkpt lat="-22.832962470129132" lon="14.970240332186222">
        <ele>362.80000000000001</ele>
        <time>2024-11-26T23:32:55Z</time>
      </trkpt>
      <trkpt lat="-22.832945957779884" lon="14.97019431553781">
        <ele>362.60000000000002</ele>
        <time>2024-11-26T23:33:14Z</time>
      </trkpt>
      <trkpt lat="-22.832930702716112" lon="14.970154082402587">
        <ele>362.60000000000002</ele>
        <time>2024-11-26T23:33:33Z</time>
      </trkpt>
      <trkpt lat="-22.832917124032974" lon="14.970112005248666">
        <ele>362.60000000000002</ele>
        <time>2024-11-26T23:33:53Z</time>
      </trkpt>
      <trkpt lat="-22.832900527864695" lon="14.970059785991907">
        <ele>362.60000000000002</ele>
        <time>2024-11-26T23:34:12Z</time>
      </trkpt>
      <trkpt lat="-22.832834729924798" lon="14.969861805438995">
        <ele>362.80000000000001</ele>
        <time>2024-11-26T23:34:31Z</time>
      </trkpt>
      <trkpt lat="-22.832660051062703" lon="14.969381270930171">
        <ele>363</ele>
        <time>2024-11-26T23:34:50Z</time>
      </trkpt>
      <trkpt lat="-22.832611352205276" lon="14.969254788011312">
        <ele>363</ele>
        <time>2024-11-26T23:35:10Z</time>
      </trkpt>
      <trkpt lat="-22.832593834027648" lon="14.969209358096123">
        <ele>362.80000000000001</ele>
        <time>2024-11-26T23:35:29Z</time>
      </trkpt>
      <trkpt lat="-22.832576148211956" lon="14.969163928180933">
        <ele>362.80000000000001</ele>
        <time>2024-11-26T23:35:48Z</time>
      </trkpt>
      <trkpt lat="-22.832558043301105" lon="14.969112630933523">
        <ele>362.60000000000002</ele>
        <time>2024-11-26T23:36:07Z</time>
      </trkpt>
      <trkpt lat="-22.832537675276399" lon="14.969053287059069">
        <ele>362.60000000000002</ele>
        <time>2024-11-26T23:36:27Z</time>
      </trkpt>
      <trkpt lat="-22.832512361928821" lon="14.968985477462411">
        <ele>362.80000000000001</ele>
        <time>2024-11-26T23:36:46Z</time>
      </trkpt>
      <trkpt lat="-22.832454359158874" lon="14.968826975673437">
        <ele>363</ele>
        <time>2024-11-26T23:37:05Z</time>
      </trkpt>
      <trkpt lat="-22.832366852089763" lon="14.968586917966604">
        <ele>363</ele>
        <time>2024-11-26T23:37:24Z</time>
      </trkpt>
      <trkpt lat="-22.8323442209512" lon="14.968526232987642">
        <ele>363</ele>
        <time>2024-11-26T23:37:44Z</time>
      </trkpt>
      <trkpt lat="-22.832327708601952" lon="14.968477450311184">
        <ele>363</ele>
        <time>2024-11-26T23:38:03Z</time>
      </trkpt>
      <trkpt lat="-22.832311531528831" lon="14.968429254367948">
        <ele>362.80000000000001</ele>
        <time>2024-11-26T23:38:22Z</time>
      </trkpt>
      <trkpt lat="-22.83229392953217" lon="14.96837854385376">
        <ele>362.80000000000001</ele>
        <time>2024-11-26T23:38:41Z</time>
      </trkpt>
      <trkpt lat="-22.832275070250034" lon="14.968326827511191">
        <ele>362.80000000000001</ele>
        <time>2024-11-26T23:39:01Z</time>
      </trkpt>
      <trkpt lat="-22.832199716940522" lon="14.968128008767962">
        <ele>363.19999999999999</ele>
        <time>2024-11-26T23:39:20Z</time>
      </trkpt>
      <trkpt lat="-22.832125537097454" lon="14.967931620776653">
        <ele>363.19999999999999</ele>
        <time>2024-11-26T23:39:39Z</time>
      </trkpt>
      <trkpt lat="-22.832103325054049" lon="14.967868169769645">
        <ele>363.19999999999999</ele>
        <time>2024-11-26T23:39:59Z</time>
      </trkpt>
      <trkpt lat="-22.832081113010645" lon="14.96780346147716">
        <ele>363.19999999999999</ele>
        <time>2024-11-26T23:40:18Z</time>
      </trkpt>
      <trkpt lat="-22.832058146595955" lon="14.967740513384342">
        <ele>363.19999999999999</ele>
        <time>2024-11-26T23:40:37Z</time>
      </trkpt>
      <trkpt lat="-22.832036186009645" lon="14.967675553634763">
        <ele>363.19999999999999</ele>
        <time>2024-11-26T23:40:56Z</time>
      </trkpt>
      <trkpt lat="-22.832011627033353" lon="14.967609504237771">
        <ele>363.19999999999999</ele>
        <time>2024-11-26T23:41:16Z</time>
      </trkpt>
      <trkpt lat="-22.831925461068749" lon="14.967349078506231">
        <ele>362.80000000000001</ele>
        <time>2024-11-26T23:41:35Z</time>
      </trkpt>
      <trkpt lat="-22.831910708919168" lon="14.967308007180691">
        <ele>362.80000000000001</ele>
        <time>2024-11-26T23:41:54Z</time>
      </trkpt>
      <trkpt lat="-22.831899477168918" lon="14.967270288616419">
        <ele>362.39999999999998</ele>
        <time>2024-11-26T23:42:13Z</time>
      </trkpt>
      <trkpt lat="-22.831884892657399" lon="14.967235252261162">
        <ele>362.19999999999999</ele>
        <time>2024-11-26T23:42:33Z</time>
      </trkpt>
      <trkpt lat="-22.83186636865139" lon="14.967194516211748">
        <ele>362.19999999999999</ele>
        <time>2024-11-26T23:42:52Z</time>
      </trkpt>
      <trkpt lat="-22.831813059747219" lon="14.967050850391388">
        <ele>362.39999999999998</ele>
        <time>2024-11-26T23:43:11Z</time>
      </trkpt>
      <trkpt lat="-22.831769306212664" lon="14.966927301138639">
        <ele>362.60000000000002</ele>
        <time>2024-11-26T23:43:30Z</time>
      </trkpt>
      <trkpt lat="-22.831685235723853" lon="14.966700486838818">
        <ele>363</ele>
        <time>2024-11-26T23:43:50Z</time>
      </trkpt>
      <trkpt lat="-22.831605356186628" lon="14.966474175453186">
        <ele>362.60000000000002</ele>
        <time>2024-11-26T23:44:09Z</time>
      </trkpt>
      <trkpt lat="-22.831582222133875" lon="14.966409215703607">
        <ele>362.60000000000002</ele>
        <time>2024-11-26T23:44:28Z</time>
      </trkpt>
      <trkpt lat="-22.831561602652073" lon="14.966355068609118">
        <ele>362.60000000000002</ele>
        <time>2024-11-26T23:44:48Z</time>
      </trkpt>
      <trkpt lat="-22.831545593217015" lon="14.96631215326488">
        <ele>362.39999999999998</ele>
        <time>2024-11-26T23:45:07Z</time>
      </trkpt>
      <trkpt lat="-22.831530254334211" lon="14.966271752491593">
        <ele>362.39999999999998</ele>
        <time>2024-11-26T23:45:26Z</time>
      </trkpt>
      <trkpt lat="-22.831513239070773" lon="14.966231435537338">
        <ele>362.39999999999998</ele>
        <time>2024-11-26T23:45:45Z</time>
      </trkpt>
      <trkpt lat="-22.831493457779288" lon="14.966187765821815">
        <ele>362.39999999999998</ele>
        <time>2024-11-26T23:46:05Z</time>
      </trkpt>
      <trkpt lat="-22.83145691268146" lon="14.966089613735676">
        <ele>362.39999999999998</ele>
        <time>2024-11-26T23:46:24Z</time>
      </trkpt>
      <trkpt lat="-22.831436712294817" lon="14.966033790260553">
        <ele>362.60000000000002</ele>
        <time>2024-11-26T23:46:43Z</time>
      </trkpt>
      <trkpt lat="-22.831308133900166" lon="14.965694155544043">
        <ele>363.19999999999999</ele>
        <time>2024-11-26T23:47:03Z</time>
      </trkpt>
      <trkpt lat="-22.83126094378531" lon="14.965549567714334">
        <ele>363.19999999999999</ele>
        <time>2024-11-26T23:47:22Z</time>
      </trkpt>
      <trkpt lat="-22.831148123368621" lon="14.965227115899324">
        <ele>363.19999999999999</ele>
        <time>2024-11-26T23:47:41Z</time>
      </trkpt>
      <trkpt lat="-22.831058772280812" lon="14.964940957725048">
        <ele>363.39999999999998</ele>
        <time>2024-11-26T23:48:00Z</time>
      </trkpt>
      <trkpt lat="-22.830950478091836" lon="14.964643400162458">
        <ele>363.39999999999998</ele>
        <time>2024-11-26T23:48:20Z</time>
      </trkpt>
      <trkpt lat="-22.830836987122893" lon="14.964366462081671">
        <ele>363.39999999999998</ele>
        <time>2024-11-26T23:48:39Z</time>
      </trkpt>
      <trkpt lat="-22.830811003223062" lon="14.964296724647284">
        <ele>363.39999999999998</ele>
        <time>2024-11-26T23:48:58Z</time>
      </trkpt>
      <trkpt lat="-22.830785773694515" lon="14.964228831231594">
        <ele>363.39999999999998</ele>
        <time>2024-11-26T23:49:18Z</time>
      </trkpt>
      <trkpt lat="-22.830763645470142" lon="14.964161021634936">
        <ele>363.39999999999998</ele>
        <time>2024-11-26T23:49:37Z</time>
      </trkpt>
      <trkpt lat="-22.83073908649385" lon="14.964089943096042">
        <ele>363.19999999999999</ele>
        <time>2024-11-26T23:49:56Z</time>
      </trkpt>
      <trkpt lat="-22.830715281888843" lon="14.96401903219521">
        <ele>363.19999999999999</ele>
        <time>2024-11-26T23:50:15Z</time>
      </trkpt>
      <trkpt lat="-22.830664236098528" lon="14.963881149888039">
        <ele>363.39999999999998</ele>
        <time>2024-11-26T23:50:35Z</time>
      </trkpt>
      <trkpt lat="-22.830604473128915" lon="14.963727593421936">
        <ele>363.19999999999999</ele>
        <time>2024-11-26T23:50:54Z</time>
      </trkpt>
      <trkpt lat="-22.830525431782007" lon="14.963486865162849">
        <ele>363.19999999999999</ele>
        <time>2024-11-26T23:51:13Z</time>
      </trkpt>
      <trkpt lat="-22.830467596650124" lon="14.963326100260019">
        <ele>363</ele>
        <time>2024-11-26T23:51:33Z</time>
      </trkpt>
      <trkpt lat="-22.830378077924252" lon="14.963073721155524">
        <ele>363.19999999999999</ele>
        <time>2024-11-26T23:51:52Z</time>
      </trkpt>
      <trkpt lat="-22.830287301912904" lon="14.962817737832665">
        <ele>363.39999999999998</ele>
        <time>2024-11-26T23:52:11Z</time>
      </trkpt>
      <trkpt lat="-22.830254193395376" lon="14.962739869952202">
        <ele>363.39999999999998</ele>
        <time>2024-11-26T23:52:31Z</time>
      </trkpt>
      <trkpt lat="-22.830224772915244" lon="14.962662840262055">
        <ele>363.39999999999998</ele>
        <time>2024-11-26T23:52:50Z</time>
      </trkpt>
      <trkpt lat="-22.830196609720588" lon="14.962587067857385">
        <ele>363.39999999999998</ele>
        <time>2024-11-26T23:53:09Z</time>
      </trkpt>
      <trkpt lat="-22.830166183412075" lon="14.962506266310811">
        <ele>363.39999999999998</ele>
        <time>2024-11-26T23:53:28Z</time>
      </trkpt>
      <trkpt lat="-22.830101391300559" lon="14.962351452559233">
        <ele>363.19999999999999</ele>
        <time>2024-11-26T23:53:48Z</time>
      </trkpt>
      <trkpt lat="-22.829996282234788" lon="14.962015338242054">
        <ele>363.39999999999998</ele>
        <time>2024-11-26T23:54:07Z</time>
      </trkpt>
      <trkpt lat="-22.829906847327948" lon="14.961763881146908">
        <ele>363.39999999999998</ele>
        <time>2024-11-26T23:54:26Z</time>
      </trkpt>
      <trkpt lat="-22.829879689961672" lon="14.961688695475459">
        <ele>363.39999999999998</ele>
        <time>2024-11-26T23:54:46Z</time>
      </trkpt>
      <trkpt lat="-22.829852448776364" lon="14.961617616936564">
        <ele>363.39999999999998</ele>
        <time>2024-11-26T23:55:05Z</time>
      </trkpt>
      <trkpt lat="-22.829825039952993" lon="14.961545197293162">
        <ele>363.39999999999998</ele>
        <time>2024-11-26T23:55:24Z</time>
      </trkpt>
      <trkpt lat="-22.829795619472861" lon="14.961468419060111">
        <ele>363.39999999999998</ele>
        <time>2024-11-26T23:55:44Z</time>
      </trkpt>
      <trkpt lat="-22.829678189009428" lon="14.961158959195018">
        <ele>363.39999999999998</ele>
        <time>2024-11-26T23:56:03Z</time>
      </trkpt>
      <trkpt lat="-22.829650947824121" lon="14.961089389398694">
        <ele>363.39999999999998</ele>
        <time>2024-11-26T23:56:22Z</time>
      </trkpt>
      <trkpt lat="-22.829623958095908" lon="14.96102275326848">
        <ele>363.19999999999999</ele>
        <time>2024-11-26T23:56:42Z</time>
      </trkpt>
      <trkpt lat="-22.829595543444157" lon="14.960951339453459">
        <ele>363.19999999999999</ele>
        <time>2024-11-26T23:57:01Z</time>
      </trkpt>
      <trkpt lat="-22.829538462683558" lon="14.960805242881179">
        <ele>363</ele>
        <time>2024-11-26T23:57:20Z</time>
      </trkpt>
      <trkpt lat="-22.829403514042497" lon="14.960441719740629">
        <ele>362.60000000000002</ele>
        <time>2024-11-26T23:57:40Z</time>
      </trkpt>
      <trkpt lat="-22.829381721094251" lon="14.96038656681776">
        <ele>362.39999999999998</ele>
        <time>2024-11-26T23:57:59Z</time>
      </trkpt>
      <trkpt lat="-22.829362945631146" lon="14.96033376082778">
        <ele>362.39999999999998</ele>
        <time>2024-11-26T23:58:18Z</time>
      </trkpt>
      <trkpt lat="-22.829342493787408" lon="14.960278272628784">
        <ele>362.39999999999998</ele>
        <time>2024-11-26T23:58:38Z</time>
      </trkpt>
      <trkpt lat="-22.829320365563035" lon="14.96021649800241">
        <ele>362</ele>
        <time>2024-11-26T23:58:57Z</time>
      </trkpt>
      <trkpt lat="-22.829277785494924" lon="14.96008993126452">
        <ele>362.19999999999999</ele>
        <time>2024-11-26T23:59:16Z</time>
      </trkpt>
      <trkpt lat="-22.829175107181072" lon="14.959805281832814">
        <ele>362.39999999999998</ele>
        <time>2024-11-26T23:59:35Z</time>
      </trkpt>
      <trkpt lat="-22.829118361696601" lon="14.959645858034492">
        <ele>362.39999999999998</ele>
        <time>2024-11-26T23:59:55Z</time>
      </trkpt>
      <trkpt lat="-22.828912502154708" lon="14.959066333249211">
        <ele>362.60000000000002</ele>
        <time>2024-11-27T00:00:14Z</time>
      </trkpt>
      <trkpt lat="-22.828798675909638" lon="14.958763578906655">
        <ele>362.60000000000002</ele>
        <time>2024-11-27T00:00:33Z</time>
      </trkpt>
      <trkpt lat="-22.82872449606657" lon="14.958560569211841">
        <ele>362.60000000000002</ele>
        <time>2024-11-27T00:00:53Z</time>
      </trkpt>
      <trkpt lat="-22.82868686132133" lon="14.958461159840226">
        <ele>362.60000000000002</ele>
        <time>2024-11-27T00:01:12Z</time>
      </trkpt>
      <trkpt lat="-22.828656937927008" lon="14.95837633498013">
        <ele>362.60000000000002</ele>
        <time>2024-11-27T00:01:31Z</time>
      </trkpt>
      <trkpt lat="-22.828631373122334" lon="14.958308190107346">
        <ele>362.19999999999999</ele>
        <time>2024-11-27T00:01:51Z</time>
      </trkpt>
      <trkpt lat="-22.828612010926008" lon="14.958254126831889">
        <ele>361.80000000000001</ele>
        <time>2024-11-27T00:02:10Z</time>
      </trkpt>
      <trkpt lat="-22.828598516061902" lon="14.958214228972793">
        <ele>361.19999999999999</ele>
        <time>2024-11-27T00:02:29Z</time>
      </trkpt>
      <trkpt lat="-22.828585105016828" lon="14.958177516236901">
        <ele>361</ele>
        <time>2024-11-27T00:02:49Z</time>
      </trkpt>
      <trkpt lat="-22.828571693971753" lon="14.958143066614866">
        <ele>360.80000000000001</ele>
        <time>2024-11-27T00:03:08Z</time>
      </trkpt>
      <trkpt lat="-22.828559121116996" lon="14.958103755488992">
        <ele>360.80000000000001</ele>
        <time>2024-11-27T00:03:27Z</time>
      </trkpt>
      <trkpt lat="-22.828543866053224" lon="14.958061007782817">
        <ele>360.60000000000002</ele>
        <time>2024-11-27T00:03:47Z</time>
      </trkpt>
      <trkpt lat="-22.828459292650223" lon="14.957818603143096">
        <ele>361</ele>
        <time>2024-11-27T00:04:06Z</time>
      </trkpt>
      <trkpt lat="-22.828390896320343" lon="14.95762238278985">
        <ele>361</ele>
        <time>2024-11-27T00:04:25Z</time>
      </trkpt>
      <trkpt lat="-22.828376647084951" lon="14.95757695287466">
        <ele>360.60000000000002</ele>
        <time>2024-11-27T00:04:45Z</time>
      </trkpt>
      <trkpt lat="-22.828361056745052" lon="14.957532361149788">
        <ele>360.60000000000002</ele>
        <time>2024-11-27T00:05:04Z</time>
      </trkpt>
      <trkpt lat="-22.828343957662582" lon="14.95747871696949">
        <ele>360.60000000000002</ele>
        <time>2024-11-27T00:05:23Z</time>
      </trkpt>
      <trkpt lat="-22.828286876901984" lon="14.957300685346127">
        <ele>360.60000000000002</ele>
        <time>2024-11-27T00:05:43Z</time>
      </trkpt>
      <trkpt lat="-22.828258210793138" lon="14.957217620685697">
        <ele>360.39999999999998</ele>
        <time>2024-11-27T00:06:02Z</time>
      </trkpt>
      <trkpt lat="-22.828245721757412" lon="14.95717965066433">
        <ele>360.19999999999999</ele>
        <time>2024-11-27T00:06:22Z</time>
      </trkpt>
      <trkpt lat="-22.828232813626528" lon="14.957138495519757">
        <ele>360.19999999999999</ele>
        <time>2024-11-27T00:06:41Z</time>
      </trkpt>
      <trkpt lat="-22.828165926039219" lon="14.956980831921101">
        <ele>360.39999999999998</ele>
        <time>2024-11-27T00:07:00Z</time>
      </trkpt>
      <trkpt lat="-22.828081855550408" lon="14.956838088110089">
        <ele>360.39999999999998</ele>
        <time>2024-11-27T00:07:20Z</time>
      </trkpt>
      <trkpt lat="-22.82807263545692" lon="14.956792490556836">
        <ele>360.39999999999998</ele>
        <time>2024-11-27T00:07:39Z</time>
      </trkpt>
      <trkpt lat="-22.828069953247905" lon="14.956744881346822">
        <ele>360.39999999999998</ele>
        <time>2024-11-27T00:07:58Z</time>
      </trkpt>
      <trkpt lat="-22.828059811145067" lon="14.956692075356841">
        <ele>360.19999999999999</ele>
        <time>2024-11-27T00:08:18Z</time>
      </trkpt>
      <trkpt lat="-22.828014548867941" lon="14.956583362072706">
        <ele>360.19999999999999</ele>
        <time>2024-11-27T00:08:37Z</time>
      </trkpt>
      <trkpt lat="-22.827883204445243" lon="14.956235429272056">
        <ele>360</ele>
        <time>2024-11-27T00:08:56Z</time>
      </trkpt>
      <trkpt lat="-22.827867530286312" lon="14.95619066990912">
        <ele>360</ele>
        <time>2024-11-27T00:09:16Z</time>
      </trkpt>
      <trkpt lat="-22.827851520851254" lon="14.956142222508788">
        <ele>359.80000000000001</ele>
        <time>2024-11-27T00:09:35Z</time>
      </trkpt>
      <trkpt lat="-22.827833499759436" lon="14.956086650490761">
        <ele>359.60000000000002</ele>
        <time>2024-11-27T00:09:54Z</time>
      </trkpt>
      <trkpt lat="-22.827770719304681" lon="14.9558808747679">
        <ele>359.60000000000002</ele>
        <time>2024-11-27T00:10:14Z</time>
      </trkpt>
      <trkpt lat="-22.827632166445255" lon="14.955517183989286">
        <ele>359.80000000000001</ele>
        <time>2024-11-27T00:10:33Z</time>
      </trkpt>
      <trkpt lat="-22.827601404860616" lon="14.955447865650058">
        <ele>359.60000000000002</ele>
        <time>2024-11-27T00:10:52Z</time>
      </trkpt>
      <trkpt lat="-22.827571062371135" lon="14.955382654443383">
        <ele>359.60000000000002</ele>
        <time>2024-11-27T00:11:12Z</time>
      </trkpt>
      <trkpt lat="-22.827546587213874" lon="14.955318616703153">
        <ele>359.60000000000002</ele>
        <time>2024-11-27T00:11:31Z</time>
      </trkpt>
      <trkpt lat="-22.827522866427898" lon="14.955256674438715">
        <ele>359.39999999999998</ele>
        <time>2024-11-27T00:11:50Z</time>
      </trkpt>
      <trkpt lat="-22.827497301623225" lon="14.955193977802992">
        <ele>359.39999999999998</ele>
        <time>2024-11-27T00:12:10Z</time>
      </trkpt>
      <trkpt lat="-22.827471485361457" lon="14.955130023881793">
        <ele>359.39999999999998</ele>
        <time>2024-11-27T00:12:29Z</time>
      </trkpt>
      <trkpt lat="-22.827447010204196" lon="14.955066405236721">
        <ele>359.19999999999999</ele>
        <time>2024-11-27T00:12:48Z</time>
      </trkpt>
      <trkpt lat="-22.827425887808204" lon="14.955004462972283">
        <ele>359.19999999999999</ele>
        <time>2024-11-27T00:13:08Z</time>
      </trkpt>
      <trkpt lat="-22.82740568742156" lon="14.954940676689148">
        <ele>359.19999999999999</ele>
        <time>2024-11-27T00:13:27Z</time>
      </trkpt>
      <trkpt lat="-22.827385403215885" lon="14.954875046387315">
        <ele>359.39999999999998</ele>
        <time>2024-11-27T00:13:47Z</time>
      </trkpt>
      <trkpt lat="-22.827315665781498" lon="14.954669522121549">
        <ele>359.39999999999998</ele>
        <time>2024-11-27T00:14:06Z</time>
      </trkpt>
      <trkpt lat="-22.827245676890016" lon="14.954468188807368">
        <ele>359.19999999999999</ele>
        <time>2024-11-27T00:14:25Z</time>
      </trkpt>
      <trkpt lat="-22.827219357714057" lon="14.954400463029742">
        <ele>359.19999999999999</ele>
        <time>2024-11-27T00:14:45Z</time>
      </trkpt>
      <trkpt lat="-22.827157163992524" lon="14.954247660934925">
        <ele>359.39999999999998</ele>
        <time>2024-11-27T00:15:04Z</time>
      </trkpt>
      <trkpt lat="-22.827014084905386" lon="14.953839210793376">
        <ele>359.80000000000001</ele>
        <time>2024-11-27T00:15:23Z</time>
      </trkpt>
      <trkpt lat="-22.826991956681013" lon="14.953772490844131">
        <ele>359.80000000000001</ele>
        <time>2024-11-27T00:15:43Z</time>
      </trkpt>
      <trkpt lat="-22.826975025236607" lon="14.953726725652814">
        <ele>359.60000000000002</ele>
        <time>2024-11-27T00:16:02Z</time>
      </trkpt>
      <trkpt lat="-22.826958848163486" lon="14.953685067594051">
        <ele>359.60000000000002</ele>
        <time>2024-11-27T00:16:21Z</time>
      </trkpt>
      <trkpt lat="-22.826941162347794" lon="14.953638799488544">
        <ele>359.19999999999999</ele>
        <time>2024-11-27T00:16:41Z</time>
      </trkpt>
      <trkpt lat="-22.826917944476008" lon="14.953586161136627">
        <ele>359.19999999999999</ele>
        <time>2024-11-27T00:17:00Z</time>
      </trkpt>
      <trkpt lat="-22.82684275880456" lon="14.953383821994066">
        <ele>359.19999999999999</ele>
        <time>2024-11-27T00:17:20Z</time>
      </trkpt>
      <trkpt lat="-22.826667074114084" lon="14.952911417931318">
        <ele>359.39999999999998</ele>
        <time>2024-11-27T00:17:39Z</time>
      </trkpt>
      <trkpt lat="-22.82664000056684" lon="14.952836064621806">
        <ele>359.19999999999999</ele>
        <time>2024-11-27T00:17:58Z</time>
      </trkpt>
      <trkpt lat="-22.826614184305072" lon="14.952765153720975">
        <ele>358.80000000000001</ele>
        <time>2024-11-27T00:18:18Z</time>
      </trkpt>
      <trkpt lat="-22.826587529852986" lon="14.952701954171062">
        <ele>358.60000000000002</ele>
        <time>2024-11-27T00:18:37Z</time>
      </trkpt>
      <trkpt lat="-22.826562551781535" lon="14.952640933915973">
        <ele>358.39999999999998</ele>
        <time>2024-11-27T00:18:56Z</time>
      </trkpt>
      <trkpt lat="-22.826539920642972" lon="14.952580919489264">
        <ele>358.19999999999999</ele>
        <time>2024-11-27T00:19:16Z</time>
      </trkpt>
      <trkpt lat="-22.826517205685377" lon="14.952517049387097">
        <ele>358.19999999999999</ele>
        <time>2024-11-27T00:19:35Z</time>
      </trkpt>
      <trkpt lat="-22.826383346691728" lon="14.952123686671257">
        <ele>358.19999999999999</ele>
        <time>2024-11-27T00:19:55Z</time>
      </trkpt>
      <trkpt lat="-22.826211350038648" lon="14.951614569872618">
        <ele>358</ele>
        <time>2024-11-27T00:20:14Z</time>
      </trkpt>
      <trkpt lat="-22.82618016935885" lon="14.95152723044157">
        <ele>358</ele>
        <time>2024-11-27T00:20:33Z</time>
      </trkpt>
      <trkpt lat="-22.82614597119391" lon="14.951437544077635">
        <ele>358.19999999999999</ele>
        <time>2024-11-27T00:20:53Z</time>
      </trkpt>
      <trkpt lat="-22.826083190739155" lon="14.951262613758445">
        <ele>358.80000000000001</ele>
        <time>2024-11-27T00:21:12Z</time>
      </trkpt>
      <trkpt lat="-22.825959138572216" lon="14.950933456420898">
        <ele>358.80000000000001</ele>
        <time>2024-11-27T00:21:31Z</time>
      </trkpt>
      <trkpt lat="-22.825928628444672" lon="14.950852990150452">
        <ele>358.60000000000002</ele>
        <time>2024-11-27T00:21:51Z</time>
      </trkpt>
      <trkpt lat="-22.825902393087745" lon="14.950774032622576">
        <ele>358.39999999999998</ele>
        <time>2024-11-27T00:22:10Z</time>
      </trkpt>
      <trkpt lat="-22.825871715322137" lon="14.950695829465985">
        <ele>358.19999999999999</ele>
        <time>2024-11-27T00:22:30Z</time>
      </trkpt>
      <trkpt lat="-22.825847156345844" lon="14.950614105910063">
        <ele>358</ele>
        <time>2024-11-27T00:22:49Z</time>
      </trkpt>
      <trkpt lat="-22.825817484408617" lon="14.950530286878347">
        <ele>358</ele>
        <time>2024-11-27T00:23:08Z</time>
      </trkpt>
      <trkpt lat="-22.825790159404278" lon="14.950442276895046">
        <ele>357.80000000000001</ele>
        <time>2024-11-27T00:23:28Z</time>
      </trkpt>
      <trkpt lat="-22.825735677033663" lon="14.950297940522432">
        <ele>357.60000000000002</ele>
        <time>2024-11-27T00:23:47Z</time>
      </trkpt>
      <trkpt lat="-22.82571354880929" lon="14.950241949409246">
        <ele>357.39999999999998</ele>
        <time>2024-11-27T00:24:07Z</time>
      </trkpt>
      <trkpt lat="-22.825691504403949" lon="14.950190568342805">
        <ele>357.19999999999999</ele>
        <time>2024-11-27T00:24:26Z</time>
      </trkpt>
      <trkpt lat="-22.825667364522815" lon="14.950134074315429">
        <ele>357.19999999999999</ele>
        <time>2024-11-27T00:24:45Z</time>
      </trkpt>
      <trkpt lat="-22.825575834140182" lon="14.949899381026626">
        <ele>357.19999999999999</ele>
        <time>2024-11-27T00:25:05Z</time>
      </trkpt>
      <trkpt lat="-22.825415069237351" lon="14.949480872601271">
        <ele>356.19999999999999</ele>
        <time>2024-11-27T00:25:24Z</time>
      </trkpt>
      <trkpt lat="-22.825386906042695" lon="14.949411889538169">
        <ele>356</ele>
        <time>2024-11-27T00:25:43Z</time>
      </trkpt>
      <trkpt lat="-22.825360419228673" lon="14.949343828484416">
        <ele>355.80000000000001</ele>
        <time>2024-11-27T00:26:03Z</time>
      </trkpt>
      <trkpt lat="-22.825331585481763" lon="14.949270989745855">
        <ele>355.80000000000001</ele>
        <time>2024-11-27T00:26:22Z</time>
      </trkpt>
      <trkpt lat="-22.825222117826343" lon="14.948976365849376">
        <ele>355.60000000000002</ele>
        <time>2024-11-27T00:26:42Z</time>
      </trkpt>
      <trkpt lat="-22.825194960460067" lon="14.948908304795623">
        <ele>355.39999999999998</ele>
        <time>2024-11-27T00:27:01Z</time>
      </trkpt>
      <trkpt lat="-22.825174173340201" lon="14.948840662837029">
        <ele>355.39999999999998</ele>
        <time>2024-11-27T00:27:20Z</time>
      </trkpt>
      <trkpt lat="-22.82515112310648" lon="14.948776541277766">
        <ele>355.19999999999999</ele>
        <time>2024-11-27T00:27:40Z</time>
      </trkpt>
      <trkpt lat="-22.825123546645045" lon="14.948705546557903">
        <ele>355.19999999999999</ele>
        <time>2024-11-27T00:27:59Z</time>
      </trkpt>
      <trkpt lat="-22.825096976011992" lon="14.948626421391964">
        <ele>355.39999999999998</ele>
        <time>2024-11-27T00:28:19Z</time>
      </trkpt>
      <trkpt lat="-22.824918441474438" lon="14.948144545778632">
        <ele>355.39999999999998</ele>
        <time>2024-11-27T00:28:38Z</time>
      </trkpt>
      <trkpt lat="-22.824807548895478" lon="14.94784782640636">
        <ele>354.60000000000002</ele>
        <time>2024-11-27T00:28:57Z</time>
      </trkpt>
      <trkpt lat="-22.824768489226699" lon="14.947752188891172">
        <ele>354.60000000000002</ele>
        <time>2024-11-27T00:29:17Z</time>
      </trkpt>
      <trkpt lat="-22.824730603024364" lon="14.947661496698856">
        <ele>354.39999999999998</ele>
        <time>2024-11-27T00:29:36Z</time>
      </trkpt>
      <trkpt lat="-22.824695901945233" lon="14.947575330734253">
        <ele>354.39999999999998</ele>
        <time>2024-11-27T00:29:56Z</time>
      </trkpt>
      <trkpt lat="-22.824669163674116" lon="14.947500731796026">
        <ele>354</ele>
        <time>2024-11-27T00:30:15Z</time>
      </trkpt>
      <trkpt lat="-22.824648041278124" lon="14.947431413456798">
        <ele>354</ele>
        <time>2024-11-27T00:30:34Z</time>
      </trkpt>
      <trkpt lat="-22.824620632454753" lon="14.947362681850791">
        <ele>353.80000000000001</ele>
        <time>2024-11-27T00:30:54Z</time>
      </trkpt>
      <trkpt lat="-22.824595905840397" lon="14.94728590361774">
        <ele>353.80000000000001</ele>
        <time>2024-11-27T00:31:13Z</time>
      </trkpt>
      <trkpt lat="-22.824531029909849" lon="14.947131676599383">
        <ele>353.39999999999998</ele>
        <time>2024-11-27T00:31:33Z</time>
      </trkpt>
      <trkpt lat="-22.824496077373624" lon="14.947050791233778">
        <ele>353.39999999999998</ele>
        <time>2024-11-27T00:31:52Z</time>
      </trkpt>
      <trkpt lat="-22.824395326897502" lon="14.946778463199735">
        <ele>353</ele>
        <time>2024-11-27T00:32:12Z</time>
      </trkpt>
      <trkpt lat="-22.824361966922879" lon="14.946690117940307">
        <ele>352.80000000000001</ele>
        <time>2024-11-27T00:32:31Z</time>
      </trkpt>
      <trkpt lat="-22.824328355491161" lon="14.946604119613767">
        <ele>352.80000000000001</ele>
        <time>2024-11-27T00:32:50Z</time>
      </trkpt>
      <trkpt lat="-22.824293905869126" lon="14.946518540382385">
        <ele>352.80000000000001</ele>
        <time>2024-11-27T00:33:10Z</time>
      </trkpt>
      <trkpt lat="-22.824263060465455" lon="14.946438577026129">
        <ele>352.60000000000002</ele>
        <time>2024-11-27T00:33:29Z</time>
      </trkpt>
      <trkpt lat="-22.824236741289496" lon="14.946363139897585">
        <ele>352.39999999999998</ele>
        <time>2024-11-27T00:33:49Z</time>
      </trkpt>
      <trkpt lat="-22.824209500104189" lon="14.946285607293248">
        <ele>352.39999999999998</ele>
        <time>2024-11-27T00:34:08Z</time>
      </trkpt>
      <trkpt lat="-22.824183767661452" lon="14.946211092174053">
        <ele>352.39999999999998</ele>
        <time>2024-11-27T00:34:27Z</time>
      </trkpt>
      <trkpt lat="-22.824157113209367" lon="14.946139259263873">
        <ele>352.19999999999999</ele>
        <time>2024-11-27T00:34:47Z</time>
      </trkpt>
      <trkpt lat="-22.824130291119218" lon="14.946076227352023">
        <ele>352.19999999999999</ele>
        <time>2024-11-27T00:35:06Z</time>
      </trkpt>
      <trkpt lat="-22.824100283905864" lon="14.945999700576067">
        <ele>352.19999999999999</ele>
        <time>2024-11-27T00:35:26Z</time>
      </trkpt>
      <trkpt lat="-22.824078407138586" lon="14.945912025868893">
        <ele>352.19999999999999</ele>
        <time>2024-11-27T00:35:45Z</time>
      </trkpt>
      <trkpt lat="-22.824048819020391" lon="14.94583323597908">
        <ele>352</ele>
        <time>2024-11-27T00:36:04Z</time>
      </trkpt>
      <trkpt lat="-22.823912864550948" lon="14.945488153025508">
        <ele>351.80000000000001</ele>
        <time>2024-11-27T00:36:24Z</time>
      </trkpt>
      <trkpt lat="-22.823802223429084" lon="14.945206353440881">
        <ele>351.60000000000002</ele>
        <time>2024-11-27T00:36:43Z</time>
      </trkpt>
      <trkpt lat="-22.823768276721239" lon="14.945126809179783">
        <ele>351.39999999999998</ele>
        <time>2024-11-27T00:37:03Z</time>
      </trkpt>
      <trkpt lat="-22.823736928403378" lon="14.945046594366431">
        <ele>351.19999999999999</ele>
        <time>2024-11-27T00:37:22Z</time>
      </trkpt>
      <trkpt lat="-22.823713375255466" lon="14.944975934922695">
        <ele>351</ele>
        <time>2024-11-27T00:37:42Z</time>
      </trkpt>
      <trkpt lat="-22.823698036372662" lon="14.944925643503666">
        <ele>351</ele>
        <time>2024-11-27T00:38:01Z</time>
      </trkpt>
      <trkpt lat="-22.823682613670826" lon="14.944879207760096">
        <ele>351</ele>
        <time>2024-11-27T00:38:20Z</time>
      </trkpt>
      <trkpt lat="-22.823666604235768" lon="14.944825144484639">
        <ele>350.80000000000001</ele>
        <time>2024-11-27T00:38:40Z</time>
      </trkpt>
      <trkpt lat="-22.823645398020744" lon="14.944761944934726">
        <ele>350.80000000000001</ele>
        <time>2024-11-27T00:38:59Z</time>
      </trkpt>
      <trkpt lat="-22.823619162663817" lon="14.944699499756098">
        <ele>350.80000000000001</ele>
        <time>2024-11-27T00:39:19Z</time>
      </trkpt>
      <trkpt lat="-22.823478346690536" lon="14.944331366568804">
        <ele>351</ele>
        <time>2024-11-27T00:39:38Z</time>
      </trkpt>
      <trkpt lat="-22.823361502960324" lon="14.944015368819237">
        <ele>350.80000000000001</ele>
        <time>2024-11-27T00:39:58Z</time>
      </trkpt>
      <trkpt lat="-22.823333591222763" lon="14.943936243653297">
        <ele>350.80000000000001</ele>
        <time>2024-11-27T00:40:17Z</time>
      </trkpt>
      <trkpt lat="-22.823275420814753" lon="14.943774892017245">
        <ele>350.60000000000002</ele>
        <time>2024-11-27T00:40:36Z</time>
      </trkpt>
      <trkpt lat="-22.823225716128945" lon="14.94364757090807">
        <ele>350.39999999999998</ele>
        <time>2024-11-27T00:40:56Z</time>
      </trkpt>
      <trkpt lat="-22.823212221264839" lon="14.94360264390707">
        <ele>350.39999999999998</ele>
        <time>2024-11-27T00:41:15Z</time>
      </trkpt>
      <trkpt lat="-22.823198642581701" lon="14.943561488762498">
        <ele>350</ele>
        <time>2024-11-27T00:41:35Z</time>
      </trkpt>
      <trkpt lat="-22.823178358376026" lon="14.943513628095388">
        <ele>350</ele>
        <time>2024-11-27T00:41:54Z</time>
      </trkpt>
      <trkpt lat="-22.823128905147314" lon="14.94339837692678">
        <ele>349.80000000000001</ele>
        <time>2024-11-27T00:42:14Z</time>
      </trkpt>
      <trkpt lat="-22.823104513809085" lon="14.943339368328452">
        <ele>350</ele>
        <time>2024-11-27T00:42:33Z</time>
      </trkpt>
      <trkpt lat="-22.823034273460507" lon="14.943161252886057">
        <ele>350</ele>
        <time>2024-11-27T00:42:52Z</time>
      </trkpt>
      <trkpt lat="-22.82301239669323" lon="14.94310861453414">
        <ele>349.80000000000001</ele>
        <time>2024-11-27T00:43:12Z</time>
      </trkpt>
      <trkpt lat="-22.822990771383047" lon="14.943058071658015">
        <ele>349.80000000000001</ele>
        <time>2024-11-27T00:43:31Z</time>
      </trkpt>
      <trkpt lat="-22.822971409186721" lon="14.943009121343493">
        <ele>349.39999999999998</ele>
        <time>2024-11-27T00:43:51Z</time>
      </trkpt>
      <trkpt lat="-22.822953136637807" lon="14.942960673943162">
        <ele>349.19999999999999</ele>
        <time>2024-11-27T00:44:10Z</time>
      </trkpt>
      <trkpt lat="-22.822932349517941" lon="14.942911639809608">
        <ele>349.19999999999999</ele>
        <time>2024-11-27T00:44:30Z</time>
      </trkpt>
      <trkpt lat="-22.822795724496245" lon="14.942565970122814">
        <ele>349.39999999999998</ele>
        <time>2024-11-27T00:44:49Z</time>
      </trkpt>
      <trkpt lat="-22.822651974856853" lon="14.94217537343502">
        <ele>349.19999999999999</ele>
        <time>2024-11-27T00:45:09Z</time>
      </trkpt>
      <trkpt lat="-22.822633869946003" lon="14.942125752568245">
        <ele>348.80000000000001</ele>
        <time>2024-11-27T00:45:28Z</time>
      </trkpt>
      <trkpt lat="-22.822615597397089" lon="14.942073449492455">
        <ele>348.80000000000001</ele>
        <time>2024-11-27T00:45:47Z</time>
      </trkpt>
      <trkpt lat="-22.822596402838826" lon="14.942016201093793">
        <ele>348.80000000000001</ele>
        <time>2024-11-27T00:46:07Z</time>
      </trkpt>
      <trkpt lat="-22.822575950995088" lon="14.941949145868421">
        <ele>348.80000000000001</ele>
        <time>2024-11-27T00:46:26Z</time>
      </trkpt>
      <trkpt lat="-22.822438403964043" lon="14.941582940518856">
        <ele>348.80000000000001</ele>
        <time>2024-11-27T00:46:46Z</time>
      </trkpt>
      <trkpt lat="-22.822410576045513" lon="14.941511945798993">
        <ele>348.80000000000001</ele>
        <time>2024-11-27T00:47:05Z</time>
      </trkpt>
      <trkpt lat="-22.822385262697935" lon="14.941443633288145">
        <ele>348.80000000000001</ele>
        <time>2024-11-27T00:47:25Z</time>
      </trkpt>
      <trkpt lat="-22.822362715378404" lon="14.941377500072122">
        <ele>348.60000000000002</ele>
        <time>2024-11-27T00:47:44Z</time>
      </trkpt>
      <trkpt lat="-22.822340335696936" lon="14.941315390169621">
        <ele>348.19999999999999</ele>
        <time>2024-11-27T00:48:04Z</time>
      </trkpt>
      <trkpt lat="-22.822316950187087" lon="14.941261913627386">
        <ele>348</ele>
        <time>2024-11-27T00:48:23Z</time>
      </trkpt>
      <trkpt lat="-22.822300437837839" lon="14.941217992454767">
        <ele>347.80000000000001</ele>
        <time>2024-11-27T00:48:42Z</time>
      </trkpt>
      <trkpt lat="-22.822283422574401" lon="14.941174825653434">
        <ele>347.80000000000001</ele>
        <time>2024-11-27T00:49:02Z</time>
      </trkpt>
      <trkpt lat="-22.822269843891263" lon="14.941125540062785">
        <ele>347.80000000000001</ele>
        <time>2024-11-27T00:49:21Z</time>
      </trkpt>
      <trkpt lat="-22.822250984609127" lon="14.941071309149265">
        <ele>347.80000000000001</ele>
        <time>2024-11-27T00:49:41Z</time>
      </trkpt>
      <trkpt lat="-22.822146713733673" lon="14.940791269764304">
        <ele>348.39999999999998</ele>
        <time>2024-11-27T00:50:00Z</time>
      </trkpt>
      <trkpt lat="-22.822055770084262" lon="14.940570825710893">
        <ele>348.39999999999998</ele>
        <time>2024-11-27T00:50:20Z</time>
      </trkpt>
      <trkpt lat="-22.821964826434851" lon="14.940322721377015">
        <ele>348.19999999999999</ele>
        <time>2024-11-27T00:50:39Z</time>
      </trkpt>
      <trkpt lat="-22.821747399866581" lon="14.939715620130301">
        <ele>347.19999999999999</ele>
        <time>2024-11-27T00:50:59Z</time>
      </trkpt>
      <trkpt lat="-22.821722757071257" lon="14.939651498571038">
        <ele>347.19999999999999</ele>
        <time>2024-11-27T00:51:18Z</time>
      </trkpt>
      <trkpt lat="-22.821697359904647" lon="14.939588382840157">
        <ele>346.80000000000001</ele>
        <time>2024-11-27T00:51:38Z</time>
      </trkpt>
      <trkpt lat="-22.821671878919005" lon="14.939525099471211">
        <ele>346.80000000000001</ele>
        <time>2024-11-27T00:51:57Z</time>
      </trkpt>
      <trkpt lat="-22.821643967181444" lon="14.939455194398761">
        <ele>346.80000000000001</ele>
        <time>2024-11-27T00:52:16Z</time>
      </trkpt>
      <trkpt lat="-22.821583533659577" lon="14.939295267686248">
        <ele>346.60000000000002</ele>
        <time>2024-11-27T00:52:36Z</time>
      </trkpt>
      <trkpt lat="-22.821412878111005" lon="14.938845075666904">
        <ele>346.19999999999999</ele>
        <time>2024-11-27T00:52:55Z</time>
      </trkpt>
      <trkpt lat="-22.821379099041224" lon="14.938760753720999">
        <ele>346.19999999999999</ele>
        <time>2024-11-27T00:53:15Z</time>
      </trkpt>
      <trkpt lat="-22.821353115141392" lon="14.938688669353724">
        <ele>346</ele>
        <time>2024-11-27T00:53:34Z</time>
      </trkpt>
      <trkpt lat="-22.821331322193146" lon="14.93862303905189">
        <ele>345.80000000000001</ele>
        <time>2024-11-27T00:53:54Z</time>
      </trkpt>
      <trkpt lat="-22.821309948340058" lon="14.938563527539372">
        <ele>345.60000000000002</ele>
        <time>2024-11-27T00:54:13Z</time>
      </trkpt>
      <trkpt lat="-22.821288742125034" lon="14.938500160351396">
        <ele>345.39999999999998</ele>
        <time>2024-11-27T00:54:33Z</time>
      </trkpt>
      <trkpt lat="-22.821262842044234" lon="14.93843344040215">
        <ele>345.39999999999998</ele>
        <time>2024-11-27T00:54:52Z</time>
      </trkpt>
      <trkpt lat="-22.821152368560433" lon="14.938142504543066">
        <ele>345.80000000000001</ele>
        <time>2024-11-27T00:55:12Z</time>
      </trkpt>
      <trkpt lat="-22.821044577285647" lon="14.937841678038239">
        <ele>345.60000000000002</ele>
        <time>2024-11-27T00:55:31Z</time>
      </trkpt>
      <trkpt lat="-22.821020521223545" lon="14.937781747430563">
        <ele>345.39999999999998</ele>
        <time>2024-11-27T00:55:51Z</time>
      </trkpt>
      <trkpt lat="-22.821000153198838" lon="14.93773128837347">
        <ele>345.19999999999999</ele>
        <time>2024-11-27T00:56:10Z</time>
      </trkpt>
      <trkpt lat="-22.820980371907353" lon="14.937680745497346">
        <ele>345</ele>
        <time>2024-11-27T00:56:30Z</time>
      </trkpt>
      <trkpt lat="-22.820959752425551" lon="14.937630873173475">
        <ele>345</ele>
        <time>2024-11-27T00:56:49Z</time>
      </trkpt>
      <trkpt lat="-22.820936115458608" lon="14.937575971707702">
        <ele>345</ele>
        <time>2024-11-27T00:57:09Z</time>
      </trkpt>
      <trkpt lat="-22.820886829867959" lon="14.937451332807541">
        <ele>345</ele>
        <time>2024-11-27T00:57:28Z</time>
      </trkpt>
      <trkpt lat="-22.820712402462959" lon="14.936998710036278">
        <ele>344.80000000000001</ele>
        <time>2024-11-27T00:57:47Z</time>
      </trkpt>
      <trkpt lat="-22.820583488792181" lon="14.936641808599234">
        <ele>344.80000000000001</ele>
        <time>2024-11-27T00:58:07Z</time>
      </trkpt>
      <trkpt lat="-22.820550799369812" lon="14.936544243246317">
        <ele>344.80000000000001</ele>
        <time>2024-11-27T00:58:26Z</time>
      </trkpt>
      <trkpt lat="-22.820449881255627" lon="14.936271412298083">
        <ele>344.80000000000001</ele>
        <time>2024-11-27T00:58:46Z</time>
      </trkpt>
      <trkpt lat="-22.820418449118733" lon="14.936186503618956">
        <ele>344.80000000000001</ele>
        <time>2024-11-27T00:59:05Z</time>
      </trkpt>
      <trkpt lat="-22.82038458622992" lon="14.936104696244001">
        <ele>344.80000000000001</ele>
        <time>2024-11-27T00:59:25Z</time>
      </trkpt>
      <trkpt lat="-22.820350304245949" lon="14.936021212488413">
        <ele>344.80000000000001</ele>
        <time>2024-11-27T00:59:44Z</time>
      </trkpt>
      <trkpt lat="-22.820316357538104" lon="14.935930771753192">
        <ele>344.80000000000001</ele>
        <time>2024-11-27T01:00:04Z</time>
      </trkpt>
      <trkpt lat="-22.820138074457645" lon="14.935471108183265">
        <ele>344.80000000000001</ele>
        <time>2024-11-27T01:00:23Z</time>
      </trkpt>
      <trkpt lat="-22.819910505786538" lon="14.934861660003662">
        <ele>344.60000000000002</ele>
        <time>2024-11-27T01:00:43Z</time>
      </trkpt>
      <trkpt lat="-22.819868763908744" lon="14.934740709140897">
        <ele>344.39999999999998</ele>
        <time>2024-11-27T01:01:02Z</time>
      </trkpt>
      <trkpt lat="-22.819669023156166" lon="14.934202004224062">
        <ele>344.19999999999999</ele>
        <time>2024-11-27T01:01:22Z</time>
      </trkpt>
      <trkpt lat="-22.819522926583886" lon="14.933784836903214">
        <ele>344</ele>
        <time>2024-11-27T01:01:41Z</time>
      </trkpt>
      <trkpt lat="-22.819474311545491" lon="14.933651983737946">
        <ele>343.80000000000001</ele>
        <time>2024-11-27T01:02:01Z</time>
      </trkpt>
      <trkpt lat="-22.819425445050001" lon="14.933520890772343">
        <ele>343.80000000000001</ele>
        <time>2024-11-27T01:02:20Z</time>
      </trkpt>
      <trkpt lat="-22.819375991821289" lon="14.933389546349645">
        <ele>343.39999999999998</ele>
        <time>2024-11-27T01:02:40Z</time>
      </trkpt>
      <trkpt lat="-22.819328047335148" lon="14.933260129764676">
        <ele>343.19999999999999</ele>
        <time>2024-11-27T01:02:59Z</time>
      </trkpt>
      <trkpt lat="-22.819283455610275" lon="14.933134065940976">
        <ele>343</ele>
        <time>2024-11-27T01:03:19Z</time>
      </trkpt>
      <trkpt lat="-22.819238528609276" lon="14.933009427040815">
        <ele>342.60000000000002</ele>
        <time>2024-11-27T01:03:38Z</time>
      </trkpt>
      <trkpt lat="-22.819193433970213" lon="14.932884369045496">
        <ele>342.19999999999999</ele>
        <time>2024-11-27T01:03:58Z</time>
      </trkpt>
      <trkpt lat="-22.81915026716888" lon="14.932762663811445">
        <ele>342</ele>
        <time>2024-11-27T01:04:17Z</time>
      </trkpt>
      <trkpt lat="-22.819103412330151" lon="14.932642383500934">
        <ele>341.80000000000001</ele>
        <time>2024-11-27T01:04:37Z</time>
      </trkpt>
      <trkpt lat="-22.819053791463375" lon="14.932525455951691">
        <ele>341.60000000000002</ele>
        <time>2024-11-27T01:04:56Z</time>
      </trkpt>
      <trkpt lat="-22.819003751501441" lon="14.932410037145019">
        <ele>341.60000000000002</ele>
        <time>2024-11-27T01:05:16Z</time>
      </trkpt>
      <trkpt lat="-22.8189558070153" lon="14.932293109595776">
        <ele>341.39999999999998</ele>
        <time>2024-11-27T01:05:35Z</time>
      </trkpt>
      <trkpt lat="-22.818865785375237" lon="14.932056572288275">
        <ele>341.39999999999998</ele>
        <time>2024-11-27T01:05:55Z</time>
      </trkpt>
      <trkpt lat="-22.818825300782919" lon="14.931945260614157">
        <ele>341</ele>
        <time>2024-11-27T01:06:14Z</time>
      </trkpt>
      <trkpt lat="-22.818784229457378" lon="14.931842833757401">
        <ele>340.39999999999998</ele>
        <time>2024-11-27T01:06:34Z</time>
      </trkpt>
      <trkpt lat="-22.818748690187931" lon="14.931758847087622">
        <ele>340</ele>
        <time>2024-11-27T01:06:53Z</time>
      </trkpt>
      <trkpt lat="-22.818720610812306" lon="14.931694474071264">
        <ele>339.80000000000001</ele>
        <time>2024-11-27T01:07:13Z</time>
      </trkpt>
      <trkpt lat="-22.818697895854712" lon="14.931645272299647">
        <ele>339.60000000000002</ele>
        <time>2024-11-27T01:07:32Z</time>
      </trkpt>
      <trkpt lat="-22.8186777792871" lon="14.931593723595142">
        <ele>339.60000000000002</ele>
        <time>2024-11-27T01:07:52Z</time>
      </trkpt>
      <trkpt lat="-22.818657411262393" lon="14.931539073586464">
        <ele>339.60000000000002</ele>
        <time>2024-11-27T01:08:12Z</time>
      </trkpt>
      <trkpt lat="-22.818636959418654" lon="14.931475790217519">
        <ele>339.60000000000002</ele>
        <time>2024-11-27T01:08:31Z</time>
      </trkpt>
      <trkpt lat="-22.818583734333515" lon="14.931321647018194">
        <ele>340</ele>
        <time>2024-11-27T01:08:51Z</time>
      </trkpt>
      <trkpt lat="-22.818421544507146" lon="14.930860307067633">
        <ele>340</ele>
        <time>2024-11-27T01:09:10Z</time>
      </trkpt>
      <trkpt lat="-22.818387262523174" lon="14.930774476379156">
        <ele>340</ele>
        <time>2024-11-27T01:09:30Z</time>
      </trkpt>
      <trkpt lat="-22.818352812901139" lon="14.930690992623568">
        <ele>339.39999999999998</ele>
        <time>2024-11-27T01:09:49Z</time>
      </trkpt>
      <trkpt lat="-22.818321883678436" lon="14.93060851469636">
        <ele>339.19999999999999</ele>
        <time>2024-11-27T01:10:09Z</time>
      </trkpt>
      <trkpt lat="-22.818292798474431" lon="14.930529473349452">
        <ele>339.19999999999999</ele>
        <time>2024-11-27T01:10:28Z</time>
      </trkpt>
      <trkpt lat="-22.818264551460743" lon="14.93044875562191">
        <ele>339.19999999999999</ele>
        <time>2024-11-27T01:10:48Z</time>
      </trkpt>
      <trkpt lat="-22.81823999248445" lon="14.930359404534101">
        <ele>339.19999999999999</ele>
        <time>2024-11-27T01:11:07Z</time>
      </trkpt>
      <trkpt lat="-22.818204201757908" lon="14.929980793967843">
        <ele>338.80000000000001</ele>
        <time>2024-11-27T01:11:27Z</time>
      </trkpt>
      <trkpt lat="-22.818199340254068" lon="14.929904267191887">
        <ele>338.60000000000002</ele>
        <time>2024-11-27T01:11:46Z</time>
      </trkpt>
      <trkpt lat="-22.818194562569261" lon="14.929849952459335">
        <ele>338.19999999999999</ele>
        <time>2024-11-27T01:12:06Z</time>
      </trkpt>
      <trkpt lat="-22.818186515942216" lon="14.929818939417601">
        <ele>338</ele>
        <time>2024-11-27T01:12:25Z</time>
      </trkpt>
      <trkpt lat="-22.818175284191966" lon="14.929788680747151">
        <ele>338</ele>
        <time>2024-11-27T01:12:45Z</time>
      </trkpt>
      <trkpt lat="-22.818153407424688" lon="14.929746855050325">
        <ele>338</ele>
        <time>2024-11-27T01:13:04Z</time>
      </trkpt>
      <trkpt lat="-22.818091129884124" lon="14.929635459557176">
        <ele>338.19999999999999</ele>
        <time>2024-11-27T01:13:24Z</time>
      </trkpt>
      <trkpt lat="-22.817926928400993" lon="14.929338237270713">
        <ele>338.39999999999998</ele>
        <time>2024-11-27T01:13:43Z</time>
      </trkpt>
      <trkpt lat="-22.817878145724535" lon="14.929273696616292">
        <ele>338.39999999999998</ele>
        <time>2024-11-27T01:14:03Z</time>
      </trkpt>
      <trkpt lat="-22.817754428833723" lon="14.92903808131814">
        <ele>338.60000000000002</ele>
        <time>2024-11-27T01:14:22Z</time>
      </trkpt>
      <trkpt lat="-22.817606152966619" lon="14.928663745522499">
        <ele>338.60000000000002</ele>
        <time>2024-11-27T01:14:42Z</time>
      </trkpt>
      <trkpt lat="-22.817565416917205" lon="14.928568359464407">
        <ele>338.60000000000002</ele>
        <time>2024-11-27T01:15:02Z</time>
      </trkpt>
      <trkpt lat="-22.817478580400348" lon="14.928391836583614">
        <ele>338.19999999999999</ele>
        <time>2024-11-27T01:15:21Z</time>
      </trkpt>
      <trkpt lat="-22.817446896806359" lon="14.928316064178944">
        <ele>338</ele>
        <time>2024-11-27T01:15:41Z</time>
      </trkpt>
      <trkpt lat="-22.817420326173306" lon="14.928238363936543">
        <ele>337.80000000000001</ele>
        <time>2024-11-27T01:16:00Z</time>
      </trkpt>
      <trkpt lat="-22.817394426092505" lon="14.928156137466431">
        <ele>337.80000000000001</ele>
        <time>2024-11-27T01:16:20Z</time>
      </trkpt>
      <trkpt lat="-22.817296693101525" lon="14.92788003757596">
        <ele>337.60000000000002</ele>
        <time>2024-11-27T01:16:39Z</time>
      </trkpt>
      <trkpt lat="-22.81706040725112" lon="14.927256256341934">
        <ele>337.39999999999998</ele>
        <time>2024-11-27T01:16:59Z</time>
      </trkpt>
      <trkpt lat="-22.817030902951956" lon="14.92717444896698">
        <ele>337</ele>
        <time>2024-11-27T01:17:18Z</time>
      </trkpt>
      <trkpt lat="-22.817005924880505" lon="14.92709775455296">
        <ele>337</ele>
        <time>2024-11-27T01:17:38Z</time>
      </trkpt>
      <trkpt lat="-22.816979857161641" lon="14.927024496719241">
        <ele>336.80000000000001</ele>
        <time>2024-11-27T01:17:57Z</time>
      </trkpt>
      <trkpt lat="-22.816950185224414" lon="14.926946796476841">
        <ele>336.80000000000001</ele>
        <time>2024-11-27T01:18:17Z</time>
      </trkpt>
      <trkpt lat="-22.816839292645454" lon="14.926659716293216">
        <ele>337</ele>
        <time>2024-11-27T01:18:37Z</time>
      </trkpt>
      <trkpt lat="-22.816630080342293" lon="14.926101565361023">
        <ele>337.39999999999998</ele>
        <time>2024-11-27T01:18:56Z</time>
      </trkpt>
      <trkpt lat="-22.8164984844625" lon="14.9257418140769">
        <ele>337</ele>
        <time>2024-11-27T01:19:16Z</time>
      </trkpt>
      <trkpt lat="-22.81640955246985" lon="14.92551214993">
        <ele>337</ele>
        <time>2024-11-27T01:19:35Z</time>
      </trkpt>
      <trkpt lat="-22.816367642953992" lon="14.925399832427502">
        <ele>336.80000000000001</ele>
        <time>2024-11-27T01:19:55Z</time>
      </trkpt>
      <trkpt lat="-22.816327325999737" lon="14.92528785020113">
        <ele>336.60000000000002</ele>
        <time>2024-11-27T01:20:14Z</time>
      </trkpt>
      <trkpt lat="-22.816290277987719" lon="14.925185674801469">
        <ele>336.39999999999998</ele>
        <time>2024-11-27T01:20:34Z</time>
      </trkpt>
      <trkpt lat="-22.81626203097403" lon="14.925106633454561">
        <ele>336.19999999999999</ele>
        <time>2024-11-27T01:20:53Z</time>
      </trkpt>
      <trkpt lat="-22.81623512506485" lon="14.925035303458571">
        <ele>335.80000000000001</ele>
        <time>2024-11-27T01:21:13Z</time>
      </trkpt>
      <trkpt lat="-22.816205704584718" lon="14.924961123615503">
        <ele>335.60000000000002</ele>
        <time>2024-11-27T01:21:33Z</time>
      </trkpt>
      <trkpt lat="-22.816175362095237" lon="14.924884596839547">
        <ele>335.60000000000002</ele>
        <time>2024-11-27T01:21:52Z</time>
      </trkpt>
      <trkpt lat="-22.816108977422118" lon="14.924704553559422">
        <ele>335.60000000000002</ele>
        <time>2024-11-27T01:22:12Z</time>
      </trkpt>
      <trkpt lat="-22.815875206142664" lon="14.924099463969469">
        <ele>335.60000000000002</ele>
        <time>2024-11-27T01:22:31Z</time>
      </trkpt>
      <trkpt lat="-22.815841510891914" lon="14.924000725150108">
        <ele>335.60000000000002</ele>
        <time>2024-11-27T01:22:51Z</time>
      </trkpt>
      <trkpt lat="-22.815808737650514" lon="14.923908021301031">
        <ele>335.60000000000002</ele>
        <time>2024-11-27T01:23:10Z</time>
      </trkpt>
      <trkpt lat="-22.81577386893332" lon="14.923815233632922">
        <ele>335.39999999999998</ele>
        <time>2024-11-27T01:23:30Z</time>
      </trkpt>
      <trkpt lat="-22.815737742930651" lon="14.923718255013227">
        <ele>335.39999999999998</ele>
        <time>2024-11-27T01:23:49Z</time>
      </trkpt>
      <trkpt lat="-22.815624503418803" lon="14.923407705500722">
        <ele>335.39999999999998</ele>
        <time>2024-11-27T01:24:09Z</time>
      </trkpt>
      <trkpt lat="-22.815507240593433" lon="14.923107968643308">
        <ele>335.39999999999998</ele>
        <time>2024-11-27T01:24:29Z</time>
      </trkpt>
      <trkpt lat="-22.815471952781081" lon="14.923014091327786">
        <ele>335.39999999999998</ele>
        <time>2024-11-27T01:24:48Z</time>
      </trkpt>
      <trkpt lat="-22.815436078235507" lon="14.922918621450663">
        <ele>335</ele>
        <time>2024-11-27T01:25:08Z</time>
      </trkpt>
      <trkpt lat="-22.815400371327996" lon="14.922821810469031">
        <ele>334.80000000000001</ele>
        <time>2024-11-27T01:25:27Z</time>
      </trkpt>
      <trkpt lat="-22.815260393545032" lon="14.922433644533157">
        <ele>334.60000000000002</ele>
        <time>2024-11-27T01:25:47Z</time>
      </trkpt>
      <trkpt lat="-22.815225776284933" lon="14.922345466911793">
        <ele>334.60000000000002</ele>
        <time>2024-11-27T01:26:07Z</time>
      </trkpt>
      <trkpt lat="-22.815196942538023" lon="14.922265503555536">
        <ele>334.39999999999998</ele>
        <time>2024-11-27T01:26:26Z</time>
      </trkpt>
      <trkpt lat="-22.815173724666238" lon="14.922198867425323">
        <ele>334.19999999999999</ele>
        <time>2024-11-27T01:26:46Z</time>
      </trkpt>
      <trkpt lat="-22.815159894526005" lon="14.922146983444691">
        <ele>334.19999999999999</ele>
        <time>2024-11-27T01:27:05Z</time>
      </trkpt>
      <trkpt lat="-22.81513961032033" lon="14.92208831012249">
        <ele>334.39999999999998</ele>
        <time>2024-11-27T01:27:25Z</time>
      </trkpt>
      <trkpt lat="-22.815116727724671" lon="14.922023685649037">
        <ele>334.39999999999998</ele>
        <time>2024-11-27T01:27:44Z</time>
      </trkpt>
      <trkpt lat="-22.81502477824688" lon="14.921805923804641">
        <ele>334.80000000000001</ele>
        <time>2024-11-27T01:28:04Z</time>
      </trkpt>
      <trkpt lat="-22.814895864576101" lon="14.921483304351568">
        <ele>334.60000000000002</ele>
        <time>2024-11-27T01:28:24Z</time>
      </trkpt>
      <trkpt lat="-22.814865773543715" lon="14.921405268833041">
        <ele>334.39999999999998</ele>
        <time>2024-11-27T01:28:43Z</time>
      </trkpt>
      <trkpt lat="-22.81483911909163" lon="14.921328825876117">
        <ele>334.19999999999999</ele>
        <time>2024-11-27T01:29:03Z</time>
      </trkpt>
      <trkpt lat="-22.814812213182449" lon="14.921250455081463">
        <ele>334.19999999999999</ele>
        <time>2024-11-27T01:29:22Z</time>
      </trkpt>
      <trkpt lat="-22.814647927880287" lon="14.920804537832737">
        <ele>334.39999999999998</ele>
        <time>2024-11-27T01:29:42Z</time>
      </trkpt>
      <trkpt lat="-22.814583890140057" lon="14.920646706596017">
        <ele>334.39999999999998</ele>
        <time>2024-11-27T01:30:02Z</time>
      </trkpt>
      <trkpt lat="-22.814564947038889" lon="14.920590296387672">
        <ele>334.19999999999999</ele>
        <time>2024-11-27T01:30:21Z</time>
      </trkpt>
      <trkpt lat="-22.814548937603831" lon="14.920546459034085">
        <ele>333.80000000000001</ele>
        <time>2024-11-27T01:30:41Z</time>
      </trkpt>
      <trkpt lat="-22.814533095806837" lon="14.920500442385674">
        <ele>333.60000000000002</ele>
        <time>2024-11-27T01:31:00Z</time>
      </trkpt>
      <trkpt lat="-22.814514907076955" lon="14.920449564233422">
        <ele>333.60000000000002</ele>
        <time>2024-11-27T01:31:20Z</time>
      </trkpt>
      <trkpt lat="-22.814474506303668" lon="14.92033171467483">
        <ele>333.60000000000002</ele>
        <time>2024-11-27T01:31:39Z</time>
      </trkpt>
      <trkpt lat="-22.814447181299329" lon="14.920263653621078">
        <ele>333.80000000000001</ele>
        <time>2024-11-27T01:31:59Z</time>
      </trkpt>
      <trkpt lat="-22.814356992021203" lon="14.920020662248135">
        <ele>334.39999999999998</ele>
        <time>2024-11-27T01:32:19Z</time>
      </trkpt>
      <trkpt lat="-22.814181977882981" lon="14.919582540169358">
        <ele>335.60000000000002</ele>
        <time>2024-11-27T01:32:38Z</time>
      </trkpt>
      <trkpt lat="-22.814143337309361" lon="14.919499894604087">
        <ele>335.80000000000001</ele>
        <time>2024-11-27T01:32:58Z</time>
      </trkpt>
      <trkpt lat="-22.814112324267626" lon="14.91941012442112">
        <ele>336.19999999999999</ele>
        <time>2024-11-27T01:33:17Z</time>
      </trkpt>
      <trkpt lat="-22.814019871875644" lon="14.919118350371718">
        <ele>336.60000000000002</ele>
        <time>2024-11-27T01:33:37Z</time>
      </trkpt>
      <trkpt lat="-22.813985422253609" lon="14.919017180800438">
        <ele>336.80000000000001</ele>
        <time>2024-11-27T01:33:57Z</time>
      </trkpt>
      <trkpt lat="-22.813867321237922" lon="14.918692968785763">
        <ele>337.60000000000002</ele>
        <time>2024-11-27T01:34:16Z</time>
      </trkpt>
      <trkpt lat="-22.813825998455286" lon="14.918586099520326">
        <ele>337.80000000000001</ele>
        <time>2024-11-27T01:34:36Z</time>
      </trkpt>
      <trkpt lat="-22.813785262405872" lon="14.918479816988111">
        <ele>338</ele>
        <time>2024-11-27T01:34:55Z</time>
      </trkpt>
      <trkpt lat="-22.81374360434711" lon="14.918376635760069">
        <ele>338.60000000000002</ele>
        <time>2024-11-27T01:35:15Z</time>
      </trkpt>
      <trkpt lat="-22.813701359555125" lon="14.918277142569423">
        <ele>338.60000000000002</ele>
        <time>2024-11-27T01:35:35Z</time>
      </trkpt>
      <trkpt lat="-22.81365810893476" lon="14.918174967169762">
        <ele>339</ele>
        <time>2024-11-27T01:35:54Z</time>
      </trkpt>
      <trkpt lat="-22.8136180434376" lon="14.918067175894976">
        <ele>339</ele>
        <time>2024-11-27T01:36:14Z</time>
      </trkpt>
      <trkpt lat="-22.813580743968487" lon="14.91795695386827">
        <ele>339.60000000000002</ele>
        <time>2024-11-27T01:36:33Z</time>
      </trkpt>
      <trkpt lat="-22.813541181385517" lon="14.91784505546093">
        <ele>340</ele>
        <time>2024-11-27T01:36:53Z</time>
      </trkpt>
      <trkpt lat="-22.813501786440611" lon="14.917734330520034">
        <ele>340.39999999999998</ele>
        <time>2024-11-27T01:37:13Z</time>
      </trkpt>
      <trkpt lat="-22.813457446172833" lon="14.917624024674296">
        <ele>340.80000000000001</ele>
        <time>2024-11-27T01:37:32Z</time>
      </trkpt>
      <trkpt lat="-22.81341134570539" lon="14.917514640837908">
        <ele>340.80000000000001</ele>
        <time>2024-11-27T01:37:52Z</time>
      </trkpt>
      <trkpt lat="-22.813361892476678" lon="14.917404167354107">
        <ele>341</ele>
        <time>2024-11-27T01:38:12Z</time>
      </trkpt>
      <trkpt lat="-22.813315121456981" lon="14.917299058288336">
        <ele>341</ele>
        <time>2024-11-27T01:38:31Z</time>
      </trkpt>
      <trkpt lat="-22.813275726512074" lon="14.91719713434577">
        <ele>341</ele>
        <time>2024-11-27T01:38:51Z</time>
      </trkpt>
      <trkpt lat="-22.813238259404898" lon="14.917107196524739">
        <ele>341.39999999999998</ele>
        <time>2024-11-27T01:39:10Z</time>
      </trkpt>
      <trkpt lat="-22.813205318525434" lon="14.917022790759802">
        <ele>341.80000000000001</ele>
        <time>2024-11-27T01:39:30Z</time>
      </trkpt>
      <trkpt lat="-22.813175395131111" lon="14.916934696957469">
        <ele>341.80000000000001</ele>
        <time>2024-11-27T01:39:50Z</time>
      </trkpt>
      <trkpt lat="-22.813145304098725" lon="14.916837550699711">
        <ele>342</ele>
        <time>2024-11-27T01:40:09Z</time>
      </trkpt>
      <trkpt lat="-22.813111776486039" lon="14.916731938719749">
        <ele>343</ele>
        <time>2024-11-27T01:40:29Z</time>
      </trkpt>
      <trkpt lat="-22.813075734302402" lon="14.916621465235949">
        <ele>343</ele>
        <time>2024-11-27T01:40:48Z</time>
      </trkpt>
      <trkpt lat="-22.813032064586878" lon="14.916507890447974">
        <ele>343</ele>
        <time>2024-11-27T01:41:08Z</time>
      </trkpt>
      <trkpt lat="-22.81298621557653" lon="14.916395237669349">
        <ele>343.19999999999999</ele>
        <time>2024-11-27T01:41:28Z</time>
      </trkpt>
      <trkpt lat="-22.812943803146482" lon="14.916276633739471">
        <ele>343.19999999999999</ele>
        <time>2024-11-27T01:41:47Z</time>
      </trkpt>
      <trkpt lat="-22.812902228906751" lon="14.916153503581882">
        <ele>343</ele>
        <time>2024-11-27T01:42:07Z</time>
      </trkpt>
      <trkpt lat="-22.81285772100091" lon="14.916033893823624">
        <ele>343</ele>
        <time>2024-11-27T01:42:27Z</time>
      </trkpt>
      <trkpt lat="-22.812815140932798" lon="14.915915122255683">
        <ele>343</ele>
        <time>2024-11-27T01:42:46Z</time>
      </trkpt>
      <trkpt lat="-22.812779936939478" lon="14.915796853601933">
        <ele>343.19999999999999</ele>
        <time>2024-11-27T01:43:06Z</time>
      </trkpt>
      <trkpt lat="-22.812754455953836" lon="14.915670789778233">
        <ele>343.19999999999999</ele>
        <time>2024-11-27T01:43:25Z</time>
      </trkpt>
      <trkpt lat="-22.812730232253671" lon="14.915543217211962">
        <ele>343.19999999999999</ele>
        <time>2024-11-27T01:43:45Z</time>
      </trkpt>
      <trkpt lat="-22.812701901420951" lon="14.915418662130833">
        <ele>343</ele>
        <time>2024-11-27T01:44:05Z</time>
      </trkpt>
      <trkpt lat="-22.812674660235643" lon="14.915295783430338">
        <ele>343</ele>
        <time>2024-11-27T01:44:24Z</time>
      </trkpt>
      <trkpt lat="-22.812649765983224" lon="14.915176089853048">
        <ele>342.60000000000002</ele>
        <time>2024-11-27T01:44:44Z</time>
      </trkpt>
      <trkpt lat="-22.812625793740153" lon="14.915057150647044">
        <ele>342.39999999999998</ele>
        <time>2024-11-27T01:45:04Z</time>
      </trkpt>
      <trkpt lat="-22.81260073184967" lon="14.914936115965247">
        <ele>342.19999999999999</ele>
        <time>2024-11-27T01:45:23Z</time>
      </trkpt>
      <trkpt lat="-22.81257776543498" lon="14.914809800684452">
        <ele>341.80000000000001</ele>
        <time>2024-11-27T01:45:43Z</time>
      </trkpt>
      <trkpt lat="-22.812554882839322" lon="14.914685245603323">
        <ele>341.39999999999998</ele>
        <time>2024-11-27T01:46:02Z</time>
      </trkpt>
      <trkpt lat="-22.812528815120459" lon="14.914558846503496">
        <ele>341.39999999999998</ele>
        <time>2024-11-27T01:46:22Z</time>
      </trkpt>
      <trkpt lat="-22.812498807907104" lon="14.914432447403669">
        <ele>341.19999999999999</ele>
        <time>2024-11-27T01:46:42Z</time>
      </trkpt>
      <trkpt lat="-22.812409205362201" lon="14.914048556238413">
        <ele>340.80000000000001</ele>
        <time>2024-11-27T01:47:01Z</time>
      </trkpt>
      <trkpt lat="-22.812381377443671" lon="14.913927018642426">
        <ele>340.80000000000001</ele>
        <time>2024-11-27T01:47:21Z</time>
      </trkpt>
      <trkpt lat="-22.812354722991586" lon="14.913821909576654">
        <ele>340.80000000000001</ele>
        <time>2024-11-27T01:47:41Z</time>
      </trkpt>
      <trkpt lat="-22.812331421300769" lon="14.913738342002034">
        <ele>340.60000000000002</ele>
        <time>2024-11-27T01:48:00Z</time>
      </trkpt>
      <trkpt lat="-22.812311472371221" lon="14.913668436929584">
        <ele>340.39999999999998</ele>
        <time>2024-11-27T01:48:20Z</time>
      </trkpt>
      <trkpt lat="-22.812303090468049" lon="14.913619067519903">
        <ele>340.39999999999998</ele>
        <time>2024-11-27T01:48:39Z</time>
      </trkpt>
      <trkpt lat="-22.812296217307448" lon="14.913574559614062">
        <ele>340.19999999999999</ele>
        <time>2024-11-27T01:48:59Z</time>
      </trkpt>
      <trkpt lat="-22.812287248671055" lon="14.913522424176335">
        <ele>340.19999999999999</ele>
        <time>2024-11-27T01:49:19Z</time>
      </trkpt>
      <trkpt lat="-22.812273250892758" lon="14.913458805531263">
        <ele>340</ele>
        <time>2024-11-27T01:49:38Z</time>
      </trkpt>
      <trkpt lat="-22.812231257557869" lon="14.913305332884192">
        <ele>339.80000000000001</ele>
        <time>2024-11-27T01:49:58Z</time>
      </trkpt>
      <trkpt lat="-22.812208374962211" lon="14.913217825815082">
        <ele>339.39999999999998</ele>
        <time>2024-11-27T01:50:18Z</time>
      </trkpt>
      <trkpt lat="-22.812121286988258" lon="14.912800407037139">
        <ele>338.39999999999998</ele>
        <time>2024-11-27T01:50:37Z</time>
      </trkpt>
      <trkpt lat="-22.812098152935505" lon="14.912684904411435">
        <ele>337.80000000000001</ele>
        <time>2024-11-27T01:50:57Z</time>
      </trkpt>
      <trkpt lat="-22.811996480450034" lon="14.912222810089588">
        <ele>337.60000000000002</ele>
        <time>2024-11-27T01:51:17Z</time>
      </trkpt>
      <trkpt lat="-22.811941998079419" lon="14.911970347166061">
        <ele>337.39999999999998</ele>
        <time>2024-11-27T01:51:36Z</time>
      </trkpt>
      <trkpt lat="-22.811824735254049" lon="14.91143767721951">
        <ele>336.80000000000001</ele>
        <time>2024-11-27T01:51:56Z</time>
      </trkpt>
      <trkpt lat="-22.811763547360897" lon="14.911164259538054">
        <ele>336.60000000000002</ele>
        <time>2024-11-27T01:52:16Z</time>
      </trkpt>
      <trkpt lat="-22.811681656166911" lon="14.910748517140746">
        <ele>335.80000000000001</ele>
        <time>2024-11-27T01:52:35Z</time>
      </trkpt>
      <trkpt lat="-22.811630442738533" lon="14.910492449998856">
        <ele>334.80000000000001</ele>
        <time>2024-11-27T01:52:55Z</time>
      </trkpt>
      <trkpt lat="-22.811610996723175" lon="14.910391448065639">
        <ele>334.60000000000002</ele>
        <time>2024-11-27T01:53:15Z</time>
      </trkpt>
      <trkpt lat="-22.81159314326942" lon="14.910300085321069">
        <ele>333.80000000000001</ele>
        <time>2024-11-27T01:53:34Z</time>
      </trkpt>
      <trkpt lat="-22.811575373634696" lon="14.910214422270656">
        <ele>333.60000000000002</ele>
        <time>2024-11-27T01:53:54Z</time>
      </trkpt>
      <trkpt lat="-22.811551820486784" lon="14.910128591582179">
        <ele>333.19999999999999</ele>
        <time>2024-11-27T01:54:13Z</time>
      </trkpt>
      <trkpt lat="-22.811527093872428" lon="14.910037312656641">
        <ele>333.19999999999999</ele>
        <time>2024-11-27T01:54:33Z</time>
      </trkpt>
      <trkpt lat="-22.811503121629357" lon="14.909944524988532">
        <ele>333.19999999999999</ele>
        <time>2024-11-27T01:54:53Z</time>
      </trkpt>
      <trkpt lat="-22.811438664793968" lon="14.909521406516433">
        <ele>333</ele>
        <time>2024-11-27T01:55:12Z</time>
      </trkpt>
      <trkpt lat="-22.811399437487125" lon="14.909314038231969">
        <ele>332.80000000000001</ele>
        <time>2024-11-27T01:55:32Z</time>
      </trkpt>
      <trkpt lat="-22.811377644538879" lon="14.909212533384562">
        <ele>332.60000000000002</ele>
        <time>2024-11-27T01:55:52Z</time>
      </trkpt>
      <trkpt lat="-22.811351241543889" lon="14.909109184518456">
        <ele>332.60000000000002</ele>
        <time>2024-11-27T01:56:11Z</time>
      </trkpt>
      <trkpt lat="-22.811303297057748" lon="14.908890165388584">
        <ele>332.60000000000002</ele>
        <time>2024-11-27T01:56:31Z</time>
      </trkpt>
      <trkpt lat="-22.811254262924194" lon="14.908663770183921">
        <ele>332.39999999999998</ele>
        <time>2024-11-27T01:56:51Z</time>
      </trkpt>
      <trkpt lat="-22.811107076704502" lon="14.908106289803982">
        <ele>331.80000000000001</ele>
        <time>2024-11-27T01:57:10Z</time>
      </trkpt>
      <trkpt lat="-22.811080003157258" lon="14.908000845462084">
        <ele>331.39999999999998</ele>
        <time>2024-11-27T01:57:30Z</time>
      </trkpt>
      <trkpt lat="-22.811054857447743" lon="14.90790487267077">
        <ele>331.39999999999998</ele>
        <time>2024-11-27T01:57:50Z</time>
      </trkpt>
      <trkpt lat="-22.811031807214022" lon="14.907823232933879">
        <ele>331</ele>
        <time>2024-11-27T01:58:10Z</time>
      </trkpt>
      <trkpt lat="-22.811013115569949" lon="14.907750813290477">
        <ele>330.80000000000001</ele>
        <time>2024-11-27T01:58:29Z</time>
      </trkpt>
      <trkpt lat="-22.811001213267446" lon="14.907678896561265">
        <ele>330.39999999999998</ele>
        <time>2024-11-27T01:58:49Z</time>
      </trkpt>
      <trkpt lat="-22.810990903526545" lon="14.907602202147245">
        <ele>330.19999999999999</ele>
        <time>2024-11-27T01:59:09Z</time>
      </trkpt>
      <trkpt lat="-22.810973133891821" lon="14.907522741705179">
        <ele>330</ele>
        <time>2024-11-27T01:59:28Z</time>
      </trkpt>
      <trkpt lat="-22.81094086356461" lon="14.90734588354826">
        <ele>330</ele>
        <time>2024-11-27T01:59:48Z</time>
      </trkpt>
      <trkpt lat="-22.81089048832655" lon="14.907174138352275">
        <ele>330</ele>
        <time>2024-11-27T02:00:08Z</time>
      </trkpt>
      <trkpt lat="-22.810869785025716" lon="14.907084451988339">
        <ele>330</ele>
        <time>2024-11-27T02:00:27Z</time>
      </trkpt>
      <trkpt lat="-22.810844471678138" lon="14.906899882480502">
        <ele>329.60000000000002</ele>
        <time>2024-11-27T02:00:47Z</time>
      </trkpt>
      <trkpt lat="-22.810760987922549" lon="14.906512470915914">
        <ele>329</ele>
        <time>2024-11-27T02:01:07Z</time>
      </trkpt>
      <trkpt lat="-22.810736764222383" lon="14.906401662155986">
        <ele>329</ele>
        <time>2024-11-27T02:01:26Z</time>
      </trkpt>
      <trkpt lat="-22.810609778389335" lon="14.905783999711275">
        <ele>328.80000000000001</ele>
        <time>2024-11-27T02:01:46Z</time>
      </trkpt>
      <trkpt lat="-22.810486983507872" lon="14.905225597321987">
        <ele>328.19999999999999</ele>
        <time>2024-11-27T02:02:06Z</time>
      </trkpt>
      <trkpt lat="-22.810456473380327" lon="14.905081428587437">
        <ele>327.80000000000001</ele>
        <time>2024-11-27T02:02:25Z</time>
      </trkpt>
      <trkpt lat="-22.810428142547607" lon="14.904940612614155">
        <ele>327.60000000000002</ele>
        <time>2024-11-27T02:02:45Z</time>
      </trkpt>
      <trkpt lat="-22.810395369306207" lon="14.904806837439537">
        <ele>327.39999999999998</ele>
        <time>2024-11-27T02:03:05Z</time>
      </trkpt>
      <trkpt lat="-22.810359494760633" lon="14.904680773615837">
        <ele>327.19999999999999</ele>
        <time>2024-11-27T02:03:24Z</time>
      </trkpt>
      <trkpt lat="-22.810339210554957" lon="14.904566528275609">
        <ele>326.80000000000001</ele>
        <time>2024-11-27T02:03:44Z</time>
      </trkpt>
      <trkpt lat="-22.810335773974657" lon="14.904459407553077">
        <ele>326.39999999999998</ele>
        <time>2024-11-27T02:04:04Z</time>
      </trkpt>
      <trkpt lat="-22.810319596901536" lon="14.904353125020862">
        <ele>326.19999999999999</ele>
        <time>2024-11-27T02:04:24Z</time>
      </trkpt>
      <trkpt lat="-22.810283387079835" lon="14.904254805296659">
        <ele>325.80000000000001</ele>
        <time>2024-11-27T02:04:43Z</time>
      </trkpt>
      <trkpt lat="-22.810253463685513" lon="14.904157910495996">
        <ele>325.80000000000001</ele>
        <time>2024-11-27T02:05:03Z</time>
      </trkpt>
      <trkpt lat="-22.810232676565647" lon="14.904061686247587">
        <ele>325.60000000000002</ele>
        <time>2024-11-27T02:05:23Z</time>
      </trkpt>
      <trkpt lat="-22.810215158388019" lon="14.90396847948432">
        <ele>325.60000000000002</ele>
        <time>2024-11-27T02:05:42Z</time>
      </trkpt>
      <trkpt lat="-22.810195963829756" lon="14.903867309913039">
        <ele>325.60000000000002</ele>
        <time>2024-11-27T02:06:02Z</time>
      </trkpt>
      <trkpt lat="-22.810170985758305" lon="14.903757339343429">
        <ele>325.80000000000001</ele>
        <time>2024-11-27T02:06:22Z</time>
      </trkpt>
      <trkpt lat="-22.81010334379971" lon="14.903450310230255">
        <ele>326.19999999999999</ele>
        <time>2024-11-27T02:06:41Z</time>
      </trkpt>
      <trkpt lat="-22.810081383213401" lon="14.903362216427922">
        <ele>326.39999999999998</ele>
        <time>2024-11-27T02:07:01Z</time>
      </trkpt>
      <trkpt lat="-22.810062440112233" lon="14.90327563136816">
        <ele>326.19999999999999</ele>
        <time>2024-11-27T02:07:21Z</time>
      </trkpt>
      <trkpt lat="-22.810048023238778" lon="14.903187621384859">
        <ele>326.19999999999999</ele>
        <time>2024-11-27T02:07:41Z</time>
      </trkpt>
      <trkpt lat="-22.810030337423086" lon="14.903091480955482">
        <ele>326</ele>
        <time>2024-11-27T02:08:00Z</time>
      </trkpt>
      <trkpt lat="-22.80999043956399" lon="14.902867935597897">
        <ele>325.80000000000001</ele>
        <time>2024-11-27T02:08:20Z</time>
      </trkpt>
      <trkpt lat="-22.809868231415749" lon="14.902330236509442">
        <ele>325.60000000000002</ele>
        <time>2024-11-27T02:08:40Z</time>
      </trkpt>
      <trkpt lat="-22.809733031317592" lon="14.9017383903265">
        <ele>325.19999999999999</ele>
        <time>2024-11-27T02:08:59Z</time>
      </trkpt>
      <trkpt lat="-22.809673938900232" lon="14.901447789743543">
        <ele>324.60000000000002</ele>
        <time>2024-11-27T02:09:19Z</time>
      </trkpt>
      <trkpt lat="-22.809652062132955" lon="14.901321306824684">
        <ele>324.39999999999998</ele>
        <time>2024-11-27T02:09:39Z</time>
      </trkpt>
      <trkpt lat="-22.80963814817369" lon="14.901211755350232">
        <ele>324</ele>
        <time>2024-11-27T02:09:59Z</time>
      </trkpt>
      <trkpt lat="-22.809620043262839" lon="14.901101784780622">
        <ele>323.19999999999999</ele>
        <time>2024-11-27T02:10:18Z</time>
      </trkpt>
      <trkpt lat="-22.8095961548388" lon="14.900994915515184">
        <ele>323</ele>
        <time>2024-11-27T02:10:38Z</time>
      </trkpt>
      <trkpt lat="-22.809574780985713" lon="14.900889387354255">
        <ele>322.80000000000001</ele>
        <time>2024-11-27T02:10:58Z</time>
      </trkpt>
      <trkpt lat="-22.80955458059907" lon="14.900781093165278">
        <ele>322.80000000000001</ele>
        <time>2024-11-27T02:11:17Z</time>
      </trkpt>
      <trkpt lat="-22.809528848156333" lon="14.900665674358606">
        <ele>322.60000000000002</ele>
        <time>2024-11-27T02:11:37Z</time>
      </trkpt>
      <trkpt lat="-22.80949842184782" lon="14.900551093742251">
        <ele>322.39999999999998</ele>
        <time>2024-11-27T02:11:57Z</time>
      </trkpt>
      <trkpt lat="-22.809409322217107" lon="14.900204837322235">
        <ele>322.19999999999999</ele>
        <time>2024-11-27T02:12:17Z</time>
      </trkpt>
      <trkpt lat="-22.809362718835473" lon="14.899965533986688">
        <ele>321.60000000000002</ele>
        <time>2024-11-27T02:12:36Z</time>
      </trkpt>
      <trkpt lat="-22.809337573125958" lon="14.899843912571669">
        <ele>321.19999999999999</ele>
        <time>2024-11-27T02:12:56Z</time>
      </trkpt>
      <trkpt lat="-22.809228440746665" lon="14.89932649768889">
        <ele>321</ele>
        <time>2024-11-27T02:13:16Z</time>
      </trkpt>
      <trkpt lat="-22.80919742770493" lon="14.899188280105591">
        <ele>321</ele>
        <time>2024-11-27T02:13:35Z</time>
      </trkpt>
      <trkpt lat="-22.809053007513285" lon="14.898527534678578">
        <ele>321</ele>
        <time>2024-11-27T02:13:55Z</time>
      </trkpt>
      <trkpt lat="-22.8088846988976" lon="14.897819347679615">
        <ele>320.39999999999998</ele>
        <time>2024-11-27T02:14:15Z</time>
      </trkpt>
      <trkpt lat="-22.80884999781847" lon="14.897667551413178">
        <ele>320.19999999999999</ele>
        <time>2024-11-27T02:14:35Z</time>
      </trkpt>
      <trkpt lat="-22.808819571509957" lon="14.897531010210514">
        <ele>319.39999999999998</ele>
        <time>2024-11-27T02:14:54Z</time>
      </trkpt>
      <trkpt lat="-22.808793419972062" lon="14.897406371310353">
        <ele>318.80000000000001</ele>
        <time>2024-11-27T02:15:14Z</time>
      </trkpt>
      <trkpt lat="-22.808772213757038" lon="14.897292880341411">
        <ele>318.39999999999998</ele>
        <time>2024-11-27T02:15:34Z</time>
      </trkpt>
      <trkpt lat="-22.80875469557941" lon="14.897193973883986">
        <ele>318.19999999999999</ele>
        <time>2024-11-27T02:15:54Z</time>
      </trkpt>
      <trkpt lat="-22.808734746649861" lon="14.897108897566795">
        <ele>318</ele>
        <time>2024-11-27T02:16:13Z</time>
      </trkpt>
      <trkpt lat="-22.808714294806123" lon="14.897042764350772">
        <ele>317.60000000000002</ele>
        <time>2024-11-27T02:16:33Z</time>
      </trkpt>
      <trkpt lat="-22.808694848790765" lon="14.896988952532411">
        <ele>317.19999999999999</ele>
        <time>2024-11-27T02:16:53Z</time>
      </trkpt>
      <trkpt lat="-22.808675738051534" lon="14.896948132663965">
        <ele>316.80000000000001</ele>
        <time>2024-11-27T02:17:13Z</time>
      </trkpt>
      <trkpt lat="-22.808649418875575" lon="14.896917790174484">
        <ele>316.80000000000001</ele>
        <time>2024-11-27T02:17:32Z</time>
      </trkpt>
      <trkpt lat="-22.808620668947697" lon="14.896899685263634">
        <ele>316.80000000000001</ele>
        <time>2024-11-27T02:17:52Z</time>
      </trkpt>
      <trkpt lat="-22.808592673391104" lon="14.896887531504035">
        <ele>316.80000000000001</ele>
        <time>2024-11-27T02:18:12Z</time>
      </trkpt>
      <trkpt lat="-22.808565432205796" lon="14.896875964477658">
        <ele>316.80000000000001</ele>
        <time>2024-11-27T02:18:32Z</time>
      </trkpt>
      <trkpt lat="-22.808533580973744" lon="14.896867834031582">
        <ele>317</ele>
        <time>2024-11-27T02:18:51Z</time>
      </trkpt>
      <trkpt lat="-22.808494186028838" lon="14.89686674438417">
        <ele>317.19999999999999</ele>
        <time>2024-11-27T02:19:11Z</time>
      </trkpt>
      <trkpt lat="-22.808397710323334" lon="14.896888704970479">
        <ele>317.39999999999998</ele>
        <time>2024-11-27T02:19:31Z</time>
      </trkpt>
      <trkpt lat="-22.808333756402135" lon="14.89691661670804">
        <ele>317.39999999999998</ele>
        <time>2024-11-27T02:19:51Z</time>
      </trkpt>
      <trkpt lat="-22.808260833844543" lon="14.896956514567137">
        <ele>317.39999999999998</ele>
        <time>2024-11-27T02:20:10Z</time>
      </trkpt>
      <trkpt lat="-22.808089507743716" lon="14.897060533985496">
        <ele>317.80000000000001</ele>
        <time>2024-11-27T02:20:30Z</time>
      </trkpt>
      <trkpt lat="-22.807763870805502" lon="14.897251976653934">
        <ele>317.80000000000001</ele>
        <time>2024-11-27T02:20:50Z</time>
      </trkpt>
      <trkpt lat="-22.80735282227397" lon="14.897492453455925">
        <ele>318</ele>
        <time>2024-11-27T02:21:10Z</time>
      </trkpt>
      <trkpt lat="-22.807042105123401" lon="14.897674340754747">
        <ele>318.39999999999998</ele>
        <time>2024-11-27T02:21:29Z</time>
      </trkpt>
      <trkpt lat="-22.806707751005888" lon="14.897874835878611">
        <ele>319</ele>
        <time>2024-11-27T02:21:49Z</time>
      </trkpt>
      <trkpt lat="-22.806531395763159" lon="14.897977933287621">
        <ele>319.60000000000002</ele>
        <time>2024-11-27T02:22:09Z</time>
      </trkpt>
      <trkpt lat="-22.80598078854382" lon="14.898293679580092">
        <ele>320.19999999999999</ele>
        <time>2024-11-27T02:22:29Z</time>
      </trkpt>
      <trkpt lat="-22.805792614817619" lon="14.898401303216815">
        <ele>320.19999999999999</ele>
        <time>2024-11-27T02:22:48Z</time>
      </trkpt>
      <trkpt lat="-22.805216358974576" lon="14.898725934326649">
        <ele>320.80000000000001</ele>
        <time>2024-11-27T02:23:08Z</time>
      </trkpt>
      <trkpt lat="-22.804821571335196" lon="14.898944366723299">
        <ele>321.39999999999998</ele>
        <time>2024-11-27T02:23:28Z</time>
      </trkpt>
      <trkpt lat="-22.804621579125524" lon="14.899055007845163">
        <ele>321.80000000000001</ele>
        <time>2024-11-27T02:23:48Z</time>
      </trkpt>
      <trkpt lat="-22.804417815059423" lon="14.899166151881218">
        <ele>322</ele>
        <time>2024-11-27T02:24:07Z</time>
      </trkpt>
      <trkpt lat="-22.804214721545577" lon="14.899281403049827">
        <ele>322.19999999999999</ele>
        <time>2024-11-27T02:24:27Z</time>
      </trkpt>
      <trkpt lat="-22.804010370746255" lon="14.899399755522609">
        <ele>322.39999999999998</ele>
        <time>2024-11-27T02:24:47Z</time>
      </trkpt>
      <trkpt lat="-22.803803505375981" lon="14.899515761062503">
        <ele>322.60000000000002</ele>
        <time>2024-11-27T02:25:07Z</time>
      </trkpt>
      <trkpt lat="-22.803597478196025" lon="14.899632185697556">
        <ele>323</ele>
        <time>2024-11-27T02:25:27Z</time>
      </trkpt>
      <trkpt lat="-22.803391953930259" lon="14.899748861789703">
        <ele>323.19999999999999</ele>
        <time>2024-11-27T02:25:46Z</time>
      </trkpt>
      <trkpt lat="-22.803188189864159" lon="14.899864951148629">
        <ele>323.39999999999998</ele>
        <time>2024-11-27T02:26:06Z</time>
      </trkpt>
      <trkpt lat="-22.802984593436122" lon="14.899984896183014">
        <ele>323.80000000000001</ele>
        <time>2024-11-27T02:26:26Z</time>
      </trkpt>
      <trkpt lat="-22.802781919017434" lon="14.900103081017733">
        <ele>324</ele>
        <time>2024-11-27T02:26:46Z</time>
      </trkpt>
      <trkpt lat="-22.802581842988729" lon="14.900219924747944">
        <ele>324.19999999999999</ele>
        <time>2024-11-27T02:27:06Z</time>
      </trkpt>
      <trkpt lat="-22.802383275702596" lon="14.900336265563965">
        <ele>324</ele>
        <time>2024-11-27T02:27:25Z</time>
      </trkpt>
      <trkpt lat="-22.802184205502272" lon="14.900452774018049">
        <ele>324</ele>
        <time>2024-11-27T02:27:45Z</time>
      </trkpt>
      <trkpt lat="-22.801984380930662" lon="14.900570372119546">
        <ele>324.19999999999999</ele>
        <time>2024-11-27T02:28:05Z</time>
      </trkpt>
      <trkpt lat="-22.801784304901958" lon="14.900687383487821">
        <ele>324.19999999999999</ele>
        <time>2024-11-27T02:28:25Z</time>
      </trkpt>
      <trkpt lat="-22.801583055406809" lon="14.900803724303842">
        <ele>324.39999999999998</ele>
        <time>2024-11-27T02:28:45Z</time>
      </trkpt>
      <trkpt lat="-22.801383649930358" lon="14.900919646024704">
        <ele>324.39999999999998</ele>
        <time>2024-11-27T02:29:04Z</time>
      </trkpt>
      <trkpt lat="-22.801187178120017" lon="14.90103674121201">
        <ele>324.39999999999998</ele>
        <time>2024-11-27T02:29:24Z</time>
      </trkpt>
      <trkpt lat="-22.80099380761385" lon="14.901149561628699">
        <ele>324.39999999999998</ele>
        <time>2024-11-27T02:29:44Z</time>
      </trkpt>
      <trkpt lat="-22.800799766555429" lon="14.901257855817676">
        <ele>324.39999999999998</ele>
        <time>2024-11-27T02:30:04Z</time>
      </trkpt>
      <trkpt lat="-22.800603378564119" lon="14.901357097551227">
        <ele>324.39999999999998</ele>
        <time>2024-11-27T02:30:24Z</time>
      </trkpt>
      <trkpt lat="-22.800410427153111" lon="14.901451813057065">
        <ele>324.19999999999999</ele>
        <time>2024-11-27T02:30:43Z</time>
      </trkpt>
      <trkpt lat="-22.800222672522068" lon="14.901545271277428">
        <ele>324.19999999999999</ele>
        <time>2024-11-27T02:31:03Z</time>
      </trkpt>
      <trkpt lat="-22.800035756081343" lon="14.901638310402632">
        <ele>324</ele>
        <time>2024-11-27T02:31:23Z</time>
      </trkpt>
      <trkpt lat="-22.799848672002554" lon="14.901739815250039">
        <ele>323.80000000000001</ele>
        <time>2024-11-27T02:31:43Z</time>
      </trkpt>
      <trkpt lat="-22.799664186313748" lon="14.901853390038013">
        <ele>323.60000000000002</ele>
        <time>2024-11-27T02:32:03Z</time>
      </trkpt>
      <trkpt lat="-22.799483640119433" lon="14.901975179091096">
        <ele>323</ele>
        <time>2024-11-27T02:32:22Z</time>
      </trkpt>
      <trkpt lat="-22.799311140552163" lon="14.902103841304779">
        <ele>322.80000000000001</ele>
        <time>2024-11-27T02:32:42Z</time>
      </trkpt>
      <trkpt lat="-22.799142161384225" lon="14.902238454669714">
        <ele>322.80000000000001</ele>
        <time>2024-11-27T02:33:02Z</time>
      </trkpt>
      <trkpt lat="-22.798976870253682" lon="14.902373570948839">
        <ele>322.80000000000001</ele>
        <time>2024-11-27T02:33:22Z</time>
      </trkpt>
      <trkpt lat="-22.798661375418305" lon="14.902653526514769">
        <ele>322.80000000000001</ele>
        <time>2024-11-27T02:33:42Z</time>
      </trkpt>
      <trkpt lat="-22.798502119258046" lon="14.902795264497399">
        <ele>322.80000000000001</ele>
        <time>2024-11-27T02:34:02Z</time>
      </trkpt>
      <trkpt lat="-22.798337079584599" lon="14.902933733537793">
        <ele>323</ele>
        <time>2024-11-27T02:34:21Z</time>
      </trkpt>
      <trkpt lat="-22.797994511201978" lon="14.903209749609232">
        <ele>324</ele>
        <time>2024-11-27T02:34:41Z</time>
      </trkpt>
      <trkpt lat="-22.79762520454824" lon="14.903470259159803">
        <ele>324.39999999999998</ele>
        <time>2024-11-27T02:35:01Z</time>
      </trkpt>
      <trkpt lat="-22.79701299034059" lon="14.903817102313042">
        <ele>325.19999999999999</ele>
        <time>2024-11-27T02:35:21Z</time>
      </trkpt>
      <trkpt lat="-22.796807633712888" lon="14.903934951871634">
        <ele>325.19999999999999</ele>
        <time>2024-11-27T02:35:41Z</time>
      </trkpt>
      <trkpt lat="-22.796191647648811" lon="14.904321525245905">
        <ele>325.19999999999999</ele>
        <time>2024-11-27T02:36:01Z</time>
      </trkpt>
      <trkpt lat="-22.795796357095242" lon="14.904607264325023">
        <ele>325</ele>
        <time>2024-11-27T02:36:20Z</time>
      </trkpt>
      <trkpt lat="-22.795232925564051" lon="14.905075309798121">
        <ele>325</ele>
        <time>2024-11-27T02:36:40Z</time>
      </trkpt>
      <trkpt lat="-22.794878371059895" lon="14.905401114374399">
        <ele>325</ele>
        <time>2024-11-27T02:37:00Z</time>
      </trkpt>
      <trkpt lat="-22.794711068272591" lon="14.905566154047847">
        <ele>325.19999999999999</ele>
        <time>2024-11-27T02:37:20Z</time>
      </trkpt>
      <trkpt lat="-22.794547872617841" lon="14.905730690807104">
        <ele>325.19999999999999</ele>
        <time>2024-11-27T02:37:40Z</time>
      </trkpt>
      <trkpt lat="-22.794389454647899" lon="14.905894808471203">
        <ele>325.19999999999999</ele>
        <time>2024-11-27T02:38:00Z</time>
      </trkpt>
      <trkpt lat="-22.79423070140183" lon="14.906060351058841">
        <ele>325.19999999999999</ele>
        <time>2024-11-27T02:38:19Z</time>
      </trkpt>
      <trkpt lat="-22.794074295088649" lon="14.906223881989717">
        <ele>325.39999999999998</ele>
        <time>2024-11-27T02:38:39Z</time>
      </trkpt>
      <trkpt lat="-22.793924594298005" lon="14.906383724883199">
        <ele>325.39999999999998</ele>
        <time>2024-11-27T02:38:59Z</time>
      </trkpt>
      <trkpt lat="-22.793781850486994" lon="14.906544405966997">
        <ele>325.39999999999998</ele>
        <time>2024-11-27T02:39:19Z</time>
      </trkpt>
      <trkpt lat="-22.793648410588503" lon="14.906714810058475">
        <ele>325.60000000000002</ele>
        <time>2024-11-27T02:39:39Z</time>
      </trkpt>
      <trkpt lat="-22.793523268774152" lon="14.906896781176329">
        <ele>325.80000000000001</ele>
        <time>2024-11-27T02:39:59Z</time>
      </trkpt>
      <trkpt lat="-22.793409191071987" lon="14.907086463645101">
        <ele>326.19999999999999</ele>
        <time>2024-11-27T02:40:19Z</time>
      </trkpt>
      <trkpt lat="-22.793205343186855" lon="14.907494494691491">
        <ele>326.60000000000002</ele>
        <time>2024-11-27T02:40:39Z</time>
      </trkpt>
      <trkpt lat="-22.792926644906402" lon="14.908104697242379">
        <ele>327</ele>
        <time>2024-11-27T02:40:58Z</time>
      </trkpt>
      <trkpt lat="-22.792826984077692" lon="14.908300163224339">
        <ele>327.39999999999998</ele>
        <time>2024-11-27T02:41:18Z</time>
      </trkpt>
      <trkpt lat="-22.792713074013591" lon="14.908493114635348">
        <ele>327.80000000000001</ele>
        <time>2024-11-27T02:41:38Z</time>
      </trkpt>
      <trkpt lat="-22.792466981336474" lon="14.908866696059704">
        <ele>328.19999999999999</ele>
        <time>2024-11-27T02:41:58Z</time>
      </trkpt>
      <trkpt lat="-22.792337061837316" lon="14.909043218940496">
        <ele>328.39999999999998</ele>
        <time>2024-11-27T02:42:18Z</time>
      </trkpt>
      <trkpt lat="-22.792199095711112" lon="14.909215969964862">
        <ele>328.60000000000002</ele>
        <time>2024-11-27T02:42:38Z</time>
      </trkpt>
      <trkpt lat="-22.792056603357196" lon="14.909390229731798">
        <ele>329</ele>
        <time>2024-11-27T02:42:58Z</time>
      </trkpt>
      <trkpt lat="-22.791911344975233" lon="14.909561555832624">
        <ele>329.19999999999999</ele>
        <time>2024-11-27T02:43:18Z</time>
      </trkpt>
      <trkpt lat="-22.791758794337511" lon="14.909726679325104">
        <ele>329.39999999999998</ele>
        <time>2024-11-27T02:43:37Z</time>
      </trkpt>
      <trkpt lat="-22.791605740785599" lon="14.909883085638285">
        <ele>329.39999999999998</ele>
        <time>2024-11-27T02:43:57Z</time>
      </trkpt>
      <trkpt lat="-22.791449837386608" lon="14.910030690953135">
        <ele>329.39999999999998</ele>
        <time>2024-11-27T02:44:17Z</time>
      </trkpt>
      <trkpt lat="-22.791291000321507" lon="14.910176284611225">
        <ele>329.60000000000002</ele>
        <time>2024-11-27T02:44:37Z</time>
      </trkpt>
      <trkpt lat="-22.791134091094136" lon="14.910327577963471">
        <ele>329.80000000000001</ele>
        <time>2024-11-27T02:44:57Z</time>
      </trkpt>
      <trkpt lat="-22.790979780256748" lon="14.910483649000525">
        <ele>329.80000000000001</ele>
        <time>2024-11-27T02:45:17Z</time>
      </trkpt>
      <trkpt lat="-22.790822703391314" lon="14.910645084455609">
        <ele>330</ele>
        <time>2024-11-27T02:45:37Z</time>
      </trkpt>
      <trkpt lat="-22.790665961802006" lon="14.910810459405184">
        <ele>330.19999999999999</ele>
        <time>2024-11-27T02:45:57Z</time>
      </trkpt>
      <trkpt lat="-22.79051223769784" lon="14.910979773849249">
        <ele>330.39999999999998</ele>
        <time>2024-11-27T02:46:17Z</time>
      </trkpt>
      <trkpt lat="-22.790360692888498" lon="14.911149675026536">
        <ele>330.60000000000002</ele>
        <time>2024-11-27T02:46:37Z</time>
      </trkpt>
      <trkpt lat="-22.790207052603364" lon="14.91132234223187">
        <ele>330.60000000000002</ele>
        <time>2024-11-27T02:46:56Z</time>
      </trkpt>
      <trkpt lat="-22.790050143375993" lon="14.911494506523013">
        <ele>330.80000000000001</ele>
        <time>2024-11-27T02:47:16Z</time>
      </trkpt>
      <trkpt lat="-22.789888707920909" lon="14.911661306396127">
        <ele>331</ele>
        <time>2024-11-27T02:47:36Z</time>
      </trkpt>
      <trkpt lat="-22.78972358442843" lon="14.911826094612479">
        <ele>331.39999999999998</ele>
        <time>2024-11-27T02:47:56Z</time>
      </trkpt>
      <trkpt lat="-22.789554018527269" lon="14.911990044638515">
        <ele>331.80000000000001</ele>
        <time>2024-11-27T02:48:16Z</time>
      </trkpt>
      <trkpt lat="-22.789384368807077" lon="14.912149803712964">
        <ele>332.80000000000001</ele>
        <time>2024-11-27T02:48:36Z</time>
      </trkpt>
      <trkpt lat="-22.789035765454173" lon="14.912468148395419">
        <ele>333.39999999999998</ele>
        <time>2024-11-27T02:48:56Z</time>
      </trkpt>
      <trkpt lat="-22.788692861795425" lon="14.912766460329294">
        <ele>333.39999999999998</ele>
        <time>2024-11-27T02:49:16Z</time>
      </trkpt>
      <trkpt lat="-22.788523631170392" lon="14.912907192483544">
        <ele>333.60000000000002</ele>
        <time>2024-11-27T02:49:36Z</time>
      </trkpt>
      <trkpt lat="-22.788358926773071" lon="14.913039542734623">
        <ele>333.80000000000001</ele>
        <time>2024-11-27T02:49:56Z</time>
      </trkpt>
      <trkpt lat="-22.788195228204131" lon="14.913169210776687">
        <ele>334.19999999999999</ele>
        <time>2024-11-27T02:50:16Z</time>
      </trkpt>
      <trkpt lat="-22.788025327026844" lon="14.913298124447465">
        <ele>334.60000000000002</ele>
        <time>2024-11-27T02:50:35Z</time>
      </trkpt>
      <trkpt lat="-22.787847043946385" lon="14.913423601537943">
        <ele>334.60000000000002</ele>
        <time>2024-11-27T02:50:55Z</time>
      </trkpt>
      <trkpt lat="-22.787665408104658" lon="14.913547905161977">
        <ele>334.60000000000002</ele>
        <time>2024-11-27T02:51:15Z</time>
      </trkpt>
      <trkpt lat="-22.787483101710677" lon="14.913670532405376">
        <ele>334.39999999999998</ele>
        <time>2024-11-27T02:51:35Z</time>
      </trkpt>
      <trkpt lat="-22.787297442555428" lon="14.913789639249444">
        <ele>334.39999999999998</ele>
        <time>2024-11-27T02:51:55Z</time>
      </trkpt>
      <trkpt lat="-22.787107340991497" lon="14.913907991722226">
        <ele>334.39999999999998</ele>
        <time>2024-11-27T02:52:15Z</time>
      </trkpt>
      <trkpt lat="-22.786908941343427" lon="14.914023913443089">
        <ele>334.19999999999999</ele>
        <time>2024-11-27T02:52:35Z</time>
      </trkpt>
      <trkpt lat="-22.786711463704705" lon="14.914138745516539">
        <ele>334.19999999999999</ele>
        <time>2024-11-27T02:52:55Z</time>
      </trkpt>
      <trkpt lat="-22.786512728780508" lon="14.914251985028386">
        <ele>334.39999999999998</ele>
        <time>2024-11-27T02:53:15Z</time>
      </trkpt>
      <trkpt lat="-22.786317262798548" lon="14.914362709969282">
        <ele>334.60000000000002</ele>
        <time>2024-11-27T02:53:35Z</time>
      </trkpt>
      <trkpt lat="-22.786125987768173" lon="14.914468070492148">
        <ele>334.60000000000002</ele>
        <time>2024-11-27T02:53:55Z</time>
      </trkpt>
      <trkpt lat="-22.785932617262006" lon="14.914564965292811">
        <ele>334.80000000000001</ele>
        <time>2024-11-27T02:54:15Z</time>
      </trkpt>
      <trkpt lat="-22.785732289776206" lon="14.914655573666096">
        <ele>334.80000000000001</ele>
        <time>2024-11-27T02:54:35Z</time>
      </trkpt>
      <trkpt lat="-22.785528860986233" lon="14.914742410182953">
        <ele>335.19999999999999</ele>
        <time>2024-11-27T02:54:55Z</time>
      </trkpt>
      <trkpt lat="-22.785322414711118" lon="14.914819775149226">
        <ele>335</ele>
        <time>2024-11-27T02:55:15Z</time>
      </trkpt>
      <trkpt lat="-22.785112699493766" lon="14.914887752383947">
        <ele>335</ele>
        <time>2024-11-27T02:55:34Z</time>
      </trkpt>
      <trkpt lat="-22.784900385886431" lon="14.914945168420672">
        <ele>335.19999999999999</ele>
        <time>2024-11-27T02:55:54Z</time>
      </trkpt>
      <trkpt lat="-22.784687737002969" lon="14.914993029087782">
        <ele>335</ele>
        <time>2024-11-27T02:56:14Z</time>
      </trkpt>
      <trkpt lat="-22.784476345404983" lon="14.915039129555225">
        <ele>335</ele>
        <time>2024-11-27T02:56:34Z</time>
      </trkpt>
      <trkpt lat="-22.784268725663424" lon="14.915084894746542">
        <ele>335</ele>
        <time>2024-11-27T02:56:54Z</time>
      </trkpt>
      <trkpt lat="-22.784063452854753" lon="14.915133928880095">
        <ele>334.80000000000001</ele>
        <time>2024-11-27T02:57:14Z</time>
      </trkpt>
      <trkpt lat="-22.783868322148919" lon="14.915190003812313">
        <ele>334.80000000000001</ele>
        <time>2024-11-27T02:57:34Z</time>
      </trkpt>
      <trkpt lat="-22.783688278868794" lon="14.915261249989271">
        <ele>334.80000000000001</ele>
        <time>2024-11-27T02:57:54Z</time>
      </trkpt>
      <trkpt lat="-22.783518712967634" lon="14.915352277457714">
        <ele>334.39999999999998</ele>
        <time>2024-11-27T02:58:14Z</time>
      </trkpt>
      <trkpt lat="-22.783353421837091" lon="14.915458979085088">
        <ele>334.19999999999999</ele>
        <time>2024-11-27T02:58:34Z</time>
      </trkpt>
      <trkpt lat="-22.783199949190021" lon="14.915584539994597">
        <ele>334.19999999999999</ele>
        <time>2024-11-27T02:58:54Z</time>
      </trkpt>
      <trkpt lat="-22.782787308096886" lon="14.916072199121118">
        <ele>334.19999999999999</ele>
        <time>2024-11-27T02:59:14Z</time>
      </trkpt>
      <trkpt lat="-22.782459910959005" lon="14.916675025597215">
        <ele>334.60000000000002</ele>
        <time>2024-11-27T02:59:34Z</time>
      </trkpt>
      <trkpt lat="-22.782245418056846" lon="14.917074590921402">
        <ele>335.60000000000002</ele>
        <time>2024-11-27T02:59:54Z</time>
      </trkpt>
      <trkpt lat="-22.781871501356363" lon="14.917669370770454">
        <ele>336</ele>
        <time>2024-11-27T03:00:14Z</time>
      </trkpt>
      <trkpt lat="-22.781458692625165" lon="14.918248308822513">
        <ele>336.19999999999999</ele>
        <time>2024-11-27T03:00:34Z</time>
      </trkpt>
      <trkpt lat="-22.781182257458568" lon="14.918614933267236">
        <ele>336.39999999999998</ele>
        <time>2024-11-27T03:00:54Z</time>
      </trkpt>
      <trkpt lat="-22.781052002683282" lon="14.918801430612803">
        <ele>336.39999999999998</ele>
        <time>2024-11-27T03:01:14Z</time>
      </trkpt>
      <trkpt lat="-22.780929040163755" lon="14.918989269062877">
        <ele>336.39999999999998</ele>
        <time>2024-11-27T03:01:34Z</time>
      </trkpt>
      <trkpt lat="-22.780820997431874" lon="14.919180879369378">
        <ele>336.60000000000002</ele>
        <time>2024-11-27T03:01:54Z</time>
      </trkpt>
      <trkpt lat="-22.780720498412848" lon="14.919377351179719">
        <ele>336.80000000000001</ele>
        <time>2024-11-27T03:02:14Z</time>
      </trkpt>
      <trkpt lat="-22.780624693259597" lon="14.919577427208424">
        <ele>337</ele>
        <time>2024-11-27T03:02:34Z</time>
      </trkpt>
      <trkpt lat="-22.780358819290996" lon="14.920212440192699">
        <ele>337.80000000000001</ele>
        <time>2024-11-27T03:02:54Z</time>
      </trkpt>
      <trkpt lat="-22.780276425182819" lon="14.920425759628415">
        <ele>338.19999999999999</ele>
        <time>2024-11-27T03:03:14Z</time>
      </trkpt>
      <trkpt lat="-22.780189588665962" lon="14.920631535351276">
        <ele>338.19999999999999</ele>
        <time>2024-11-27T03:03:34Z</time>
      </trkpt>
      <trkpt lat="-22.780095376074314" lon="14.920824822038412">
        <ele>338.39999999999998</ele>
        <time>2024-11-27T03:03:54Z</time>
      </trkpt>
      <trkpt lat="-22.779990183189511" lon="14.921008385717869">
        <ele>338.60000000000002</ele>
        <time>2024-11-27T03:04:14Z</time>
      </trkpt>
      <trkpt lat="-22.779876943677664" lon="14.92119312286377">
        <ele>338.60000000000002</ele>
        <time>2024-11-27T03:04:34Z</time>
      </trkpt>
      <trkpt lat="-22.77975264005363" lon="14.921373585239053">
        <ele>338.60000000000002</ele>
        <time>2024-11-27T03:04:54Z</time>
      </trkpt>
      <trkpt lat="-22.779622217640281" lon="14.921556729823351">
        <ele>339</ele>
        <time>2024-11-27T03:05:14Z</time>
      </trkpt>
      <trkpt lat="-22.779486766085029" lon="14.921740796416998">
        <ele>339.60000000000002</ele>
        <time>2024-11-27T03:05:34Z</time>
      </trkpt>
      <trkpt lat="-22.779345447197556" lon="14.921924108639359">
        <ele>340</ele>
        <time>2024-11-27T03:05:54Z</time>
      </trkpt>
      <trkpt lat="-22.779197506606579" lon="14.922110186889768">
        <ele>340.19999999999999</ele>
        <time>2024-11-27T03:06:14Z</time>
      </trkpt>
      <trkpt lat="-22.77904462069273" lon="14.922293331474066">
        <ele>340.60000000000002</ele>
        <time>2024-11-27T03:06:34Z</time>
      </trkpt>
      <trkpt lat="-22.778889387845993" lon="14.922468680888414">
        <ele>340.80000000000001</ele>
        <time>2024-11-27T03:06:54Z</time>
      </trkpt>
      <trkpt lat="-22.778733987361193" lon="14.922636151313782">
        <ele>341</ele>
        <time>2024-11-27T03:07:14Z</time>
      </trkpt>
      <trkpt lat="-22.778579173609614" lon="14.922794485464692">
        <ele>341</ele>
        <time>2024-11-27T03:07:34Z</time>
      </trkpt>
      <trkpt lat="-22.778425449505448" lon="14.92294829338789">
        <ele>341.19999999999999</ele>
        <time>2024-11-27T03:07:54Z</time>
      </trkpt>
      <trkpt lat="-22.778270803391933" lon="14.92310268804431">
        <ele>341.19999999999999</ele>
        <time>2024-11-27T03:08:14Z</time>
      </trkpt>
      <trkpt lat="-22.778119510039687" lon="14.923258675262332">
        <ele>341.39999999999998</ele>
        <time>2024-11-27T03:08:34Z</time>
      </trkpt>
      <trkpt lat="-22.777969809249043" lon="14.923417763784528">
        <ele>341.60000000000002</ele>
        <time>2024-11-27T03:08:54Z</time>
      </trkpt>
      <trkpt lat="-22.777822036296129" lon="14.923578780144453">
        <ele>342</ele>
        <time>2024-11-27T03:09:14Z</time>
      </trkpt>
      <trkpt lat="-22.777675520628691" lon="14.923742646351457">
        <ele>342.19999999999999</ele>
        <time>2024-11-27T03:09:34Z</time>
      </trkpt>
      <trkpt lat="-22.777525568380952" lon="14.923913553357124">
        <ele>342.39999999999998</ele>
        <time>2024-11-27T03:09:54Z</time>
      </trkpt>
      <trkpt lat="-22.777376705780625" lon="14.924088399857283">
        <ele>342.60000000000002</ele>
        <time>2024-11-27T03:10:14Z</time>
      </trkpt>
      <trkpt lat="-22.777224238961935" lon="14.924262743443251">
        <ele>342.80000000000001</ele>
        <time>2024-11-27T03:10:34Z</time>
      </trkpt>
      <trkpt lat="-22.777068000286818" lon="14.924435745924711">
        <ele>343</ele>
        <time>2024-11-27T03:10:54Z</time>
      </trkpt>
      <trkpt lat="-22.776914946734905" lon="14.924612520262599">
        <ele>342.80000000000001</ele>
        <time>2024-11-27T03:11:14Z</time>
      </trkpt>
      <trkpt lat="-22.776765916496515" lon="14.924790384247899">
        <ele>343</ele>
        <time>2024-11-27T03:11:34Z</time>
      </trkpt>
      <trkpt lat="-22.776614958420396" lon="14.924966655671597">
        <ele>343</ele>
        <time>2024-11-27T03:11:54Z</time>
      </trkpt>
      <trkpt lat="-22.77646173723042" lon="14.925144938752055">
        <ele>343</ele>
        <time>2024-11-27T03:12:14Z</time>
      </trkpt>
      <trkpt lat="-22.776310024783015" lon="14.925322216004133">
        <ele>343.39999999999998</ele>
        <time>2024-11-27T03:12:34Z</time>
      </trkpt>
      <trkpt lat="-22.776160072535276" lon="14.925503181293607">
        <ele>343.39999999999998</ele>
        <time>2024-11-27T03:12:54Z</time>
      </trkpt>
      <trkpt lat="-22.776007186621428" lon="14.925688337534666">
        <ele>343.80000000000001</ele>
        <time>2024-11-27T03:13:14Z</time>
      </trkpt>
      <trkpt lat="-22.775858407840133" lon="14.925874918699265">
        <ele>344</ele>
        <time>2024-11-27T03:13:34Z</time>
      </trkpt>
      <trkpt lat="-22.775716502219439" lon="14.926066948100924">
        <ele>344</ele>
        <time>2024-11-27T03:13:54Z</time>
      </trkpt>
      <trkpt lat="-22.775580380111933" lon="14.926265263929963">
        <ele>344.39999999999998</ele>
        <time>2024-11-27T03:14:14Z</time>
      </trkpt>
      <trkpt lat="-22.775445096194744" lon="14.92647179402411">
        <ele>344.39999999999998</ele>
        <time>2024-11-27T03:14:34Z</time>
      </trkpt>
      <trkpt lat="-22.775312662124634" lon="14.926682431250811">
        <ele>344.39999999999998</ele>
        <time>2024-11-27T03:14:54Z</time>
      </trkpt>
      <trkpt lat="-22.775181150063872" lon="14.926893906667829">
        <ele>344.60000000000002</ele>
        <time>2024-11-27T03:15:15Z</time>
      </trkpt>
      <trkpt lat="-22.775054164230824" lon="14.927103202790022">
        <ele>344.60000000000002</ele>
        <time>2024-11-27T03:15:35Z</time>
      </trkpt>
      <trkpt lat="-22.774929357692599" lon="14.927308727055788">
        <ele>344.80000000000001</ele>
        <time>2024-11-27T03:15:55Z</time>
      </trkpt>
      <trkpt lat="-22.774805389344692" lon="14.927504612132907">
        <ele>345</ele>
        <time>2024-11-27T03:16:15Z</time>
      </trkpt>
      <trkpt lat="-22.7746806666255" lon="14.927697563543916">
        <ele>345.19999999999999</ele>
        <time>2024-11-27T03:16:35Z</time>
      </trkpt>
      <trkpt lat="-22.774556614458561" lon="14.927890431135893">
        <ele>345.39999999999998</ele>
        <time>2024-11-27T03:16:55Z</time>
      </trkpt>
      <trkpt lat="-22.774430550634861" lon="14.92808380164206">
        <ele>345.60000000000002</ele>
        <time>2024-11-27T03:17:15Z</time>
      </trkpt>
      <trkpt lat="-22.774302894249558" lon="14.928272981196642">
        <ele>346.19999999999999</ele>
        <time>2024-11-27T03:17:35Z</time>
      </trkpt>
      <trkpt lat="-22.774175154045224" lon="14.928457718342543">
        <ele>346.39999999999998</ele>
        <time>2024-11-27T03:17:55Z</time>
      </trkpt>
      <trkpt lat="-22.774048335850239" lon="14.928637258708477">
        <ele>346.60000000000002</ele>
        <time>2024-11-27T03:18:15Z</time>
      </trkpt>
      <trkpt lat="-22.773925038054585" lon="14.928809925913811">
        <ele>346.80000000000001</ele>
        <time>2024-11-27T03:18:35Z</time>
      </trkpt>
      <trkpt lat="-22.773798136040568" lon="14.928986029699445">
        <ele>347</ele>
        <time>2024-11-27T03:18:55Z</time>
      </trkpt>
      <trkpt lat="-22.773667210713029" lon="14.929164480417967">
        <ele>347.19999999999999</ele>
        <time>2024-11-27T03:19:15Z</time>
      </trkpt>
      <trkpt lat="-22.77353142388165" lon="14.929340919479728">
        <ele>347.39999999999998</ele>
        <time>2024-11-27T03:19:35Z</time>
      </trkpt>
      <trkpt lat="-22.773394547402859" lon="14.929516017436981">
        <ele>348</ele>
        <time>2024-11-27T03:19:55Z</time>
      </trkpt>
      <trkpt lat="-22.773252809420228" lon="14.929690361022949">
        <ele>348</ele>
        <time>2024-11-27T03:20:15Z</time>
      </trkpt>
      <trkpt lat="-22.773104617372155" lon="14.929861519485712">
        <ele>348.19999999999999</ele>
        <time>2024-11-27T03:20:36Z</time>
      </trkpt>
      <trkpt lat="-22.772949300706387" lon="14.930031169205904">
        <ele>348.19999999999999</ele>
        <time>2024-11-27T03:20:56Z</time>
      </trkpt>
      <trkpt lat="-22.77279406785965" lon="14.93019419722259">
        <ele>348.19999999999999</ele>
        <time>2024-11-27T03:21:16Z</time>
      </trkpt>
      <trkpt lat="-22.772643277421594" lon="14.930351693183184">
        <ele>348.19999999999999</ele>
        <time>2024-11-27T03:21:36Z</time>
      </trkpt>
      <trkpt lat="-22.772500449791551" lon="14.930507512763143">
        <ele>348.19999999999999</ele>
        <time>2024-11-27T03:21:56Z</time>
      </trkpt>
      <trkpt lat="-22.772364662960172" lon="14.93067012168467">
        <ele>348.19999999999999</ele>
        <time>2024-11-27T03:22:16Z</time>
      </trkpt>
      <trkpt lat="-22.77224144898355" lon="14.930833652615547">
        <ele>348.19999999999999</ele>
        <time>2024-11-27T03:22:36Z</time>
      </trkpt>
      <trkpt lat="-22.772122090682387" lon="14.930999949574471">
        <ele>348.39999999999998</ele>
        <time>2024-11-27T03:22:56Z</time>
      </trkpt>
      <trkpt lat="-22.772014131769538" lon="14.931172113865614">
        <ele>348.60000000000002</ele>
        <time>2024-11-27T03:23:16Z</time>
      </trkpt>
      <trkpt lat="-22.771913632750511" lon="14.931344948709011">
        <ele>349.39999999999998</ele>
        <time>2024-11-27T03:23:36Z</time>
      </trkpt>
      <trkpt lat="-22.771815061569214" lon="14.931517951190472">
        <ele>349.60000000000002</ele>
        <time>2024-11-27T03:23:56Z</time>
      </trkpt>
      <trkpt lat="-22.771713389083743" lon="14.931690283119678">
        <ele>350.19999999999999</ele>
        <time>2024-11-27T03:24:16Z</time>
      </trkpt>
      <trkpt lat="-22.77160283178091" lon="14.931862112134695">
        <ele>350.19999999999999</ele>
        <time>2024-11-27T03:24:36Z</time>
      </trkpt>
      <trkpt lat="-22.771486658602953" lon="14.932033773511648">
        <ele>350.19999999999999</ele>
        <time>2024-11-27T03:24:57Z</time>
      </trkpt>
      <trkpt lat="-22.771360510960221" lon="14.932204345241189">
        <ele>350.19999999999999</ele>
        <time>2024-11-27T03:25:17Z</time>
      </trkpt>
      <trkpt lat="-22.771231597289443" lon="14.932372150942683">
        <ele>350.19999999999999</ele>
        <time>2024-11-27T03:25:37Z</time>
      </trkpt>
      <trkpt lat="-22.771098576486111" lon="14.932539537549019">
        <ele>349.60000000000002</ele>
        <time>2024-11-27T03:25:57Z</time>
      </trkpt>
      <trkpt lat="-22.770966142416" lon="14.932704409584403">
        <ele>349.60000000000002</ele>
        <time>2024-11-27T03:26:17Z</time>
      </trkpt>
      <trkpt lat="-22.770831026136875" lon="14.932867856696248">
        <ele>349.19999999999999</ele>
        <time>2024-11-27T03:26:37Z</time>
      </trkpt>
      <trkpt lat="-22.770692640915513" lon="14.933029124513268">
        <ele>349.39999999999998</ele>
        <time>2024-11-27T03:26:57Z</time>
      </trkpt>
      <trkpt lat="-22.770552076399326" lon="14.93318603374064">
        <ele>349.39999999999998</ele>
        <time>2024-11-27T03:27:17Z</time>
      </trkpt>
      <trkpt lat="-22.770408829674125" lon="14.933342942968011">
        <ele>349.60000000000002</ele>
        <time>2024-11-27T03:27:37Z</time>
      </trkpt>
      <trkpt lat="-22.770266588777304" lon="14.933499684557319">
        <ele>349.60000000000002</ele>
        <time>2024-11-27T03:27:57Z</time>
      </trkpt>
      <trkpt lat="-22.770124180242419" lon="14.933657767251134">
        <ele>349.60000000000002</ele>
        <time>2024-11-27T03:28:18Z</time>
      </trkpt>
      <trkpt lat="-22.769982945173979" lon="14.933817442506552">
        <ele>349.60000000000002</ele>
        <time>2024-11-27T03:28:38Z</time>
      </trkpt>
      <trkpt lat="-22.769841961562634" lon="14.933977285400033">
        <ele>349.60000000000002</ele>
        <time>2024-11-27T03:28:58Z</time>
      </trkpt>
      <trkpt lat="-22.769703827798367" lon="14.934136541560292">
        <ele>349.80000000000001</ele>
        <time>2024-11-27T03:29:18Z</time>
      </trkpt>
      <trkpt lat="-22.769565442577004" lon="14.934293534606695">
        <ele>350</ele>
        <time>2024-11-27T03:29:38Z</time>
      </trkpt>
      <trkpt lat="-22.769284984096885" lon="14.934607520699501">
        <ele>350</ele>
        <time>2024-11-27T03:29:58Z</time>
      </trkpt>
      <trkpt lat="-22.768886592239141" lon="14.935087217018008">
        <ele>350.39999999999998</ele>
        <time>2024-11-27T03:30:18Z</time>
      </trkpt>
      <trkpt lat="-22.768756086006761" lon="14.935244126245379">
        <ele>350.60000000000002</ele>
        <time>2024-11-27T03:30:38Z</time>
      </trkpt>
      <trkpt lat="-22.768628261983395" lon="14.935400951653719">
        <ele>350.80000000000001</ele>
        <time>2024-11-27T03:30:58Z</time>
      </trkpt>
      <trkpt lat="-22.768501443788409" lon="14.935559453442693">
        <ele>351</ele>
        <time>2024-11-27T03:31:19Z</time>
      </trkpt>
      <trkpt lat="-22.768137836828828" lon="14.936059014871716">
        <ele>351.80000000000001</ele>
        <time>2024-11-27T03:31:39Z</time>
      </trkpt>
      <trkpt lat="-22.768014287576079" lon="14.936224473640323">
        <ele>352</ele>
        <time>2024-11-27T03:31:59Z</time>
      </trkpt>
      <trkpt lat="-22.767748329788446" lon="14.936554469168186">
        <ele>352.39999999999998</ele>
        <time>2024-11-27T03:32:19Z</time>
      </trkpt>
      <trkpt lat="-22.767469547688961" lon="14.936872646212578">
        <ele>352.80000000000001</ele>
        <time>2024-11-27T03:32:39Z</time>
      </trkpt>
      <trkpt lat="-22.767322361469269" lon="14.937031399458647">
        <ele>353</ele>
        <time>2024-11-27T03:32:59Z</time>
      </trkpt>
      <trkpt lat="-22.76717240922153" lon="14.937191661447287">
        <ele>353.19999999999999</ele>
        <time>2024-11-27T03:33:19Z</time>
      </trkpt>
      <trkpt lat="-22.767020277678967" lon="14.937349911779165">
        <ele>353.39999999999998</ele>
        <time>2024-11-27T03:33:39Z</time>
      </trkpt>
      <trkpt lat="-22.76686504483223" lon="14.937501791864634">
        <ele>353.60000000000002</ele>
        <time>2024-11-27T03:34:00Z</time>
      </trkpt>
      <trkpt lat="-22.766705201938748" lon="14.937651660293341">
        <ele>353.80000000000001</ele>
        <time>2024-11-27T03:34:20Z</time>
      </trkpt>
      <trkpt lat="-22.766540748998523" lon="14.937800439074636">
        <ele>354</ele>
        <time>2024-11-27T03:34:40Z</time>
      </trkpt>
      <trkpt lat="-22.766378559172153" lon="14.937948379665613">
        <ele>354.19999999999999</ele>
        <time>2024-11-27T03:35:00Z</time>
      </trkpt>
      <trkpt lat="-22.766213351860642" lon="14.938092883676291">
        <ele>354.39999999999998</ele>
        <time>2024-11-27T03:35:20Z</time>
      </trkpt>
      <trkpt lat="-22.766046216711402" lon="14.938237303867936">
        <ele>354.80000000000001</ele>
        <time>2024-11-27T03:35:40Z</time>
      </trkpt>
      <trkpt lat="-22.765880590304732" lon="14.938382813706994">
        <ele>355.19999999999999</ele>
        <time>2024-11-27T03:36:00Z</time>
      </trkpt>
      <trkpt lat="-22.765714544802904" lon="14.938526479527354">
        <ele>355.39999999999998</ele>
        <time>2024-11-27T03:36:21Z</time>
      </trkpt>
      <trkpt lat="-22.765550510957837" lon="14.938665116205812">
        <ele>355.60000000000002</ele>
        <time>2024-11-27T03:36:41Z</time>
      </trkpt>
      <trkpt lat="-22.765388153493404" lon="14.938800148665905">
        <ele>355.60000000000002</ele>
        <time>2024-11-27T03:37:01Z</time>
      </trkpt>
      <trkpt lat="-22.765233004465699" lon="14.938931744545698">
        <ele>355.60000000000002</ele>
        <time>2024-11-27T03:37:21Z</time>
      </trkpt>
      <trkpt lat="-22.765079196542501" lon="14.93906082585454">
        <ele>356</ele>
        <time>2024-11-27T03:37:41Z</time>
      </trkpt>
      <trkpt lat="-22.76492421515286" lon="14.93919032625854">
        <ele>356</ele>
        <time>2024-11-27T03:38:01Z</time>
      </trkpt>
      <trkpt lat="-22.764766803011298" lon="14.939324017614126">
        <ele>356.19999999999999</ele>
        <time>2024-11-27T03:38:21Z</time>
      </trkpt>
      <trkpt lat="-22.7646095585078" lon="14.939460894092917">
        <ele>356.19999999999999</ele>
        <time>2024-11-27T03:38:42Z</time>
      </trkpt>
      <trkpt lat="-22.764454409480095" lon="14.939601626247168">
        <ele>356.19999999999999</ele>
        <time>2024-11-27T03:39:02Z</time>
      </trkpt>
      <trkpt lat="-22.764296242967248" lon="14.939746800810099">
        <ele>356.80000000000001</ele>
        <time>2024-11-27T03:39:22Z</time>
      </trkpt>
      <trkpt lat="-22.764136400073767" lon="14.939898597076535">
        <ele>357.19999999999999</ele>
        <time>2024-11-27T03:39:42Z</time>
      </trkpt>
      <trkpt lat="-22.763980412855744" lon="14.940056512132287">
        <ele>357.39999999999998</ele>
        <time>2024-11-27T03:40:02Z</time>
      </trkpt>
      <trkpt lat="-22.763828868046403" lon="14.94021400809288">
        <ele>357.39999999999998</ele>
        <time>2024-11-27T03:40:22Z</time>
      </trkpt>
      <trkpt lat="-22.763681095093489" lon="14.940373515710235">
        <ele>357.39999999999998</ele>
        <time>2024-11-27T03:40:43Z</time>
      </trkpt>
      <trkpt lat="-22.763537093997002" lon="14.940533442422748">
        <ele>357.39999999999998</ele>
        <time>2024-11-27T03:41:03Z</time>
      </trkpt>
      <trkpt lat="-22.763398624956608" lon="14.940698817372322">
        <ele>357.19999999999999</ele>
        <time>2024-11-27T03:41:23Z</time>
      </trkpt>
      <trkpt lat="-22.763270884752274" lon="14.940872322767973">
        <ele>357</ele>
        <time>2024-11-27T03:41:43Z</time>
      </trkpt>
      <trkpt lat="-22.763149850070477" lon="14.941052198410034">
        <ele>356.80000000000001</ele>
        <time>2024-11-27T03:42:03Z</time>
      </trkpt>
      <trkpt lat="-22.763045411556959" lon="14.941235678270459">
        <ele>356.80000000000001</ele>
        <time>2024-11-27T03:42:23Z</time>
      </trkpt>
      <trkpt lat="-22.762951953336596" lon="14.941412536427379">
        <ele>357</ele>
        <time>2024-11-27T03:42:44Z</time>
      </trkpt>
      <trkpt lat="-22.762867799028754" lon="14.941588472574949">
        <ele>357</ele>
        <time>2024-11-27T03:43:04Z</time>
      </trkpt>
      <trkpt lat="-22.762787248939276" lon="14.941764576360583">
        <ele>357.19999999999999</ele>
        <time>2024-11-27T03:43:24Z</time>
      </trkpt>
      <trkpt lat="-22.762701753526926" lon="14.941937327384949">
        <ele>357.39999999999998</ele>
        <time>2024-11-27T03:43:44Z</time>
      </trkpt>
      <trkpt lat="-22.762599913403392" lon="14.942108150571585">
        <ele>358.19999999999999</ele>
        <time>2024-11-27T03:44:04Z</time>
      </trkpt>
      <trkpt lat="-22.762485332787037" lon="14.942277297377586">
        <ele>358.39999999999998</ele>
        <time>2024-11-27T03:44:25Z</time>
      </trkpt>
      <trkpt lat="-22.762362873181701" lon="14.942438146099448">
        <ele>358.60000000000002</ele>
        <time>2024-11-27T03:44:45Z</time>
      </trkpt>
      <trkpt lat="-22.762229768559337" lon="14.942595222964883">
        <ele>359</ele>
        <time>2024-11-27T03:45:05Z</time>
      </trkpt>
      <trkpt lat="-22.762087108567357" lon="14.942749869078398">
        <ele>359.19999999999999</ele>
        <time>2024-11-27T03:45:25Z</time>
      </trkpt>
      <trkpt lat="-22.761941263452172" lon="14.9429034255445">
        <ele>359.39999999999998</ele>
        <time>2024-11-27T03:45:45Z</time>
      </trkpt>
      <trkpt lat="-22.761791227385402" lon="14.943056060001254">
        <ele>359.60000000000002</ele>
        <time>2024-11-27T03:46:05Z</time>
      </trkpt>
      <trkpt lat="-22.761635072529316" lon="14.943205341696739">
        <ele>359.80000000000001</ele>
        <time>2024-11-27T03:46:26Z</time>
      </trkpt>
      <trkpt lat="-22.761480258777738" lon="14.943358059972525">
        <ele>360</ele>
        <time>2024-11-27T03:46:46Z</time>
      </trkpt>
      <trkpt lat="-22.761333072558045" lon="14.943513376638293">
        <ele>360</ele>
        <time>2024-11-27T03:47:06Z</time>
      </trkpt>
      <trkpt lat="-22.761193094775081" lon="14.943673135712743">
        <ele>359.60000000000002</ele>
        <time>2024-11-27T03:47:26Z</time>
      </trkpt>
      <trkpt lat="-22.761061247438192" lon="14.943836918100715">
        <ele>359.39999999999998</ele>
        <time>2024-11-27T03:47:46Z</time>
      </trkpt>
      <trkpt lat="-22.760929567739367" lon="14.944008160382509">
        <ele>359.39999999999998</ele>
        <time>2024-11-27T03:48:07Z</time>
      </trkpt>
      <trkpt lat="-22.760797468945384" lon="14.944177558645606">
        <ele>359.60000000000002</ele>
        <time>2024-11-27T03:48:27Z</time>
      </trkpt>
      <trkpt lat="-22.760667884722352" lon="14.944343185052276">
        <ele>359.60000000000002</ele>
        <time>2024-11-27T03:48:47Z</time>
      </trkpt>
      <trkpt lat="-22.760536121204495" lon="14.944508895277977">
        <ele>359.60000000000002</ele>
        <time>2024-11-27T03:49:07Z</time>
      </trkpt>
      <trkpt lat="-22.760404860600829" lon="14.944672761484981">
        <ele>360</ele>
        <time>2024-11-27T03:49:27Z</time>
      </trkpt>
      <trkpt lat="-22.760271336883307" lon="14.944836208596826">
        <ele>360</ele>
        <time>2024-11-27T03:49:48Z</time>
      </trkpt>
      <trkpt lat="-22.760136555880308" lon="14.944997476413846">
        <ele>360.19999999999999</ele>
        <time>2024-11-27T03:50:08Z</time>
      </trkpt>
      <trkpt lat="-22.760001355782151" lon="14.945154301822186">
        <ele>360.39999999999998</ele>
        <time>2024-11-27T03:50:28Z</time>
      </trkpt>
      <trkpt lat="-22.759870095178485" lon="14.945305762812495">
        <ele>360.39999999999998</ele>
        <time>2024-11-27T03:50:48Z</time>
      </trkpt>
      <trkpt lat="-22.759738331660628" lon="14.945449093356729">
        <ele>360.39999999999998</ele>
        <time>2024-11-27T03:51:08Z</time>
      </trkpt>
      <trkpt lat="-22.759606316685677" lon="14.945587562397122">
        <ele>360.39999999999998</ele>
        <time>2024-11-27T03:51:29Z</time>
      </trkpt>
      <trkpt lat="-22.759472709149122" lon="14.945727959275246">
        <ele>360.39999999999998</ele>
        <time>2024-11-27T03:51:49Z</time>
      </trkpt>
      <trkpt lat="-22.759343376383185" lon="14.945872211828828">
        <ele>360.60000000000002</ele>
        <time>2024-11-27T03:52:09Z</time>
      </trkpt>
      <trkpt lat="-22.759219659492373" lon="14.946017134934664">
        <ele>360.39999999999998</ele>
        <time>2024-11-27T03:52:29Z</time>
      </trkpt>
      <trkpt lat="-22.759099882096052" lon="14.946171613410115">
        <ele>360.39999999999998</ele>
        <time>2024-11-27T03:52:49Z</time>
      </trkpt>
      <trkpt lat="-22.758978512138128" lon="14.946331875398755">
        <ele>360.39999999999998</ele>
        <time>2024-11-27T03:53:10Z</time>
      </trkpt>
      <trkpt lat="-22.758616749197245" lon="14.946830095723271">
        <ele>360.60000000000002</ele>
        <time>2024-11-27T03:53:30Z</time>
      </trkpt>
      <trkpt lat="-22.758354982361197" lon="14.947149362415075">
        <ele>360.60000000000002</ele>
        <time>2024-11-27T03:53:50Z</time>
      </trkpt>
      <trkpt lat="-22.75794368237257" lon="14.947629142552614">
        <ele>360.60000000000002</ele>
        <time>2024-11-27T03:54:10Z</time>
      </trkpt>
      <trkpt lat="-22.757645957171917" lon="14.947933992370963">
        <ele>360.60000000000002</ele>
        <time>2024-11-27T03:54:31Z</time>
      </trkpt>
      <trkpt lat="-22.75733582675457" lon="14.948235237970948">
        <ele>361</ele>
        <time>2024-11-27T03:54:51Z</time>
      </trkpt>
      <trkpt lat="-22.756849424913526" lon="14.948667911812663">
        <ele>361.39999999999998</ele>
        <time>2024-11-27T03:55:11Z</time>
      </trkpt>
      <trkpt lat="-22.756689665839076" lon="14.948814259842038">
        <ele>361.39999999999998</ele>
        <time>2024-11-27T03:55:31Z</time>
      </trkpt>
      <trkpt lat="-22.756222793832421" lon="14.949278030544519">
        <ele>362</ele>
        <time>2024-11-27T03:55:51Z</time>
      </trkpt>
      <trkpt lat="-22.755767069756985" lon="14.94974565692246">
        <ele>361.80000000000001</ele>
        <time>2024-11-27T03:56:12Z</time>
      </trkpt>
      <trkpt lat="-22.755618039518595" lon="14.949894351884723">
        <ele>361.60000000000002</ele>
        <time>2024-11-27T03:56:32Z</time>
      </trkpt>
      <trkpt lat="-22.755472362041473" lon="14.95003349147737">
        <ele>361.60000000000002</ele>
        <time>2024-11-27T03:56:52Z</time>
      </trkpt>
      <trkpt lat="-22.75533682666719" lon="14.950157040730119">
        <ele>361.39999999999998</ele>
        <time>2024-11-27T03:57:12Z</time>
      </trkpt>
      <trkpt lat="-22.75520640425384" lon="14.950264161452651">
        <ele>361.19999999999999</ele>
        <time>2024-11-27T03:57:33Z</time>
      </trkpt>
      <trkpt lat="-22.755081932991743" lon="14.950358876958489">
        <ele>361</ele>
        <time>2024-11-27T03:57:53Z</time>
      </trkpt>
      <trkpt lat="-22.754967771470547" lon="14.950439259409904">
        <ele>360.60000000000002</ele>
        <time>2024-11-27T03:58:13Z</time>
      </trkpt>
      <trkpt lat="-22.754870625212789" lon="14.95050547644496">
        <ele>360.39999999999998</ele>
        <time>2024-11-27T03:58:33Z</time>
      </trkpt>
      <trkpt lat="-22.754783956333995" lon="14.950554426759481">
        <ele>360.19999999999999</ele>
        <time>2024-11-27T03:58:54Z</time>
      </trkpt>
      <trkpt lat="-22.754704663529992" lon="14.950566329061985">
        <ele>360.19999999999999</ele>
        <time>2024-11-27T03:59:14Z</time>
      </trkpt>
      <trkpt lat="-22.75463760830462" lon="14.950538584962487">
        <ele>360.19999999999999</ele>
        <time>2024-11-27T03:59:34Z</time>
      </trkpt>
      <trkpt lat="-22.754573989659548" lon="14.950483683496714">
        <ele>360.19999999999999</ele>
        <time>2024-11-27T03:59:54Z</time>
      </trkpt>
      <trkpt lat="-22.754506012424827" lon="14.950410090386868">
        <ele>360.39999999999998</ele>
        <time>2024-11-27T04:00:15Z</time>
      </trkpt>
      <trkpt lat="-22.754342062398791" lon="14.950235411524773">
        <ele>360.60000000000002</ele>
        <time>2024-11-27T04:00:35Z</time>
      </trkpt>
      <trkpt lat="-22.754245335236192" lon="14.950132397934794">
        <ele>360.60000000000002</ele>
        <time>2024-11-27T04:00:55Z</time>
      </trkpt>
      <trkpt lat="-22.753912741318345" lon="14.949782118201256">
        <ele>360.60000000000002</ele>
        <time>2024-11-27T04:01:15Z</time>
      </trkpt>
      <trkpt lat="-22.753798244521022" lon="14.949654713273048">
        <ele>360.39999999999998</ele>
        <time>2024-11-27T04:01:36Z</time>
      </trkpt>
      <trkpt lat="-22.753337994217873" lon="14.949118020012975">
        <ele>361</ele>
        <time>2024-11-27T04:01:56Z</time>
      </trkpt>
      <trkpt lat="-22.753230286762118" lon="14.948975779116154">
        <ele>361</ele>
        <time>2024-11-27T04:02:16Z</time>
      </trkpt>
      <trkpt lat="-22.753125932067633" lon="14.948831358924508">
        <ele>361</ele>
        <time>2024-11-27T04:02:37Z</time>
      </trkpt>
      <trkpt lat="-22.752799792215228" lon="14.948392817750573">
        <ele>360</ele>
        <time>2024-11-27T04:02:57Z</time>
      </trkpt>
      <trkpt lat="-22.752366699278355" lon="14.947771802544594">
        <ele>359.39999999999998</ele>
        <time>2024-11-27T04:03:17Z</time>
      </trkpt>
      <trkpt lat="-22.75201516225934" lon="14.947301242500544">
        <ele>359.39999999999998</ele>
        <time>2024-11-27T04:03:37Z</time>
      </trkpt>
      <trkpt lat="-22.751774517819285" lon="14.946999996900558">
        <ele>359.19999999999999</ele>
        <time>2024-11-27T04:03:58Z</time>
      </trkpt>
      <trkpt lat="-22.751663876697421" lon="14.94685348123312">
        <ele>359</ele>
        <time>2024-11-27T04:04:18Z</time>
      </trkpt>
      <trkpt lat="-22.75156220421195" lon="14.946709061041474">
        <ele>358.80000000000001</ele>
        <time>2024-11-27T04:04:38Z</time>
      </trkpt>
      <trkpt lat="-22.751462208107114" lon="14.946559360250831">
        <ele>358.60000000000002</ele>
        <time>2024-11-27T04:04:59Z</time>
      </trkpt>
      <trkpt lat="-22.751365983858705" lon="14.946403708308935">
        <ele>358.60000000000002</ele>
        <time>2024-11-27T04:05:19Z</time>
      </trkpt>
      <trkpt lat="-22.751065911725163" lon="14.945918563753366">
        <ele>357.60000000000002</ele>
        <time>2024-11-27T04:05:39Z</time>
      </trkpt>
      <trkpt lat="-22.75087421759963" lon="14.945603990927339">
        <ele>356.39999999999998</ele>
        <time>2024-11-27T04:05:59Z</time>
      </trkpt>
      <trkpt lat="-22.75077698752284" lon="14.945451440289617">
        <ele>355.60000000000002</ele>
        <time>2024-11-27T04:06:20Z</time>
      </trkpt>
      <trkpt lat="-22.750677159056067" lon="14.945298973470926">
        <ele>355.19999999999999</ele>
        <time>2024-11-27T04:06:40Z</time>
      </trkpt>
      <trkpt lat="-22.75036652572453" lon="14.944856325164437">
        <ele>355</ele>
        <time>2024-11-27T04:07:00Z</time>
      </trkpt>
      <trkpt lat="-22.750263176858425" lon="14.944714838638902">
        <ele>355</ele>
        <time>2024-11-27T04:07:21Z</time>
      </trkpt>
      <trkpt lat="-22.750158654525876" lon="14.944568322971463">
        <ele>355.19999999999999</ele>
        <time>2024-11-27T04:07:41Z</time>
      </trkpt>
      <trkpt lat="-22.749743582680821" lon="14.94394613429904">
        <ele>355</ele>
        <time>2024-11-27T04:08:01Z</time>
      </trkpt>
      <trkpt lat="-22.749641574919224" lon="14.943788135424256">
        <ele>354.80000000000001</ele>
        <time>2024-11-27T04:08:22Z</time>
      </trkpt>
      <trkpt lat="-22.749541494995356" lon="14.943627286702394">
        <ele>353.60000000000002</ele>
        <time>2024-11-27T04:08:42Z</time>
      </trkpt>
      <trkpt lat="-22.74922801181674" lon="14.943157145753503">
        <ele>352.39999999999998</ele>
        <time>2024-11-27T04:09:02Z</time>
      </trkpt>
      <trkpt lat="-22.749008825048804" lon="14.942848272621632">
        <ele>351.80000000000001</ele>
        <time>2024-11-27T04:09:22Z</time>
      </trkpt>
      <trkpt lat="-22.748901871964335" lon="14.942690022289753">
        <ele>351.39999999999998</ele>
        <time>2024-11-27T04:09:43Z</time>
      </trkpt>
      <trkpt lat="-22.748550586402416" lon="14.942216780036688">
        <ele>350.19999999999999</ele>
        <time>2024-11-27T04:10:03Z</time>
      </trkpt>
      <trkpt lat="-22.748419074341655" lon="14.942061044275761">
        <ele>349.80000000000001</ele>
        <time>2024-11-27T04:10:23Z</time>
      </trkpt>
      <trkpt lat="-22.748160408809781" lon="14.941762983798981">
        <ele>349</ele>
        <time>2024-11-27T04:10:44Z</time>
      </trkpt>
      <trkpt lat="-22.748039038851857" lon="14.941613283008337">
        <ele>348.80000000000001</ele>
        <time>2024-11-27T04:11:04Z</time>
      </trkpt>
      <trkpt lat="-22.747927810996771" lon="14.94146098382771">
        <ele>348.39999999999998</ele>
        <time>2024-11-27T04:11:24Z</time>
      </trkpt>
      <trkpt lat="-22.747822953388095" lon="14.941309439018369">
        <ele>348</ele>
        <time>2024-11-27T04:11:45Z</time>
      </trkpt>
      <trkpt lat="-22.747727148234844" lon="14.941152026876807">
        <ele>347.39999999999998</ele>
        <time>2024-11-27T04:12:05Z</time>
      </trkpt>
      <trkpt lat="-22.747638048604131" lon="14.940993441268802">
        <ele>347</ele>
        <time>2024-11-27T04:12:25Z</time>
      </trkpt>
      <trkpt lat="-22.747550457715988" lon="14.940833766013384">
        <ele>346.60000000000002</ele>
        <time>2024-11-27T04:12:46Z</time>
      </trkpt>
      <trkpt lat="-22.747459514066577" lon="14.940668474882841">
        <ele>346.39999999999998</ele>
        <time>2024-11-27T04:13:06Z</time>
      </trkpt>
      <trkpt lat="-22.747147455811501" lon="14.940162962302566">
        <ele>345.60000000000002</ele>
        <time>2024-11-27T04:13:26Z</time>
      </trkpt>
      <trkpt lat="-22.747033881023526" lon="14.93999800644815">
        <ele>345.19999999999999</ele>
        <time>2024-11-27T04:13:47Z</time>
      </trkpt>
      <trkpt lat="-22.746680499985814" lon="14.939504228532314">
        <ele>344</ele>
        <time>2024-11-27T04:14:07Z</time>
      </trkpt>
      <trkpt lat="-22.746425773948431" lon="14.939172975718975">
        <ele>343</ele>
        <time>2024-11-27T04:14:27Z</time>
      </trkpt>
      <trkpt lat="-22.746293926611543" lon="14.939010869711637">
        <ele>342.60000000000002</ele>
        <time>2024-11-27T04:14:48Z</time>
      </trkpt>
      <trkpt lat="-22.745915232226253" lon="14.938509799540043">
        <ele>342</ele>
        <time>2024-11-27T04:15:08Z</time>
      </trkpt>
      <trkpt lat="-22.745789419859648" lon="14.938338221982121">
        <ele>341.80000000000001</ele>
        <time>2024-11-27T04:15:28Z</time>
      </trkpt>
      <trkpt lat="-22.745534023270011" lon="14.938003113493323">
        <ele>340.80000000000001</ele>
        <time>2024-11-27T04:15:49Z</time>
      </trkpt>
      <trkpt lat="-22.745149293914437" lon="14.93749869056046">
        <ele>339.80000000000001</ele>
        <time>2024-11-27T04:16:09Z</time>
      </trkpt>
      <trkpt lat="-22.744764564558864" lon="14.936982365325093">
        <ele>339</ele>
        <time>2024-11-27T04:16:30Z</time>
      </trkpt>
      <trkpt lat="-22.744504055008292" lon="14.936632588505745">
        <ele>338.80000000000001</ele>
        <time>2024-11-27T04:16:50Z</time>
      </trkpt>
      <trkpt lat="-22.744129048660398" lon="14.936107629910111">
        <ele>337.80000000000001</ele>
        <time>2024-11-27T04:17:10Z</time>
      </trkpt>
      <trkpt lat="-22.744005164131522" lon="14.93593261577189">
        <ele>337.19999999999999</ele>
        <time>2024-11-27T04:17:31Z</time>
      </trkpt>
      <trkpt lat="-22.74376024492085" lon="14.935587951913476">
        <ele>335.60000000000002</ele>
        <time>2024-11-27T04:17:51Z</time>
      </trkpt>
      <trkpt lat="-22.743636528030038" lon="14.935414530336857">
        <ele>335.19999999999999</ele>
        <time>2024-11-27T04:18:11Z</time>
      </trkpt>
      <trkpt lat="-22.74351448751986" lon="14.935242114588618">
        <ele>334.80000000000001</ele>
        <time>2024-11-27T04:18:32Z</time>
      </trkpt>
      <trkpt lat="-22.743394123390317" lon="14.935075985267758">
        <ele>334.60000000000002</ele>
        <time>2024-11-27T04:18:52Z</time>
      </trkpt>
      <trkpt lat="-22.743037138134241" lon="14.93458011187613">
        <ele>333.80000000000001</ele>
        <time>2024-11-27T04:19:13Z</time>
      </trkpt>
      <trkpt lat="-22.742924820631742" lon="14.934413647279143">
        <ele>333.60000000000002</ele>
        <time>2024-11-27T04:19:33Z</time>
      </trkpt>
      <trkpt lat="-22.742814933881164" lon="14.934248020872474">
        <ele>333.39999999999998</ele>
        <time>2024-11-27T04:19:53Z</time>
      </trkpt>
      <trkpt lat="-22.742703538388014" lon="14.934087255969644">
        <ele>333</ele>
        <time>2024-11-27T04:20:14Z</time>
      </trkpt>
      <trkpt lat="-22.742592729628086" lon="14.933926742523909">
        <ele>332.80000000000001</ele>
        <time>2024-11-27T04:20:34Z</time>
      </trkpt>
      <trkpt lat="-22.742482088506222" lon="14.933764133602381">
        <ele>332.80000000000001</ele>
        <time>2024-11-27T04:20:54Z</time>
      </trkpt>
      <trkpt lat="-22.742256950587034" lon="14.933440675958991">
        <ele>332.39999999999998</ele>
        <time>2024-11-27T04:21:15Z</time>
      </trkpt>
      <trkpt lat="-22.741904659196734" lon="14.932956621050835">
        <ele>331.60000000000002</ele>
        <time>2024-11-27T04:21:35Z</time>
      </trkpt>
      <trkpt lat="-22.741791503503919" lon="14.932790491729975">
        <ele>330.80000000000001</ele>
        <time>2024-11-27T04:21:56Z</time>
      </trkpt>
      <trkpt lat="-22.741674240678549" lon="14.932630062103271">
        <ele>330.60000000000002</ele>
        <time>2024-11-27T04:22:16Z</time>
      </trkpt>
      <trkpt lat="-22.741554882377386" lon="14.932467034086585">
        <ele>330.39999999999998</ele>
        <time>2024-11-27T04:22:36Z</time>
      </trkpt>
      <trkpt lat="-22.741198986768723" lon="14.931978872045875">
        <ele>329.60000000000002</ele>
        <time>2024-11-27T04:22:57Z</time>
      </trkpt>
      <trkpt lat="-22.74084409698844" lon="14.931489201262593">
        <ele>328.80000000000001</ele>
        <time>2024-11-27T04:23:17Z</time>
      </trkpt>
      <trkpt lat="-22.740607727319002" lon="14.931172532960773">
        <ele>328.19999999999999</ele>
        <time>2024-11-27T04:23:38Z</time>
      </trkpt>
      <trkpt lat="-22.740489123389125" lon="14.931018892675638">
        <ele>327.39999999999998</ele>
        <time>2024-11-27T04:23:58Z</time>
      </trkpt>
      <trkpt lat="-22.740371776744723" lon="14.930869108065963">
        <ele>327.19999999999999</ele>
        <time>2024-11-27T04:24:18Z</time>
      </trkpt>
      <trkpt lat="-22.74025434628129" lon="14.930720245465636">
        <ele>327</ele>
        <time>2024-11-27T04:24:39Z</time>
      </trkpt>
      <trkpt lat="-22.740140603855252" lon="14.930571131408215">
        <ele>326.80000000000001</ele>
        <time>2024-11-27T04:24:59Z</time>
      </trkpt>
      <trkpt lat="-22.740030381828547" lon="14.930416066199541">
        <ele>326.80000000000001</ele>
        <time>2024-11-27T04:25:20Z</time>
      </trkpt>
      <trkpt lat="-22.739713126793504" lon="14.929926060140133">
        <ele>326.80000000000001</ele>
        <time>2024-11-27T04:25:40Z</time>
      </trkpt>
      <trkpt lat="-22.739523695781827" lon="14.929591035470366">
        <ele>326.60000000000002</ele>
        <time>2024-11-27T04:26:01Z</time>
      </trkpt>
      <trkpt lat="-22.739260671660304" lon="14.929071860387921">
        <ele>325.80000000000001</ele>
        <time>2024-11-27T04:26:21Z</time>
      </trkpt>
      <trkpt lat="-22.739004772156477" lon="14.92854162119329">
        <ele>325</ele>
        <time>2024-11-27T04:26:41Z</time>
      </trkpt>
      <trkpt lat="-22.738909721374512" lon="14.928379599004984">
        <ele>324.19999999999999</ele>
        <time>2024-11-27T04:27:02Z</time>
      </trkpt>
      <trkpt lat="-22.738807378336787" lon="14.928229060024023">
        <ele>324</ele>
        <time>2024-11-27T04:27:22Z</time>
      </trkpt>
      <trkpt lat="-22.738699754700065" lon="14.928088914602995">
        <ele>323.60000000000002</ele>
        <time>2024-11-27T04:27:43Z</time>
      </trkpt>
      <trkpt lat="-22.738590873777866" lon="14.927949858829379">
        <ele>323</ele>
        <time>2024-11-27T04:28:03Z</time>
      </trkpt>
      <trkpt lat="-22.738486267626286" lon="14.927809713408351">
        <ele>322.80000000000001</ele>
        <time>2024-11-27T04:28:24Z</time>
      </trkpt>
      <trkpt lat="-22.738389959558845" lon="14.927659258246422">
        <ele>322.60000000000002</ele>
        <time>2024-11-27T04:28:44Z</time>
      </trkpt>
      <trkpt lat="-22.738303793594241" lon="14.927500421181321">
        <ele>322.39999999999998</ele>
        <time>2024-11-27T04:29:04Z</time>
      </trkpt>
      <trkpt lat="-22.738223494961858" lon="14.927340159192681">
        <ele>321.80000000000001</ele>
        <time>2024-11-27T04:29:25Z</time>
      </trkpt>
      <trkpt lat="-22.73805602453649" lon="14.927018210291862">
        <ele>320.80000000000001</ele>
        <time>2024-11-27T04:29:45Z</time>
      </trkpt>
      <trkpt lat="-22.737858546897769" lon="14.92673029191792">
        <ele>318.60000000000002</ele>
        <time>2024-11-27T04:30:06Z</time>
      </trkpt>
      <trkpt lat="-22.737758634611964" lon="14.926612358540297">
        <ele>318.60000000000002</ele>
        <time>2024-11-27T04:30:26Z</time>
      </trkpt>
      <trkpt lat="-22.737669786438346" lon="14.92650892585516">
        <ele>317.80000000000001</ele>
        <time>2024-11-27T04:30:47Z</time>
      </trkpt>
      <trkpt lat="-22.73759862408042" lon="14.926430135965347">
        <ele>316.80000000000001</ele>
        <time>2024-11-27T04:31:07Z</time>
      </trkpt>
      <trkpt lat="-22.737540453672409" lon="14.926381101831794">
        <ele>316</ele>
        <time>2024-11-27T04:31:28Z</time>
      </trkpt>
      <trkpt lat="-22.737475074827671" lon="14.926336174830794">
        <ele>315.19999999999999</ele>
        <time>2024-11-27T04:31:48Z</time>
      </trkpt>
      <trkpt lat="-22.737417826429009" lon="14.926277585327625">
        <ele>315</ele>
        <time>2024-11-27T04:32:08Z</time>
      </trkpt>
      <trkpt lat="-22.737360913306475" lon="14.926195358857512">
        <ele>314.60000000000002</ele>
        <time>2024-11-27T04:32:29Z</time>
      </trkpt>
      <trkpt lat="-22.737241890281439" lon="14.926017830148339">
        <ele>314</ele>
        <time>2024-11-27T04:32:49Z</time>
      </trkpt>
      <trkpt lat="-22.737135356292129" lon="14.92586494423449">
        <ele>313.39999999999998</ele>
        <time>2024-11-27T04:33:10Z</time>
      </trkpt>
      <trkpt lat="-22.737083891406655" lon="14.92578137665987">
        <ele>312.80000000000001</ele>
        <time>2024-11-27T04:33:30Z</time>
      </trkpt>
      <trkpt lat="-22.737036198377609" lon="14.925697641447186">
        <ele>312.39999999999998</ele>
        <time>2024-11-27T04:33:51Z</time>
      </trkpt>
      <trkpt lat="-22.736835284158587" lon="14.925383571535349">
        <ele>311.80000000000001</ele>
        <time>2024-11-27T04:34:11Z</time>
      </trkpt>
      <trkpt lat="-22.736778119578958" lon="14.925308972597122">
        <ele>311.80000000000001</ele>
        <time>2024-11-27T04:34:32Z</time>
      </trkpt>
      <trkpt lat="-22.736651385203004" lon="14.92517595179379">
        <ele>310.39999999999998</ele>
        <time>2024-11-27T04:34:52Z</time>
      </trkpt>
      <trkpt lat="-22.736593885347247" lon="14.925120128318667">
        <ele>310.19999999999999</ele>
        <time>2024-11-27T04:35:13Z</time>
      </trkpt>
      <trkpt lat="-22.736538397148252" lon="14.925063382834196">
        <ele>309.80000000000001</ele>
        <time>2024-11-27T04:35:33Z</time>
      </trkpt>
      <trkpt lat="-22.736487351357937" lon="14.925008984282613">
        <ele>309.60000000000002</ele>
        <time>2024-11-27T04:35:53Z</time>
      </trkpt>
      <trkpt lat="-22.73644058033824" lon="14.924947964027524">
        <ele>309</ele>
        <time>2024-11-27T04:36:14Z</time>
      </trkpt>
      <trkpt lat="-22.736396156251431" lon="14.924877053126693">
        <ele>308.19999999999999</ele>
        <time>2024-11-27T04:36:34Z</time>
      </trkpt>
      <trkpt lat="-22.736312923952937" lon="14.924712935462594">
        <ele>307.80000000000001</ele>
        <time>2024-11-27T04:36:55Z</time>
      </trkpt>
      <trkpt lat="-22.736251568421721" lon="14.92463749833405">
        <ele>307.60000000000002</ele>
        <time>2024-11-27T04:37:15Z</time>
      </trkpt>
      <trkpt lat="-22.73610052652657" lon="14.924495592713356">
        <ele>307.39999999999998</ele>
        <time>2024-11-27T04:37:36Z</time>
      </trkpt>
      <trkpt lat="-22.735982928425074" lon="14.924340276047587">
        <ele>307</ele>
        <time>2024-11-27T04:37:56Z</time>
      </trkpt>
      <trkpt lat="-22.735954681411386" lon="14.924268275499344">
        <ele>306.60000000000002</ele>
        <time>2024-11-27T04:38:17Z</time>
      </trkpt>
      <trkpt lat="-22.735930709168315" lon="14.924208512529731">
        <ele>306.60000000000002</ele>
        <time>2024-11-27T04:38:37Z</time>
      </trkpt>
      <trkpt lat="-22.735899025574327" lon="14.924161238595843">
        <ele>306.19999999999999</ele>
        <time>2024-11-27T04:38:58Z</time>
      </trkpt>
      <trkpt lat="-22.735866503790021" lon="14.924119161441922">
        <ele>305.39999999999998</ele>
        <time>2024-11-27T04:39:18Z</time>
      </trkpt>
      <trkpt lat="-22.73582492955029" lon="14.924079179763794">
        <ele>305.39999999999998</ele>
        <time>2024-11-27T04:39:39Z</time>
      </trkpt>
      <trkpt lat="-22.73578436113894" lon="14.924034755676985">
        <ele>305</ele>
        <time>2024-11-27T04:39:59Z</time>
      </trkpt>
      <trkpt lat="-22.735750498250127" lon="14.923987230286002">
        <ele>305</ele>
        <time>2024-11-27T04:40:19Z</time>
      </trkpt>
      <trkpt lat="-22.73572183214128" lon="14.923935933038592">
        <ele>304.80000000000001</ele>
        <time>2024-11-27T04:40:40Z</time>
      </trkpt>
      <trkpt lat="-22.735692327842116" lon="14.923870386555791">
        <ele>304.80000000000001</ele>
        <time>2024-11-27T04:41:00Z</time>
      </trkpt>
      <trkpt lat="-22.735607251524925" lon="14.923721104860306">
        <ele>304.60000000000002</ele>
        <time>2024-11-27T04:41:21Z</time>
      </trkpt>
      <trkpt lat="-22.735543632879853" lon="14.923633597791195">
        <ele>304.39999999999998</ele>
        <time>2024-11-27T04:41:41Z</time>
      </trkpt>
      <trkpt lat="-22.735321428626776" lon="14.923192709684372">
        <ele>303.80000000000001</ele>
        <time>2024-11-27T04:42:02Z</time>
      </trkpt>
      <trkpt lat="-22.735240710899234" lon="14.922921303659678">
        <ele>303</ele>
        <time>2024-11-27T04:42:22Z</time>
      </trkpt>
      <trkpt lat="-22.735171979293227" lon="14.922628607600927">
        <ele>302.80000000000001</ele>
        <time>2024-11-27T04:42:43Z</time>
      </trkpt>
      <trkpt lat="-22.734990594908595" lon="14.922018237411976">
        <ele>301.80000000000001</ele>
        <time>2024-11-27T04:43:03Z</time>
      </trkpt>
      <trkpt lat="-22.734930580481887" lon="14.921866524964571">
        <ele>301.80000000000001</ele>
        <time>2024-11-27T04:43:24Z</time>
      </trkpt>
      <trkpt lat="-22.734640231356025" lon="14.921194212511182">
        <ele>301</ele>
        <time>2024-11-27T04:43:44Z</time>
      </trkpt>
      <trkpt lat="-22.73456571623683" lon="14.921015091240406">
        <ele>300.19999999999999</ele>
        <time>2024-11-27T04:44:05Z</time>
      </trkpt>
      <trkpt lat="-22.734331944957376" lon="14.920449899509549">
        <ele>299.19999999999999</ele>
        <time>2024-11-27T04:44:25Z</time>
      </trkpt>
      <trkpt lat="-22.734253406524658" lon="14.920258121564984">
        <ele>299</ele>
        <time>2024-11-27T04:44:46Z</time>
      </trkpt>
      <trkpt lat="-22.734012845903635" lon="14.91966376081109">
        <ele>297.60000000000002</ele>
        <time>2024-11-27T04:45:06Z</time>
      </trkpt>
      <trkpt lat="-22.733843196183443" lon="14.919255981221795">
        <ele>296.19999999999999</ele>
        <time>2024-11-27T04:45:27Z</time>
      </trkpt>
      <trkpt lat="-22.733677569776773" lon="14.918847531080246">
        <ele>295.60000000000002</ele>
        <time>2024-11-27T04:45:47Z</time>
      </trkpt>
      <trkpt lat="-22.733590649440885" lon="14.918646113947034">
        <ele>295</ele>
        <time>2024-11-27T04:46:08Z</time>
      </trkpt>
      <trkpt lat="-22.733353525400162" lon="14.918041359633207">
        <ele>294.19999999999999</ele>
        <time>2024-11-27T04:46:28Z</time>
      </trkpt>
      <trkpt lat="-22.733281776309013" lon="14.917844887822866">
        <ele>293.80000000000001</ele>
        <time>2024-11-27T04:46:49Z</time>
      </trkpt>
      <trkpt lat="-22.733210865408182" lon="14.917650176212192">
        <ele>293.80000000000001</ele>
        <time>2024-11-27T04:47:09Z</time>
      </trkpt>
      <trkpt lat="-22.733142385259271" lon="14.917459320276976">
        <ele>293.60000000000002</ele>
        <time>2024-11-27T04:47:30Z</time>
      </trkpt>
      <trkpt lat="-22.733079018071294" lon="14.917268548160791">
        <ele>293.19999999999999</ele>
        <time>2024-11-27T04:47:50Z</time>
      </trkpt>
      <trkpt lat="-22.733023194596171" lon="14.917078278958797">
        <ele>293</ele>
        <time>2024-11-27T04:48:11Z</time>
      </trkpt>
      <trkpt lat="-22.732972735539079" lon="14.916888512670994">
        <ele>292.80000000000001</ele>
        <time>2024-11-27T04:48:31Z</time>
      </trkpt>
      <trkpt lat="-22.73292537778616" lon="14.916698830202222">
        <ele>292.80000000000001</ele>
        <time>2024-11-27T04:48:52Z</time>
      </trkpt>
      <trkpt lat="-22.732881372794509" lon="14.916510069742799">
        <ele>292.80000000000001</ele>
        <time>2024-11-27T04:49:12Z</time>
      </trkpt>
      <trkpt lat="-22.732833512127399" lon="14.916321979835629">
        <ele>292.60000000000002</ele>
        <time>2024-11-27T04:49:33Z</time>
      </trkpt>
      <trkpt lat="-22.73277634754777" lon="14.916139673441648">
        <ele>292.60000000000002</ele>
        <time>2024-11-27T04:49:53Z</time>
      </trkpt>
      <trkpt lat="-22.732715746387839" lon="14.915960049256682">
        <ele>292.60000000000002</ele>
        <time>2024-11-27T04:50:14Z</time>
      </trkpt>
      <trkpt lat="-22.73265179246664" lon="14.91577866487205">
        <ele>292.60000000000002</ele>
        <time>2024-11-27T04:50:34Z</time>
      </trkpt>
      <trkpt lat="-22.732421793043613" lon="14.915066286921501">
        <ele>291.60000000000002</ele>
        <time>2024-11-27T04:50:55Z</time>
      </trkpt>
      <trkpt lat="-22.732332861050963" lon="14.914696309715509">
        <ele>291.19999999999999</ele>
        <time>2024-11-27T04:51:15Z</time>
      </trkpt>
      <trkpt lat="-22.73218609392643" lon="14.913928527384996">
        <ele>291.39999999999998</ele>
        <time>2024-11-27T04:51:36Z</time>
      </trkpt>
      <trkpt lat="-22.732127420604229" lon="14.913535416126251">
        <ele>292.60000000000002</ele>
        <time>2024-11-27T04:51:56Z</time>
      </trkpt>
      <trkpt lat="-22.732100430876017" lon="14.913339698687196">
        <ele>293</ele>
        <time>2024-11-27T04:52:17Z</time>
      </trkpt>
      <trkpt lat="-22.732046199962497" lon="14.912955975160003">
        <ele>293.60000000000002</ele>
        <time>2024-11-27T04:52:38Z</time>
      </trkpt>
      <trkpt lat="-22.732019796967506" lon="14.912771740928292">
        <ele>294.39999999999998</ele>
        <time>2024-11-27T04:52:58Z</time>
      </trkpt>
      <trkpt lat="-22.731996243819594" lon="14.912593374028802">
        <ele>294.80000000000001</ele>
        <time>2024-11-27T04:53:19Z</time>
      </trkpt>
      <trkpt lat="-22.731973780319095" lon="14.912420120090246">
        <ele>295</ele>
        <time>2024-11-27T04:53:39Z</time>
      </trkpt>
      <trkpt lat="-22.731950981542468" lon="14.912252482026815">
        <ele>295.60000000000002</ele>
        <time>2024-11-27T04:54:00Z</time>
      </trkpt>
      <trkpt lat="-22.731927679851651" lon="14.912081491202116">
        <ele>296</ele>
        <time>2024-11-27T04:54:20Z</time>
      </trkpt>
      <trkpt lat="-22.731907898560166" lon="14.911910332739353">
        <ele>296.19999999999999</ele>
        <time>2024-11-27T04:54:41Z</time>
      </trkpt>
      <trkpt lat="-22.731801196932793" lon="14.91123148240149">
        <ele>296.19999999999999</ele>
        <time>2024-11-27T04:55:01Z</time>
      </trkpt>
      <trkpt lat="-22.731759790331125" lon="14.911060323938727">
        <ele>296</ele>
        <time>2024-11-27T04:55:22Z</time>
      </trkpt>
      <trkpt lat="-22.731711342930794" lon="14.910890841856599">
        <ele>295.80000000000001</ele>
        <time>2024-11-27T04:55:42Z</time>
      </trkpt>
      <trkpt lat="-22.731664907187223" lon="14.910721443593502">
        <ele>295.80000000000001</ele>
        <time>2024-11-27T04:56:03Z</time>
      </trkpt>
      <trkpt lat="-22.731612101197243" lon="14.910555398091674">
        <ele>295.39999999999998</ele>
        <time>2024-11-27T04:56:24Z</time>
      </trkpt>
      <trkpt lat="-22.731563486158848" lon="14.910393124446273">
        <ele>294.80000000000001</ele>
        <time>2024-11-27T04:56:44Z</time>
      </trkpt>
      <trkpt lat="-22.731515374034643" lon="14.910235712304711">
        <ele>293.80000000000001</ele>
        <time>2024-11-27T04:57:05Z</time>
      </trkpt>
      <trkpt lat="-22.731474554166198" lon="14.910076707601547">
        <ele>293.39999999999998</ele>
        <time>2024-11-27T04:57:25Z</time>
      </trkpt>
      <trkpt lat="-22.731444044038653" lon="14.909910578280687">
        <ele>293</ele>
        <time>2024-11-27T04:57:46Z</time>
      </trkpt>
      <trkpt lat="-22.731417221948504" lon="14.909742185845971">
        <ele>292.39999999999998</ele>
        <time>2024-11-27T04:58:06Z</time>
      </trkpt>
      <trkpt lat="-22.731376821175218" lon="14.909389642998576">
        <ele>291.39999999999998</ele>
        <time>2024-11-27T04:58:27Z</time>
      </trkpt>
      <trkpt lat="-22.731297444552183" lon="14.909028466790915">
        <ele>291</ele>
        <time>2024-11-27T04:58:47Z</time>
      </trkpt>
      <trkpt lat="-22.731192167848349" lon="14.908664776012301">
        <ele>290.39999999999998</ele>
        <time>2024-11-27T04:59:08Z</time>
      </trkpt>
      <trkpt lat="-22.731134248897433" lon="14.908482301980257">
        <ele>290</ele>
        <time>2024-11-27T04:59:29Z</time>
      </trkpt>
      <trkpt lat="-22.731017824262381" lon="14.908109223470092">
        <ele>289.19999999999999</ele>
        <time>2024-11-27T04:59:49Z</time>
      </trkpt>
      <trkpt lat="-22.730856221169233" lon="14.907536655664444">
        <ele>288.60000000000002</ele>
        <time>2024-11-27T05:00:10Z</time>
      </trkpt>
      <trkpt lat="-22.730746250599623" lon="14.907167516648769">
        <ele>288</ele>
        <time>2024-11-27T05:00:30Z</time>
      </trkpt>
      <trkpt lat="-22.730689253658056" lon="14.906986299902201">
        <ele>287.60000000000002</ele>
        <time>2024-11-27T05:00:51Z</time>
      </trkpt>
      <trkpt lat="-22.73063275963068" lon="14.906804412603378">
        <ele>287.19999999999999</ele>
        <time>2024-11-27T05:01:11Z</time>
      </trkpt>
      <trkpt lat="-22.730526141822338" lon="14.906436111778021">
        <ele>286</ele>
        <time>2024-11-27T05:01:32Z</time>
      </trkpt>
      <trkpt lat="-22.73042363114655" lon="14.906071415171027">
        <ele>284.60000000000002</ele>
        <time>2024-11-27T05:01:53Z</time>
      </trkpt>
      <trkpt lat="-22.730321288108826" lon="14.905701857060194">
        <ele>284.19999999999999</ele>
        <time>2024-11-27T05:02:13Z</time>
      </trkpt>
      <trkpt lat="-22.730175862088799" lon="14.905112525448203">
        <ele>282.80000000000001</ele>
        <time>2024-11-27T05:02:34Z</time>
      </trkpt>
      <trkpt lat="-22.730124816298485" lon="14.904905408620834">
        <ele>281.60000000000002</ele>
        <time>2024-11-27T05:02:54Z</time>
      </trkpt>
      <trkpt lat="-22.73007427342236" lon="14.904696447774768">
        <ele>280.60000000000002</ele>
        <time>2024-11-27T05:03:15Z</time>
      </trkpt>
      <trkpt lat="-22.729969164356589" lon="14.904294116422534">
        <ele>280</ele>
        <time>2024-11-27T05:03:36Z</time>
      </trkpt>
      <trkpt lat="-22.729913340881467" lon="14.90410728380084">
        <ele>280</ele>
        <time>2024-11-27T05:03:56Z</time>
      </trkpt>
      <trkpt lat="-22.729857265949249" lon="14.90392254665494">
        <ele>279.80000000000001</ele>
        <time>2024-11-27T05:04:17Z</time>
      </trkpt>
      <trkpt lat="-22.729799430817366" lon="14.903735546395183">
        <ele>279.39999999999998</ele>
        <time>2024-11-27T05:04:37Z</time>
      </trkpt>
      <trkpt lat="-22.729615783318877" lon="14.903191141784191">
        <ele>278.60000000000002</ele>
        <time>2024-11-27T05:04:58Z</time>
      </trkpt>
      <trkpt lat="-22.729549733921885" lon="14.903012020513415">
        <ele>278.39999999999998</ele>
        <time>2024-11-27T05:05:19Z</time>
      </trkpt>
      <trkpt lat="-22.729480499401689" lon="14.902828624472022">
        <ele>278</ele>
        <time>2024-11-27T05:05:39Z</time>
      </trkpt>
      <trkpt lat="-22.729331301525235" lon="14.902459485456347">
        <ele>277</ele>
        <time>2024-11-27T05:06:00Z</time>
      </trkpt>
      <trkpt lat="-22.729257373139262" lon="14.90227147936821">
        <ele>276</ele>
        <time>2024-11-27T05:06:20Z</time>
      </trkpt>
      <trkpt lat="-22.729025110602379" lon="14.9016934633255">
        <ele>274.80000000000001</ele>
        <time>2024-11-27T05:06:41Z</time>
      </trkpt>
      <trkpt lat="-22.728865770623088" lon="14.901288114488125">
        <ele>273.80000000000001</ele>
        <time>2024-11-27T05:07:02Z</time>
      </trkpt>
      <trkpt lat="-22.728715231642127" lon="14.900876060128212">
        <ele>272.60000000000002</ele>
        <time>2024-11-27T05:07:22Z</time>
      </trkpt>
      <trkpt lat="-22.72864842787385" lon="14.900670032948256">
        <ele>271.60000000000002</ele>
        <time>2024-11-27T05:07:43Z</time>
      </trkpt>
      <trkpt lat="-22.72858832962811" lon="14.90046065300703">
        <ele>271.19999999999999</ele>
        <time>2024-11-27T05:08:04Z</time>
      </trkpt>
      <trkpt lat="-22.728490512818098" lon="14.90003208629787">
        <ele>270.19999999999999</ele>
        <time>2024-11-27T05:08:24Z</time>
      </trkpt>
      <trkpt lat="-22.728454638272524" lon="14.899815917015076">
        <ele>269.80000000000001</ele>
        <time>2024-11-27T05:08:45Z</time>
      </trkpt>
      <trkpt lat="-22.728424044325948" lon="14.899415681138635">
        <ele>268.80000000000001</ele>
        <time>2024-11-27T05:09:05Z</time>
      </trkpt>
      <trkpt lat="-22.728408286347985" lon="14.899231195449829">
        <ele>268.60000000000002</ele>
        <time>2024-11-27T05:09:26Z</time>
      </trkpt>
      <trkpt lat="-22.728391690179706" lon="14.8990548402071">
        <ele>268.39999999999998</ele>
        <time>2024-11-27T05:09:47Z</time>
      </trkpt>
      <trkpt lat="-22.728387080132961" lon="14.898874377831817">
        <ele>268.39999999999998</ele>
        <time>2024-11-27T05:10:07Z</time>
      </trkpt>
      <trkpt lat="-22.728389091789722" lon="14.898688802495599">
        <ele>268.60000000000002</ele>
        <time>2024-11-27T05:10:28Z</time>
      </trkpt>
      <trkpt lat="-22.728404346853495" lon="14.898500712588429">
        <ele>268.60000000000002</ele>
        <time>2024-11-27T05:10:49Z</time>
      </trkpt>
      <trkpt lat="-22.728455057367682" lon="14.898120341822505">
        <ele>270</ele>
        <time>2024-11-27T05:11:09Z</time>
      </trkpt>
      <trkpt lat="-22.728515826165676" lon="14.897723542526364">
        <ele>271.39999999999998</ele>
        <time>2024-11-27T05:11:30Z</time>
      </trkpt>
      <trkpt lat="-22.728544408455491" lon="14.897513827309012">
        <ele>272.80000000000001</ele>
        <time>2024-11-27T05:11:50Z</time>
      </trkpt>
      <trkpt lat="-22.728588078171015" lon="14.897081907838583">
        <ele>274.39999999999998</ele>
        <time>2024-11-27T05:12:11Z</time>
      </trkpt>
      <trkpt lat="-22.728607272729278" lon="14.896864145994186">
        <ele>275.19999999999999</ele>
        <time>2024-11-27T05:12:32Z</time>
      </trkpt>
      <trkpt lat="-22.728622360154986" lon="14.896649233996868">
        <ele>276</ele>
        <time>2024-11-27T05:12:52Z</time>
      </trkpt>
      <trkpt lat="-22.728631664067507" lon="14.896442117169499">
        <ele>277</ele>
        <time>2024-11-27T05:13:13Z</time>
      </trkpt>
      <trkpt lat="-22.728626970201731" lon="14.896244639530778">
        <ele>277.19999999999999</ele>
        <time>2024-11-27T05:13:34Z</time>
      </trkpt>
      <trkpt lat="-22.728606685996056" lon="14.89605956710875">
        <ele>277.80000000000001</ele>
        <time>2024-11-27T05:13:54Z</time>
      </trkpt>
      <trkpt lat="-22.728571649640799" lon="14.895885307341814">
        <ele>278.80000000000001</ele>
        <time>2024-11-27T05:14:15Z</time>
      </trkpt>
      <trkpt lat="-22.728518424555659" lon="14.895713226869702">
        <ele>279.19999999999999</ele>
        <time>2024-11-27T05:14:36Z</time>
      </trkpt>
      <trkpt lat="-22.728457069024444" lon="14.895540978759527">
        <ele>280.19999999999999</ele>
        <time>2024-11-27T05:14:56Z</time>
      </trkpt>
      <trkpt lat="-22.728395126760006" lon="14.895366886630654">
        <ele>281.39999999999998</ele>
        <time>2024-11-27T05:15:17Z</time>
      </trkpt>
      <trkpt lat="-22.728334860876203" lon="14.895186759531498">
        <ele>281.80000000000001</ele>
        <time>2024-11-27T05:15:38Z</time>
      </trkpt>
      <trkpt lat="-22.728271912783384" lon="14.895002106204629">
        <ele>282.19999999999999</ele>
        <time>2024-11-27T05:15:58Z</time>
      </trkpt>
      <trkpt lat="-22.728206450119615" lon="14.894812339916825">
        <ele>282.60000000000002</ele>
        <time>2024-11-27T05:16:19Z</time>
      </trkpt>
      <trkpt lat="-22.72814174182713" lon="14.894620729610324">
        <ele>282.60000000000002</ele>
        <time>2024-11-27T05:16:40Z</time>
      </trkpt>
      <trkpt lat="-22.728079045191407" lon="14.894424257799983">
        <ele>282.80000000000001</ele>
        <time>2024-11-27T05:17:00Z</time>
      </trkpt>
      <trkpt lat="-22.728017270565033" lon="14.894224433228374">
        <ele>283.19999999999999</ele>
        <time>2024-11-27T05:17:21Z</time>
      </trkpt>
      <trkpt lat="-22.727952478453517" lon="14.894023686647415">
        <ele>283.19999999999999</ele>
        <time>2024-11-27T05:17:42Z</time>
      </trkpt>
      <trkpt lat="-22.727889697998762" lon="14.893823694437742">
        <ele>283.60000000000002</ele>
        <time>2024-11-27T05:18:02Z</time>
      </trkpt>
      <trkpt lat="-22.727825827896595" lon="14.893620433285832">
        <ele>283.80000000000001</ele>
        <time>2024-11-27T05:18:23Z</time>
      </trkpt>
      <trkpt lat="-22.727759862318635" lon="14.893421530723572">
        <ele>283.80000000000001</ele>
        <time>2024-11-27T05:18:44Z</time>
      </trkpt>
      <trkpt lat="-22.727693729102612" lon="14.893225645646453">
        <ele>284</ele>
        <time>2024-11-27T05:19:04Z</time>
      </trkpt>
      <trkpt lat="-22.727630697190762" lon="14.893031604588032">
        <ele>284</ele>
        <time>2024-11-27T05:19:25Z</time>
      </trkpt>
      <trkpt lat="-22.727570598945022" lon="14.89283999428153">
        <ele>284.19999999999999</ele>
        <time>2024-11-27T05:19:46Z</time>
      </trkpt>
      <trkpt lat="-22.727509243413806" lon="14.892657184973359">
        <ele>284.39999999999998</ele>
        <time>2024-11-27T05:20:06Z</time>
      </trkpt>
      <trkpt lat="-22.727445205673575" lon="14.892485691234469">
        <ele>284.39999999999998</ele>
        <time>2024-11-27T05:20:27Z</time>
      </trkpt>
      <trkpt lat="-22.727379323914647" lon="14.892323752865195">
        <ele>284.80000000000001</ele>
        <time>2024-11-27T05:20:48Z</time>
      </trkpt>
      <trkpt lat="-22.727308580651879" lon="14.892168939113617">
        <ele>285.39999999999998</ele>
        <time>2024-11-27T05:21:08Z</time>
      </trkpt>
      <trkpt lat="-22.727237585932016" lon="14.892015131190419">
        <ele>286.19999999999999</ele>
        <time>2024-11-27T05:21:29Z</time>
      </trkpt>
      <trkpt lat="-22.727183690294623" lon="14.89185243844986">
        <ele>286.39999999999998</ele>
        <time>2024-11-27T05:21:50Z</time>
      </trkpt>
      <trkpt lat="-22.727149073034525" lon="14.891688320785761">
        <ele>286.60000000000002</ele>
        <time>2024-11-27T05:22:10Z</time>
      </trkpt>
      <trkpt lat="-22.72712878882885" lon="14.891524538397789">
        <ele>287</ele>
        <time>2024-11-27T05:22:31Z</time>
      </trkpt>
      <trkpt lat="-22.727112108841538" lon="14.891362516209483">
        <ele>287</ele>
        <time>2024-11-27T05:22:52Z</time>
      </trkpt>
      <trkpt lat="-22.727094003930688" lon="14.89119865000248">
        <ele>286.39999999999998</ele>
        <time>2024-11-27T05:23:12Z</time>
      </trkpt>
      <trkpt lat="-22.727073049172759" lon="14.891034532338381">
        <ele>286.19999999999999</ele>
        <time>2024-11-27T05:23:33Z</time>
      </trkpt>
      <trkpt lat="-22.727050250396132" lon="14.890865050256252">
        <ele>286</ele>
        <time>2024-11-27T05:23:54Z</time>
      </trkpt>
      <trkpt lat="-22.727020913735032" lon="14.890696993097663">
        <ele>285.80000000000001</ele>
        <time>2024-11-27T05:24:14Z</time>
      </trkpt>
      <trkpt lat="-22.726980177685618" lon="14.890530863776803">
        <ele>286</ele>
        <time>2024-11-27T05:24:35Z</time>
      </trkpt>
      <trkpt lat="-22.726930640637875" lon="14.890369428321719">
        <ele>286</ele>
        <time>2024-11-27T05:24:56Z</time>
      </trkpt>
      <trkpt lat="-22.726871212944388" lon="14.890202963724732">
        <ele>286</ele>
        <time>2024-11-27T05:25:17Z</time>
      </trkpt>
      <trkpt lat="-22.726809941232204" lon="14.890033565461636">
        <ele>286</ele>
        <time>2024-11-27T05:25:37Z</time>
      </trkpt>
      <trkpt lat="-22.726745652034879" lon="14.889861568808556">
        <ele>286.19999999999999</ele>
        <time>2024-11-27T05:25:58Z</time>
      </trkpt>
      <trkpt lat="-22.726680859923363" lon="14.889688482508063">
        <ele>286.19999999999999</ele>
        <time>2024-11-27T05:26:19Z</time>
      </trkpt>
      <trkpt lat="-22.726615481078625" lon="14.889512462541461">
        <ele>286.19999999999999</ele>
        <time>2024-11-27T05:26:39Z</time>
      </trkpt>
      <trkpt lat="-22.726546749472618" lon="14.889332419261336">
        <ele>286</ele>
        <time>2024-11-27T05:27:00Z</time>
      </trkpt>
      <trkpt lat="-22.726477766409516" lon="14.889152208343148">
        <ele>286</ele>
        <time>2024-11-27T05:27:21Z</time>
      </trkpt>
      <trkpt lat="-22.7264061011374" lon="14.888975601643324">
        <ele>286.19999999999999</ele>
        <time>2024-11-27T05:27:41Z</time>
      </trkpt>
      <trkpt lat="-22.7263387106359" lon="14.888800168409944">
        <ele>286.39999999999998</ele>
        <time>2024-11-27T05:28:02Z</time>
      </trkpt>
      <trkpt lat="-22.726273331791162" lon="14.888624651357532">
        <ele>286.80000000000001</ele>
        <time>2024-11-27T05:28:23Z</time>
      </trkpt>
      <trkpt lat="-22.726207030937076" lon="14.888448296114802">
        <ele>287.19999999999999</ele>
        <time>2024-11-27T05:28:43Z</time>
      </trkpt>
      <trkpt lat="-22.726139891892672" lon="14.888277724385262">
        <ele>287.39999999999998</ele>
        <time>2024-11-27T05:29:04Z</time>
      </trkpt>
      <trkpt lat="-22.726073255762458" lon="14.888103632256389">
        <ele>287.39999999999998</ele>
        <time>2024-11-27T05:29:25Z</time>
      </trkpt>
      <trkpt lat="-22.726009218022227" lon="14.887927193194628">
        <ele>287.80000000000001</ele>
        <time>2024-11-27T05:29:46Z</time>
      </trkpt>
      <trkpt lat="-22.72594534792006" lon="14.887749329209328">
        <ele>288.19999999999999</ele>
        <time>2024-11-27T05:30:06Z</time>
      </trkpt>
      <trkpt lat="-22.725883573293686" lon="14.887571884319186">
        <ele>288.39999999999998</ele>
        <time>2024-11-27T05:30:27Z</time>
      </trkpt>
      <trkpt lat="-22.725820792838931" lon="14.887393601238728">
        <ele>289.19999999999999</ele>
        <time>2024-11-27T05:30:48Z</time>
      </trkpt>
      <trkpt lat="-22.725756503641605" lon="14.887211546301842">
        <ele>289.39999999999998</ele>
        <time>2024-11-27T05:31:08Z</time>
      </trkpt>
      <trkpt lat="-22.725695734843612" lon="14.887026390060782">
        <ele>289.60000000000002</ele>
        <time>2024-11-27T05:31:29Z</time>
      </trkpt>
      <trkpt lat="-22.725640665739775" lon="14.886840060353279">
        <ele>290</ele>
        <time>2024-11-27T05:31:50Z</time>
      </trkpt>
      <trkpt lat="-22.725587356835604" lon="14.886652640998363">
        <ele>290.19999999999999</ele>
        <time>2024-11-27T05:32:11Z</time>
      </trkpt>
      <trkpt lat="-22.725536311045289" lon="14.886462623253465">
        <ele>290.60000000000002</ele>
        <time>2024-11-27T05:32:31Z</time>
      </trkpt>
      <trkpt lat="-22.725485600531101" lon="14.886274617165327">
        <ele>291.39999999999998</ele>
        <time>2024-11-27T05:32:52Z</time>
      </trkpt>
      <trkpt lat="-22.725437236949801" lon="14.886088874191046">
        <ele>291.60000000000002</ele>
        <time>2024-11-27T05:33:13Z</time>
      </trkpt>
      <trkpt lat="-22.725392812862992" lon="14.885901287198067">
        <ele>292.60000000000002</ele>
        <time>2024-11-27T05:33:33Z</time>
      </trkpt>
      <trkpt lat="-22.725352915003896" lon="14.885715041309595">
        <ele>293</ele>
        <time>2024-11-27T05:33:54Z</time>
      </trkpt>
      <trkpt lat="-22.725310502573848" lon="14.88552519120276">
        <ele>293.39999999999998</ele>
        <time>2024-11-27T05:34:15Z</time>
      </trkpt>
      <trkpt lat="-22.725262306630611" lon="14.885335508733988">
        <ele>293.80000000000001</ele>
        <time>2024-11-27T05:34:36Z</time>
      </trkpt>
      <trkpt lat="-22.725203214213252" lon="14.885148089379072">
        <ele>294</ele>
        <time>2024-11-27T05:34:56Z</time>
      </trkpt>
      <trkpt lat="-22.725133476778865" lon="14.884963436052203">
        <ele>294.19999999999999</ele>
        <time>2024-11-27T05:35:17Z</time>
      </trkpt>
      <trkpt lat="-22.725057117640972" lon="14.884782386943698">
        <ele>294.39999999999998</ele>
        <time>2024-11-27T05:35:38Z</time>
      </trkpt>
      <trkpt lat="-22.724975813180208" lon="14.88460561260581">
        <ele>294.60000000000002</ele>
        <time>2024-11-27T05:35:58Z</time>
      </trkpt>
      <trkpt lat="-22.724889228120446" lon="14.884429005905986">
        <ele>294.80000000000001</ele>
        <time>2024-11-27T05:36:19Z</time>
      </trkpt>
      <trkpt lat="-22.724794931709766" lon="14.884253907948732">
        <ele>295</ele>
        <time>2024-11-27T05:36:40Z</time>
      </trkpt>
      <trkpt lat="-22.724696109071374" lon="14.884080737829208">
        <ele>295.19999999999999</ele>
        <time>2024-11-27T05:37:01Z</time>
      </trkpt>
      <trkpt lat="-22.72459477186203" lon="14.883906058967113">
        <ele>295.39999999999998</ele>
        <time>2024-11-27T05:37:21Z</time>
      </trkpt>
      <trkpt lat="-22.724491842091084" lon="14.88372853025794">
        <ele>295.80000000000001</ele>
        <time>2024-11-27T05:37:42Z</time>
      </trkpt>
      <trkpt lat="-22.724378602579236" lon="14.883551504462957">
        <ele>296</ele>
        <time>2024-11-27T05:38:03Z</time>
      </trkpt>
      <trkpt lat="-22.724255053326488" lon="14.883381351828575">
        <ele>296.39999999999998</ele>
        <time>2024-11-27T05:38:24Z</time>
      </trkpt>
      <trkpt lat="-22.724120523780584" lon="14.883215641602874">
        <ele>296.60000000000002</ele>
        <time>2024-11-27T05:38:44Z</time>
      </trkpt>
      <trkpt lat="-22.723983647301793" lon="14.883052529767156">
        <ele>297</ele>
        <time>2024-11-27T05:39:05Z</time>
      </trkpt>
      <trkpt lat="-22.723850626498461" lon="14.882890842854977">
        <ele>297.19999999999999</ele>
        <time>2024-11-27T05:39:26Z</time>
      </trkpt>
      <trkpt lat="-22.72372649051249" lon="14.882731838151813">
        <ele>297.80000000000001</ele>
        <time>2024-11-27T05:39:47Z</time>
      </trkpt>
      <trkpt lat="-22.723621129989624" lon="14.882571157068014">
        <ele>298.19999999999999</ele>
        <time>2024-11-27T05:40:07Z</time>
      </trkpt>
      <trkpt lat="-22.723531192168593" lon="14.882403183728456">
        <ele>298.60000000000002</ele>
        <time>2024-11-27T05:40:28Z</time>
      </trkpt>
      <trkpt lat="-22.723454078659415" lon="14.882232360541821">
        <ele>299</ele>
        <time>2024-11-27T05:40:49Z</time>
      </trkpt>
      <trkpt lat="-22.723382748663425" lon="14.882050892338157">
        <ele>299.80000000000001</ele>
        <time>2024-11-27T05:41:10Z</time>
      </trkpt>
      <trkpt lat="-22.72331359796226" lon="14.881864143535495">
        <ele>300.19999999999999</ele>
        <time>2024-11-27T05:41:30Z</time>
      </trkpt>
      <trkpt lat="-22.723243441432714" lon="14.881671946495771">
        <ele>300.80000000000001</ele>
        <time>2024-11-27T05:41:51Z</time>
      </trkpt>
      <trkpt lat="-22.723173620179296" lon="14.881474636495113">
        <ele>301.19999999999999</ele>
        <time>2024-11-27T05:42:12Z</time>
      </trkpt>
      <trkpt lat="-22.723101368173957" lon="14.88127120770514">
        <ele>301.39999999999998</ele>
        <time>2024-11-27T05:42:33Z</time>
      </trkpt>
      <trkpt lat="-22.723027355968952" lon="14.881064761430025">
        <ele>301.80000000000001</ele>
        <time>2024-11-27T05:42:53Z</time>
      </trkpt>
      <trkpt lat="-22.72295443341136" lon="14.880856806412339">
        <ele>301.80000000000001</ele>
        <time>2024-11-27T05:43:14Z</time>
      </trkpt>
      <trkpt lat="-22.722882349044085" lon="14.880649773404002">
        <ele>302</ele>
        <time>2024-11-27T05:43:35Z</time>
      </trkpt>
      <trkpt lat="-22.722811521962285" lon="14.880441902205348">
        <ele>302</ele>
        <time>2024-11-27T05:43:56Z</time>
      </trkpt>
      <trkpt lat="-22.722746729850769" lon="14.880228750407696">
        <ele>302.19999999999999</ele>
        <time>2024-11-27T05:44:16Z</time>
      </trkpt>
      <trkpt lat="-22.722685122862458" lon="14.880011910572648">
        <ele>302.19999999999999</ele>
        <time>2024-11-27T05:44:37Z</time>
      </trkpt>
      <trkpt lat="-22.722623264417052" lon="14.879795238375664">
        <ele>302.19999999999999</ele>
        <time>2024-11-27T05:44:58Z</time>
      </trkpt>
      <trkpt lat="-22.722564255818725" lon="14.879583511501551">
        <ele>302.19999999999999</ele>
        <time>2024-11-27T05:45:19Z</time>
      </trkpt>
      <trkpt lat="-22.722510192543268" lon="14.879373041912913">
        <ele>302.19999999999999</ele>
        <time>2024-11-27T05:45:39Z</time>
      </trkpt>
      <trkpt lat="-22.722458811476827" lon="14.879165170714259">
        <ele>302.39999999999998</ele>
        <time>2024-11-27T05:46:00Z</time>
      </trkpt>
      <trkpt lat="-22.722410783171654" lon="14.878952773287892">
        <ele>302.60000000000002</ele>
        <time>2024-11-27T05:46:21Z</time>
      </trkpt>
      <trkpt lat="-22.722368035465479" lon="14.878736017271876">
        <ele>302.60000000000002</ele>
        <time>2024-11-27T05:46:42Z</time>
      </trkpt>
      <trkpt lat="-22.722327969968319" lon="14.878519428893924">
        <ele>302.80000000000001</ele>
        <time>2024-11-27T05:47:02Z</time>
      </trkpt>
      <trkpt lat="-22.722288323566318" lon="14.878306863829494">
        <ele>302.80000000000001</ele>
        <time>2024-11-27T05:47:23Z</time>
      </trkpt>
      <trkpt lat="-22.72224155254662" lon="14.878097483888268">
        <ele>302.80000000000001</ele>
        <time>2024-11-27T05:47:44Z</time>
      </trkpt>
      <trkpt lat="-22.722189165651798" lon="14.877891791984439">
        <ele>302.80000000000001</ele>
        <time>2024-11-27T05:48:05Z</time>
      </trkpt>
      <trkpt lat="-22.72214331664145" lon="14.877683334052563">
        <ele>302.80000000000001</ele>
        <time>2024-11-27T05:48:26Z</time>
      </trkpt>
      <trkpt lat="-22.722105430439115" lon="14.877471439540386">
        <ele>302.80000000000001</ele>
        <time>2024-11-27T05:48:46Z</time>
      </trkpt>
      <trkpt lat="-22.722075004130602" lon="14.877258287742734">
        <ele>302.80000000000001</ele>
        <time>2024-11-27T05:49:07Z</time>
      </trkpt>
      <trkpt lat="-22.722049774602056" lon="14.877039268612862">
        <ele>302.80000000000001</ele>
        <time>2024-11-27T05:49:28Z</time>
      </trkpt>
      <trkpt lat="-22.722023455426097" lon="14.876816309988499">
        <ele>302.80000000000001</ele>
        <time>2024-11-27T05:49:49Z</time>
      </trkpt>
      <trkpt lat="-22.721994705498219" lon="14.876593099907041">
        <ele>303.19999999999999</ele>
        <time>2024-11-27T05:50:09Z</time>
      </trkpt>
      <trkpt lat="-22.721964195370674" lon="14.876368632540107">
        <ele>303.19999999999999</ele>
        <time>2024-11-27T05:50:30Z</time>
      </trkpt>
      <trkpt lat="-22.721937038004398" lon="14.876143159344792">
        <ele>303.19999999999999</ele>
        <time>2024-11-27T05:50:51Z</time>
      </trkpt>
      <trkpt lat="-22.721918346360326" lon="14.875914165750146">
        <ele>303.19999999999999</ele>
        <time>2024-11-27T05:51:12Z</time>
      </trkpt>
      <trkpt lat="-22.721901582553983" lon="14.875680059194565">
        <ele>303</ele>
        <time>2024-11-27T05:51:33Z</time>
      </trkpt>
      <trkpt lat="-22.721895966678858" lon="14.875443018972874">
        <ele>302.80000000000001</ele>
        <time>2024-11-27T05:51:53Z</time>
      </trkpt>
      <trkpt lat="-22.721895379945636" lon="14.875201536342502">
        <ele>302.39999999999998</ele>
        <time>2024-11-27T05:52:14Z</time>
      </trkpt>
      <trkpt lat="-22.721890266984701" lon="14.87495862878859">
        <ele>301.80000000000001</ele>
        <time>2024-11-27T05:52:35Z</time>
      </trkpt>
      <trkpt lat="-22.721885656937957" lon="14.874713458120823">
        <ele>301.60000000000002</ele>
        <time>2024-11-27T05:52:56Z</time>
      </trkpt>
      <trkpt lat="-22.721864618360996" lon="14.874220099300146">
        <ele>301</ele>
        <time>2024-11-27T05:53:17Z</time>
      </trkpt>
      <trkpt lat="-22.721811141818762" lon="14.873484084382653">
        <ele>300</ele>
        <time>2024-11-27T05:53:37Z</time>
      </trkpt>
      <trkpt lat="-22.721793120726943" lon="14.873243942856789">
        <ele>300</ele>
        <time>2024-11-27T05:53:58Z</time>
      </trkpt>
      <trkpt lat="-22.7217763569206" lon="14.87300262786448">
        <ele>299.80000000000001</ele>
        <time>2024-11-27T05:54:19Z</time>
      </trkpt>
      <trkpt lat="-22.721760682761669" lon="14.872762151062489">
        <ele>299.80000000000001</ele>
        <time>2024-11-27T05:54:40Z</time>
      </trkpt>
      <trkpt lat="-22.721745427697897" lon="14.872520752251148">
        <ele>299.60000000000002</ele>
        <time>2024-11-27T05:55:01Z</time>
      </trkpt>
      <trkpt lat="-22.7217020932585" lon="14.871796639636159">
        <ele>299.19999999999999</ele>
        <time>2024-11-27T05:55:21Z</time>
      </trkpt>
      <trkpt lat="-22.721686670556664" lon="14.871554989367723">
        <ele>299</ele>
        <time>2024-11-27T05:55:42Z</time>
      </trkpt>
      <trkpt lat="-22.721669236198068" lon="14.871315183117986">
        <ele>298.80000000000001</ele>
        <time>2024-11-27T05:56:03Z</time>
      </trkpt>
      <trkpt lat="-22.721647946164012" lon="14.871076382696629">
        <ele>298.80000000000001</ele>
        <time>2024-11-27T05:56:24Z</time>
      </trkpt>
      <trkpt lat="-22.721592206507921" lon="14.87060540355742">
        <ele>298.80000000000001</ele>
        <time>2024-11-27T05:56:45Z</time>
      </trkpt>
      <trkpt lat="-22.721554655581713" lon="14.870376577600837">
        <ele>298.80000000000001</ele>
        <time>2024-11-27T05:57:05Z</time>
      </trkpt>
      <trkpt lat="-22.721508974209428" lon="14.870150182396173">
        <ele>298.80000000000001</ele>
        <time>2024-11-27T05:57:26Z</time>
      </trkpt>
      <trkpt lat="-22.72146069444716" lon="14.869924793019891">
        <ele>299</ele>
        <time>2024-11-27T05:57:47Z</time>
      </trkpt>
      <trkpt lat="-22.721412498503923" lon="14.869696302339435">
        <ele>299.19999999999999</ele>
        <time>2024-11-27T05:58:08Z</time>
      </trkpt>
      <trkpt lat="-22.721367320045829" lon="14.869463117793202">
        <ele>299.19999999999999</ele>
        <time>2024-11-27T05:58:29Z</time>
      </trkpt>
      <trkpt lat="-22.721328260377049" lon="14.869230268523097">
        <ele>300.19999999999999</ele>
        <time>2024-11-27T05:58:50Z</time>
      </trkpt>
      <trkpt lat="-22.721264809370041" lon="14.868510430678725">
        <ele>300.19999999999999</ele>
        <time>2024-11-27T05:59:10Z</time>
      </trkpt>
      <trkpt lat="-22.721241256222129" lon="14.868031740188599">
        <ele>299.80000000000001</ele>
        <time>2024-11-27T05:59:31Z</time>
      </trkpt>
      <trkpt lat="-22.721217116340995" lon="14.867800148203969">
        <ele>299.60000000000002</ele>
        <time>2024-11-27T05:59:52Z</time>
      </trkpt>
      <trkpt lat="-22.72118216380477" lon="14.867574842646718">
        <ele>299.19999999999999</ele>
        <time>2024-11-27T06:00:13Z</time>
      </trkpt>
      <trkpt lat="-22.721129776909947" lon="14.86734970472753">
        <ele>299</ele>
        <time>2024-11-27T06:00:34Z</time>
      </trkpt>
      <trkpt lat="-22.721055932343006" lon="14.867132026702166">
        <ele>299</ele>
        <time>2024-11-27T06:00:55Z</time>
      </trkpt>
      <trkpt lat="-22.720962641760707" lon="14.866920970380306">
        <ele>299</ele>
        <time>2024-11-27T06:01:15Z</time>
      </trkpt>
      <trkpt lat="-22.72065494209528" lon="14.866339014843106">
        <ele>299</ele>
        <time>2024-11-27T06:01:36Z</time>
      </trkpt>
      <trkpt lat="-22.720552096143365" lon="14.866157965734601">
        <ele>299</ele>
        <time>2024-11-27T06:01:57Z</time>
      </trkpt>
      <trkpt lat="-22.720447154715657" lon="14.865975407883525">
        <ele>299.19999999999999</ele>
        <time>2024-11-27T06:02:18Z</time>
      </trkpt>
      <trkpt lat="-22.720337267965078" lon="14.865787234157324">
        <ele>299.19999999999999</ele>
        <time>2024-11-27T06:02:39Z</time>
      </trkpt>
      <trkpt lat="-22.720108022913337" lon="14.86539026722312">
        <ele>299.39999999999998</ele>
        <time>2024-11-27T06:03:00Z</time>
      </trkpt>
      <trkpt lat="-22.719738548621535" lon="14.864750560373068">
        <ele>300.19999999999999</ele>
        <time>2024-11-27T06:03:21Z</time>
      </trkpt>
      <trkpt lat="-22.71961759775877" lon="14.86453078687191">
        <ele>300.39999999999998</ele>
        <time>2024-11-27T06:03:41Z</time>
      </trkpt>
      <trkpt lat="-22.719506537541747" lon="14.86430648714304">
        <ele>300.80000000000001</ele>
        <time>2024-11-27T06:04:02Z</time>
      </trkpt>
      <trkpt lat="-22.719218032434583" lon="14.863614896312356">
        <ele>301</ele>
        <time>2024-11-27T06:04:23Z</time>
      </trkpt>
      <trkpt lat="-22.719129519537091" lon="14.863387998193502">
        <ele>300.60000000000002</ele>
        <time>2024-11-27T06:04:44Z</time>
      </trkpt>
      <trkpt lat="-22.719045616686344" lon="14.863169733434916">
        <ele>300.60000000000002</ele>
        <time>2024-11-27T06:05:05Z</time>
      </trkpt>
      <trkpt lat="-22.718962216749787" lon="14.862957168370485">
        <ele>300.39999999999998</ele>
        <time>2024-11-27T06:05:26Z</time>
      </trkpt>
      <trkpt lat="-22.718879822641611" lon="14.862747369334102">
        <ele>300.19999999999999</ele>
        <time>2024-11-27T06:05:47Z</time>
      </trkpt>
      <trkpt lat="-22.718799356371164" lon="14.862539749592543">
        <ele>300</ele>
        <time>2024-11-27T06:06:08Z</time>
      </trkpt>
      <trkpt lat="-22.718722075223923" lon="14.862336236983538">
        <ele>299.80000000000001</ele>
        <time>2024-11-27T06:06:28Z</time>
      </trkpt>
      <trkpt lat="-22.718648063018918" lon="14.862135658040643">
        <ele>299.80000000000001</ele>
        <time>2024-11-27T06:06:49Z</time>
      </trkpt>
      <trkpt lat="-22.718574805185199" lon="14.861943544819951">
        <ele>299.60000000000002</ele>
        <time>2024-11-27T06:07:10Z</time>
      </trkpt>
      <trkpt lat="-22.718498278409243" lon="14.861765597015619">
        <ele>299.39999999999998</ele>
        <time>2024-11-27T06:07:31Z</time>
      </trkpt>
      <trkpt lat="-22.718419572338462" lon="14.86160634085536">
        <ele>299</ele>
        <time>2024-11-27T06:07:52Z</time>
      </trkpt>
      <trkpt lat="-22.718337848782539" lon="14.861469799652696">
        <ele>299.19999999999999</ele>
        <time>2024-11-27T06:08:13Z</time>
      </trkpt>
      <trkpt lat="-22.71825285628438" lon="14.861346837133169">
        <ele>299.19999999999999</ele>
        <time>2024-11-27T06:08:34Z</time>
      </trkpt>
      <trkpt lat="-22.718166941776872" lon="14.861219683662057">
        <ele>299</ele>
        <time>2024-11-27T06:08:55Z</time>
      </trkpt>
      <trkpt lat="-22.718078093603253" lon="14.861086411401629">
        <ele>299.19999999999999</ele>
        <time>2024-11-27T06:09:15Z</time>
      </trkpt>
      <trkpt lat="-22.717893188819289" lon="14.86080352216959">
        <ele>299.39999999999998</ele>
        <time>2024-11-27T06:09:36Z</time>
      </trkpt>
      <trkpt lat="-22.717479709535837" lon="14.860179154202342">
        <ele>299.60000000000002</ele>
        <time>2024-11-27T06:09:57Z</time>
      </trkpt>
      <trkpt lat="-22.717373259365559" lon="14.860016964375973">
        <ele>299.80000000000001</ele>
        <time>2024-11-27T06:10:18Z</time>
      </trkpt>
      <trkpt lat="-22.717057345435023" lon="14.859508266672492">
        <ele>299.80000000000001</ele>
        <time>2024-11-27T06:10:39Z</time>
      </trkpt>
      <trkpt lat="-22.716868752613664" lon="14.859149772673845">
        <ele>299.80000000000001</ele>
        <time>2024-11-27T06:11:00Z</time>
      </trkpt>
      <trkpt lat="-22.716572117060423" lon="14.858588939532638">
        <ele>299.19999999999999</ele>
        <time>2024-11-27T06:11:21Z</time>
      </trkpt>
      <trkpt lat="-22.716283863410354" lon="14.858021149411798">
        <ele>300.19999999999999</ele>
        <time>2024-11-27T06:11:42Z</time>
      </trkpt>
      <trkpt lat="-22.716191662475467" lon="14.857842782512307">
        <ele>300.39999999999998</ele>
        <time>2024-11-27T06:12:03Z</time>
      </trkpt>
      <trkpt lat="-22.716109687462449" lon="14.857667097821832">
        <ele>300.39999999999998</ele>
        <time>2024-11-27T06:12:24Z</time>
      </trkpt>
      <trkpt lat="-22.71603693254292" lon="14.85748328268528">
        <ele>300.60000000000002</ele>
        <time>2024-11-27T06:12:44Z</time>
      </trkpt>
      <trkpt lat="-22.715968787670135" lon="14.857290415093303">
        <ele>301.19999999999999</ele>
        <time>2024-11-27T06:13:05Z</time>
      </trkpt>
      <trkpt lat="-22.71578430198133" lon="14.856677111238241">
        <ele>301.19999999999999</ele>
        <time>2024-11-27T06:13:26Z</time>
      </trkpt>
      <trkpt lat="-22.715722192078829" lon="14.856465132907033">
        <ele>301.39999999999998</ele>
        <time>2024-11-27T06:13:47Z</time>
      </trkpt>
      <trkpt lat="-22.715521696954966" lon="14.855799106881022">
        <ele>301.19999999999999</ele>
        <time>2024-11-27T06:14:08Z</time>
      </trkpt>
      <trkpt lat="-22.715332265943289" lon="14.855131404474378">
        <ele>301.19999999999999</ele>
        <time>2024-11-27T06:14:29Z</time>
      </trkpt>
      <trkpt lat="-22.715270072221756" lon="14.854913307353854">
        <ele>301.19999999999999</ele>
        <time>2024-11-27T06:14:50Z</time>
      </trkpt>
      <trkpt lat="-22.71507284604013" lon="14.854263374581933">
        <ele>301.19999999999999</ele>
        <time>2024-11-27T06:15:11Z</time>
      </trkpt>
      <trkpt lat="-22.714936807751656" lon="14.853836735710502">
        <ele>301.80000000000001</ele>
        <time>2024-11-27T06:15:32Z</time>
      </trkpt>
      <trkpt lat="-22.714806636795402" lon="14.853402804583311">
        <ele>302.19999999999999</ele>
        <time>2024-11-27T06:15:53Z</time>
      </trkpt>
      <trkpt lat="-22.71461796015501" lon="14.852750021964312">
        <ele>302.39999999999998</ele>
        <time>2024-11-27T06:16:14Z</time>
      </trkpt>
      <trkpt lat="-22.714433139190078" lon="14.852078380063176">
        <ele>302</ele>
        <time>2024-11-27T06:16:35Z</time>
      </trkpt>
      <trkpt lat="-22.714303219690919" lon="14.851621985435486">
        <ele>302</ele>
        <time>2024-11-27T06:16:56Z</time>
      </trkpt>
      <trkpt lat="-22.714169612154365" lon="14.851175313815475">
        <ele>302</ele>
        <time>2024-11-27T06:17:17Z</time>
      </trkpt>
      <trkpt lat="-22.714101718738675" lon="14.850948667153716">
        <ele>302</ele>
        <time>2024-11-27T06:17:38Z</time>
      </trkpt>
      <trkpt lat="-22.713885297998786" lon="14.850281551480293">
        <ele>302.39999999999998</ele>
        <time>2024-11-27T06:17:58Z</time>
      </trkpt>
      <trkpt lat="-22.713638786226511" lon="14.849626841023564">
        <ele>302.19999999999999</ele>
        <time>2024-11-27T06:18:19Z</time>
      </trkpt>
      <trkpt lat="-22.713458742946386" lon="14.849197771400213">
        <ele>302.60000000000002</ele>
        <time>2024-11-27T06:18:40Z</time>
      </trkpt>
      <trkpt lat="-22.713370062410831" lon="14.848982440307736">
        <ele>302.60000000000002</ele>
        <time>2024-11-27T06:19:01Z</time>
      </trkpt>
      <trkpt lat="-22.713282136246562" lon="14.848770294338465">
        <ele>302.60000000000002</ele>
        <time>2024-11-27T06:19:22Z</time>
      </trkpt>
      <trkpt lat="-22.713099075481296" lon="14.848342817276716">
        <ele>302.80000000000001</ele>
        <time>2024-11-27T06:19:43Z</time>
      </trkpt>
      <trkpt lat="-22.712838901206851" lon="14.847695985808969">
        <ele>302.80000000000001</ele>
        <time>2024-11-27T06:20:04Z</time>
      </trkpt>
      <trkpt lat="-22.712759356945753" lon="14.847473865374923">
        <ele>303</ele>
        <time>2024-11-27T06:20:25Z</time>
      </trkpt>
      <trkpt lat="-22.712542936205864" lon="14.846787387505174">
        <ele>303.80000000000001</ele>
        <time>2024-11-27T06:20:46Z</time>
      </trkpt>
      <trkpt lat="-22.712476886808872" lon="14.846549592912197">
        <ele>303.80000000000001</ele>
        <time>2024-11-27T06:21:07Z</time>
      </trkpt>
      <trkpt lat="-22.712411591783166" lon="14.846308864653111">
        <ele>303.80000000000001</ele>
        <time>2024-11-27T06:21:28Z</time>
      </trkpt>
      <trkpt lat="-22.712217634543777" lon="14.845620039850473">
        <ele>304</ele>
        <time>2024-11-27T06:21:49Z</time>
      </trkpt>
      <trkpt lat="-22.71215133368969" lon="14.845394566655159">
        <ele>304.19999999999999</ele>
        <time>2024-11-27T06:22:10Z</time>
      </trkpt>
      <trkpt lat="-22.712084027007222" lon="14.845165908336639">
        <ele>304</ele>
        <time>2024-11-27T06:22:31Z</time>
      </trkpt>
      <trkpt lat="-22.711844220757484" lon="14.844488315284252">
        <ele>304</ele>
        <time>2024-11-27T06:22:52Z</time>
      </trkpt>
      <trkpt lat="-22.711675744503736" lon="14.844048349186778">
        <ele>304</ele>
        <time>2024-11-27T06:23:13Z</time>
      </trkpt>
      <trkpt lat="-22.711424874141812" lon="14.84338634647429">
        <ele>304.60000000000002</ele>
        <time>2024-11-27T06:23:34Z</time>
      </trkpt>
      <trkpt lat="-22.711337450891733" lon="14.843162717297673">
        <ele>305</ele>
        <time>2024-11-27T06:23:55Z</time>
      </trkpt>
      <trkpt lat="-22.711072750389576" lon="14.842479592189193">
        <ele>305.39999999999998</ele>
        <time>2024-11-27T06:24:16Z</time>
      </trkpt>
      <trkpt lat="-22.710984405130148" lon="14.842245737090707">
        <ele>305.60000000000002</ele>
        <time>2024-11-27T06:24:37Z</time>
      </trkpt>
      <trkpt lat="-22.710722638294101" lon="14.841563533991575">
        <ele>305.60000000000002</ele>
        <time>2024-11-27T06:24:58Z</time>
      </trkpt>
      <trkpt lat="-22.710553826764226" lon="14.841122394427657">
        <ele>305.80000000000001</ele>
        <time>2024-11-27T06:25:19Z</time>
      </trkpt>
      <trkpt lat="-22.710468666628003" lon="14.840902118012309">
        <ele>306.19999999999999</ele>
        <time>2024-11-27T06:25:40Z</time>
      </trkpt>
      <trkpt lat="-22.710299352183938" lon="14.84046483412385">
        <ele>306.19999999999999</ele>
        <time>2024-11-27T06:26:01Z</time>
      </trkpt>
      <trkpt lat="-22.710216622799635" lon="14.840245563536882">
        <ele>306.39999999999998</ele>
        <time>2024-11-27T06:26:22Z</time>
      </trkpt>
      <trkpt lat="-22.710135821253061" lon="14.8400270473212">
        <ele>306.39999999999998</ele>
        <time>2024-11-27T06:26:43Z</time>
      </trkpt>
      <trkpt lat="-22.710056444630027" lon="14.839805848896503">
        <ele>306.39999999999998</ele>
        <time>2024-11-27T06:27:04Z</time>
      </trkpt>
      <trkpt lat="-22.709984863176942" lon="14.839581046253443">
        <ele>306.39999999999998</ele>
        <time>2024-11-27T06:27:25Z</time>
      </trkpt>
      <trkpt lat="-22.709916215389967" lon="14.839354651048779">
        <ele>306.39999999999998</ele>
        <time>2024-11-27T06:27:47Z</time>
      </trkpt>
      <trkpt lat="-22.709851926192641" lon="14.839129010215402">
        <ele>306.60000000000002</ele>
        <time>2024-11-27T06:28:08Z</time>
      </trkpt>
      <trkpt lat="-22.709796018898487" lon="14.838901273906231">
        <ele>306.60000000000002</ele>
        <time>2024-11-27T06:28:29Z</time>
      </trkpt>
      <trkpt lat="-22.70974287763238" lon="14.838670855388045">
        <ele>306.60000000000002</ele>
        <time>2024-11-27T06:28:50Z</time>
      </trkpt>
      <trkpt lat="-22.709574736654758" lon="14.83797138556838">
        <ele>306.39999999999998</ele>
        <time>2024-11-27T06:29:11Z</time>
      </trkpt>
      <trkpt lat="-22.709507094696164" lon="14.837740967050195">
        <ele>306.39999999999998</ele>
        <time>2024-11-27T06:29:32Z</time>
      </trkpt>
      <trkpt lat="-22.709297714754939" lon="14.83704149723053">
        <ele>306.19999999999999</ele>
        <time>2024-11-27T06:29:53Z</time>
      </trkpt>
      <trkpt lat="-22.709228983148932" lon="14.836819125339389">
        <ele>306.19999999999999</ele>
        <time>2024-11-27T06:30:14Z</time>
      </trkpt>
      <trkpt lat="-22.709158910438418" lon="14.836601112037897">
        <ele>306.19999999999999</ele>
        <time>2024-11-27T06:30:35Z</time>
      </trkpt>
      <trkpt lat="-22.709086574614048" lon="14.836389636620879">
        <ele>306.19999999999999</ele>
        <time>2024-11-27T06:30:56Z</time>
      </trkpt>
      <trkpt lat="-22.7090148255229" lon="14.83618444763124">
        <ele>306.39999999999998</ele>
        <time>2024-11-27T06:31:17Z</time>
      </trkpt>
      <trkpt lat="-22.70894450135529" lon="14.835986802354455">
        <ele>306.60000000000002</ele>
        <time>2024-11-27T06:31:38Z</time>
      </trkpt>
      <trkpt lat="-22.708875015377998" lon="14.835792006924748">
        <ele>306.80000000000001</ele>
        <time>2024-11-27T06:31:59Z</time>
      </trkpt>
      <trkpt lat="-22.708805948495865" lon="14.835596038028598">
        <ele>307</ele>
        <time>2024-11-27T06:32:20Z</time>
      </trkpt>
      <trkpt lat="-22.708736546337605" lon="14.835400907322764">
        <ele>307.19999999999999</ele>
        <time>2024-11-27T06:32:41Z</time>
      </trkpt>
      <trkpt lat="-22.708666892722249" lon="14.835203262045979">
        <ele>307.19999999999999</ele>
        <time>2024-11-27T06:33:02Z</time>
      </trkpt>
      <trkpt lat="-22.708454746752977" lon="14.834598088636994">
        <ele>306.60000000000002</ele>
        <time>2024-11-27T06:33:23Z</time>
      </trkpt>
      <trkpt lat="-22.708381153643131" lon="14.834400359541178">
        <ele>306.60000000000002</ele>
        <time>2024-11-27T06:33:44Z</time>
      </trkpt>
      <trkpt lat="-22.708219550549984" lon="14.834007583558559">
        <ele>306.19999999999999</ele>
        <time>2024-11-27T06:34:05Z</time>
      </trkpt>
      <trkpt lat="-22.707962058484554" lon="14.83341196551919">
        <ele>305.60000000000002</ele>
        <time>2024-11-27T06:34:27Z</time>
      </trkpt>
      <trkpt lat="-22.707878490909934" lon="14.833218175917864">
        <ele>305.60000000000002</ele>
        <time>2024-11-27T06:34:48Z</time>
      </trkpt>
      <trkpt lat="-22.70779475569725" lon="14.833026314154267">
        <ele>305.39999999999998</ele>
        <time>2024-11-27T06:35:09Z</time>
      </trkpt>
      <trkpt lat="-22.707712613046169" lon="14.832837805151939">
        <ele>305.60000000000002</ele>
        <time>2024-11-27T06:35:30Z</time>
      </trkpt>
      <trkpt lat="-22.707630302757025" lon="14.832647116854787">
        <ele>305.60000000000002</ele>
        <time>2024-11-27T06:35:51Z</time>
      </trkpt>
      <trkpt lat="-22.707551177591085" lon="14.832457769662142">
        <ele>306</ele>
        <time>2024-11-27T06:36:12Z</time>
      </trkpt>
      <trkpt lat="-22.707322686910629" lon="14.831853853538632">
        <ele>306.19999999999999</ele>
        <time>2024-11-27T06:36:33Z</time>
      </trkpt>
      <trkpt lat="-22.707183379679918" lon="14.831437189131975">
        <ele>306.19999999999999</ele>
        <time>2024-11-27T06:36:54Z</time>
      </trkpt>
      <trkpt lat="-22.707116743549705" lon="14.831232586875558">
        <ele>305.39999999999998</ele>
        <time>2024-11-27T06:37:15Z</time>
      </trkpt>
      <trkpt lat="-22.707052789628506" lon="14.831033097580075">
        <ele>305.19999999999999</ele>
        <time>2024-11-27T06:37:36Z</time>
      </trkpt>
      <trkpt lat="-22.706992439925671" lon="14.830841235816479">
        <ele>305</ele>
        <time>2024-11-27T06:37:57Z</time>
      </trkpt>
      <trkpt lat="-22.706929575651884" lon="14.830650547519326">
        <ele>304.80000000000001</ele>
        <time>2024-11-27T06:38:18Z</time>
      </trkpt>
      <trkpt lat="-22.706867214292288" lon="14.830464888364077">
        <ele>304.39999999999998</ele>
        <time>2024-11-27T06:38:40Z</time>
      </trkpt>
      <trkpt lat="-22.706802673637867" lon="14.830286102369428">
        <ele>304.39999999999998</ele>
        <time>2024-11-27T06:39:01Z</time>
      </trkpt>
      <trkpt lat="-22.706729415804148" lon="14.830113854259253">
        <ele>304.80000000000001</ele>
        <time>2024-11-27T06:39:22Z</time>
      </trkpt>
      <trkpt lat="-22.706647021695971" lon="14.829944204539061">
        <ele>304.80000000000001</ele>
        <time>2024-11-27T06:39:43Z</time>
      </trkpt>
      <trkpt lat="-22.706559095531702" lon="14.829772459343076">
        <ele>304.60000000000002</ele>
        <time>2024-11-27T06:40:04Z</time>
      </trkpt>
      <trkpt lat="-22.706280061975121" lon="14.829242639243603">
        <ele>304.39999999999998</ele>
        <time>2024-11-27T06:40:25Z</time>
      </trkpt>
      <trkpt lat="-22.70608501508832" lon="14.828896382823586">
        <ele>304.19999999999999</ele>
        <time>2024-11-27T06:40:46Z</time>
      </trkpt>
      <trkpt lat="-22.70598828792572" lon="14.82872748747468">
        <ele>304.19999999999999</ele>
        <time>2024-11-27T06:41:07Z</time>
      </trkpt>
      <trkpt lat="-22.705888794735074" lon="14.828562615439296">
        <ele>304.19999999999999</ele>
        <time>2024-11-27T06:41:28Z</time>
      </trkpt>
      <trkpt lat="-22.705783601850271" lon="14.828399084508419">
        <ele>304</ele>
        <time>2024-11-27T06:41:49Z</time>
      </trkpt>
      <trkpt lat="-22.705559553578496" lon="14.828082416206598">
        <ele>303.80000000000001</ele>
        <time>2024-11-27T06:42:11Z</time>
      </trkpt>
      <trkpt lat="-22.705318825319409" lon="14.827788295224309">
        <ele>303.19999999999999</ele>
        <time>2024-11-27T06:42:32Z</time>
      </trkpt>
      <trkpt lat="-22.705041971057653" lon="14.82750590890646">
        <ele>303.19999999999999</ele>
        <time>2024-11-27T06:42:53Z</time>
      </trkpt>
      <trkpt lat="-22.704758075997233" lon="14.827225869521499">
        <ele>303.19999999999999</ele>
        <time>2024-11-27T06:43:14Z</time>
      </trkpt>
      <trkpt lat="-22.70447644405067" lon="14.82695085927844">
        <ele>303.39999999999998</ele>
        <time>2024-11-27T06:43:35Z</time>
      </trkpt>
      <trkpt lat="-22.704185592010617" lon="14.826685739681125">
        <ele>303.60000000000002</ele>
        <time>2024-11-27T06:43:56Z</time>
      </trkpt>
      <trkpt lat="-22.703689215704799" lon="14.826373932883143">
        <ele>304.19999999999999</ele>
        <time>2024-11-27T06:44:17Z</time>
      </trkpt>
      <trkpt lat="-22.703328877687454" lon="14.826248455792665">
        <ele>305.19999999999999</ele>
        <time>2024-11-27T06:44:38Z</time>
      </trkpt>
      <trkpt lat="-22.703147577121854" lon="14.826209815219045">
        <ele>305.60000000000002</ele>
        <time>2024-11-27T06:45:00Z</time>
      </trkpt>
      <trkpt lat="-22.702775839716196" lon="14.826149633154273">
        <ele>306.19999999999999</ele>
        <time>2024-11-27T06:45:21Z</time>
      </trkpt>
      <trkpt lat="-22.702416758984327" lon="14.826047709211707">
        <ele>306.80000000000001</ele>
        <time>2024-11-27T06:45:42Z</time>
      </trkpt>
      <trkpt lat="-22.702253563329577" lon="14.825978558510542">
        <ele>307</ele>
        <time>2024-11-27T06:46:03Z</time>
      </trkpt>
      <trkpt lat="-22.702103778719902" lon="14.825905133038759">
        <ele>307.19999999999999</ele>
        <time>2024-11-27T06:46:24Z</time>
      </trkpt>
      <trkpt lat="-22.701948210597038" lon="14.825824582949281">
        <ele>307.60000000000002</ele>
        <time>2024-11-27T06:46:45Z</time>
      </trkpt>
      <trkpt lat="-22.701789541170001" lon="14.825757024809718">
        <ele>308.39999999999998</ele>
        <time>2024-11-27T06:47:06Z</time>
      </trkpt>
      <trkpt lat="-22.701625926420093" lon="14.825698602944613">
        <ele>308.60000000000002</ele>
        <time>2024-11-27T06:47:28Z</time>
      </trkpt>
      <trkpt lat="-22.701464155688882" lon="14.825647808611393">
        <ele>309</ele>
        <time>2024-11-27T06:47:49Z</time>
      </trkpt>
      <trkpt lat="-22.701307162642479" lon="14.825603635981679">
        <ele>309.19999999999999</ele>
        <time>2024-11-27T06:48:10Z</time>
      </trkpt>
      <trkpt lat="-22.70114790648222" lon="14.825566001236439">
        <ele>309.39999999999998</ele>
        <time>2024-11-27T06:48:31Z</time>
      </trkpt>
      <trkpt lat="-22.700982866808772" lon="14.825541023164988">
        <ele>309.39999999999998</ele>
        <time>2024-11-27T06:48:52Z</time>
      </trkpt>
      <trkpt lat="-22.700816486030817" lon="14.825523002073169">
        <ele>310.19999999999999</ele>
        <time>2024-11-27T06:49:13Z</time>
      </trkpt>
      <trkpt lat="-22.700641388073564" lon="14.825505567714572">
        <ele>310.80000000000001</ele>
        <time>2024-11-27T06:49:34Z</time>
      </trkpt>
      <trkpt lat="-22.700472828000784" lon="14.825493413954973">
        <ele>311</ele>
        <time>2024-11-27T06:49:56Z</time>
      </trkpt>
      <trkpt lat="-22.700308626517653" lon="14.825496263802052">
        <ele>311.19999999999999</ele>
        <time>2024-11-27T06:50:17Z</time>
      </trkpt>
      <trkpt lat="-22.700147107243538" lon="14.825518894940615">
        <ele>311.19999999999999</ele>
        <time>2024-11-27T06:50:38Z</time>
      </trkpt>
      <trkpt lat="-22.699988353997469" lon="14.825545381754637">
        <ele>311.60000000000002</ele>
        <time>2024-11-27T06:50:59Z</time>
      </trkpt>
      <trkpt lat="-22.699828846380115" lon="14.825568431988358">
        <ele>312.19999999999999</ele>
        <time>2024-11-27T06:51:20Z</time>
      </trkpt>
      <trkpt lat="-22.699663639068604" lon="14.825578993186355">
        <ele>312.39999999999998</ele>
        <time>2024-11-27T06:51:41Z</time>
      </trkpt>
      <trkpt lat="-22.699498012661934" lon="14.82557388022542">
        <ele>312.39999999999998</ele>
        <time>2024-11-27T06:52:02Z</time>
      </trkpt>
      <trkpt lat="-22.699329452589154" lon="14.825549740344286">
        <ele>312.39999999999998</ele>
        <time>2024-11-27T06:52:24Z</time>
      </trkpt>
      <trkpt lat="-22.69915527664125" lon="14.825515290722251">
        <ele>312.60000000000002</ele>
        <time>2024-11-27T06:52:45Z</time>
      </trkpt>
      <trkpt lat="-22.698979340493679" lon="14.825474973767996">
        <ele>312.60000000000002</ele>
        <time>2024-11-27T06:53:06Z</time>
      </trkpt>
      <trkpt lat="-22.698806840926409" lon="14.825430130586028">
        <ele>312.60000000000002</ele>
        <time>2024-11-27T06:53:27Z</time>
      </trkpt>
      <trkpt lat="-22.698633838444948" lon="14.825386628508568">
        <ele>313</ele>
        <time>2024-11-27T06:53:48Z</time>
      </trkpt>
      <trkpt lat="-22.698454298079014" lon="14.825342539697886">
        <ele>313.60000000000002</ele>
        <time>2024-11-27T06:54:09Z</time>
      </trkpt>
      <trkpt lat="-22.698268890380859" lon="14.825297696515918">
        <ele>314.19999999999999</ele>
        <time>2024-11-27T06:54:31Z</time>
      </trkpt>
      <trkpt lat="-22.698082560673356" lon="14.825242375954986">
        <ele>314.80000000000001</ele>
        <time>2024-11-27T06:54:52Z</time>
      </trkpt>
      <trkpt lat="-22.697901679202914" lon="14.82517808675766">
        <ele>315</ele>
        <time>2024-11-27T06:55:13Z</time>
      </trkpt>
      <trkpt lat="-22.697724653407931" lon="14.825104577466846">
        <ele>315.19999999999999</ele>
        <time>2024-11-27T06:55:34Z</time>
      </trkpt>
      <trkpt lat="-22.697554752230644" lon="14.825022434815764">
        <ele>315.39999999999998</ele>
        <time>2024-11-27T06:55:55Z</time>
      </trkpt>
      <trkpt lat="-22.69739767536521" lon="14.824921600520611">
        <ele>315.80000000000001</ele>
        <time>2024-11-27T06:56:16Z</time>
      </trkpt>
      <trkpt lat="-22.697253674268723" lon="14.824799476191401">
        <ele>316.60000000000002</ele>
        <time>2024-11-27T06:56:38Z</time>
      </trkpt>
      <trkpt lat="-22.697117384523153" lon="14.824661174789071">
        <ele>317.19999999999999</ele>
        <time>2024-11-27T06:56:59Z</time>
      </trkpt>
      <trkpt lat="-22.696980843320489" lon="14.824509043246508">
        <ele>317.80000000000001</ele>
        <time>2024-11-27T06:57:20Z</time>
      </trkpt>
      <trkpt lat="-22.696851007640362" lon="14.824353558942676">
        <ele>318.19999999999999</ele>
        <time>2024-11-27T06:57:41Z</time>
      </trkpt>
      <trkpt lat="-22.696729637682438" lon="14.824200421571732">
        <ele>318.39999999999998</ele>
        <time>2024-11-27T06:58:02Z</time>
      </trkpt>
      <trkpt lat="-22.696621092036366" lon="14.824056755751371">
        <ele>318.80000000000001</ele>
        <time>2024-11-27T06:58:24Z</time>
      </trkpt>
      <trkpt lat="-22.696524113416672" lon="14.823924573138356">
        <ele>319</ele>
        <time>2024-11-27T06:58:45Z</time>
      </trkpt>
      <trkpt lat="-22.696444652974606" lon="14.823810579255223">
        <ele>319.19999999999999</ele>
        <time>2024-11-27T06:59:06Z</time>
      </trkpt>
      <trkpt lat="-22.696393942460418" lon="14.823705805465579">
        <ele>319.19999999999999</ele>
        <time>2024-11-27T06:59:27Z</time>
      </trkpt>
      <trkpt lat="-22.696369215846062" lon="14.823603965342045">
        <ele>319.39999999999998</ele>
        <time>2024-11-27T06:59:48Z</time>
      </trkpt>
      <trkpt lat="-22.696370305493474" lon="14.823496593162417">
        <ele>320</ele>
        <time>2024-11-27T07:00:09Z</time>
      </trkpt>
      <trkpt lat="-22.696403078734875" lon="14.823388634249568">
        <ele>320.80000000000001</ele>
        <time>2024-11-27T07:00:31Z</time>
      </trkpt>
      <trkpt lat="-22.696463596075773" lon="14.823289224877954">
        <ele>321</ele>
        <time>2024-11-27T07:00:52Z</time>
      </trkpt>
      <trkpt lat="-22.696539619937539" lon="14.823198867961764">
        <ele>321</ele>
        <time>2024-11-27T07:01:13Z</time>
      </trkpt>
      <trkpt lat="-22.696640873327851" lon="14.823129968717694">
        <ele>321.19999999999999</ele>
        <time>2024-11-27T07:01:34Z</time>
      </trkpt>
      <trkpt lat="-22.696758052334189" lon="14.823066769167781">
        <ele>321.19999999999999</ele>
        <time>2024-11-27T07:01:55Z</time>
      </trkpt>
      <trkpt lat="-22.696875231340528" lon="14.823002144694328">
        <ele>321.19999999999999</ele>
        <time>2024-11-27T07:02:17Z</time>
      </trkpt>
      <trkpt lat="-22.696982184424996" lon="14.822919834405184">
        <ele>321.19999999999999</ele>
        <time>2024-11-27T07:02:38Z</time>
      </trkpt>
      <trkpt lat="-22.697091987356544" lon="14.822830818593502">
        <ele>320.80000000000001</ele>
        <time>2024-11-27T07:02:59Z</time>
      </trkpt>
      <trkpt lat="-22.697193911299109" lon="14.822707939893007">
        <ele>320.39999999999998</ele>
        <time>2024-11-27T07:03:20Z</time>
      </trkpt>
      <trkpt lat="-22.69728141836822" lon="14.822573075070977">
        <ele>320.19999999999999</ele>
        <time>2024-11-27T07:03:41Z</time>
      </trkpt>
      <trkpt lat="-22.69735274836421" lon="14.822423877194524">
        <ele>319.60000000000002</ele>
        <time>2024-11-27T07:04:03Z</time>
      </trkpt>
      <trkpt lat="-22.697409745305777" lon="14.822264621034265">
        <ele>319.39999999999998</ele>
        <time>2024-11-27T07:04:24Z</time>
      </trkpt>
      <trkpt lat="-22.697445033118129" lon="14.822095306590199">
        <ele>319.19999999999999</ele>
        <time>2024-11-27T07:04:45Z</time>
      </trkpt>
      <trkpt lat="-22.697464730590582" lon="14.821917274966836">
        <ele>319.19999999999999</ele>
        <time>2024-11-27T07:05:06Z</time>
      </trkpt>
      <trkpt lat="-22.697466909885406" lon="14.821746787056327">
        <ele>319.19999999999999</ele>
        <time>2024-11-27T07:05:27Z</time>
      </trkpt>
      <trkpt lat="-22.697459952905774" lon="14.821569593623281">
        <ele>319.19999999999999</ele>
        <time>2024-11-27T07:05:49Z</time>
      </trkpt>
      <trkpt lat="-22.697452576830983" lon="14.821388879790902">
        <ele>319.19999999999999</ele>
        <time>2024-11-27T07:06:10Z</time>
      </trkpt>
      <trkpt lat="-22.69744947552681" lon="14.821206741034985">
        <ele>319.19999999999999</ele>
        <time>2024-11-27T07:06:31Z</time>
      </trkpt>
      <trkpt lat="-22.697448553517461" lon="14.82102912850678">
        <ele>319.19999999999999</ele>
        <time>2024-11-27T07:06:52Z</time>
      </trkpt>
      <trkpt lat="-22.69744754768908" lon="14.82069393619895">
        <ele>319.19999999999999</ele>
        <time>2024-11-27T07:07:13Z</time>
      </trkpt>
      <trkpt lat="-22.697442434728146" lon="14.820529399439692">
        <ele>319</ele>
        <time>2024-11-27T07:07:35Z</time>
      </trkpt>
      <trkpt lat="-22.697431622073054" lon="14.820365365594625">
        <ele>318.80000000000001</ele>
        <time>2024-11-27T07:07:56Z</time>
      </trkpt>
      <trkpt lat="-22.697404883801937" lon="14.820201164111495">
        <ele>318.60000000000002</ele>
        <time>2024-11-27T07:08:17Z</time>
      </trkpt>
      <trkpt lat="-22.69735811278224" lon="14.82004065066576">
        <ele>318.19999999999999</ele>
        <time>2024-11-27T07:08:38Z</time>
      </trkpt>
      <trkpt lat="-22.697289967909455" lon="14.819888519123197">
        <ele>318</ele>
        <time>2024-11-27T07:08:59Z</time>
      </trkpt>
      <trkpt lat="-22.697198856621981" lon="14.819749211892486">
        <ele>317.80000000000001</ele>
        <time>2024-11-27T07:09:21Z</time>
      </trkpt>
      <trkpt lat="-22.69708645530045" lon="14.819625662639737">
        <ele>317.39999999999998</ele>
        <time>2024-11-27T07:09:42Z</time>
      </trkpt>
      <trkpt lat="-22.69695159047842" lon="14.819520972669125">
        <ele>317.39999999999998</ele>
        <time>2024-11-27T07:10:03Z</time>
      </trkpt>
      <trkpt lat="-22.696806164458394" lon="14.81943036429584">
        <ele>317.39999999999998</ele>
        <time>2024-11-27T07:10:24Z</time>
      </trkpt>
      <trkpt lat="-22.69665839150548" lon="14.819348640739918">
        <ele>317.39999999999998</ele>
        <time>2024-11-27T07:10:45Z</time>
      </trkpt>
      <trkpt lat="-22.696526711806655" lon="14.819258283823729">
        <ele>317.80000000000001</ele>
        <time>2024-11-27T07:11:07Z</time>
      </trkpt>
      <trkpt lat="-22.696422692388296" lon="14.819154515862465">
        <ele>318.39999999999998</ele>
        <time>2024-11-27T07:11:28Z</time>
      </trkpt>
      <trkpt lat="-22.696347674354911" lon="14.819035325199366">
        <ele>318.60000000000002</ele>
        <time>2024-11-27T07:11:49Z</time>
      </trkpt>
      <trkpt lat="-22.696293108165264" lon="14.818904735147953">
        <ele>318.80000000000001</ele>
        <time>2024-11-27T07:12:10Z</time>
      </trkpt>
      <trkpt lat="-22.696259245276451" lon="14.818770037963986">
        <ele>319</ele>
        <time>2024-11-27T07:12:32Z</time>
      </trkpt>
      <trkpt lat="-22.696259999647737" lon="14.818635592237115">
        <ele>319.19999999999999</ele>
        <time>2024-11-27T07:12:53Z</time>
      </trkpt>
      <trkpt lat="-22.696281960234046" lon="14.818505505099893">
        <ele>319.19999999999999</ele>
        <time>2024-11-27T07:13:14Z</time>
      </trkpt>
      <trkpt lat="-22.696335352957249" lon="14.818384554237127">
        <ele>319.39999999999998</ele>
        <time>2024-11-27T07:13:35Z</time>
      </trkpt>
      <trkpt lat="-22.696417076513171" lon="14.818268129602075">
        <ele>319.80000000000001</ele>
        <time>2024-11-27T07:13:56Z</time>
      </trkpt>
      <trkpt lat="-22.69651866517961" lon="14.818151872605085">
        <ele>320.39999999999998</ele>
        <time>2024-11-27T07:14:18Z</time>
      </trkpt>
      <trkpt lat="-22.696622684597969" lon="14.818027401342988">
        <ele>320.80000000000001</ele>
        <time>2024-11-27T07:14:39Z</time>
      </trkpt>
      <trkpt lat="-22.696726284921169" lon="14.817893877625465">
        <ele>320.80000000000001</ele>
        <time>2024-11-27T07:15:00Z</time>
      </trkpt>
      <trkpt lat="-22.697126856073737" lon="14.817263139411807">
        <ele>320.80000000000001</ele>
        <time>2024-11-27T07:15:21Z</time>
      </trkpt>
      <trkpt lat="-22.69732877612114" lon="14.816948985680938">
        <ele>320.39999999999998</ele>
        <time>2024-11-27T07:15:43Z</time>
      </trkpt>
      <trkpt lat="-22.697426006197929" lon="14.816796099767089">
        <ele>320.19999999999999</ele>
        <time>2024-11-27T07:16:04Z</time>
      </trkpt>
      <trkpt lat="-22.697525499388576" lon="14.816640950739384">
        <ele>319.80000000000001</ele>
        <time>2024-11-27T07:16:25Z</time>
      </trkpt>
      <trkpt lat="-22.697619292885065" lon="14.816487729549408">
        <ele>319.19999999999999</ele>
        <time>2024-11-27T07:16:46Z</time>
      </trkpt>
      <trkpt lat="-22.697703195735812" lon="14.816336603835225">
        <ele>318.80000000000001</ele>
        <time>2024-11-27T07:17:07Z</time>
      </trkpt>
      <trkpt lat="-22.697772681713104" lon="14.816181790083647">
        <ele>318.80000000000001</ele>
        <time>2024-11-27T07:17:29Z</time>
      </trkpt>
      <trkpt lat="-22.697832277044654" lon="14.81602312065661">
        <ele>318.60000000000002</ele>
        <time>2024-11-27T07:17:50Z</time>
      </trkpt>
      <trkpt lat="-22.697944426909089" lon="14.815712738782167">
        <ele>318.60000000000002</ele>
        <time>2024-11-27T07:18:11Z</time>
      </trkpt>
      <trkpt lat="-22.69799723289907" lon="14.81556236743927">
        <ele>318.60000000000002</ele>
        <time>2024-11-27T07:18:32Z</time>
      </trkpt>
      <trkpt lat="-22.698052134364843" lon="14.815415348857641">
        <ele>318.60000000000002</ele>
        <time>2024-11-27T07:18:54Z</time>
      </trkpt>
      <trkpt lat="-22.698102341964841" lon="14.815274197608232">
        <ele>318.80000000000001</ele>
        <time>2024-11-27T07:19:15Z</time>
      </trkpt>
      <trkpt lat="-22.698150789365172" lon="14.815134722739458">
        <ele>318.60000000000002</ele>
        <time>2024-11-27T07:19:36Z</time>
      </trkpt>
      <trkpt lat="-22.698192112147808" lon="14.814989129081368">
        <ele>318.60000000000002</ele>
        <time>2024-11-27T07:19:57Z</time>
      </trkpt>
      <trkpt lat="-22.698246007785201" lon="14.814670197665691">
        <ele>318.60000000000002</ele>
        <time>2024-11-27T07:20:19Z</time>
      </trkpt>
      <trkpt lat="-22.698245085775852" lon="14.814495518803596">
        <ele>318.60000000000002</ele>
        <time>2024-11-27T07:20:40Z</time>
      </trkpt>
      <trkpt lat="-22.698211809620261" lon="14.814128978177905">
        <ele>318.60000000000002</ele>
        <time>2024-11-27T07:21:01Z</time>
      </trkpt>
      <trkpt lat="-22.698131427168846" lon="14.81353553943336">
        <ele>319.60000000000002</ele>
        <time>2024-11-27T07:21:22Z</time>
      </trkpt>
      <trkpt lat="-22.698078788816929" lon="14.813132286071777">
        <ele>319.60000000000002</ele>
        <time>2024-11-27T07:21:44Z</time>
      </trkpt>
      <trkpt lat="-22.698021121323109" lon="14.8125284537673">
        <ele>319.19999999999999</ele>
        <time>2024-11-27T07:22:05Z</time>
      </trkpt>
      <trkpt lat="-22.698003686964512" lon="14.812339022755623">
        <ele>319.19999999999999</ele>
        <time>2024-11-27T07:22:26Z</time>
      </trkpt>
      <trkpt lat="-22.697990695014596" lon="14.812153447419405">
        <ele>319</ele>
        <time>2024-11-27T07:22:48Z</time>
      </trkpt>
      <trkpt lat="-22.697988515719771" lon="14.811974661424756">
        <ele>319</ele>
        <time>2024-11-27T07:23:09Z</time>
      </trkpt>
      <trkpt lat="-22.697994550690055" lon="14.811809370294213">
        <ele>319</ele>
        <time>2024-11-27T07:23:30Z</time>
      </trkpt>
      <trkpt lat="-22.698000837117434" lon="14.811651539057493">
        <ele>319.19999999999999</ele>
        <time>2024-11-27T07:23:51Z</time>
      </trkpt>
      <trkpt lat="-22.698007458820939" lon="14.811495048925281">
        <ele>319.39999999999998</ele>
        <time>2024-11-27T07:24:13Z</time>
      </trkpt>
      <trkpt lat="-22.698008548468351" lon="14.811334451660514">
        <ele>319.39999999999998</ele>
        <time>2024-11-27T07:24:34Z</time>
      </trkpt>
      <trkpt lat="-22.697981642559171" lon="14.810989117249846">
        <ele>319.39999999999998</ele>
        <time>2024-11-27T07:24:55Z</time>
      </trkpt>
      <trkpt lat="-22.697860188782215" lon="14.810472205281258">
        <ele>319.19999999999999</ele>
        <time>2024-11-27T07:25:16Z</time>
      </trkpt>
      <trkpt lat="-22.697811406105757" lon="14.810302471742034">
        <ele>319</ele>
        <time>2024-11-27T07:25:38Z</time>
      </trkpt>
      <trkpt lat="-22.697704788297415" lon="14.809962837025523">
        <ele>318.80000000000001</ele>
        <time>2024-11-27T07:25:59Z</time>
      </trkpt>
      <trkpt lat="-22.697524912655354" lon="14.809467131271958">
        <ele>319.19999999999999</ele>
        <time>2024-11-27T07:26:20Z</time>
      </trkpt>
      <trkpt lat="-22.697334811091423" lon="14.808980980888009">
        <ele>319.39999999999998</ele>
        <time>2024-11-27T07:26:42Z</time>
      </trkpt>
      <trkpt lat="-22.697267923504114" lon="14.80882516130805">
        <ele>319.39999999999998</ele>
        <time>2024-11-27T07:27:03Z</time>
      </trkpt>
      <trkpt lat="-22.697197431698442" lon="14.808665905147791">
        <ele>319.39999999999998</ele>
        <time>2024-11-27T07:27:24Z</time>
      </trkpt>
      <trkpt lat="-22.697126101702452" lon="14.808501284569502">
        <ele>319</ele>
        <time>2024-11-27T07:27:45Z</time>
      </trkpt>
      <trkpt lat="-22.696985453367233" lon="14.808167349547148">
        <ele>318.19999999999999</ele>
        <time>2024-11-27T07:28:07Z</time>
      </trkpt>
      <trkpt lat="-22.696845391765237" lon="14.807829894125462">
        <ele>317.19999999999999</ele>
        <time>2024-11-27T07:28:28Z</time>
      </trkpt>
      <trkpt lat="-22.696706084534526" lon="14.807501742616296">
        <ele>317.19999999999999</ele>
        <time>2024-11-27T07:28:49Z</time>
      </trkpt>
      <trkpt lat="-22.696638694033027" lon="14.807340642437339">
        <ele>317.80000000000001</ele>
        <time>2024-11-27T07:29:11Z</time>
      </trkpt>
      <trkpt lat="-22.696573985740542" lon="14.807179206982255">
        <ele>319</ele>
        <time>2024-11-27T07:29:32Z</time>
      </trkpt>
      <trkpt lat="-22.696515480056405" lon="14.807017520070076">
        <ele>319.39999999999998</ele>
        <time>2024-11-27T07:29:53Z</time>
      </trkpt>
      <trkpt lat="-22.69641263410449" lon="14.806690374389291">
        <ele>319.60000000000002</ele>
        <time>2024-11-27T07:30:14Z</time>
      </trkpt>
      <trkpt lat="-22.696365108713508" lon="14.80652273632586">
        <ele>319.80000000000001</ele>
        <time>2024-11-27T07:30:36Z</time>
      </trkpt>
      <trkpt lat="-22.696232842281461" lon="14.806024264544249">
        <ele>319.60000000000002</ele>
        <time>2024-11-27T07:30:57Z</time>
      </trkpt>
      <trkpt lat="-22.696195458993316" lon="14.80586551129818">
        <ele>319.60000000000002</ele>
        <time>2024-11-27T07:31:18Z</time>
      </trkpt>
      <trkpt lat="-22.696162601932883" lon="14.805720839649439">
        <ele>319.39999999999998</ele>
        <time>2024-11-27T07:31:40Z</time>
      </trkpt>
      <trkpt lat="-22.696135276928544" lon="14.805592428892851">
        <ele>318.60000000000002</ele>
        <time>2024-11-27T07:32:01Z</time>
      </trkpt>
      <trkpt lat="-22.696110801771283" lon="14.805482877418399">
        <ele>317.80000000000001</ele>
        <time>2024-11-27T07:32:22Z</time>
      </trkpt>
      <trkpt lat="-22.696080207824707" lon="14.805397968739271">
        <ele>316.80000000000001</ele>
        <time>2024-11-27T07:32:44Z</time>
      </trkpt>
      <trkpt lat="-22.696047015488148" lon="14.805337954312563">
        <ele>316.19999999999999</ele>
        <time>2024-11-27T07:33:05Z</time>
      </trkpt>
      <trkpt lat="-22.696004519239068" lon="14.805298643186688">
        <ele>315.39999999999998</ele>
        <time>2024-11-27T07:33:26Z</time>
      </trkpt>
      <trkpt lat="-22.695954646915197" lon="14.805275676771998">
        <ele>315.19999999999999</ele>
        <time>2024-11-27T07:33:48Z</time>
      </trkpt>
      <trkpt lat="-22.69590251147747" lon="14.805263187736273">
        <ele>315</ele>
        <time>2024-11-27T07:34:09Z</time>
      </trkpt>
      <trkpt lat="-22.695839563384652" lon="14.805270312353969">
        <ele>315</ele>
        <time>2024-11-27T07:34:30Z</time>
      </trkpt>
      <trkpt lat="-22.695773681625724" lon="14.805292272940278">
        <ele>314.80000000000001</ele>
        <time>2024-11-27T07:34:52Z</time>
      </trkpt>
      <trkpt lat="-22.69566941075027" lon="14.805361172184348">
        <ele>314.80000000000001</ele>
        <time>2024-11-27T07:35:13Z</time>
      </trkpt>
      <trkpt lat="-22.695622472092509" lon="14.805414732545614">
        <ele>314.60000000000002</ele>
        <time>2024-11-27T07:35:34Z</time>
      </trkpt>
      <trkpt lat="-22.695579640567303" lon="14.805480781942606">
        <ele>314.60000000000002</ele>
        <time>2024-11-27T07:35:55Z</time>
      </trkpt>
      <trkpt lat="-22.695547873154283" lon="14.805555213242769">
        <ele>314.60000000000002</ele>
        <time>2024-11-27T07:36:17Z</time>
      </trkpt>
      <trkpt lat="-22.69552088342607" lon="14.805635595694184">
        <ele>314.80000000000001</ele>
        <time>2024-11-27T07:36:38Z</time>
      </trkpt>
      <trkpt lat="-22.695500515401363" lon="14.805712960660458">
        <ele>314.80000000000001</ele>
        <time>2024-11-27T07:36:59Z</time>
      </trkpt>
      <trkpt lat="-22.69548668526113" lon="14.805784290656447">
        <ele>315</ele>
        <time>2024-11-27T07:37:21Z</time>
      </trkpt>
      <trkpt lat="-22.69547738134861" lon="14.805847490206361">
        <ele>315</ele>
        <time>2024-11-27T07:37:42Z</time>
      </trkpt>
      <trkpt lat="-22.695468915626407" lon="14.805904487147927">
        <ele>315.19999999999999</ele>
        <time>2024-11-27T07:38:03Z</time>
      </trkpt>
      <trkpt lat="-22.695459360256791" lon="14.805954191833735">
        <ele>315.19999999999999</ele>
        <time>2024-11-27T07:38:25Z</time>
      </trkpt>
      <trkpt lat="-22.695449469611049" lon="14.80599601753056">
        <ele>315.19999999999999</ele>
        <time>2024-11-27T07:38:46Z</time>
      </trkpt>
      <trkpt lat="-22.695441003888845" lon="14.806037927046418">
        <ele>315.39999999999998</ele>
        <time>2024-11-27T07:39:07Z</time>
      </trkpt>
      <trkpt lat="-22.695433208718896" lon="14.806073550134897">
        <ele>315.39999999999998</ele>
        <time>2024-11-27T07:39:29Z</time>
      </trkpt>
      <trkpt lat="-22.695430275052786" lon="14.806095594540238">
        <ele>315.60000000000002</ele>
        <time>2024-11-27T07:39:50Z</time>
      </trkpt>
      <trkpt lat="-22.695428263396025" lon="14.806108502671123">
        <ele>315.60000000000002</ele>
        <time>2024-11-27T07:40:11Z</time>
      </trkpt>
      <trkpt lat="-22.6954260841012" lon="14.806116716936231">
        <ele>315.60000000000002</ele>
        <time>2024-11-27T07:40:33Z</time>
      </trkpt>
      <trkpt lat="-22.695424994453788" lon="14.80612057261169">
        <ele>315.80000000000001</ele>
        <time>2024-11-27T07:40:54Z</time>
      </trkpt>
      <trkpt lat="-22.695422479882836" lon="14.8061269428581">
        <ele>315.80000000000001</ele>
        <time>2024-11-27T07:41:15Z</time>
      </trkpt>
      <trkpt lat="-22.695420887321234" lon="14.806132223457098">
        <ele>315.60000000000002</ele>
        <time>2024-11-27T07:41:37Z</time>
      </trkpt>
      <trkpt lat="-22.69541485235095" lon="14.806147813796997">
        <ele>316.19999999999999</ele>
        <time>2024-11-27T07:41:58Z</time>
      </trkpt>
      <trkpt lat="-22.695409236475825" lon="14.806178910657763">
        <ele>316.19999999999999</ele>
        <time>2024-11-27T07:42:19Z</time>
      </trkpt>
      <trkpt lat="-22.695404458791018" lon="14.806219059973955">
        <ele>316.19999999999999</ele>
        <time>2024-11-27T07:42:41Z</time>
      </trkpt>
      <trkpt lat="-22.695393227040768" lon="14.806271027773619">
        <ele>316.19999999999999</ele>
        <time>2024-11-27T07:43:02Z</time>
      </trkpt>
      <trkpt lat="-22.695342097431421" lon="14.806416956707835">
        <ele>315.39999999999998</ele>
        <time>2024-11-27T07:43:23Z</time>
      </trkpt>
      <trkpt lat="-22.695292392745614" lon="14.806502452120185">
        <ele>315.39999999999998</ele>
        <time>2024-11-27T07:43:44Z</time>
      </trkpt>
      <trkpt lat="-22.69513875246048" lon="14.80671426281333">
        <ele>313.39999999999998</ele>
        <time>2024-11-27T07:44:06Z</time>
      </trkpt>
      <trkpt lat="-22.695039259269834" lon="14.806821886450052">
        <ele>312.39999999999998</ele>
        <time>2024-11-27T07:44:27Z</time>
      </trkpt>
      <trkpt lat="-22.694925181567669" lon="14.806921882554889">
        <ele>311</ele>
        <time>2024-11-27T07:44:48Z</time>
      </trkpt>
      <trkpt lat="-22.694796016439795" lon="14.807008886709809">
        <ele>309.80000000000001</ele>
        <time>2024-11-27T07:45:10Z</time>
      </trkpt>
      <trkpt lat="-22.694658553227782" lon="14.807084491476417">
        <ele>308.80000000000001</ele>
        <time>2024-11-27T07:45:31Z</time>
      </trkpt>
      <trkpt lat="-22.694378430023789" lon="14.807223631069064">
        <ele>307.60000000000002</ele>
        <time>2024-11-27T07:45:52Z</time>
      </trkpt>
      <trkpt lat="-22.694116914644837" lon="14.807381462305784">
        <ele>306.19999999999999</ele>
        <time>2024-11-27T07:46:14Z</time>
      </trkpt>
      <trkpt lat="-22.693993616849184" lon="14.807471986860037">
        <ele>306.19999999999999</ele>
        <time>2024-11-27T07:46:35Z</time>
      </trkpt>
      <trkpt lat="-22.693878198042512" lon="14.807575922459364">
        <ele>306.19999999999999</ele>
        <time>2024-11-27T07:46:56Z</time>
      </trkpt>
      <trkpt lat="-22.693679630756378" lon="14.80782981030643">
        <ele>305.80000000000001</ele>
        <time>2024-11-27T07:47:18Z</time>
      </trkpt>
      <trkpt lat="-22.693591620773077" lon="14.807973224669695">
        <ele>305.19999999999999</ele>
        <time>2024-11-27T07:47:39Z</time>
      </trkpt>
      <trkpt lat="-22.693439573049545" lon="14.808279918506742">
        <ele>302.39999999999998</ele>
        <time>2024-11-27T07:48:00Z</time>
      </trkpt>
      <trkpt lat="-22.693372182548046" lon="14.808432888239622">
        <ele>301.19999999999999</ele>
        <time>2024-11-27T07:48:22Z</time>
      </trkpt>
      <trkpt lat="-22.693221559748054" lon="14.80870982632041">
        <ele>298.80000000000001</ele>
        <time>2024-11-27T07:48:43Z</time>
      </trkpt>
      <trkpt lat="-22.693122150376439" lon="14.808830358088017">
        <ele>297.39999999999998</ele>
        <time>2024-11-27T07:49:04Z</time>
      </trkpt>
      <trkpt lat="-22.693007821217179" lon="14.808936640620232">
        <ele>296.60000000000002</ele>
        <time>2024-11-27T07:49:26Z</time>
      </trkpt>
      <trkpt lat="-22.69288083538413" lon="14.809028673917055">
        <ele>296</ele>
        <time>2024-11-27T07:49:47Z</time>
      </trkpt>
      <trkpt lat="-22.692743204534054" lon="14.809110062196851">
        <ele>295</ele>
        <time>2024-11-27T07:50:08Z</time>
      </trkpt>
      <trkpt lat="-22.692597443237901" lon="14.809177285060287">
        <ele>294.39999999999998</ele>
        <time>2024-11-27T07:50:30Z</time>
      </trkpt>
      <trkpt lat="-22.692294688895345" lon="14.809267558157444">
        <ele>292.39999999999998</ele>
        <time>2024-11-27T07:50:51Z</time>
      </trkpt>
      <trkpt lat="-22.692136019468307" lon="14.809299996122718">
        <ele>291.19999999999999</ele>
        <time>2024-11-27T07:51:13Z</time>
      </trkpt>
      <trkpt lat="-22.691972823813558" lon="14.809334697201848">
        <ele>290</ele>
        <time>2024-11-27T07:51:34Z</time>
      </trkpt>
      <trkpt lat="-22.691805772483349" lon="14.809376271441579">
        <ele>288.60000000000002</ele>
        <time>2024-11-27T07:51:55Z</time>
      </trkpt>
      <trkpt lat="-22.691640313714743" lon="14.809423629194498">
        <ele>287.60000000000002</ele>
        <time>2024-11-27T07:52:17Z</time>
      </trkpt>
      <trkpt lat="-22.691473010927439" lon="14.809469897300005">
        <ele>287</ele>
        <time>2024-11-27T07:52:38Z</time>
      </trkpt>
      <trkpt lat="-22.691302271559834" lon="14.809500994160771">
        <ele>286</ele>
        <time>2024-11-27T07:52:59Z</time>
      </trkpt>
      <trkpt lat="-22.691128263249993" lon="14.809507532045245">
        <ele>283.80000000000001</ele>
        <time>2024-11-27T07:53:21Z</time>
      </trkpt>
      <trkpt lat="-22.690949225798249" lon="14.809508789330721">
        <ele>283</ele>
        <time>2024-11-27T07:53:42Z</time>
      </trkpt>
      <trkpt lat="-22.690770272165537" lon="14.809501580893993">
        <ele>282</ele>
        <time>2024-11-27T07:54:03Z</time>
      </trkpt>
      <trkpt lat="-22.690590899437666" lon="14.809501832351089">
        <ele>281</ele>
        <time>2024-11-27T07:54:25Z</time>
      </trkpt>
      <trkpt lat="-22.69041177816689" lon="14.809508956968784">
        <ele>279.39999999999998</ele>
        <time>2024-11-27T07:54:46Z</time>
      </trkpt>
      <trkpt lat="-22.690231902524829" lon="14.80952144600451">
        <ele>278</ele>
        <time>2024-11-27T07:55:07Z</time>
      </trkpt>
      <trkpt lat="-22.690051859244704" lon="14.809544580057263">
        <ele>276.60000000000002</ele>
        <time>2024-11-27T07:55:29Z</time>
      </trkpt>
      <trkpt lat="-22.689873995259404" lon="14.809572994709015">
        <ele>275.19999999999999</ele>
        <time>2024-11-27T07:55:50Z</time>
      </trkpt>
      <trkpt lat="-22.689699064940214" lon="14.809604929760098">
        <ele>274.39999999999998</ele>
        <time>2024-11-27T07:56:12Z</time>
      </trkpt>
      <trkpt lat="-22.689526146277785" lon="14.809636948630214">
        <ele>273</ele>
        <time>2024-11-27T07:56:33Z</time>
      </trkpt>
      <trkpt lat="-22.689357418566942" lon="14.809668129310012">
        <ele>271.80000000000001</ele>
        <time>2024-11-27T07:56:54Z</time>
      </trkpt>
      <trkpt lat="-22.689196318387985" lon="14.809696292504668">
        <ele>270.80000000000001</ele>
        <time>2024-11-27T07:57:16Z</time>
      </trkpt>
      <trkpt lat="-22.68903873860836" lon="14.809719510376453">
        <ele>270</ele>
        <time>2024-11-27T07:57:37Z</time>
      </trkpt>
      <trkpt lat="-22.688885601237416" lon="14.80973887257278">
        <ele>269</ele>
        <time>2024-11-27T07:57:58Z</time>
      </trkpt>
      <trkpt lat="-22.688743779435754" lon="14.80975454673171">
        <ele>268.19999999999999</ele>
        <time>2024-11-27T07:58:20Z</time>
      </trkpt>
      <trkpt lat="-22.688608076423407" lon="14.809778183698654">
        <ele>267.19999999999999</ele>
        <time>2024-11-27T07:58:41Z</time>
      </trkpt>
      <trkpt lat="-22.68847580999136" lon="14.809817997738719">
        <ele>266.39999999999998</ele>
        <time>2024-11-27T07:59:03Z</time>
      </trkpt>
      <trkpt lat="-22.688348153606057" lon="14.809879017993808">
        <ele>265.80000000000001</ele>
        <time>2024-11-27T07:59:24Z</time>
      </trkpt>
      <trkpt lat="-22.688230890780687" lon="14.809962837025523">
        <ele>265</ele>
        <time>2024-11-27T07:59:45Z</time>
      </trkpt>
      <trkpt lat="-22.68812058493495" lon="14.810059312731028">
        <ele>264</ele>
        <time>2024-11-27T08:00:07Z</time>
      </trkpt>
      <trkpt lat="-22.688018158078194" lon="14.810167523100972">
        <ele>263.60000000000002</ele>
        <time>2024-11-27T08:00:28Z</time>
      </trkpt>
      <trkpt lat="-22.687917575240135" lon="14.810280511155725">
        <ele>262.39999999999998</ele>
        <time>2024-11-27T08:00:49Z</time>
      </trkpt>
      <trkpt lat="-22.687717834487557" lon="14.810525262728333">
        <ele>261.80000000000001</ele>
        <time>2024-11-27T08:01:11Z</time>
      </trkpt>
      <trkpt lat="-22.687615239992738" lon="14.81065459549427">
        <ele>260.19999999999999</ele>
        <time>2024-11-27T08:01:32Z</time>
      </trkpt>
      <trkpt lat="-22.687508370727301" lon="14.810785269364715">
        <ele>259</ele>
        <time>2024-11-27T08:01:54Z</time>
      </trkpt>
      <trkpt lat="-22.687398567795753" lon="14.810914685949683">
        <ele>258.19999999999999</ele>
        <time>2024-11-27T08:02:15Z</time>
      </trkpt>
      <trkpt lat="-22.687281975522637" lon="14.811043599620461">
        <ele>257.80000000000001</ele>
        <time>2024-11-27T08:02:36Z</time>
      </trkpt>
      <trkpt lat="-22.687040660530329" lon="14.811298744753003">
        <ele>256.39999999999998</ele>
        <time>2024-11-27T08:02:58Z</time>
      </trkpt>
      <trkpt lat="-22.686796244233847" lon="14.811561349779367">
        <ele>254.59999999999999</ele>
        <time>2024-11-27T08:03:19Z</time>
      </trkpt>
      <trkpt lat="-22.686677975580096" lon="14.811698729172349">
        <ele>254.40000000000001</ele>
        <time>2024-11-27T08:03:41Z</time>
      </trkpt>
      <trkpt lat="-22.686441522091627" lon="14.811973990872502">
        <ele>252.59999999999999</ele>
        <time>2024-11-27T08:04:02Z</time>
      </trkpt>
      <trkpt lat="-22.68632342107594" lon="14.812108436599374">
        <ele>251</ele>
        <time>2024-11-27T08:04:23Z</time>
      </trkpt>
      <trkpt lat="-22.686209175735712" lon="14.812238775193691">
        <ele>250.19999999999999</ele>
        <time>2024-11-27T08:04:45Z</time>
      </trkpt>
      <trkpt lat="-22.686099959537387" lon="14.812363749369979">
        <ele>248.80000000000001</ele>
        <time>2024-11-27T08:05:06Z</time>
      </trkpt>
      <trkpt lat="-22.685995856299996" lon="14.812478078529239">
        <ele>248.19999999999999</ele>
        <time>2024-11-27T08:05:28Z</time>
      </trkpt>
      <trkpt lat="-22.685896027833223" lon="14.812575727701187">
        <ele>247.19999999999999</ele>
        <time>2024-11-27T08:05:49Z</time>
      </trkpt>
      <trkpt lat="-22.685800138860941" lon="14.812663402408361">
        <ele>245.80000000000001</ele>
        <time>2024-11-27T08:06:10Z</time>
      </trkpt>
      <trkpt lat="-22.68570332787931" lon="14.812730373814702">
        <ele>245</ele>
        <time>2024-11-27T08:06:32Z</time>
      </trkpt>
      <trkpt lat="-22.685604589059949" lon="14.812764739617705">
        <ele>244.40000000000001</ele>
        <time>2024-11-27T08:06:53Z</time>
      </trkpt>
      <trkpt lat="-22.685495289042592" lon="14.812758285552263">
        <ele>243.80000000000001</ele>
        <time>2024-11-27T08:07:15Z</time>
      </trkpt>
      <trkpt lat="-22.685371488332748" lon="14.812739845365286">
        <ele>243.40000000000001</ele>
        <time>2024-11-27T08:07:36Z</time>
      </trkpt>
      <trkpt lat="-22.685232516378164" lon="14.812724338844419">
        <ele>243.19999999999999</ele>
        <time>2024-11-27T08:07:57Z</time>
      </trkpt>
      <trkpt lat="-22.685076110064983" lon="14.812720650807023">
        <ele>243</ele>
        <time>2024-11-27T08:08:19Z</time>
      </trkpt>
      <trkpt lat="-22.684922218322754" lon="14.812719644978642">
        <ele>242.19999999999999</ele>
        <time>2024-11-27T08:08:40Z</time>
      </trkpt>
      <trkpt lat="-22.684767320752144" lon="14.812711263075471">
        <ele>241</ele>
        <time>2024-11-27T08:09:02Z</time>
      </trkpt>
      <trkpt lat="-22.684617452323437" lon="14.812684021890163">
        <ele>240.40000000000001</ele>
        <time>2024-11-27T08:09:23Z</time>
      </trkpt>
      <trkpt lat="-22.684475798159838" lon="14.812633562833071">
        <ele>239.80000000000001</ele>
        <time>2024-11-27T08:09:44Z</time>
      </trkpt>
      <trkpt lat="-22.684342442080379" lon="14.812556114047766">
        <ele>239.19999999999999</ele>
        <time>2024-11-27T08:10:06Z</time>
      </trkpt>
      <trkpt lat="-22.684223167598248" lon="14.812464751303196">
        <ele>238.19999999999999</ele>
        <time>2024-11-27T08:10:27Z</time>
      </trkpt>
      <trkpt lat="-22.684105485677719" lon="14.81237062253058">
        <ele>238</ele>
        <time>2024-11-27T08:10:49Z</time>
      </trkpt>
      <trkpt lat="-22.683977913111448" lon="14.812283366918564">
        <ele>237.59999999999999</ele>
        <time>2024-11-27T08:11:10Z</time>
      </trkpt>
      <trkpt lat="-22.683843551203609" lon="14.812204409390688">
        <ele>236.80000000000001</ele>
        <time>2024-11-27T08:11:31Z</time>
      </trkpt>
      <trkpt lat="-22.683709356933832" lon="14.812129307538271">
        <ele>235.40000000000001</ele>
        <time>2024-11-27T08:11:53Z</time>
      </trkpt>
      <trkpt lat="-22.683578180149198" lon="14.812060492113233">
        <ele>234.19999999999999</ele>
        <time>2024-11-27T08:12:14Z</time>
      </trkpt>
      <trkpt lat="-22.683451781049371" lon="14.81200223788619">
        <ele>232.80000000000001</ele>
        <time>2024-11-27T08:12:36Z</time>
      </trkpt>
      <trkpt lat="-22.683321107178926" lon="14.811968458816409">
        <ele>231.19999999999999</ele>
        <time>2024-11-27T08:12:57Z</time>
      </trkpt>
      <trkpt lat="-22.683187332004309" lon="14.81196359731257">
        <ele>229.40000000000001</ele>
        <time>2024-11-27T08:13:19Z</time>
      </trkpt>
      <trkpt lat="-22.683055317029357" lon="14.81198463588953">
        <ele>228.40000000000001</ele>
        <time>2024-11-27T08:13:40Z</time>
      </trkpt>
      <trkpt lat="-22.68291718326509" lon="14.812019085511565">
        <ele>227.80000000000001</ele>
        <time>2024-11-27T08:14:01Z</time>
      </trkpt>
      <trkpt lat="-22.682780306786299" lon="14.812062755227089">
        <ele>227.19999999999999</ele>
        <time>2024-11-27T08:14:23Z</time>
      </trkpt>
      <trkpt lat="-22.682642256841063" lon="14.812112962827086">
        <ele>226.80000000000001</ele>
        <time>2024-11-27T08:14:44Z</time>
      </trkpt>
      <trkpt lat="-22.682212432846427" lon="14.812276493757963">
        <ele>225</ele>
        <time>2024-11-27T08:15:06Z</time>
      </trkpt>
      <trkpt lat="-22.681921748444438" lon="14.812380680814385">
        <ele>223</ele>
        <time>2024-11-27T08:15:27Z</time>
      </trkpt>
      <trkpt lat="-22.681784871965647" lon="14.812429714947939">
        <ele>222</ele>
        <time>2024-11-27T08:15:49Z</time>
      </trkpt>
      <trkpt lat="-22.681664926931262" lon="14.812476485967636">
        <ele>221</ele>
        <time>2024-11-27T08:16:10Z</time>
      </trkpt>
      <trkpt lat="-22.681556716561317" lon="14.812500290572643">
        <ele>219.80000000000001</ele>
        <time>2024-11-27T08:16:31Z</time>
      </trkpt>
      <trkpt lat="-22.681455798447132" lon="14.812493082135916">
        <ele>218.80000000000001</ele>
        <time>2024-11-27T08:16:53Z</time>
      </trkpt>
      <trkpt lat="-22.681356221437454" lon="14.812461566179991">
        <ele>217.80000000000001</ele>
        <time>2024-11-27T08:17:14Z</time>
      </trkpt>
      <trkpt lat="-22.681253962218761" lon="14.812408844009042">
        <ele>217.80000000000001</ele>
        <time>2024-11-27T08:17:36Z</time>
      </trkpt>
      <trkpt lat="-22.681143488734961" lon="14.812353020533919">
        <ele>217.19999999999999</ele>
        <time>2024-11-27T08:17:57Z</time>
      </trkpt>
      <trkpt lat="-22.681023627519608" lon="14.812314966693521">
        <ele>216</ele>
        <time>2024-11-27T08:18:19Z</time>
      </trkpt>
      <trkpt lat="-22.680894630029798" lon="14.812295939773321">
        <ele>214.19999999999999</ele>
        <time>2024-11-27T08:18:40Z</time>
      </trkpt>
      <trkpt lat="-22.680765045806766" lon="14.812300968915224">
        <ele>212.80000000000001</ele>
        <time>2024-11-27T08:19:01Z</time>
      </trkpt>
      <trkpt lat="-22.680633785203099" lon="14.812329635024071">
        <ele>212</ele>
        <time>2024-11-27T08:19:23Z</time>
      </trkpt>
      <trkpt lat="-22.680508056655526" lon="14.812384285032749">
        <ele>211.40000000000001</ele>
        <time>2024-11-27T08:19:44Z</time>
      </trkpt>
      <trkpt lat="-22.680380819365382" lon="14.812457542866468">
        <ele>210.40000000000001</ele>
        <time>2024-11-27T08:20:06Z</time>
      </trkpt>
      <trkpt lat="-22.680251905694604" lon="14.81254312209785">
        <ele>209.80000000000001</ele>
        <time>2024-11-27T08:20:27Z</time>
      </trkpt>
      <trkpt lat="-22.680113604292274" lon="14.812638843432069">
        <ele>209.40000000000001</ele>
        <time>2024-11-27T08:20:49Z</time>
      </trkpt>
      <trkpt lat="-22.679820070043206" lon="14.812840092927217">
        <ele>208.59999999999999</ele>
        <time>2024-11-27T08:21:10Z</time>
      </trkpt>
      <trkpt lat="-22.679667184129357" lon="14.812940759584308">
        <ele>207.40000000000001</ele>
        <time>2024-11-27T08:21:32Z</time>
      </trkpt>
      <trkpt lat="-22.679357305169106" lon="14.813127424567938">
        <ele>205.19999999999999</ele>
        <time>2024-11-27T08:21:53Z</time>
      </trkpt>
      <trkpt lat="-22.679039295762777" lon="14.81331174261868">
        <ele>203.40000000000001</ele>
        <time>2024-11-27T08:22:14Z</time>
      </trkpt>
      <trkpt lat="-22.678716508671641" lon="14.81349304318428">
        <ele>201.80000000000001</ele>
        <time>2024-11-27T08:22:36Z</time>
      </trkpt>
      <trkpt lat="-22.678377712145448" lon="14.813659340143204">
        <ele>200</ele>
        <time>2024-11-27T08:22:57Z</time>
      </trkpt>
      <trkpt lat="-22.678008992224932" lon="14.813811471685767">
        <ele>198.59999999999999</ele>
        <time>2024-11-27T08:23:19Z</time>
      </trkpt>
      <trkpt lat="-22.677606660872698" lon="14.813967710360885">
        <ele>197.19999999999999</ele>
        <time>2024-11-27T08:23:40Z</time>
      </trkpt>
      <trkpt lat="-22.677402226254344" lon="14.814046332612634">
        <ele>195.80000000000001</ele>
        <time>2024-11-27T08:24:02Z</time>
      </trkpt>
      <trkpt lat="-22.676995117217302" lon="14.814217742532492">
        <ele>193</ele>
        <time>2024-11-27T08:24:23Z</time>
      </trkpt>
      <trkpt lat="-22.676589768379927" lon="14.814409436658025">
        <ele>190.80000000000001</ele>
        <time>2024-11-27T08:24:45Z</time>
      </trkpt>
      <trkpt lat="-22.676192298531532" lon="14.814616721123457">
        <ele>188.80000000000001</ele>
        <time>2024-11-27T08:25:06Z</time>
      </trkpt>
      <trkpt lat="-22.675995994359255" lon="14.814727613702416">
        <ele>187.80000000000001</ele>
        <time>2024-11-27T08:25:28Z</time>
      </trkpt>
      <trkpt lat="-22.675606906414032" lon="14.814955769106746">
        <ele>185.19999999999999</ele>
        <time>2024-11-27T08:25:49Z</time>
      </trkpt>
      <trkpt lat="-22.675412613898516" lon="14.81507470831275">
        <ele>183.59999999999999</ele>
        <time>2024-11-27T08:26:11Z</time>
      </trkpt>
      <trkpt lat="-22.675037439912558" lon="14.815302025526762">
        <ele>181.40000000000001</ele>
        <time>2024-11-27T08:26:32Z</time>
      </trkpt>
      <trkpt lat="-22.67484893091023" lon="14.815407637506723">
        <ele>180.59999999999999</ele>
        <time>2024-11-27T08:26:54Z</time>
      </trkpt>
      <trkpt lat="-22.67466276884079" lon="14.815504616126418">
        <ele>179.40000000000001</ele>
        <time>2024-11-27T08:27:15Z</time>
      </trkpt>
      <trkpt lat="-22.67447073943913" lon="14.815588602796197">
        <ele>178.19999999999999</ele>
        <time>2024-11-27T08:27:37Z</time>
      </trkpt>
      <trkpt lat="-22.674277955666184" lon="14.81566546484828">
        <ele>177.19999999999999</ele>
        <time>2024-11-27T08:27:58Z</time>
      </trkpt>
      <trkpt lat="-22.67408668063581" lon="14.815735202282667">
        <ele>176.19999999999999</ele>
        <time>2024-11-27T08:28:19Z</time>
      </trkpt>
      <trkpt lat="-22.673899931833148" lon="14.815800162032247">
        <ele>175.19999999999999</ele>
        <time>2024-11-27T08:28:41Z</time>
      </trkpt>
      <trkpt lat="-22.673716032877564" lon="14.81586579233408">
        <ele>174.59999999999999</ele>
        <time>2024-11-27T08:29:02Z</time>
      </trkpt>
      <trkpt lat="-22.673536827787757" lon="14.815929410979152">
        <ele>173.59999999999999</ele>
        <time>2024-11-27T08:29:24Z</time>
      </trkpt>
      <trkpt lat="-22.673360807821155" lon="14.81598892249167">
        <ele>172.59999999999999</ele>
        <time>2024-11-27T08:29:45Z</time>
      </trkpt>
      <trkpt lat="-22.673184452578425" lon="14.816039968281984">
        <ele>171.59999999999999</ele>
        <time>2024-11-27T08:30:07Z</time>
      </trkpt>
      <trkpt lat="-22.673007175326347" lon="14.816075675189495">
        <ele>170.40000000000001</ele>
        <time>2024-11-27T08:30:28Z</time>
      </trkpt>
      <trkpt lat="-22.672827383503318" lon="14.816094450652599">
        <ele>169.59999999999999</ele>
        <time>2024-11-27T08:30:50Z</time>
      </trkpt>
      <trkpt lat="-22.672645160928369" lon="14.816097132861614">
        <ele>169</ele>
        <time>2024-11-27T08:31:11Z</time>
      </trkpt>
      <trkpt lat="-22.672456903383136" lon="14.816087493672967">
        <ele>167.59999999999999</ele>
        <time>2024-11-27T08:31:33Z</time>
      </trkpt>
      <trkpt lat="-22.672091871500015" lon="14.816070143133402">
        <ele>165.80000000000001</ele>
        <time>2024-11-27T08:31:54Z</time>
      </trkpt>
      <trkpt lat="-22.671928172931075" lon="14.816061593592167">
        <ele>164.80000000000001</ele>
        <time>2024-11-27T08:32:16Z</time>
      </trkpt>
      <trkpt lat="-22.671779058873653" lon="14.816053044050932">
        <ele>163.80000000000001</ele>
        <time>2024-11-27T08:32:37Z</time>
      </trkpt>
      <trkpt lat="-22.67166162841022" lon="14.816044578328729">
        <ele>161.80000000000001</ele>
        <time>2024-11-27T08:32:59Z</time>
      </trkpt>
      <trkpt lat="-22.671560542657971" lon="14.816034100949764">
        <ele>160.40000000000001</ele>
        <time>2024-11-27T08:33:20Z</time>
      </trkpt>
      <trkpt lat="-22.671473287045956" lon="14.816020103171468">
        <ele>159</ele>
        <time>2024-11-27T08:33:42Z</time>
      </trkpt>
      <trkpt lat="-22.671385193243623" lon="14.8160045966506">
        <ele>158.19999999999999</ele>
        <time>2024-11-27T08:34:03Z</time>
      </trkpt>
      <trkpt lat="-22.671300871297717" lon="14.815993951633573">
        <ele>157.59999999999999</ele>
        <time>2024-11-27T08:34:25Z</time>
      </trkpt>
      <trkpt lat="-22.671222500503063" lon="14.815978026017547">
        <ele>157.19999999999999</ele>
        <time>2024-11-27T08:34:46Z</time>
      </trkpt>
      <trkpt lat="-22.671153601258993" lon="14.815967045724392">
        <ele>157</ele>
        <time>2024-11-27T08:35:08Z</time>
      </trkpt>
      <trkpt lat="-22.671087803319097" lon="14.815958328545094">
        <ele>156.40000000000001</ele>
        <time>2024-11-27T08:35:30Z</time>
      </trkpt>
      <trkpt lat="-22.671030052006245" lon="14.815948186442256">
        <ele>156</ele>
        <time>2024-11-27T08:35:51Z</time>
      </trkpt>
      <trkpt lat="-22.670981101691723" lon="14.815940642729402">
        <ele>155.80000000000001</ele>
        <time>2024-11-27T08:36:13Z</time>
      </trkpt>
      <trkpt lat="-22.6709477417171" lon="14.815930332988501">
        <ele>155.19999999999999</ele>
        <time>2024-11-27T08:36:34Z</time>
      </trkpt>
      <trkpt lat="-22.670938018709421" lon="14.815917424857616">
        <ele>155</ele>
        <time>2024-11-27T08:36:56Z</time>
      </trkpt>
      <trkpt lat="-22.670949166640639" lon="14.815929746255279">
        <ele>155</ele>
        <time>2024-11-27T08:37:17Z</time>
      </trkpt>
      <trkpt lat="-22.670946400612593" lon="14.815925555303693">
        <ele>155.40000000000001</ele>
        <time>2024-11-27T08:37:39Z</time>
      </trkpt>
      <trkpt lat="-22.670952519401908" lon="14.815925303846598">
        <ele>155.59999999999999</ele>
        <time>2024-11-27T08:38:00Z</time>
      </trkpt>
      <trkpt lat="-22.670957213267684" lon="14.815935026854277">
        <ele>155.80000000000001</ele>
        <time>2024-11-27T08:38:22Z</time>
      </trkpt>
      <trkpt lat="-22.670951094478369" lon="14.815934523940086">
        <ele>156</ele>
        <time>2024-11-27T08:38:43Z</time>
      </trkpt>
      <trkpt lat="-22.670961152762175" lon="14.815930416807532">
        <ele>156.59999999999999</ele>
        <time>2024-11-27T08:39:05Z</time>
      </trkpt>
      <trkpt lat="-22.670958386734128" lon="14.815926477313042">
        <ele>156.80000000000001</ele>
        <time>2024-11-27T08:39:26Z</time>
      </trkpt>
      <trkpt lat="-22.670956794172525" lon="14.815926561132073">
        <ele>156.80000000000001</ele>
        <time>2024-11-27T08:39:48Z</time>
      </trkpt>
      <trkpt lat="-22.670935755595565" lon="14.815924549475312">
        <ele>156.80000000000001</ele>
        <time>2024-11-27T08:40:09Z</time>
      </trkpt>
      <trkpt lat="-22.670920416712761" lon="14.815927818417549">
        <ele>156.80000000000001</ele>
        <time>2024-11-27T08:40:31Z</time>
      </trkpt>
      <trkpt lat="-22.670889990404248" lon="14.815941732376814">
        <ele>156.80000000000001</ele>
        <time>2024-11-27T08:40:52Z</time>
      </trkpt>
      <trkpt lat="-22.67087540589273" lon="14.815940978005528">
        <ele>156.80000000000001</ele>
        <time>2024-11-27T08:41:14Z</time>
      </trkpt>
      <trkpt lat="-22.670864006504416" lon="14.815936954692006">
        <ele>156.59999999999999</ele>
        <time>2024-11-27T08:41:35Z</time>
      </trkpt>
      <trkpt lat="-22.670850260183215" lon="14.815949946641922">
        <ele>156.80000000000001</ele>
        <time>2024-11-27T08:41:57Z</time>
      </trkpt>
      <trkpt lat="-22.670835172757506" lon="14.815953969955444">
        <ele>156.80000000000001</ele>
        <time>2024-11-27T08:42:18Z</time>
      </trkpt>
      <trkpt lat="-22.670819917693734" lon="14.81596159748733">
        <ele>156.80000000000001</ele>
        <time>2024-11-27T08:42:40Z</time>
      </trkpt>
      <trkpt lat="-22.670807177200913" lon="14.815962435677648">
        <ele>156.80000000000001</ele>
        <time>2024-11-27T08:43:01Z</time>
      </trkpt>
      <trkpt lat="-22.670797873288393" lon="14.815965620800853">
        <ele>156.80000000000001</ele>
        <time>2024-11-27T08:43:23Z</time>
      </trkpt>
      <trkpt lat="-22.670785970985889" lon="14.815969727933407">
        <ele>157</ele>
        <time>2024-11-27T08:43:44Z</time>
      </trkpt>
      <trkpt lat="-22.670764094218612" lon="14.815971320495009">
        <ele>157.40000000000001</ele>
        <time>2024-11-27T08:44:06Z</time>
      </trkpt>
      <trkpt lat="-22.670750431716442" lon="14.815974254161119">
        <ele>157.59999999999999</ele>
        <time>2024-11-27T08:44:27Z</time>
      </trkpt>
      <trkpt lat="-22.670707097277045" lon="14.815977439284325">
        <ele>158.40000000000001</ele>
        <time>2024-11-27T08:44:49Z</time>
      </trkpt>
      <trkpt lat="-22.670691171661019" lon="14.815980540588498">
        <ele>158.80000000000001</ele>
        <time>2024-11-27T08:45:10Z</time>
      </trkpt>
      <trkpt lat="-22.670682035386562" lon="14.815973080694675">
        <ele>159</ele>
        <time>2024-11-27T08:45:32Z</time>
      </trkpt>
      <trkpt lat="-22.670669127255678" lon="14.815974505618215">
        <ele>159.19999999999999</ele>
        <time>2024-11-27T08:45:53Z</time>
      </trkpt>
      <trkpt lat="-22.670650519430637" lon="14.815979199483991">
        <ele>159.80000000000001</ele>
        <time>2024-11-27T08:46:15Z</time>
      </trkpt>
      <trkpt lat="-22.670640125870705" lon="14.815976098179817">
        <ele>160</ele>
        <time>2024-11-27T08:46:36Z</time>
      </trkpt>
      <trkpt lat="-22.670635432004929" lon="14.815974254161119">
        <ele>160</ele>
        <time>2024-11-27T08:46:58Z</time>
      </trkpt>
      <trkpt lat="-22.670624200254679" lon="14.815971320495009">
        <ele>160.19999999999999</ele>
        <time>2024-11-27T08:47:19Z</time>
      </trkpt>
      <trkpt lat="-22.670608693733811" lon="14.815964363515377">
        <ele>160.19999999999999</ele>
        <time>2024-11-27T08:47:41Z</time>
      </trkpt>
      <trkpt lat="-22.670596372336149" lon="14.815957825630903">
        <ele>160.40000000000001</ele>
        <time>2024-11-27T08:48:02Z</time>
      </trkpt>
      <trkpt lat="-22.670584805309772" lon="14.815952964127064">
        <ele>160.80000000000001</ele>
        <time>2024-11-27T08:48:24Z</time>
      </trkpt>
      <trkpt lat="-22.67056854441762" lon="14.815945839509368">
        <ele>161.19999999999999</ele>
        <time>2024-11-27T08:48:45Z</time>
      </trkpt>
      <trkpt lat="-22.670560078695416" lon="14.815939972177148">
        <ele>161.19999999999999</ele>
        <time>2024-11-27T08:49:07Z</time>
      </trkpt>
      <trkpt lat="-22.670551696792245" lon="14.815933853387833">
        <ele>161.40000000000001</ele>
        <time>2024-11-27T08:49:28Z</time>
      </trkpt>
      <trkpt lat="-22.67054314725101" lon="14.815933769568801">
        <ele>161.59999999999999</ele>
        <time>2024-11-27T08:49:50Z</time>
      </trkpt>
      <trkpt lat="-22.670522443950176" lon="14.815929494798183">
        <ele>162.19999999999999</ele>
        <time>2024-11-27T08:50:11Z</time>
      </trkpt>
      <trkpt lat="-22.670508278533816" lon="14.81592932716012">
        <ele>162.40000000000001</ele>
        <time>2024-11-27T08:50:33Z</time>
      </trkpt>
      <trkpt lat="-22.670496543869376" lon="14.815927315503359">
        <ele>162.59999999999999</ele>
        <time>2024-11-27T08:50:55Z</time>
      </trkpt>
      <trkpt lat="-22.670485060662031" lon="14.815922202542424">
        <ele>162.59999999999999</ele>
        <time>2024-11-27T08:51:16Z</time>
      </trkpt>
      <trkpt lat="-22.670470057055354" lon="14.815922873094678">
        <ele>162.59999999999999</ele>
        <time>2024-11-27T08:51:38Z</time>
      </trkpt>
      <trkpt lat="-22.670456729829311" lon="14.815928991883993">
        <ele>162.59999999999999</ele>
        <time>2024-11-27T08:51:59Z</time>
      </trkpt>
      <trkpt lat="-22.670441642403603" lon="14.81593175791204">
        <ele>162.59999999999999</ele>
        <time>2024-11-27T08:52:21Z</time>
      </trkpt>
      <trkpt lat="-22.670429153367877" lon="14.815929578617215">
        <ele>162.40000000000001</ele>
        <time>2024-11-27T08:52:42Z</time>
      </trkpt>
      <trkpt lat="-22.670416664332151" lon="14.815926728770137">
        <ele>162.19999999999999</ele>
        <time>2024-11-27T08:53:04Z</time>
      </trkpt>
      <trkpt lat="-22.670405600219965" lon="14.815925052389503">
        <ele>162</ele>
        <time>2024-11-27T08:53:25Z</time>
      </trkpt>
      <trkpt lat="-22.670393697917461" lon="14.815923627465963">
        <ele>161.80000000000001</ele>
        <time>2024-11-27T08:53:47Z</time>
      </trkpt>
      <trkpt lat="-22.670381125062704" lon="14.815926561132073">
        <ele>161.59999999999999</ele>
        <time>2024-11-27T08:54:08Z</time>
      </trkpt>
      <trkpt lat="-22.670369306579232" lon="14.815923795104027">
        <ele>161.19999999999999</ele>
        <time>2024-11-27T08:54:30Z</time>
      </trkpt>
      <trkpt lat="-22.670359332114458" lon="14.815922370180488">
        <ele>160.80000000000001</ele>
        <time>2024-11-27T08:54:51Z</time>
      </trkpt>
      <trkpt lat="-22.670347094535828" lon="14.81592983007431">
        <ele>160.59999999999999</ele>
        <time>2024-11-27T08:55:13Z</time>
      </trkpt>
      <trkpt lat="-22.670338293537498" lon="14.815935781225562">
        <ele>160.59999999999999</ele>
        <time>2024-11-27T08:55:34Z</time>
      </trkpt>
      <trkpt lat="-22.670326307415962" lon="14.815933769568801">
        <ele>160.19999999999999</ele>
        <time>2024-11-27T08:55:56Z</time>
      </trkpt>
      <trkpt lat="-22.670311722904444" lon="14.815936200320721">
        <ele>160</ele>
        <time>2024-11-27T08:56:17Z</time>
      </trkpt>
      <trkpt lat="-22.670288672670722" lon="14.815937876701355">
        <ele>159.59999999999999</ele>
        <time>2024-11-27T08:56:39Z</time>
      </trkpt>
      <trkpt lat="-22.670275177806616" lon="14.815940726548433">
        <ele>159.19999999999999</ele>
        <time>2024-11-27T08:57:00Z</time>
      </trkpt>
      <trkpt lat="-22.670260090380907" lon="14.815944749861956">
        <ele>159</ele>
        <time>2024-11-27T08:57:22Z</time>
      </trkpt>
      <trkpt lat="-22.670235615223646" lon="14.815946510061622">
        <ele>158.59999999999999</ele>
        <time>2024-11-27T08:57:43Z</time>
      </trkpt>
      <trkpt lat="-22.670226143673062" lon="14.81594399549067">
        <ele>158.40000000000001</ele>
        <time>2024-11-27T08:58:05Z</time>
      </trkpt>
      <trkpt lat="-22.670187754556537" lon="14.815947264432907">
        <ele>158</ele>
        <time>2024-11-27T08:58:26Z</time>
      </trkpt>
      <trkpt lat="-22.670173672959208" lon="14.815947515890002">
        <ele>157.80000000000001</ele>
        <time>2024-11-27T08:58:48Z</time>
      </trkpt>
      <trkpt lat="-22.670124135911465" lon="14.815966878086329">
        <ele>157.19999999999999</ele>
        <time>2024-11-27T08:59:09Z</time>
      </trkpt>
      <trkpt lat="-22.670108880847692" lon="14.815975092351437">
        <ele>157.19999999999999</ele>
        <time>2024-11-27T08:59:31Z</time>
      </trkpt>
      <trkpt lat="-22.670084405690432" lon="14.815986072644591">
        <ele>157</ele>
        <time>2024-11-27T08:59:52Z</time>
      </trkpt>
      <trkpt lat="-22.670068982988596" lon="14.815988587215543">
        <ele>157</ele>
        <time>2024-11-27T09:00:14Z</time>
      </trkpt>
      <trkpt lat="-22.670054314658046" lon="14.815991437062621">
        <ele>156.80000000000001</ele>
        <time>2024-11-27T09:00:35Z</time>
      </trkpt>
      <trkpt lat="-22.670048112049699" lon="14.816002668812871">
        <ele>156.80000000000001</ele>
        <time>2024-11-27T09:00:57Z</time>
      </trkpt>
      <trkpt lat="-22.670024055987597" lon="14.816011050716043">
        <ele>156.40000000000001</ele>
        <time>2024-11-27T09:01:18Z</time>
      </trkpt>
      <trkpt lat="-22.670009052380919" lon="14.81601825915277">
        <ele>156.40000000000001</ele>
        <time>2024-11-27T09:01:40Z</time>
      </trkpt>
      <trkpt lat="-22.669990360736847" lon="14.816034436225891">
        <ele>156.19999999999999</ele>
        <time>2024-11-27T09:02:01Z</time>
      </trkpt>
      <trkpt lat="-22.669976111501455" lon="14.816049775108695">
        <ele>156.19999999999999</ele>
        <time>2024-11-27T09:02:23Z</time>
      </trkpt>
      <trkpt lat="-22.669939482584596" lon="14.816070310771465">
        <ele>156</ele>
        <time>2024-11-27T09:02:45Z</time>
      </trkpt>
      <trkpt lat="-22.669928167015314" lon="14.816077183932066">
        <ele>155.40000000000001</ele>
        <time>2024-11-27T09:03:06Z</time>
      </trkpt>
      <trkpt lat="-22.669919366016984" lon="14.816079949960113">
        <ele>155.19999999999999</ele>
        <time>2024-11-27T09:03:28Z</time>
      </trkpt>
      <trkpt lat="-22.6699098944664" lon="14.816088583320379">
        <ele>155</ele>
        <time>2024-11-27T09:03:49Z</time>
      </trkpt>
      <trkpt lat="-22.669895812869072" lon="14.81609495356679">
        <ele>154.80000000000001</ele>
        <time>2024-11-27T09:04:11Z</time>
      </trkpt>
      <trkpt lat="-22.669882653281093" lon="14.816105179488659">
        <ele>154.80000000000001</ele>
        <time>2024-11-27T09:04:32Z</time>
      </trkpt>
      <trkpt lat="-22.669864045456052" lon="14.816131247207522">
        <ele>155</ele>
        <time>2024-11-27T09:04:54Z</time>
      </trkpt>
      <trkpt lat="-22.669855579733849" lon="14.816145161166787">
        <ele>155</ele>
        <time>2024-11-27T09:05:15Z</time>
      </trkpt>
      <trkpt lat="-22.669847533106804" lon="14.816160164773464">
        <ele>154.80000000000001</ele>
        <time>2024-11-27T09:05:37Z</time>
      </trkpt>
      <trkpt lat="-22.669842252507806" lon="14.816174581646919">
        <ele>154.80000000000001</ele>
        <time>2024-11-27T09:05:58Z</time>
      </trkpt>
      <trkpt lat="-22.669836971908808" lon="14.816183969378471">
        <ele>154.59999999999999</ele>
        <time>2024-11-27T09:06:20Z</time>
      </trkpt>
      <trkpt lat="-22.669829176738858" lon="14.816199475899339">
        <ele>154.59999999999999</ele>
        <time>2024-11-27T09:06:41Z</time>
      </trkpt>
      <trkpt lat="-22.669823141768575" lon="14.816209450364113">
        <ele>154.40000000000001</ele>
        <time>2024-11-27T09:07:03Z</time>
      </trkpt>
      <trkpt lat="-22.669815346598625" lon="14.816215904429555">
        <ele>154.40000000000001</ele>
        <time>2024-11-27T09:07:24Z</time>
      </trkpt>
      <trkpt lat="-22.669804282486439" lon="14.816232919692993">
        <ele>154.40000000000001</ele>
        <time>2024-11-27T09:07:46Z</time>
      </trkpt>
      <trkpt lat="-22.669793386012316" lon="14.816245911642909">
        <ele>154.40000000000001</ele>
        <time>2024-11-27T09:08:07Z</time>
      </trkpt>
      <trkpt lat="-22.669775700196624" lon="14.816267536953092">
        <ele>154.19999999999999</ele>
        <time>2024-11-27T09:08:29Z</time>
      </trkpt>
      <trkpt lat="-22.669764133170247" lon="14.816283127292991">
        <ele>154.19999999999999</ele>
        <time>2024-11-27T09:08:50Z</time>
      </trkpt>
      <trkpt lat="-22.669754410162568" lon="14.816289832815528">
        <ele>154.40000000000001</ele>
        <time>2024-11-27T09:09:12Z</time>
      </trkpt>
      <trkpt lat="-22.669745860621333" lon="14.816297963261604">
        <ele>154.19999999999999</ele>
        <time>2024-11-27T09:09:33Z</time>
      </trkpt>
      <trkpt lat="-22.669736808165908" lon="14.816305423155427">
        <ele>154.19999999999999</ele>
        <time>2024-11-27T09:09:55Z</time>
      </trkpt>
      <trkpt lat="-22.669725157320499" lon="14.816315984353423">
        <ele>154.19999999999999</ele>
        <time>2024-11-27T09:10:16Z</time>
      </trkpt>
      <trkpt lat="-22.66972029581666" lon="14.816326545551419">
        <ele>154.19999999999999</ele>
        <time>2024-11-27T09:10:38Z</time>
      </trkpt>
      <trkpt lat="-22.669705376029015" lon="14.816337106749415">
        <ele>154</ele>
        <time>2024-11-27T09:10:59Z</time>
      </trkpt>
      <trkpt lat="-22.669694060459733" lon="14.816345823928714">
        <ele>154</ele>
        <time>2024-11-27T09:11:21Z</time>
      </trkpt>
      <trkpt lat="-22.66966899856925" lon="14.81635395437479">
        <ele>154</ele>
        <time>2024-11-27T09:11:43Z</time>
      </trkpt>
      <trkpt lat="-22.669657096266747" lon="14.81636225245893">
        <ele>154</ele>
        <time>2024-11-27T09:12:04Z</time>
      </trkpt>
      <trkpt lat="-22.669623317196965" lon="14.816391253843904">
        <ele>154</ele>
        <time>2024-11-27T09:12:26Z</time>
      </trkpt>
      <trkpt lat="-22.669614683836699" lon="14.816398462280631">
        <ele>154</ele>
        <time>2024-11-27T09:12:47Z</time>
      </trkpt>
      <trkpt lat="-22.669601524248719" lon="14.81640282087028">
        <ele>153.80000000000001</ele>
        <time>2024-11-27T09:13:09Z</time>
      </trkpt>
      <trkpt lat="-22.669550227001309" lon="14.816420674324036">
        <ele>153.59999999999999</ele>
        <time>2024-11-27T09:13:30Z</time>
      </trkpt>
      <trkpt lat="-22.669539581984282" lon="14.816425116732717">
        <ele>153.40000000000001</ele>
        <time>2024-11-27T09:13:52Z</time>
      </trkpt>
      <trkpt lat="-22.669528098776937" lon="14.816429140046239">
        <ele>153.19999999999999</ele>
        <time>2024-11-27T09:14:13Z</time>
      </trkpt>
      <trkpt lat="-22.669510915875435" lon="14.816431822255254">
        <ele>153.19999999999999</ele>
        <time>2024-11-27T09:14:35Z</time>
      </trkpt>
      <trkpt lat="-22.669488284736872" lon="14.816447077319026">
        <ele>153</ele>
        <time>2024-11-27T09:14:56Z</time>
      </trkpt>
      <trkpt lat="-22.669476382434368" lon="14.81645168736577">
        <ele>153</ele>
        <time>2024-11-27T09:15:18Z</time>
      </trkpt>
      <trkpt lat="-22.669468000531197" lon="14.816462080925703">
        <ele>152.80000000000001</ele>
        <time>2024-11-27T09:15:39Z</time>
      </trkpt>
      <trkpt lat="-22.669450230896473" lon="14.816469037905335">
        <ele>152.59999999999999</ele>
        <time>2024-11-27T09:16:01Z</time>
      </trkpt>
      <trkpt lat="-22.669436736032367" lon="14.816473228856921">
        <ele>152.19999999999999</ele>
        <time>2024-11-27T09:16:22Z</time>
      </trkpt>
      <trkpt lat="-22.669424498453736" lon="14.816483873873949">
        <ele>151.59999999999999</ele>
        <time>2024-11-27T09:16:44Z</time>
      </trkpt>
      <trkpt lat="-22.669397089630365" lon="14.816499128937721">
        <ele>151.40000000000001</ele>
        <time>2024-11-27T09:17:05Z</time>
      </trkpt>
      <trkpt lat="-22.669386947527528" lon="14.816508265212178">
        <ele>151.40000000000001</ele>
        <time>2024-11-27T09:17:27Z</time>
      </trkpt>
      <trkpt lat="-22.669376218691468" lon="14.816517485305667">
        <ele>151.40000000000001</ele>
        <time>2024-11-27T09:17:48Z</time>
      </trkpt>
      <trkpt lat="-22.669366747140884" lon="14.816529052332044">
        <ele>151.19999999999999</ele>
        <time>2024-11-27T09:18:10Z</time>
      </trkpt>
      <trkpt lat="-22.669361550360918" lon="14.816538942977786">
        <ele>150.80000000000001</ele>
        <time>2024-11-27T09:18:31Z</time>
      </trkpt>
      <trkpt lat="-22.669352749362588" lon="14.816550007089972">
        <ele>150.80000000000001</ele>
        <time>2024-11-27T09:18:53Z</time>
      </trkpt>
      <trkpt lat="-22.66933917067945" lon="14.816601052880287">
        <ele>150.19999999999999</ele>
        <time>2024-11-27T09:19:14Z</time>
      </trkpt>
      <trkpt lat="-22.669341517612338" lon="14.816621756181121">
        <ele>150</ele>
        <time>2024-11-27T09:19:36Z</time>
      </trkpt>
      <trkpt lat="-22.669343110173941" lon="14.816655786707997">
        <ele>149.80000000000001</ele>
        <time>2024-11-27T09:19:58Z</time>
      </trkpt>
      <trkpt lat="-22.669342355802655" lon="14.816673640161753">
        <ele>149.80000000000001</ele>
        <time>2024-11-27T09:20:19Z</time>
      </trkpt>
      <trkpt lat="-22.669348223134875" lon="14.816718902438879">
        <ele>149.80000000000001</ele>
        <time>2024-11-27T09:20:41Z</time>
      </trkpt>
      <trkpt lat="-22.669354509562254" lon="14.816750837489963">
        <ele>149.80000000000001</ele>
        <time>2024-11-27T09:21:02Z</time>
      </trkpt>
      <trkpt lat="-22.669356102123857" lon="14.816764835268259">
        <ele>149.80000000000001</ele>
        <time>2024-11-27T09:21:24Z</time>
      </trkpt>
      <trkpt lat="-22.669356688857079" lon="14.816778162494302">
        <ele>149.80000000000001</ele>
        <time>2024-11-27T09:21:45Z</time>
      </trkpt>
      <trkpt lat="-22.669361717998981" lon="14.816796602681279">
        <ele>149.80000000000001</ele>
        <time>2024-11-27T09:22:07Z</time>
      </trkpt>
      <trkpt lat="-22.669368842616677" lon="14.816829124465585">
        <ele>149.80000000000001</ele>
        <time>2024-11-27T09:22:28Z</time>
      </trkpt>
      <trkpt lat="-22.669376218691468" lon="14.816849492490292">
        <ele>149.59999999999999</ele>
        <time>2024-11-27T09:22:50Z</time>
      </trkpt>
      <trkpt lat="-22.669383091852069" lon="14.816864579916">
        <ele>149.80000000000001</ele>
        <time>2024-11-27T09:23:11Z</time>
      </trkpt>
      <trkpt lat="-22.669382588937879" lon="14.816880337893963">
        <ele>149.80000000000001</ele>
        <time>2024-11-27T09:23:33Z</time>
      </trkpt>
      <trkpt lat="-22.669402286410332" lon="14.816890647634864">
        <ele>149.80000000000001</ele>
        <time>2024-11-27T09:23:54Z</time>
      </trkpt>
      <trkpt lat="-22.669402454048395" lon="14.816913194954395">
        <ele>149.80000000000001</ele>
        <time>2024-11-27T09:24:16Z</time>
      </trkpt>
      <trkpt lat="-22.66940463334322" lon="14.816920403391123">
        <ele>149.80000000000001</ele>
        <time>2024-11-27T09:24:37Z</time>
      </trkpt>
      <trkpt lat="-22.669405722990632" lon="14.816934820264578">
        <ele>149.80000000000001</ele>
        <time>2024-11-27T09:24:59Z</time>
      </trkpt>
      <trkpt lat="-22.669398095458746" lon="14.816952589899302">
        <ele>149.80000000000001</ele>
        <time>2024-11-27T09:25:20Z</time>
      </trkpt>
      <trkpt lat="-22.669400945305824" lon="14.816968264058232">
        <ele>149.80000000000001</ele>
        <time>2024-11-27T09:25:42Z</time>
      </trkpt>
      <trkpt lat="-22.669407315552235" lon="14.816984944045544">
        <ele>149.80000000000001</ele>
        <time>2024-11-27T09:26:03Z</time>
      </trkpt>
      <trkpt lat="-22.669414356350899" lon="14.817012939602137">
        <ele>149.80000000000001</ele>
        <time>2024-11-27T09:26:25Z</time>
      </trkpt>
      <trkpt lat="-22.669418714940548" lon="14.817030876874924">
        <ele>149.80000000000001</ele>
        <time>2024-11-27T09:26:46Z</time>
      </trkpt>
      <trkpt lat="-22.669422486796975" lon="14.817061554640532">
        <ele>149.80000000000001</ele>
        <time>2024-11-27T09:27:08Z</time>
      </trkpt>
      <trkpt lat="-22.669427180662751" lon="14.817075384780765">
        <ele>149.80000000000001</ele>
        <time>2024-11-27T09:27:30Z</time>
      </trkpt>
      <trkpt lat="-22.669429108500481" lon="14.81709030456841">
        <ele>149.80000000000001</ele>
        <time>2024-11-27T09:27:51Z</time>
      </trkpt>
      <trkpt lat="-22.669431874528527" lon="14.817105978727341">
        <ele>149.80000000000001</ele>
        <time>2024-11-27T09:28:13Z</time>
      </trkpt>
      <trkpt lat="-22.669434137642384" lon="14.81712156906724">
        <ele>149.80000000000001</ele>
        <time>2024-11-27T09:28:34Z</time>
      </trkpt>
      <trkpt lat="-22.669434975832701" lon="14.817140847444534">
        <ele>150</ele>
        <time>2024-11-27T09:28:56Z</time>
      </trkpt>
      <trkpt lat="-22.669437909498811" lon="14.817164484411478">
        <ele>150</ele>
        <time>2024-11-27T09:29:17Z</time>
      </trkpt>
      <trkpt lat="-22.66941100358963" lon="14.817186025902629">
        <ele>204.19999999999999</ele>
      </trkpt>
      <trkpt lat="-22.66939097084105" lon="14.817208992317319">
        <ele>204.19999999999999</ele>
      </trkpt>
      <trkpt lat="-22.669362975284457" lon="14.817226007580757">
        <ele>204.19999999999999</ele>
      </trkpt>
      <trkpt lat="-22.669337997213006" lon="14.817236987873912">
        <ele>204.19999999999999</ele>
      </trkpt>
      <trkpt lat="-22.669296003878117" lon="14.817256014794111">
        <ele>204.19999999999999</ele>
      </trkpt>
      <trkpt lat="-22.66925803385675" lon="14.817269006744027">
        <ele>204.19999999999999</ele>
      </trkpt>
      <trkpt lat="-22.66921897418797" lon="14.817281998693943">
        <ele>204.19999999999999</ele>
      </trkpt>
      <trkpt lat="-22.669178992509842" lon="14.81729700230062">
        <ele>204.19999999999999</ele>
      </trkpt>
      <trkpt lat="-22.669135993346572" lon="14.817315023392439">
        <ele>204</ele>
      </trkpt>
      <trkpt lat="-22.669095005840063" lon="14.817333966493607">
        <ele>204</ele>
      </trkpt>
      <trkpt lat="-22.669052006676793" lon="14.817353999242187">
        <ele>204</ele>
      </trkpt>
      <trkpt lat="-22.669008001685143" lon="14.817372020334005">
        <ele>204</ele>
      </trkpt>
      <trkpt lat="-22.668966008350253" lon="14.817391969263554">
        <ele>204</ele>
      </trkpt>
      <trkpt lat="-22.668927032500505" lon="14.817413007840514">
        <ele>204</ele>
      </trkpt>
      <trkpt lat="-22.668887972831726" lon="14.817432034760714">
        <ele>204</ele>
      </trkpt>
      <trkpt lat="-22.668850002810359" lon="14.817449972033501">
        <ele>204</ele>
      </trkpt>
      <trkpt lat="-22.668813038617373" lon="14.817462963983417">
        <ele>204</ele>
      </trkpt>
      <trkpt lat="-22.668776996433735" lon="14.817470004782081">
        <ele>204</ele>
      </trkpt>
      <trkpt lat="-22.668741038069129" lon="14.8174689989537">
        <ele>204</ele>
      </trkpt>
      <trkpt lat="-22.668703990057111" lon="14.817461958155036">
        <ele>204</ele>
      </trkpt>
      <trkpt lat="-22.668670965358615" lon="14.81744796037674">
        <ele>204</ele>
      </trkpt>
      <trkpt lat="-22.668641963973641" lon="14.817427005618811">
        <ele>204</ele>
      </trkpt>
      <trkpt lat="-22.668618997558951" lon="14.817404039204121">
        <ele>204</ele>
      </trkpt>
      <trkpt lat="-22.668601982295513" lon="14.817378977313638">
        <ele>204</ele>
      </trkpt>
      <trkpt lat="-22.668589996173978" lon="14.817350981757045">
        <ele>204</ele>
      </trkpt>
      <trkpt lat="-22.668580021709204" lon="14.817321980372071">
        <ele>204</ele>
      </trkpt>
      <trkpt lat="-22.668571975082159" lon="14.817294990643859">
        <ele>204</ele>
      </trkpt>
      <trkpt lat="-22.668567029759288" lon="14.817272024229169">
        <ele>204</ele>
      </trkpt>
      <trkpt lat="-22.668565018102527" lon="14.817256014794111">
        <ele>204</ele>
      </trkpt>
      <trkpt lat="-22.668566023930907" lon="14.817251991480589">
        <ele>204</ele>
      </trkpt>
      <trkpt lat="-22.668566023930907" lon="14.817251991480589">
        <ele>204.19999999999999</ele>
      </trkpt>
      <trkpt lat="-22.668566023930907" lon="14.817251991480589">
        <ele>204.19999999999999</ele>
      </trkpt>
      <trkpt lat="-22.668566023930907" lon="14.817251991480589">
        <ele>204.19999999999999</ele>
      </trkpt>
      <trkpt lat="-22.668566023930907" lon="14.817251991480589">
        <ele>204.19999999999999</ele>
      </trkpt>
      <trkpt lat="-22.668566023930907" lon="14.817251991480589">
        <ele>204.19999999999999</ele>
      </trkpt>
      <trkpt lat="-22.668566023930907" lon="14.817251991480589">
        <ele>204.19999999999999</ele>
      </trkpt>
      <trkpt lat="-22.668566023930907" lon="14.817251991480589">
        <ele>204.19999999999999</ele>
      </trkpt>
      <trkpt lat="-22.668565018102527" lon="14.817248973995447">
        <ele>204.19999999999999</ele>
      </trkpt>
      <trkpt lat="-22.668560994789004" lon="14.817238999530673">
        <ele>204.19999999999999</ele>
      </trkpt>
      <trkpt lat="-22.668553031980991" lon="14.817219972610474">
        <ele>204.19999999999999</ele>
      </trkpt>
      <trkpt lat="-22.668543979525566" lon="14.817193988710642">
        <ele>204.19999999999999</ele>
      </trkpt>
      <trkpt lat="-22.668531993404031" lon="14.817159036174417">
        <ele>204.19999999999999</ele>
      </trkpt>
      <trkpt lat="-22.668516989797354" lon="14.817121988162398">
        <ele>204.19999999999999</ele>
      </trkpt>
      <trkpt lat="-22.668497040867805" lon="14.817088041454554">
        <ele>204.19999999999999</ele>
      </trkpt>
      <trkpt lat="-22.668474996462464" lon="14.817059962078929">
        <ele>204</ele>
      </trkpt>
      <trkpt lat="-22.668457981199026" lon="14.817041018977761">
        <ele>204</ele>
      </trkpt>
      <trkpt lat="-22.668450018391013" lon="14.817032972350717">
        <ele>204</ele>
      </trkpt>
      <trkpt lat="-22.668450018391013" lon="14.817032972350717">
        <ele>204</ele>
      </trkpt>
      <trkpt lat="-22.668450018391013" lon="14.817032972350717">
        <ele>204</ele>
      </trkpt>
      <trkpt lat="-22.668450018391013" lon="14.817032972350717">
        <ele>204</ele>
      </trkpt>
      <trkpt lat="-22.668450018391013" lon="14.817032972350717">
        <ele>204</ele>
      </trkpt>
      <trkpt lat="-22.668450018391013" lon="14.817032972350717">
        <ele>204</ele>
      </trkpt>
      <trkpt lat="-22.668450018391013" lon="14.817032972350717">
        <ele>203.80000000000001</ele>
      </trkpt>
      <trkpt lat="-22.668450018391013" lon="14.817032972350717">
        <ele>203.80000000000001</ele>
      </trkpt>
      <trkpt lat="-22.668450018391013" lon="14.817032972350717">
        <ele>203.80000000000001</ele>
      </trkpt>
      <trkpt lat="-22.668450018391013" lon="14.817032972350717">
        <ele>203.59999999999999</ele>
      </trkpt>
      <trkpt lat="-22.668450018391013" lon="14.817032972350717">
        <ele>203.40000000000001</ele>
      </trkpt>
      <trkpt lat="-22.668450018391013" lon="14.817032972350717">
        <ele>203.59999999999999</ele>
      </trkpt>
      <trkpt lat="-22.668450018391013" lon="14.817032972350717">
        <ele>203.40000000000001</ele>
      </trkpt>
      <trkpt lat="-22.668450018391013" lon="14.817032972350717">
        <ele>203.19999999999999</ele>
      </trkpt>
      <trkpt lat="-22.668450018391013" lon="14.817032972350717">
        <ele>203.19999999999999</ele>
      </trkpt>
      <trkpt lat="-22.668450018391013" lon="14.817032972350717">
        <ele>203.19999999999999</ele>
      </trkpt>
      <trkpt lat="-22.668450018391013" lon="14.817032972350717">
        <ele>203.19999999999999</ele>
      </trkpt>
      <trkpt lat="-22.668450018391013" lon="14.817032972350717">
        <ele>203.19999999999999</ele>
      </trkpt>
      <trkpt lat="-22.668450018391013" lon="14.817032972350717">
        <ele>203.19999999999999</ele>
      </trkpt>
      <trkpt lat="-22.668450018391013" lon="14.817032972350717">
        <ele>203.19999999999999</ele>
      </trkpt>
      <trkpt lat="-22.668450018391013" lon="14.817032972350717">
        <ele>203.19999999999999</ele>
      </trkpt>
      <trkpt lat="-22.668450018391013" lon="14.817032972350717">
        <ele>203.19999999999999</ele>
      </trkpt>
      <trkpt lat="-22.668450018391013" lon="14.817032972350717">
        <ele>203.19999999999999</ele>
      </trkpt>
      <trkpt lat="-22.668450018391013" lon="14.817032972350717">
        <ele>203.19999999999999</ele>
      </trkpt>
      <trkpt lat="-22.668450018391013" lon="14.817032972350717">
        <ele>203.19999999999999</ele>
      </trkpt>
      <trkpt lat="-22.668450018391013" lon="14.817032972350717">
        <ele>203.19999999999999</ele>
      </trkpt>
      <trkpt lat="-22.668450018391013" lon="14.817032972350717">
        <ele>203.19999999999999</ele>
      </trkpt>
      <trkpt lat="-22.668450018391013" lon="14.817032972350717">
        <ele>203.19999999999999</ele>
      </trkpt>
      <trkpt lat="-22.668450018391013" lon="14.817032972350717">
        <ele>203.19999999999999</ele>
      </trkpt>
      <trkpt lat="-22.668450018391013" lon="14.817032972350717">
        <ele>203.19999999999999</ele>
      </trkpt>
      <trkpt lat="-22.668450018391013" lon="14.817032972350717">
        <ele>203.19999999999999</ele>
      </trkpt>
      <trkpt lat="-22.668450018391013" lon="14.817032972350717">
        <ele>203.19999999999999</ele>
      </trkpt>
      <trkpt lat="-22.668450018391013" lon="14.817032972350717">
        <ele>203.19999999999999</ele>
      </trkpt>
      <trkpt lat="-22.668450018391013" lon="14.817032972350717">
        <ele>203.19999999999999</ele>
      </trkpt>
      <trkpt lat="-22.668450018391013" lon="14.817032972350717">
        <ele>203.19999999999999</ele>
      </trkpt>
      <trkpt lat="-22.668450018391013" lon="14.817032972350717">
        <ele>203.19999999999999</ele>
      </trkpt>
      <trkpt lat="-22.668450018391013" lon="14.817032972350717">
        <ele>203.19999999999999</ele>
      </trkpt>
      <trkpt lat="-22.668450018391013" lon="14.817032972350717">
        <ele>203.19999999999999</ele>
      </trkpt>
      <trkpt lat="-22.668450018391013" lon="14.817032972350717">
        <ele>203.19999999999999</ele>
      </trkpt>
      <trkpt lat="-22.668450018391013" lon="14.817032972350717">
        <ele>203.19999999999999</ele>
      </trkpt>
      <trkpt lat="-22.668450018391013" lon="14.817032972350717">
        <ele>203.19999999999999</ele>
      </trkpt>
      <trkpt lat="-22.668450018391013" lon="14.817032972350717">
        <ele>203.19999999999999</ele>
      </trkpt>
      <trkpt lat="-22.668450018391013" lon="14.817032972350717">
        <ele>203.19999999999999</ele>
      </trkpt>
      <trkpt lat="-22.668450018391013" lon="14.817032972350717">
        <ele>203.19999999999999</ele>
      </trkpt>
      <trkpt lat="-22.668450018391013" lon="14.817032972350717">
        <ele>203.19999999999999</ele>
      </trkpt>
      <trkpt lat="-22.668450018391013" lon="14.817032972350717">
        <ele>203.19999999999999</ele>
      </trkpt>
      <trkpt lat="-22.668450018391013" lon="14.817032972350717">
        <ele>203.19999999999999</ele>
      </trkpt>
      <trkpt lat="-22.668450018391013" lon="14.817032972350717">
        <ele>203.19999999999999</ele>
      </trkpt>
      <trkpt lat="-22.668450018391013" lon="14.817032972350717">
        <ele>203.19999999999999</ele>
      </trkpt>
      <trkpt lat="-22.668450018391013" lon="14.817032972350717">
        <ele>203.19999999999999</ele>
      </trkpt>
      <trkpt lat="-22.668450018391013" lon="14.817032972350717">
        <ele>203.19999999999999</ele>
      </trkpt>
      <trkpt lat="-22.668450018391013" lon="14.817032972350717">
        <ele>203.19999999999999</ele>
      </trkpt>
      <trkpt lat="-22.668450018391013" lon="14.817032972350717">
        <ele>203.19999999999999</ele>
      </trkpt>
      <trkpt lat="-22.668450018391013" lon="14.817032972350717">
        <ele>203.19999999999999</ele>
      </trkpt>
      <trkpt lat="-22.668450018391013" lon="14.817032972350717">
        <ele>203.19999999999999</ele>
      </trkpt>
      <trkpt lat="-22.668450018391013" lon="14.817032972350717">
        <ele>203.19999999999999</ele>
      </trkpt>
      <trkpt lat="-22.668450018391013" lon="14.817032972350717">
        <ele>203.19999999999999</ele>
      </trkpt>
      <trkpt lat="-22.668450018391013" lon="14.817032972350717">
        <ele>203.19999999999999</ele>
      </trkpt>
      <trkpt lat="-22.668450018391013" lon="14.817032972350717">
        <ele>203.19999999999999</ele>
      </trkpt>
      <trkpt lat="-22.668450018391013" lon="14.817032972350717">
        <ele>203.19999999999999</ele>
      </trkpt>
      <trkpt lat="-22.668450018391013" lon="14.817032972350717">
        <ele>203.19999999999999</ele>
      </trkpt>
      <trkpt lat="-22.668450018391013" lon="14.817032972350717">
        <ele>203.19999999999999</ele>
      </trkpt>
      <trkpt lat="-22.668450018391013" lon="14.817032972350717">
        <ele>203.19999999999999</ele>
      </trkpt>
      <trkpt lat="-22.668450018391013" lon="14.817032972350717">
        <ele>203.19999999999999</ele>
      </trkpt>
      <trkpt lat="-22.668450018391013" lon="14.817032972350717">
        <ele>203.19999999999999</ele>
      </trkpt>
      <trkpt lat="-22.668450018391013" lon="14.817032972350717">
        <ele>203.19999999999999</ele>
      </trkpt>
      <trkpt lat="-22.668450018391013" lon="14.817032972350717">
        <ele>203.19999999999999</ele>
      </trkpt>
      <trkpt lat="-22.668450018391013" lon="14.817032972350717">
        <ele>203.19999999999999</ele>
      </trkpt>
      <trkpt lat="-22.668450018391013" lon="14.817032972350717">
        <ele>203.19999999999999</ele>
      </trkpt>
      <trkpt lat="-22.668450018391013" lon="14.817032972350717">
        <ele>203.19999999999999</ele>
      </trkpt>
      <trkpt lat="-22.668450018391013" lon="14.817032972350717">
        <ele>203.19999999999999</ele>
      </trkpt>
      <trkpt lat="-22.668450018391013" lon="14.817032972350717">
        <ele>203.19999999999999</ele>
      </trkpt>
      <trkpt lat="-22.668450018391013" lon="14.817032972350717">
        <ele>203.19999999999999</ele>
      </trkpt>
      <trkpt lat="-22.668450018391013" lon="14.817032972350717">
        <ele>203.19999999999999</ele>
      </trkpt>
      <trkpt lat="-22.668450018391013" lon="14.817032972350717">
        <ele>203.19999999999999</ele>
      </trkpt>
      <trkpt lat="-22.668450018391013" lon="14.817032972350717">
        <ele>203.19999999999999</ele>
      </trkpt>
      <trkpt lat="-22.668450018391013" lon="14.817032972350717">
        <ele>203.19999999999999</ele>
      </trkpt>
      <trkpt lat="-22.668450018391013" lon="14.817032972350717">
        <ele>203.19999999999999</ele>
      </trkpt>
      <trkpt lat="-22.668450018391013" lon="14.817032972350717">
        <ele>203.19999999999999</ele>
      </trkpt>
      <trkpt lat="-22.668449012562633" lon="14.817033978179097">
        <ele>203.19999999999999</ele>
      </trkpt>
      <trkpt lat="-22.668441971763968" lon="14.81703800149262">
        <ele>203.19999999999999</ele>
      </trkpt>
      <trkpt lat="-22.668441971763968" lon="14.81703800149262">
        <ele>203.19999999999999</ele>
      </trkpt>
      <trkpt lat="-22.668441971763968" lon="14.81703800149262">
        <ele>203.19999999999999</ele>
      </trkpt>
      <trkpt lat="-22.668441971763968" lon="14.81703800149262">
        <ele>203.19999999999999</ele>
      </trkpt>
      <trkpt lat="-22.668441971763968" lon="14.81703800149262">
        <ele>203.19999999999999</ele>
      </trkpt>
      <trkpt lat="-22.668441971763968" lon="14.81703800149262">
        <ele>203.19999999999999</ele>
      </trkpt>
      <trkpt lat="-22.668439038097858" lon="14.817040013149381">
        <ele>203</ele>
      </trkpt>
      <trkpt lat="-22.668417999520898" lon="14.817047975957394">
        <ele>203</ele>
      </trkpt>
      <trkpt lat="-22.668396038934588" lon="14.81705904006958">
        <ele>203</ele>
      </trkpt>
      <trkpt lat="-22.668367959558964" lon="14.817073037847877">
        <ele>203</ele>
      </trkpt>
      <trkpt lat="-22.668339964002371" lon="14.817088963463902">
        <ele>203</ele>
      </trkpt>
      <trkpt lat="-22.668310962617397" lon="14.817105978727341">
        <ele>203</ele>
      </trkpt>
      <trkpt lat="-22.668286990374327" lon="14.817119976505637">
        <ele>203</ele>
      </trkpt>
      <trkpt lat="-22.668262012302876" lon="14.817130034789443">
        <ele>203</ele>
      </trkpt>
      <trkpt lat="-22.668238040059805" lon="14.817136991769075">
        <ele>203</ele>
      </trkpt>
      <trkpt lat="-22.668219013139606" lon="14.81714503839612">
        <ele>203</ele>
      </trkpt>
      <trkpt lat="-22.668214989826083" lon="14.81714797206223">
        <ele>203</ele>
      </trkpt>
      <trkpt lat="-22.668214989826083" lon="14.81714797206223">
        <ele>203</ele>
      </trkpt>
      <trkpt lat="-22.668214989826083" lon="14.81714797206223">
        <ele>203</ele>
      </trkpt>
      <trkpt lat="-22.668214989826083" lon="14.81714797206223">
        <ele>203</ele>
      </trkpt>
      <trkpt lat="-22.668214989826083" lon="14.81714797206223">
        <ele>203</ele>
      </trkpt>
      <trkpt lat="-22.668211972340941" lon="14.817153001204133">
        <ele>203</ele>
      </trkpt>
      <trkpt lat="-22.668197974562645" lon="14.817160964012146">
        <ele>203</ele>
      </trkpt>
      <trkpt lat="-22.668179031461477" lon="14.817171022295952">
        <ele>203</ele>
      </trkpt>
      <trkpt lat="-22.668158998712897" lon="14.817183008417487">
        <ele>203</ele>
      </trkpt>
      <trkpt lat="-22.668137038126588" lon="14.817194994539022">
        <ele>203</ele>
      </trkpt>
      <trkpt lat="-22.668112982064486" lon="14.817206980660558">
        <ele>203</ele>
      </trkpt>
      <trkpt lat="-22.668089009821415" lon="14.817216033115983">
        <ele>203</ele>
      </trkpt>
      <trkpt lat="-22.668064031749964" lon="14.817221984267235">
        <ele>203</ele>
      </trkpt>
      <trkpt lat="-22.668036036193371" lon="14.817227013409138">
        <ele>203</ele>
      </trkpt>
      <trkpt lat="-22.668006028980017" lon="14.81723397038877">
        <ele>203</ele>
      </trkpt>
      <trkpt lat="-22.667975015938282" lon="14.817231958732009">
        <ele>203</ele>
      </trkpt>
      <trkpt lat="-22.667945008724928" lon="14.817223995923996">
        <ele>203</ele>
      </trkpt>
      <trkpt lat="-22.667917013168335" lon="14.81721100397408">
        <ele>203</ele>
      </trkpt>
      <trkpt lat="-22.667890023440123" lon="14.817192982882261">
        <ele>203</ele>
      </trkpt>
      <trkpt lat="-22.66786596737802" lon="14.817171022295952">
        <ele>202.80000000000001</ele>
      </trkpt>
      <trkpt lat="-22.667849035933614" lon="14.817140009254217">
        <ele>202.80000000000001</ele>
      </trkpt>
      <trkpt lat="-22.667829003185034" lon="14.81710396707058">
        <ele>202.80000000000001</ele>
      </trkpt>
      <trkpt lat="-22.667809976264834" lon="14.817062979564071">
        <ele>202.80000000000001</ele>
      </trkpt>
      <trkpt lat="-22.667791033163667" lon="14.817028027027845">
        <ele>202.80000000000001</ele>
      </trkpt>
      <trkpt lat="-22.66777602955699" lon="14.817000031471252">
        <ele>202.80000000000001</ele>
      </trkpt>
      <trkpt lat="-22.667769994586706" lon="14.816986033692956">
        <ele>202.80000000000001</ele>
      </trkpt>
      <trkpt lat="-22.667767982929945" lon="14.81697496958077">
        <ele>202.80000000000001</ele>
      </trkpt>
      <trkpt lat="-22.667767982929945" lon="14.81697496958077">
        <ele>202.80000000000001</ele>
      </trkpt>
      <trkpt lat="-22.667767982929945" lon="14.81697496958077">
        <ele>202.80000000000001</ele>
      </trkpt>
      <trkpt lat="-22.667767982929945" lon="14.81697496958077">
        <ele>202.59999999999999</ele>
      </trkpt>
      <trkpt lat="-22.667767982929945" lon="14.81697496958077">
        <ele>202.59999999999999</ele>
      </trkpt>
      <trkpt lat="-22.667767982929945" lon="14.81697496958077">
        <ele>202.59999999999999</ele>
      </trkpt>
      <trkpt lat="-22.667767982929945" lon="14.81697496958077">
        <ele>202.59999999999999</ele>
      </trkpt>
      <trkpt lat="-22.667767982929945" lon="14.81697496958077">
        <ele>202.59999999999999</ele>
      </trkpt>
      <trkpt lat="-22.667767982929945" lon="14.81697496958077">
        <ele>202.59999999999999</ele>
      </trkpt>
      <trkpt lat="-22.667767982929945" lon="14.81697496958077">
        <ele>202.59999999999999</ele>
      </trkpt>
      <trkpt lat="-22.667767982929945" lon="14.81697496958077">
        <ele>202.59999999999999</ele>
      </trkpt>
      <trkpt lat="-22.667767982929945" lon="14.81697496958077">
        <ele>202.59999999999999</ele>
      </trkpt>
      <trkpt lat="-22.667767982929945" lon="14.81697496958077">
        <ele>202.59999999999999</ele>
      </trkpt>
      <trkpt lat="-22.667767982929945" lon="14.81697496958077">
        <ele>202.59999999999999</ele>
      </trkpt>
      <trkpt lat="-22.667767982929945" lon="14.81697496958077">
        <ele>202.59999999999999</ele>
      </trkpt>
      <trkpt lat="-22.667767982929945" lon="14.81697496958077">
        <ele>202.59999999999999</ele>
      </trkpt>
      <trkpt lat="-22.667767982929945" lon="14.81697496958077">
        <ele>202.59999999999999</ele>
      </trkpt>
      <trkpt lat="-22.667767982929945" lon="14.81697496958077">
        <ele>202.59999999999999</ele>
      </trkpt>
      <trkpt lat="-22.667767982929945" lon="14.81697496958077">
        <ele>202.59999999999999</ele>
      </trkpt>
      <trkpt lat="-22.667767982929945" lon="14.81697496958077">
        <ele>202.59999999999999</ele>
      </trkpt>
      <trkpt lat="-22.667767982929945" lon="14.81697496958077">
        <ele>202.59999999999999</ele>
      </trkpt>
      <trkpt lat="-22.667765971273184" lon="14.81697304174304">
        <ele>202.59999999999999</ele>
      </trkpt>
      <trkpt lat="-22.66775599680841" lon="14.81695300899446">
        <ele>202.59999999999999</ele>
      </trkpt>
      <trkpt lat="-22.667739987373352" lon="14.8169319704175">
        <ele>202.59999999999999</ele>
      </trkpt>
      <trkpt lat="-22.667723977938294" lon="14.816905986517668">
        <ele>202.59999999999999</ele>
      </trkpt>
      <trkpt lat="-22.667704029008746" lon="14.816876985132694">
        <ele>202.59999999999999</ele>
      </trkpt>
      <trkpt lat="-22.667687013745308" lon="14.816843960434198">
        <ele>202.59999999999999</ele>
      </trkpt>
      <trkpt lat="-22.66767100431025" lon="14.816808002069592">
        <ele>202.40000000000001</ele>
      </trkpt>
      <trkpt lat="-22.667652983218431" lon="14.816768020391464">
        <ele>202.40000000000001</ele>
      </trkpt>
      <trkpt lat="-22.667637979611754" lon="14.816728038713336">
        <ele>202.40000000000001</ele>
      </trkpt>
      <trkpt lat="-22.6676269993186" lon="14.816686967387795">
        <ele>202.40000000000001</ele>
      </trkpt>
      <trkpt lat="-22.667618030682206" lon="14.816646985709667">
        <ele>202.40000000000001</ele>
      </trkpt>
      <trkpt lat="-22.6676079723984" lon="14.816610021516681">
        <ele>202.40000000000001</ele>
      </trkpt>
      <trkpt lat="-22.667597997933626" lon="14.816575990989804">
        <ele>202.40000000000001</ele>
      </trkpt>
      <trkpt lat="-22.667587017640471" lon="14.81654497794807">
        <ele>202.40000000000001</ele>
      </trkpt>
      <trkpt lat="-22.667576959356666" lon="14.816519999876618">
        <ele>202.40000000000001</ele>
      </trkpt>
      <trkpt lat="-22.667568996548653" lon="14.816499967128038">
        <ele>202.40000000000001</ele>
      </trkpt>
      <trkpt lat="-22.667567990720272" lon="14.81648001819849">
        <ele>202.40000000000001</ele>
      </trkpt>
      <trkpt lat="-22.667572014033794" lon="14.816463002935052">
        <ele>202.40000000000001</ele>
      </trkpt>
      <trkpt lat="-22.667582994326949" lon="14.816443976014853">
        <ele>202.40000000000001</ele>
      </trkpt>
      <trkpt lat="-22.667599003762007" lon="14.816423021256924">
        <ele>202.40000000000001</ele>
      </trkpt>
      <trkpt lat="-22.667615013197064" lon="14.816402988508344">
        <ele>202.40000000000001</ele>
      </trkpt>
      <trkpt lat="-22.667632028460503" lon="14.816377004608512">
        <ele>202.40000000000001</ele>
      </trkpt>
      <trkpt lat="-22.667644014582038" lon="14.816349009051919">
        <ele>202.59999999999999</ele>
      </trkpt>
      <trkpt lat="-22.667646026238799" lon="14.816322019323707">
        <ele>202.80000000000001</ele>
      </trkpt>
      </trkseg></trk></gpx>