<?xml version='1.0' encoding='utf-8'?>
<gpx xmlns="http://www.topografix.com/GPX/1/1" version="1.1" creator="DesertDash stage split"><trk><name>Stage 1: Grove Mall to CP1 - Kuiseb / Superspar</name><trkseg><trkpt lat="-22.619777144864202" lon="17.094756402075291">
        <ele>1723.2</ele>
        <time>2024-11-25T12:23:39Z</time>
      </trkpt>
      <trkpt lat="-22.619731379672885" lon="17.094762939959764">
        <ele>1722.8</ele>
        <time>2024-11-25T12:23:39Z</time>
      </trkpt>
      <trkpt lat="-22.619728948920965" lon="17.094761682674289">
        <ele>1722.8</ele>
        <time>2024-11-25T12:23:39Z</time>
      </trkpt>
      <trkpt lat="-22.619706150144339" lon="17.094764867797494">
        <ele>1723</ele>
        <time>2024-11-25T12:23:39Z</time>
      </trkpt>
      <trkpt lat="-22.619688715785742" lon="17.094768807291985">
        <ele>1723</ele>
        <time>2024-11-25T12:23:39Z</time>
      </trkpt>
      <trkpt lat="-22.619635742157698" lon="17.094783894717693">
        <ele>1723</ele>
        <time>2024-11-25T12:23:39Z</time>
      </trkpt>
      <trkpt lat="-22.619598358869553" lon="17.094780877232552">
        <ele>1723</ele>
        <time>2024-11-25T12:23:39Z</time>
      </trkpt>
      <trkpt lat="-22.619553431868553" lon="17.094774423167109">
        <ele>1723</ele>
        <time>2024-11-25T12:23:39Z</time>
      </trkpt>
      <trkpt lat="-22.619273141026497" lon="17.094750199466944">
        <ele>1723</ele>
        <time>2024-11-25T12:23:39Z</time>
      </trkpt>
      <trkpt lat="-22.618941972032189" lon="17.094724047929049">
        <ele>1722.2</ele>
        <time>2024-11-25T12:23:39Z</time>
      </trkpt>
      <trkpt lat="-22.618691856041551" lon="17.094723293557763">
        <ele>1721</ele>
        <time>2024-11-25T12:23:39Z</time>
      </trkpt>
      <trkpt lat="-22.618614407256246" lon="17.094750534743071">
        <ele>1720.4000000000001</ele>
        <time>2024-11-25T12:23:39Z</time>
      </trkpt>
      <trkpt lat="-22.618547687307" lon="17.09479889832437">
        <ele>1719.5999999999999</ele>
        <time>2024-11-25T12:23:39Z</time>
      </trkpt>
      <trkpt lat="-22.618494713678956" lon="17.094864696264267">
        <ele>1719</ele>
        <time>2024-11-25T12:23:39Z</time>
      </trkpt>
      <trkpt lat="-22.618460515514016" lon="17.094942228868604">
        <ele>1718.8</ele>
        <time>2024-11-25T12:23:39Z</time>
      </trkpt>
      <trkpt lat="-22.6184406504035" lon="17.095029316842556">
        <ele>1718.4000000000001</ele>
        <time>2024-11-25T12:23:39Z</time>
      </trkpt>
      <trkpt lat="-22.618431346490979" lon="17.095125205814838">
        <ele>1718</ele>
        <time>2024-11-25T12:23:39Z</time>
      </trkpt>
      <trkpt lat="-22.618425227701664" lon="17.095226040109992">
        <ele>1717.8</ele>
        <time>2024-11-25T12:23:39Z</time>
      </trkpt>
      <trkpt lat="-22.618424305692315" lon="17.095323940739036">
        <ele>1717.8</ele>
        <time>2024-11-25T12:23:39Z</time>
      </trkpt>
      <trkpt lat="-22.618423802778125" lon="17.095415638759732">
        <ele>1717.5999999999999</ele>
        <time>2024-11-25T12:23:39Z</time>
      </trkpt>
      <trkpt lat="-22.61842455714941" lon="17.095496691763401">
        <ele>1717.4000000000001</ele>
        <time>2024-11-25T12:23:39Z</time>
      </trkpt>
      <trkpt lat="-22.618423802778125" lon="17.09555477835238">
        <ele>1716.8</ele>
        <time>2024-11-25T12:23:39Z</time>
      </trkpt>
      <trkpt lat="-22.618423635140061" lon="17.095589311793447">
        <ele>1716.4000000000001</ele>
        <time>2024-11-25T12:23:39Z</time>
      </trkpt>
      <trkpt lat="-22.618423635140061" lon="17.095604902133346">
        <ele>1715.8</ele>
        <time>2024-11-25T12:23:39Z</time>
      </trkpt>
      <trkpt lat="-22.618400752544403" lon="17.095759548246861">
        <ele>1715.8</ele>
        <time>2024-11-25T12:23:39Z</time>
      </trkpt>
      <trkpt lat="-22.61845288798213" lon="17.095880918204784">
        <ele>1716</ele>
        <time>2024-11-25T12:23:39Z</time>
      </trkpt>
      <trkpt lat="-22.618505358695984" lon="17.095927353948355">
        <ele>1716.2</ele>
        <time>2024-11-25T12:23:39Z</time>
      </trkpt>
      <trkpt lat="-22.618577526882291" lon="17.095961635932326">
        <ele>1716.4000000000001</ele>
        <time>2024-11-25T12:23:39Z</time>
      </trkpt>
      <trkpt lat="-22.618754887953401" lon="17.095988960936666">
        <ele>1717</ele>
        <time>2024-11-25T12:23:39Z</time>
      </trkpt>
      <trkpt lat="-22.618972146883607" lon="17.096003629267216">
        <ele>1718.4000000000001</ele>
        <time>2024-11-25T12:23:39Z</time>
      </trkpt>
      <trkpt lat="-22.619088655337691" lon="17.096010921522975">
        <ele>1718.5999999999999</ele>
        <time>2024-11-25T12:23:39Z</time>
      </trkpt>
      <trkpt lat="-22.619302812963724" lon="17.096019051969051">
        <ele>1719.5999999999999</ele>
        <time>2024-11-25T12:23:39Z</time>
      </trkpt>
      <trkpt lat="-22.619407419115305" lon="17.096028355881572">
        <ele>1719.8</ele>
        <time>2024-11-25T12:23:39Z</time>
      </trkpt>
      <trkpt lat="-22.619507499039173" lon="17.096043108031154">
        <ele>1720</ele>
        <time>2024-11-25T12:23:39Z</time>
      </trkpt>
      <trkpt lat="-22.619609842076898" lon="17.096058614552021">
        <ele>1720.5999999999999</ele>
        <time>2024-11-25T12:23:39Z</time>
      </trkpt>
      <trkpt lat="-22.619715621694922" lon="17.096066828817129">
        <ele>1720.8</ele>
        <time>2024-11-25T12:23:39Z</time>
      </trkpt>
      <trkpt lat="-22.619821485131979" lon="17.09607127122581">
        <ele>1721</ele>
        <time>2024-11-25T12:23:39Z</time>
      </trkpt>
      <trkpt lat="-22.619922403246164" lon="17.096072947606444">
        <ele>1721.2</ele>
        <time>2024-11-25T12:23:39Z</time>
      </trkpt>
      <trkpt lat="-22.620008988305926" lon="17.096074288710952">
        <ele>1721.2</ele>
        <time>2024-11-25T12:23:39Z</time>
      </trkpt>
      <trkpt lat="-22.620067829266191" lon="17.096076803281903">
        <ele>1721.2</ele>
        <time>2024-11-25T12:23:39Z</time>
      </trkpt>
      <trkpt lat="-22.620095908641815" lon="17.09607663564384">
        <ele>1721.2</ele>
        <time>2024-11-25T12:23:39Z</time>
      </trkpt>
      <trkpt lat="-22.620101859793067" lon="17.096071690320969">
        <ele>1721.2</ele>
        <time>2024-11-25T12:23:39Z</time>
      </trkpt>
      <trkpt lat="-22.620116276666522" lon="17.096076719462872">
        <ele>1721.8</ele>
        <time>2024-11-25T12:23:39Z</time>
      </trkpt>
      <trkpt lat="-22.620143434032798" lon="17.096091723069549">
        <ele>1721.8</ele>
        <time>2024-11-25T12:23:39Z</time>
      </trkpt>
      <trkpt lat="-22.620171178132296" lon="17.096120808273554">
        <ele>1722</ele>
        <time>2024-11-25T12:23:39Z</time>
      </trkpt>
      <trkpt lat="-22.620191881433129" lon="17.096164058893919">
        <ele>1722</ele>
        <time>2024-11-25T12:23:39Z</time>
      </trkpt>
      <trkpt lat="-22.620199425145984" lon="17.096215272322297">
        <ele>1722.4000000000001</ele>
        <time>2024-11-25T12:23:39Z</time>
      </trkpt>
      <trkpt lat="-22.620194396004081" lon="17.096276627853513">
        <ele>1722.5999999999999</ele>
        <time>2024-11-25T12:23:39Z</time>
      </trkpt>
      <trkpt lat="-22.62018509209156" lon="17.096347622573376">
        <ele>1722.5999999999999</ele>
        <time>2024-11-25T12:23:39Z</time>
      </trkpt>
      <trkpt lat="-22.620174698531628" lon="17.096427669748664">
        <ele>1722.5999999999999</ele>
        <time>2024-11-25T12:23:39Z</time>
      </trkpt>
      <trkpt lat="-22.62016111984849" lon="17.096515847370028">
        <ele>1722.5999999999999</ele>
        <time>2024-11-25T12:23:39Z</time>
      </trkpt>
      <trkpt lat="-22.62014796026051" lon="17.096610143780708">
        <ele>1722.5999999999999</ele>
        <time>2024-11-25T12:23:39Z</time>
      </trkpt>
      <trkpt lat="-22.620133208110929" lon="17.096718773245811">
        <ele>1722.5999999999999</ele>
        <time>2024-11-25T12:23:39Z</time>
      </trkpt>
      <trkpt lat="-22.620115941390395" lon="17.096829246729612">
        <ele>1722.5999999999999</ele>
        <time>2024-11-25T12:23:39Z</time>
      </trkpt>
      <trkpt lat="-22.620099931955338" lon="17.096944414079189">
        <ele>1722.5999999999999</ele>
        <time>2024-11-25T12:23:39Z</time>
      </trkpt>
      <trkpt lat="-22.620083000510931" lon="17.097058743238449">
        <ele>1722.8</ele>
        <time>2024-11-25T12:23:39Z</time>
      </trkpt>
      <trkpt lat="-22.620066404342651" lon="17.097177598625422">
        <ele>1723</ele>
        <time>2024-11-25T12:23:40Z</time>
      </trkpt>
      <trkpt lat="-22.620049975812435" lon="17.097303159534931">
        <ele>1723.4000000000001</ele>
        <time>2024-11-25T12:23:40Z</time>
      </trkpt>
      <trkpt lat="-22.620032709091902" lon="17.097430899739265">
        <ele>1723.8</ele>
        <time>2024-11-25T12:23:40Z</time>
      </trkpt>
      <trkpt lat="-22.620014688000083" lon="17.097562747076154">
        <ele>1724.4000000000001</ele>
        <time>2024-11-25T12:23:40Z</time>
      </trkpt>
      <trkpt lat="-22.619997588917613" lon="17.097698030993342">
        <ele>1724.8</ele>
        <time>2024-11-25T12:23:40Z</time>
      </trkpt>
      <trkpt lat="-22.619979986920953" lon="17.097837589681149">
        <ele>1725.2</ele>
        <time>2024-11-25T12:23:40Z</time>
      </trkpt>
      <trkpt lat="-22.619961798191071" lon="17.09798569791019">
        <ele>1725.5999999999999</ele>
        <time>2024-11-25T12:23:40Z</time>
      </trkpt>
      <trkpt lat="-22.619941094890237" lon="17.098134057596326">
        <ele>1726.2</ele>
        <time>2024-11-25T12:23:40Z</time>
      </trkpt>
      <trkpt lat="-22.61992122977972" lon="17.098279064521194">
        <ele>1727</ele>
        <time>2024-11-25T12:23:40Z</time>
      </trkpt>
      <trkpt lat="-22.619902705773711" lon="17.098416360095143">
        <ele>1727.4000000000001</ele>
        <time>2024-11-25T12:23:40Z</time>
      </trkpt>
      <trkpt lat="-22.619884936138988" lon="17.098546782508492">
        <ele>1728</ele>
        <time>2024-11-25T12:23:40Z</time>
      </trkpt>
      <trkpt lat="-22.619868339970708" lon="17.098666727542877">
        <ele>1728.4000000000001</ele>
        <time>2024-11-25T12:23:40Z</time>
      </trkpt>
      <trkpt lat="-22.619853587821126" lon="17.098770998418331">
        <ele>1728.8</ele>
        <time>2024-11-25T12:23:40Z</time>
      </trkpt>
      <trkpt lat="-22.619841685518622" lon="17.098851213231683">
        <ele>1729.2</ele>
        <time>2024-11-25T12:23:40Z</time>
      </trkpt>
      <trkpt lat="-22.61983129195869" lon="17.098908964544535">
        <ele>1729.8</ele>
        <time>2024-11-25T12:23:40Z</time>
      </trkpt>
      <trkpt lat="-22.619822574779391" lon="17.098953556269407">
        <ele>1730</ele>
        <time>2024-11-25T12:23:40Z</time>
      </trkpt>
      <trkpt lat="-22.619815282523632" lon="17.098998986184597">
        <ele>1730.2</ele>
        <time>2024-11-25T12:23:40Z</time>
      </trkpt>
      <trkpt lat="-22.619810421019793" lon="17.099059000611305">
        <ele>1730.4000000000001</ele>
        <time>2024-11-25T12:23:40Z</time>
      </trkpt>
      <trkpt lat="-22.619802290573716" lon="17.099120020866394">
        <ele>1730.8</ele>
        <time>2024-11-25T12:23:40Z</time>
      </trkpt>
      <trkpt lat="-22.619791980832815" lon="17.099186154082417">
        <ele>1731.4000000000001</ele>
        <time>2024-11-25T12:23:40Z</time>
      </trkpt>
      <trkpt lat="-22.619781084358692" lon="17.099255304783583">
        <ele>1732</ele>
        <time>2024-11-25T12:23:40Z</time>
      </trkpt>
      <trkpt lat="-22.619772786274552" lon="17.099332250654697">
        <ele>1732.2</ele>
        <time>2024-11-25T12:23:40Z</time>
      </trkpt>
      <trkpt lat="-22.619763314723969" lon="17.099416740238667">
        <ele>1732.4000000000001</ele>
        <time>2024-11-25T12:23:40Z</time>
      </trkpt>
      <trkpt lat="-22.619751244783401" lon="17.099503073841333">
        <ele>1732.5999999999999</ele>
        <time>2024-11-25T12:23:41Z</time>
      </trkpt>
      <trkpt lat="-22.619738420471549" lon="17.099595693871379">
        <ele>1733</ele>
        <time>2024-11-25T12:23:41Z</time>
      </trkpt>
      <trkpt lat="-22.61972526088357" lon="17.099690157920122">
        <ele>1733.2</ele>
        <time>2024-11-25T12:23:41Z</time>
      </trkpt>
      <trkpt lat="-22.619711346924305" lon="17.099791327491403">
        <ele>1733.4000000000001</ele>
        <time>2024-11-25T12:23:41Z</time>
      </trkpt>
      <trkpt lat="-22.61969693005085" lon="17.099895179271698">
        <ele>1733.4000000000001</ele>
        <time>2024-11-25T12:23:41Z</time>
      </trkpt>
      <trkpt lat="-22.619682177901268" lon="17.100005568936467">
        <ele>1733.4000000000001</ele>
        <time>2024-11-25T12:23:41Z</time>
      </trkpt>
      <trkpt lat="-22.619667677208781" lon="17.100120233371854">
        <ele>1733.4000000000001</ele>
        <time>2024-11-25T12:23:41Z</time>
      </trkpt>
      <trkpt lat="-22.619652673602104" lon="17.100236155092716">
        <ele>1733.2</ele>
        <time>2024-11-25T12:23:41Z</time>
      </trkpt>
      <trkpt lat="-22.6196373347193" lon="17.100353417918086">
        <ele>1732.4000000000001</ele>
        <time>2024-11-25T12:23:41Z</time>
      </trkpt>
      <trkpt lat="-22.619622414931655" lon="17.100469255819917">
        <ele>1732</ele>
        <time>2024-11-25T12:23:41Z</time>
      </trkpt>
      <trkpt lat="-22.619606656953692" lon="17.100582998245955">
        <ele>1731.5999999999999</ele>
        <time>2024-11-25T12:23:41Z</time>
      </trkpt>
      <trkpt lat="-22.619591485708952" lon="17.100691962987185">
        <ele>1731.4000000000001</ele>
        <time>2024-11-25T12:23:41Z</time>
      </trkpt>
      <trkpt lat="-22.61957623064518" lon="17.100802939385176">
        <ele>1731.2</ele>
        <time>2024-11-25T12:23:41Z</time>
      </trkpt>
      <trkpt lat="-22.61956206522882" lon="17.100915173068643">
        <ele>1730.8</ele>
        <time>2024-11-25T12:23:41Z</time>
      </trkpt>
      <trkpt lat="-22.619547648355365" lon="17.101029669865966">
        <ele>1730.5999999999999</ele>
        <time>2024-11-25T12:23:41Z</time>
      </trkpt>
      <trkpt lat="-22.619530633091927" lon="17.101144334301353">
        <ele>1730.2</ele>
        <time>2024-11-25T12:23:41Z</time>
      </trkpt>
      <trkpt lat="-22.619513114914298" lon="17.101259585469961">
        <ele>1729.5999999999999</ele>
        <time>2024-11-25T12:23:41Z</time>
      </trkpt>
      <trkpt lat="-22.619496854022145" lon="17.101376680657268">
        <ele>1729.2</ele>
        <time>2024-11-25T12:23:41Z</time>
      </trkpt>
      <trkpt lat="-22.619481682777405" lon="17.101484220474958">
        <ele>1728.8</ele>
        <time>2024-11-25T12:23:42Z</time>
      </trkpt>
      <trkpt lat="-22.619466679170728" lon="17.101584300398827">
        <ele>1728</ele>
        <time>2024-11-25T12:23:42Z</time>
      </trkpt>
      <trkpt lat="-22.619453351944685" lon="17.101672645658255">
        <ele>1726.8</ele>
        <time>2024-11-25T12:23:42Z</time>
      </trkpt>
      <trkpt lat="-22.619442204013467" lon="17.101748753339052">
        <ele>1726</ele>
        <time>2024-11-25T12:23:42Z</time>
      </trkpt>
      <trkpt lat="-22.619432648643851" lon="17.101812120527029">
        <ele>1725.2</ele>
        <time>2024-11-25T12:23:42Z</time>
      </trkpt>
      <trkpt lat="-22.619425021111965" lon="17.101874649524689">
        <ele>1724.5999999999999</ele>
        <time>2024-11-25T12:23:42Z</time>
      </trkpt>
      <trkpt lat="-22.619416639208794" lon="17.10193432867527">
        <ele>1724.2</ele>
        <time>2024-11-25T12:23:42Z</time>
      </trkpt>
      <trkpt lat="-22.619408257305622" lon="17.102001383900642">
        <ele>1724</ele>
        <time>2024-11-25T12:23:42Z</time>
      </trkpt>
      <trkpt lat="-22.619379675015807" lon="17.102216631174088">
        <ele>1723.8</ele>
        <time>2024-11-25T12:23:42Z</time>
      </trkpt>
      <trkpt lat="-22.619370957836509" lon="17.102274550125003">
        <ele>1723.5999999999999</ele>
        <time>2024-11-25T12:23:42Z</time>
      </trkpt>
      <trkpt lat="-22.619363246485591" lon="17.102324170991778">
        <ele>1723.2</ele>
        <time>2024-11-25T12:23:42Z</time>
      </trkpt>
      <trkpt lat="-22.619355786591768" lon="17.10237798281014">
        <ele>1723</ele>
        <time>2024-11-25T12:23:42Z</time>
      </trkpt>
      <trkpt lat="-22.61934656649828" lon="17.102437326684594">
        <ele>1723</ele>
        <time>2024-11-25T12:23:42Z</time>
      </trkpt>
      <trkpt lat="-22.619300717487931" lon="17.10277478210628">
        <ele>1723.8</ele>
        <time>2024-11-25T12:23:42Z</time>
      </trkpt>
      <trkpt lat="-22.619283115491271" lon="17.102880058810115">
        <ele>1724.2</ele>
        <time>2024-11-25T12:23:42Z</time>
      </trkpt>
      <trkpt lat="-22.619208265095949" lon="17.103225225582719">
        <ele>1725.4000000000001</ele>
        <time>2024-11-25T12:23:43Z</time>
      </trkpt>
      <trkpt lat="-22.619177000597119" lon="17.103345086798072">
        <ele>1726.2</ele>
        <time>2024-11-25T12:23:43Z</time>
      </trkpt>
      <trkpt lat="-22.61910323984921" lon="17.103581875562668">
        <ele>1727.5999999999999</ele>
        <time>2024-11-25T12:23:43Z</time>
      </trkpt>
      <trkpt lat="-22.618927471339703" lon="17.104038018733263">
        <ele>1728.8</ele>
        <time>2024-11-25T12:23:43Z</time>
      </trkpt>
      <trkpt lat="-22.618835605680943" lon="17.104252176359296">
        <ele>1729.2</ele>
        <time>2024-11-25T12:23:43Z</time>
      </trkpt>
      <trkpt lat="-22.618793193250895" lon="17.104338593780994">
        <ele>1729.2</ele>
        <time>2024-11-25T12:23:43Z</time>
      </trkpt>
      <trkpt lat="-22.618760755285621" lon="17.104407995939255">
        <ele>1729.2</ele>
        <time>2024-11-25T12:23:43Z</time>
      </trkpt>
      <trkpt lat="-22.618735022842884" lon="17.10446348413825">
        <ele>1729</ele>
        <time>2024-11-25T12:23:43Z</time>
      </trkpt>
      <trkpt lat="-22.618711218237877" lon="17.104513105005026">
        <ele>1729</ele>
        <time>2024-11-25T12:23:43Z</time>
      </trkpt>
      <trkpt lat="-22.618687245994806" lon="17.104558115825057">
        <ele>1729</ele>
        <time>2024-11-25T12:23:43Z</time>
      </trkpt>
      <trkpt lat="-22.618658831343055" lon="17.104612933471799">
        <ele>1729</ele>
        <time>2024-11-25T12:23:43Z</time>
      </trkpt>
      <trkpt lat="-22.618624716997147" lon="17.10467554628849">
        <ele>1729</ele>
        <time>2024-11-25T12:23:43Z</time>
      </trkpt>
      <trkpt lat="-22.618586998432875" lon="17.104744864627719">
        <ele>1729.4000000000001</ele>
        <time>2024-11-25T12:23:43Z</time>
      </trkpt>
      <trkpt lat="-22.618545927107334" lon="17.104824827983975">
        <ele>1729.4000000000001</ele>
        <time>2024-11-25T12:23:44Z</time>
      </trkpt>
      <trkpt lat="-22.618504436686635" lon="17.10491350851953">
        <ele>1729.4000000000001</ele>
        <time>2024-11-25T12:23:44Z</time>
      </trkpt>
      <trkpt lat="-22.618457581847906" lon="17.105007972568274">
        <ele>1729.5999999999999</ele>
        <time>2024-11-25T12:23:44Z</time>
      </trkpt>
      <trkpt lat="-22.618405362591147" lon="17.105103274807334">
        <ele>1729.5999999999999</ele>
        <time>2024-11-25T12:23:44Z</time>
      </trkpt>
      <trkpt lat="-22.618344593793154" lon="17.105206958949566">
        <ele>1729.4000000000001</ele>
        <time>2024-11-25T12:23:44Z</time>
      </trkpt>
      <trkpt lat="-22.618276281282306" lon="17.105315756052732">
        <ele>1729.4000000000001</ele>
        <time>2024-11-25T12:23:44Z</time>
      </trkpt>
      <trkpt lat="-22.618205873295665" lon="17.10542656481266">
        <ele>1729</ele>
        <time>2024-11-25T12:23:44Z</time>
      </trkpt>
      <trkpt lat="-22.618139404803514" lon="17.105533014982939">
        <ele>1729</ele>
        <time>2024-11-25T12:23:44Z</time>
      </trkpt>
      <trkpt lat="-22.618079390376806" lon="17.105630999431014">
        <ele>1729</ele>
        <time>2024-11-25T12:23:44Z</time>
      </trkpt>
      <trkpt lat="-22.618010323494673" lon="17.105746082961559">
        <ele>1729</ele>
        <time>2024-11-25T12:23:44Z</time>
      </trkpt>
      <trkpt lat="-22.617940837517381" lon="17.105859825387597">
        <ele>1729.2</ele>
        <time>2024-11-25T12:23:44Z</time>
      </trkpt>
      <trkpt lat="-22.617869423702359" lon="17.105971807613969">
        <ele>1729.5999999999999</ele>
        <time>2024-11-25T12:23:45Z</time>
      </trkpt>
      <trkpt lat="-22.617797339335084" lon="17.106087226420641">
        <ele>1730.5999999999999</ele>
        <time>2024-11-25T12:23:45Z</time>
      </trkpt>
      <trkpt lat="-22.617649147287011" lon="17.106323931366205">
        <ele>1731.8</ele>
        <time>2024-11-25T12:23:45Z</time>
      </trkpt>
      <trkpt lat="-22.617575386539102" lon="17.106442870572209">
        <ele>1732.5999999999999</ele>
        <time>2024-11-25T12:23:45Z</time>
      </trkpt>
      <trkpt lat="-22.617503888905048" lon="17.106559043750167">
        <ele>1733.5999999999999</ele>
        <time>2024-11-25T12:23:45Z</time>
      </trkpt>
      <trkpt lat="-22.617433397099376" lon="17.106672199442983">
        <ele>1734</ele>
        <time>2024-11-25T12:23:45Z</time>
      </trkpt>
      <trkpt lat="-22.617365587502718" lon="17.106782086193562">
        <ele>1734.5999999999999</ele>
        <time>2024-11-25T12:23:45Z</time>
      </trkpt>
      <trkpt lat="-22.61729777790606" lon="17.106892140582204">
        <ele>1735.2</ele>
        <time>2024-11-25T12:23:45Z</time>
      </trkpt>
      <trkpt lat="-22.617229633033276" lon="17.10700529627502">
        <ele>1735.8</ele>
        <time>2024-11-25T12:23:45Z</time>
      </trkpt>
      <trkpt lat="-22.61716291308403" lon="17.107116775587201">
        <ele>1736.2</ele>
        <time>2024-11-25T12:23:45Z</time>
      </trkpt>
      <trkpt lat="-22.61709745042026" lon="17.107224063947797">
        <ele>1736.8</ele>
        <time>2024-11-25T12:23:46Z</time>
      </trkpt>
      <trkpt lat="-22.617034083232284" lon="17.107326239347458">
        <ele>1737.4000000000001</ele>
        <time>2024-11-25T12:23:46Z</time>
      </trkpt>
      <trkpt lat="-22.616973901167512" lon="17.107421541586518">
        <ele>1737.5999999999999</ele>
        <time>2024-11-25T12:23:46Z</time>
      </trkpt>
      <trkpt lat="-22.616917155683041" lon="17.107508294284344">
        <ele>1737.5999999999999</ele>
        <time>2024-11-25T12:23:46Z</time>
      </trkpt>
      <trkpt lat="-22.616867450997233" lon="17.107590269297361">
        <ele>1737.5999999999999</ele>
        <time>2024-11-25T12:23:46Z</time>
      </trkpt>
      <trkpt lat="-22.61683065444231" lon="17.107653636485338">
        <ele>1737.8</ele>
        <time>2024-11-25T12:23:46Z</time>
      </trkpt>
      <trkpt lat="-22.616806598380208" lon="17.10769621655345">
        <ele>1737.8</ele>
        <time>2024-11-25T12:23:46Z</time>
      </trkpt>
      <trkpt lat="-22.616788409650326" lon="17.107731336727738">
        <ele>1738</ele>
        <time>2024-11-25T12:23:46Z</time>
      </trkpt>
      <trkpt lat="-22.616766197606921" lon="17.107775676995516">
        <ele>1738</ele>
        <time>2024-11-25T12:23:46Z</time>
      </trkpt>
      <trkpt lat="-22.616735938936472" lon="17.107832757756114">
        <ele>1738.2</ele>
        <time>2024-11-25T12:23:46Z</time>
      </trkpt>
      <trkpt lat="-22.616700734943151" lon="17.107900567352772">
        <ele>1738.5999999999999</ele>
        <time>2024-11-25T12:23:47Z</time>
      </trkpt>
      <trkpt lat="-22.616659076884389" lon="17.107976088300347">
        <ele>1738.8</ele>
        <time>2024-11-25T12:23:47Z</time>
      </trkpt>
      <trkpt lat="-22.616612641140819" lon="17.108055800199509">
        <ele>1739</ele>
        <time>2024-11-25T12:23:47Z</time>
      </trkpt>
      <trkpt lat="-22.616559583693743" lon="17.108149090781808">
        <ele>1739.2</ele>
        <time>2024-11-25T12:23:47Z</time>
      </trkpt>
      <trkpt lat="-22.61650669388473" lon="17.108241626992822">
        <ele>1739.4000000000001</ele>
        <time>2024-11-25T12:23:47Z</time>
      </trkpt>
      <trkpt lat="-22.616453552618623" lon="17.108335169032216">
        <ele>1740</ele>
        <time>2024-11-25T12:23:47Z</time>
      </trkpt>
      <trkpt lat="-22.616399740800261" lon="17.108433824032545">
        <ele>1740.5999999999999</ele>
        <time>2024-11-25T12:23:47Z</time>
      </trkpt>
      <trkpt lat="-22.616344587877393" lon="17.108532227575779">
        <ele>1741.2</ele>
        <time>2024-11-25T12:23:47Z</time>
      </trkpt>
      <trkpt lat="-22.616290189325809" lon="17.108629709109664">
        <ele>1742.2</ele>
        <time>2024-11-25T12:23:47Z</time>
      </trkpt>
      <trkpt lat="-22.61623696424067" lon="17.108719479292631">
        <ele>1743</ele>
        <time>2024-11-25T12:23:48Z</time>
      </trkpt>
      <trkpt lat="-22.616183739155531" lon="17.108808411285281">
        <ele>1743.5999999999999</ele>
        <time>2024-11-25T12:23:48Z</time>
      </trkpt>
      <trkpt lat="-22.616131771355867" lon="17.108895247802138">
        <ele>1744.2</ele>
        <time>2024-11-25T12:23:48Z</time>
      </trkpt>
      <trkpt lat="-22.616080809384584" lon="17.108981581404805">
        <ele>1745</ele>
        <time>2024-11-25T12:23:48Z</time>
      </trkpt>
      <trkpt lat="-22.616031356155872" lon="17.109066992998123">
        <ele>1745.2</ele>
        <time>2024-11-25T12:23:48Z</time>
      </trkpt>
      <trkpt lat="-22.615982070565224" lon="17.109151901677251">
        <ele>1745.4000000000001</ele>
        <time>2024-11-25T12:23:48Z</time>
      </trkpt>
      <trkpt lat="-22.615931192412972" lon="17.10923345759511">
        <ele>1745.5999999999999</ele>
        <time>2024-11-25T12:23:48Z</time>
      </trkpt>
      <trkpt lat="-22.615886516869068" lon="17.109307385981083">
        <ele>1745.5999999999999</ele>
        <time>2024-11-25T12:23:48Z</time>
      </trkpt>
      <trkpt lat="-22.61584410443902" lon="17.109378883615136">
        <ele>1745.5999999999999</ele>
        <time>2024-11-25T12:23:48Z</time>
      </trkpt>
      <trkpt lat="-22.615801859647036" lon="17.109453901648521">
        <ele>1745.4000000000001</ele>
        <time>2024-11-25T12:23:49Z</time>
      </trkpt>
      <trkpt lat="-22.615757351741195" lon="17.109530596062541">
        <ele>1745.2</ele>
        <time>2024-11-25T12:23:49Z</time>
      </trkpt>
      <trkpt lat="-22.615710077807307" lon="17.109610475599766">
        <ele>1745.2</ele>
        <time>2024-11-25T12:23:49Z</time>
      </trkpt>
      <trkpt lat="-22.615660121664405" lon="17.109697228297591">
        <ele>1745</ele>
        <time>2024-11-25T12:23:49Z</time>
      </trkpt>
      <trkpt lat="-22.615608237683773" lon="17.109788758680224">
        <ele>1744.8</ele>
        <time>2024-11-25T12:23:49Z</time>
      </trkpt>
      <trkpt lat="-22.615556688979268" lon="17.109879534691572">
        <ele>1744.8</ele>
        <time>2024-11-25T12:23:49Z</time>
      </trkpt>
      <trkpt lat="-22.615510756149888" lon="17.109965365380049">
        <ele>1744.2</ele>
        <time>2024-11-25T12:23:49Z</time>
      </trkpt>
      <trkpt lat="-22.615468595176935" lon="17.110052201896906">
        <ele>1744</ele>
        <time>2024-11-25T12:23:49Z</time>
      </trkpt>
      <trkpt lat="-22.615420734509826" lon="17.110139122232795">
        <ele>1743.4000000000001</ele>
        <time>2024-11-25T12:23:50Z</time>
      </trkpt>
      <trkpt lat="-22.615363989025354" lon="17.110225623473525">
        <ele>1743.2</ele>
        <time>2024-11-25T12:23:50Z</time>
      </trkpt>
      <trkpt lat="-22.615284025669098" lon="17.110318830236793">
        <ele>1742.5999999999999</ele>
        <time>2024-11-25T12:23:50Z</time>
      </trkpt>
      <trkpt lat="-22.61521814391017" lon="17.110389741137624">
        <ele>1742.2</ele>
        <time>2024-11-25T12:23:50Z</time>
      </trkpt>
      <trkpt lat="-22.615153267979622" lon="17.110450007021427">
        <ele>1741.8</ele>
        <time>2024-11-25T12:23:50Z</time>
      </trkpt>
      <trkpt lat="-22.615079758688807" lon="17.110494012013078">
        <ele>1741.2</ele>
        <time>2024-11-25T12:23:50Z</time>
      </trkpt>
      <trkpt lat="-22.615000298246741" lon="17.11051756516099">
        <ele>1740.4000000000001</ele>
        <time>2024-11-25T12:23:50Z</time>
      </trkpt>
      <trkpt lat="-22.614920502528548" lon="17.110528042539954">
        <ele>1740.2</ele>
        <time>2024-11-25T12:23:50Z</time>
      </trkpt>
      <trkpt lat="-22.614847496151924" lon="17.110524605959654">
        <ele>1739.8</ele>
        <time>2024-11-25T12:23:51Z</time>
      </trkpt>
      <trkpt lat="-22.614777758717537" lon="17.110499376431108">
        <ele>1738.8</ele>
        <time>2024-11-25T12:23:51Z</time>
      </trkpt>
      <trkpt lat="-22.614713972434402" lon="17.11045553907752">
        <ele>1738.4000000000001</ele>
        <time>2024-11-25T12:23:51Z</time>
      </trkpt>
      <trkpt lat="-22.614658232778311" lon="17.110392088070512">
        <ele>1738</ele>
        <time>2024-11-25T12:23:51Z</time>
      </trkpt>
      <trkpt lat="-22.614616407081485" lon="17.110307011753321">
        <ele>1738</ele>
        <time>2024-11-25T12:23:51Z</time>
      </trkpt>
      <trkpt lat="-22.614535018801689" lon="17.11010567843914">
        <ele>1738</ele>
        <time>2024-11-25T12:23:51Z</time>
      </trkpt>
      <trkpt lat="-22.614480284973979" lon="17.109991181641817">
        <ele>1738</ele>
        <time>2024-11-25T12:23:51Z</time>
      </trkpt>
      <trkpt lat="-22.614199575036764" lon="17.109493967145681">
        <ele>1739.5999999999999</ele>
        <time>2024-11-25T12:23:52Z</time>
      </trkpt>
      <trkpt lat="-22.614036966115236" lon="17.109245024621487">
        <ele>1740.4000000000001</ele>
        <time>2024-11-25T12:23:52Z</time>
      </trkpt>
      <trkpt lat="-22.613762626424432" lon="17.108888039365411">
        <ele>1741.2</ele>
        <time>2024-11-25T12:23:52Z</time>
      </trkpt>
      <trkpt lat="-22.613557102158666" lon="17.108650160953403">
        <ele>1741.8</ele>
        <time>2024-11-25T12:23:52Z</time>
      </trkpt>
      <trkpt lat="-22.613230627030134" lon="17.10831580683589">
        <ele>1742.2</ele>
        <time>2024-11-25T12:23:52Z</time>
      </trkpt>
      <trkpt lat="-22.613118644803762" lon="17.108211200684309">
        <ele>1742.4000000000001</ele>
        <time>2024-11-25T12:23:52Z</time>
      </trkpt>
      <trkpt lat="-22.613006914034486" lon="17.108114473521709">
        <ele>1742.5999999999999</ele>
        <time>2024-11-25T12:23:52Z</time>
      </trkpt>
      <trkpt lat="-22.612895350903273" lon="17.108021350577474">
        <ele>1742.8</ele>
        <time>2024-11-25T12:23:53Z</time>
      </trkpt>
      <trkpt lat="-22.612786972895265" lon="17.10793468169868">
        <ele>1742.8</ele>
        <time>2024-11-25T12:23:53Z</time>
      </trkpt>
      <trkpt lat="-22.612680019810796" lon="17.107855221256614">
        <ele>1743</ele>
        <time>2024-11-25T12:23:53Z</time>
      </trkpt>
      <trkpt lat="-22.6125761680305" lon="17.107781460508704">
        <ele>1743</ele>
        <time>2024-11-25T12:23:53Z</time>
      </trkpt>
      <trkpt lat="-22.612477596849203" lon="17.107710801064968">
        <ele>1742.8</ele>
        <time>2024-11-25T12:23:53Z</time>
      </trkpt>
      <trkpt lat="-22.612386234104633" lon="17.107644835487008">
        <ele>1742.8</ele>
        <time>2024-11-25T12:23:53Z</time>
      </trkpt>
      <trkpt lat="-22.612307360395789" lon="17.107588509097695">
        <ele>1742.8</ele>
        <time>2024-11-25T12:23:53Z</time>
      </trkpt>
      <trkpt lat="-22.612240891903639" lon="17.107542995363474">
        <ele>1742.5999999999999</ele>
        <time>2024-11-25T12:23:54Z</time>
      </trkpt>
      <trkpt lat="-22.612180542200804" lon="17.107501672580838">
        <ele>1742.5999999999999</ele>
        <time>2024-11-25T12:23:54Z</time>
      </trkpt>
      <trkpt lat="-22.612126311287284" lon="17.107467474415898">
        <ele>1742.4000000000001</ele>
        <time>2024-11-25T12:23:54Z</time>
      </trkpt>
      <trkpt lat="-22.612084485590458" lon="17.107441239058971">
        <ele>1742.2</ele>
        <time>2024-11-25T12:23:54Z</time>
      </trkpt>
      <trkpt lat="-22.612047772854567" lon="17.107418021187186">
        <ele>1742</ele>
        <time>2024-11-25T12:23:54Z</time>
      </trkpt>
      <trkpt lat="-22.612010138109326" lon="17.107395138591528">
        <ele>1742</ele>
        <time>2024-11-25T12:23:54Z</time>
      </trkpt>
      <trkpt lat="-22.611972168087959" lon="17.107369741424918">
        <ele>1742.2</ele>
        <time>2024-11-25T12:23:55Z</time>
      </trkpt>
      <trkpt lat="-22.61193067766726" lon="17.107340069487691">
        <ele>1742.2</ele>
        <time>2024-11-25T12:23:55Z</time>
      </trkpt>
      <trkpt lat="-22.611822299659252" lon="17.107239654287696">
        <ele>1742.4000000000001</ele>
        <time>2024-11-25T12:23:55Z</time>
      </trkpt>
      <trkpt lat="-22.611800590530038" lon="17.107202857732773">
        <ele>1742.5999999999999</ele>
        <time>2024-11-25T12:23:55Z</time>
      </trkpt>
      <trkpt lat="-22.611790532246232" lon="17.107154577970505">
        <ele>1742.5999999999999</ele>
        <time>2024-11-25T12:23:55Z</time>
      </trkpt>
      <trkpt lat="-22.611799500882626" lon="17.107090707868338">
        <ele>1742.5999999999999</ele>
        <time>2024-11-25T12:23:55Z</time>
      </trkpt>
      <trkpt lat="-22.611825987696648" lon="17.107014684006572">
        <ele>1742.5999999999999</ele>
        <time>2024-11-25T12:23:55Z</time>
      </trkpt>
      <trkpt lat="-22.611916344612837" lon="17.106849141418934">
        <ele>1742.4000000000001</ele>
        <time>2024-11-25T12:23:56Z</time>
      </trkpt>
      <trkpt lat="-22.611985830590129" lon="17.106761215254664">
        <ele>1742.2</ele>
        <time>2024-11-25T12:23:56Z</time>
      </trkpt>
      <trkpt lat="-22.612056657671928" lon="17.106662727892399">
        <ele>1742</ele>
        <time>2024-11-25T12:23:56Z</time>
      </trkpt>
      <trkpt lat="-22.612130083143711" lon="17.106553511694074">
        <ele>1741.4000000000001</ele>
        <time>2024-11-25T12:23:56Z</time>
      </trkpt>
      <trkpt lat="-22.612290177494287" lon="17.106306999921799">
        <ele>1740.5999999999999</ele>
        <time>2024-11-25T12:23:56Z</time>
      </trkpt>
      <trkpt lat="-22.612380869686604" lon="17.10617121309042">
        <ele>1739.8</ele>
        <time>2024-11-25T12:23:56Z</time>
      </trkpt>
      <trkpt lat="-22.612480195239186" lon="17.106021009385586">
        <ele>1738.8</ele>
        <time>2024-11-25T12:23:57Z</time>
      </trkpt>
      <trkpt lat="-22.612687144428492" lon="17.1057163272053">
        <ele>1737.2</ele>
        <time>2024-11-25T12:23:57Z</time>
      </trkpt>
      <trkpt lat="-22.612916138023138" lon="17.105371579527855">
        <ele>1735.4000000000001</ele>
        <time>2024-11-25T12:23:57Z</time>
      </trkpt>
      <trkpt lat="-22.613037759438157" lon="17.105193296447396">
        <ele>1734.4000000000001</ele>
        <time>2024-11-25T12:23:57Z</time>
      </trkpt>
      <trkpt lat="-22.613158291205764" lon="17.105013253167272">
        <ele>1733.4000000000001</ele>
        <time>2024-11-25T12:23:57Z</time>
      </trkpt>
      <trkpt lat="-22.613282678648829" lon="17.104828935116529">
        <ele>1732.8</ele>
        <time>2024-11-25T12:23:58Z</time>
      </trkpt>
      <trkpt lat="-22.613409496843815" lon="17.104637157171965">
        <ele>1731.8</ele>
        <time>2024-11-25T12:23:58Z</time>
      </trkpt>
      <trkpt lat="-22.613667408004403" lon="17.104239519685507">
        <ele>1730.4000000000001</ele>
        <time>2024-11-25T12:23:58Z</time>
      </trkpt>
      <trkpt lat="-22.613796656951308" lon="17.104032654315233">
        <ele>1729.8</ele>
        <time>2024-11-25T12:23:58Z</time>
      </trkpt>
      <trkpt lat="-22.614057250320911" lon="17.103605261072516">
        <ele>1729</ele>
        <time>2024-11-25T12:23:58Z</time>
      </trkpt>
      <trkpt lat="-22.614439465105534" lon="17.102961027994752">
        <ele>1728.2</ele>
        <time>2024-11-25T12:23:58Z</time>
      </trkpt>
      <trkpt lat="-22.614562511444092" lon="17.102746954187751">
        <ele>1728</ele>
        <time>2024-11-25T12:23:59Z</time>
      </trkpt>
      <trkpt lat="-22.614684887230396" lon="17.102531455457211">
        <ele>1727.5999999999999</ele>
        <time>2024-11-25T12:23:59Z</time>
      </trkpt>
      <trkpt lat="-22.61491765268147" lon="17.102099033072591">
        <ele>1726.8</ele>
        <time>2024-11-25T12:23:59Z</time>
      </trkpt>
      <trkpt lat="-22.615258628502488" lon="17.101426552981138">
        <ele>1726</ele>
        <time>2024-11-25T12:23:59Z</time>
      </trkpt>
      <trkpt lat="-22.615372622385621" lon="17.101200744509697">
        <ele>1725.4000000000001</ele>
        <time>2024-11-25T12:23:59Z</time>
      </trkpt>
      <trkpt lat="-22.615693146362901" lon="17.10051728412509">
        <ele>1724.5999999999999</ele>
        <time>2024-11-25T12:24:00Z</time>
      </trkpt>
      <trkpt lat="-22.615796243771911" lon="17.10028569214046">
        <ele>1724.4000000000001</ele>
        <time>2024-11-25T12:24:00Z</time>
      </trkpt>
      <trkpt lat="-22.615992883220315" lon="17.09982443600893">
        <ele>1723.4000000000001</ele>
        <time>2024-11-25T12:24:00Z</time>
      </trkpt>
      <trkpt lat="-22.616268983110785" lon="17.099126726388931">
        <ele>1722.8</ele>
        <time>2024-11-25T12:24:00Z</time>
      </trkpt>
      <trkpt lat="-22.616512142121792" lon="17.098420802503824">
        <ele>1722.2</ele>
        <time>2024-11-25T12:24:00Z</time>
      </trkpt>
      <trkpt lat="-22.616733172908425" lon="17.097700461745262">
        <ele>1722</ele>
        <time>2024-11-25T12:24:01Z</time>
      </trkpt>
      <trkpt lat="-22.616932075470686" lon="17.096958411857486">
        <ele>1721.4000000000001</ele>
        <time>2024-11-25T12:24:01Z</time>
      </trkpt>
      <trkpt lat="-22.617054954171181" lon="17.096448456868529">
        <ele>1721.2</ele>
        <time>2024-11-25T12:24:01Z</time>
      </trkpt>
      <trkpt lat="-22.617222592234612" lon="17.095674052834511">
        <ele>1721.2</ele>
        <time>2024-11-25T12:24:01Z</time>
      </trkpt>
      <trkpt lat="-22.617275146767497" lon="17.095417063683271">
        <ele>1721</ele>
        <time>2024-11-25T12:24:02Z</time>
      </trkpt>
      <trkpt lat="-22.617323426529765" lon="17.095160828903317">
        <ele>1720.8</ele>
        <time>2024-11-25T12:24:02Z</time>
      </trkpt>
      <trkpt lat="-22.617438845336437" lon="17.094378126785159">
        <ele>1720.5999999999999</ele>
        <time>2024-11-25T12:24:02Z</time>
      </trkpt>
      <trkpt lat="-22.617468517273664" lon="17.094116611406207">
        <ele>1720.5999999999999</ele>
        <time>2024-11-25T12:24:02Z</time>
      </trkpt>
      <trkpt lat="-22.617524089291692" lon="17.093593161553144">
        <ele>1720.2</ele>
        <time>2024-11-25T12:24:03Z</time>
      </trkpt>
      <trkpt lat="-22.617613105103374" lon="17.092803586274385">
        <ele>1719.4000000000001</ele>
        <time>2024-11-25T12:24:03Z</time>
      </trkpt>
      <trkpt lat="-22.617643112316728" lon="17.092539975419641">
        <ele>1719</ele>
        <time>2024-11-25T12:24:03Z</time>
      </trkpt>
      <trkpt lat="-22.617734139785171" lon="17.091741599142551">
        <ele>1718.4000000000001</ele>
        <time>2024-11-25T12:24:03Z</time>
      </trkpt>
      <trkpt lat="-22.617765069007874" lon="17.091476563364267">
        <ele>1718.2</ele>
        <time>2024-11-25T12:24:04Z</time>
      </trkpt>
      <trkpt lat="-22.61779566295445" lon="17.091213287785649">
        <ele>1718</ele>
        <time>2024-11-25T12:24:04Z</time>
      </trkpt>
      <trkpt lat="-22.617825921624899" lon="17.09095093421638">
        <ele>1717.5999999999999</ele>
        <time>2024-11-25T12:24:04Z</time>
      </trkpt>
      <trkpt lat="-22.617917954921722" lon="17.090172087773681">
        <ele>1716.2</ele>
        <time>2024-11-25T12:24:05Z</time>
      </trkpt>
      <trkpt lat="-22.6179432682693" lon="17.089916272088885">
        <ele>1716</ele>
        <time>2024-11-25T12:24:05Z</time>
      </trkpt>
      <trkpt lat="-22.618001522496343" lon="17.089394414797425">
        <ele>1715</ele>
        <time>2024-11-25T12:24:05Z</time>
      </trkpt>
      <trkpt lat="-22.618089867755771" lon="17.08863191306591">
        <ele>1713.8</ele>
        <time>2024-11-25T12:24:05Z</time>
      </trkpt>
      <trkpt lat="-22.618182403966784" lon="17.087872512638569">
        <ele>1713</ele>
        <time>2024-11-25T12:24:06Z</time>
      </trkpt>
      <trkpt lat="-22.618247531354427" lon="17.087366580963135">
        <ele>1712.5999999999999</ele>
        <time>2024-11-25T12:24:06Z</time>
      </trkpt>
      <trkpt lat="-22.618317855522037" lon="17.086856039240956">
        <ele>1712.2</ele>
        <time>2024-11-25T12:24:06Z</time>
      </trkpt>
      <trkpt lat="-22.618377199396491" lon="17.086341306567192">
        <ele>1712</ele>
        <time>2024-11-25T12:24:07Z</time>
      </trkpt>
      <trkpt lat="-22.618430005386472" lon="17.085820203647017">
        <ele>1711.5999999999999</ele>
        <time>2024-11-25T12:24:07Z</time>
      </trkpt>
      <trkpt lat="-22.618489935994148" lon="17.085307901725173">
        <ele>1711.5999999999999</ele>
        <time>2024-11-25T12:24:07Z</time>
      </trkpt>
      <trkpt lat="-22.618524888530374" lon="17.085044458508492">
        <ele>1711.5999999999999</ele>
        <time>2024-11-25T12:24:07Z</time>
      </trkpt>
      <trkpt lat="-22.618560930714011" lon="17.08478394895792">
        <ele>1711.5999999999999</ele>
        <time>2024-11-25T12:24:08Z</time>
      </trkpt>
      <trkpt lat="-22.618679450824857" lon="17.083995379507542">
        <ele>1711.8</ele>
        <time>2024-11-25T12:24:08Z</time>
      </trkpt>
      <trkpt lat="-22.618756229057908" lon="17.083468660712242">
        <ele>1712</ele>
        <time>2024-11-25T12:24:08Z</time>
      </trkpt>
      <trkpt lat="-22.618824793025851" lon="17.082936577498913">
        <ele>1712.4000000000001</ele>
        <time>2024-11-25T12:24:09Z</time>
      </trkpt>
      <trkpt lat="-22.618894698098302" lon="17.082402901723981">
        <ele>1712.5999999999999</ele>
        <time>2024-11-25T12:24:09Z</time>
      </trkpt>
      <trkpt lat="-22.618929399177432" lon="17.082134345546365">
        <ele>1712.5999999999999</ele>
        <time>2024-11-25T12:24:09Z</time>
      </trkpt>
      <trkpt lat="-22.618964435532689" lon="17.081865789368749">
        <ele>1712.5999999999999</ele>
        <time>2024-11-25T12:24:10Z</time>
      </trkpt>
      <trkpt lat="-22.619038196280599" lon="17.081326832994819">
        <ele>1713</ele>
        <time>2024-11-25T12:24:10Z</time>
      </trkpt>
      <trkpt lat="-22.619074573740363" lon="17.081059450283647">
        <ele>1713.2</ele>
        <time>2024-11-25T12:24:10Z</time>
      </trkpt>
      <trkpt lat="-22.619110615924001" lon="17.080803718417883">
        <ele>1713.4000000000001</ele>
        <time>2024-11-25T12:24:11Z</time>
      </trkpt>
      <trkpt lat="-22.619147496297956" lon="17.080531809478998">
        <ele>1713.5999999999999</ele>
        <time>2024-11-25T12:24:11Z</time>
      </trkpt>
      <trkpt lat="-22.619250509887934" lon="17.07973494194448">
        <ele>1713.4000000000001</ele>
        <time>2024-11-25T12:24:11Z</time>
      </trkpt>
      <trkpt lat="-22.619284791871905" lon="17.079466469585896">
        <ele>1713.4000000000001</ele>
        <time>2024-11-25T12:24:12Z</time>
      </trkpt>
      <trkpt lat="-22.619389984756708" lon="17.078669937327504">
        <ele>1713.5999999999999</ele>
        <time>2024-11-25T12:24:12Z</time>
      </trkpt>
      <trkpt lat="-22.619425021111965" lon="17.078409679234028">
        <ele>1713.5999999999999</ele>
        <time>2024-11-25T12:24:12Z</time>
      </trkpt>
      <trkpt lat="-22.619458800181746" lon="17.07814883440733">
        <ele>1713.8</ele>
        <time>2024-11-25T12:24:13Z</time>
      </trkpt>
      <trkpt lat="-22.619548067450523" lon="17.077358337119222">
        <ele>1714</ele>
        <time>2024-11-25T12:24:13Z</time>
      </trkpt>
      <trkpt lat="-22.619576565921307" lon="17.077091792598367">
        <ele>1714</ele>
        <time>2024-11-25T12:24:14Z</time>
      </trkpt>
      <trkpt lat="-22.619672371074557" lon="17.076275059953332">
        <ele>1714.5999999999999</ele>
        <time>2024-11-25T12:24:14Z</time>
      </trkpt>
      <trkpt lat="-22.619741857051849" lon="17.075727051123977">
        <ele>1714.5999999999999</ele>
        <time>2024-11-25T12:24:14Z</time>
      </trkpt>
      <trkpt lat="-22.619814779609442" lon="17.075175521895289">
        <ele>1715.2</ele>
        <time>2024-11-25T12:24:15Z</time>
      </trkpt>
      <trkpt lat="-22.619917877018452" lon="17.074347641319036">
        <ele>1715.8</ele>
        <time>2024-11-25T12:24:15Z</time>
      </trkpt>
      <trkpt lat="-22.619988285005093" lon="17.073802817612886">
        <ele>1716.4000000000001</ele>
        <time>2024-11-25T12:24:15Z</time>
      </trkpt>
      <trkpt lat="-22.620025249198079" lon="17.07353132776916">
        <ele>1716.5999999999999</ele>
        <time>2024-11-25T12:24:16Z</time>
      </trkpt>
      <trkpt lat="-22.620064141228795" lon="17.073262771591544">
        <ele>1717</ele>
        <time>2024-11-25T12:24:16Z</time>
      </trkpt>
      <trkpt lat="-22.620100015774369" lon="17.072993712499738">
        <ele>1717.4000000000001</ele>
        <time>2024-11-25T12:24:17Z</time>
      </trkpt>
      <trkpt lat="-22.620136812329292" lon="17.072723899036646">
        <ele>1718.2</ele>
        <time>2024-11-25T12:24:17Z</time>
      </trkpt>
      <trkpt lat="-22.620175033807755" lon="17.072456013411283">
        <ele>1718.8</ele>
        <time>2024-11-25T12:24:17Z</time>
      </trkpt>
      <trkpt lat="-22.620211914181709" lon="17.072186032310128">
        <ele>1719.2</ele>
        <time>2024-11-25T12:24:18Z</time>
      </trkpt>
      <trkpt lat="-22.620248459279537" lon="17.071918062865734">
        <ele>1719.8</ele>
        <time>2024-11-25T12:24:18Z</time>
      </trkpt>
      <trkpt lat="-22.620282908901572" lon="17.071651099249721">
        <ele>1720.2</ele>
        <time>2024-11-25T12:24:18Z</time>
      </trkpt>
      <trkpt lat="-22.620315095409751" lon="17.07138866186142">
        <ele>1720.8</ele>
        <time>2024-11-25T12:24:19Z</time>
      </trkpt>
      <trkpt lat="-22.620346527546644" lon="17.071124464273453">
        <ele>1721.5999999999999</ele>
        <time>2024-11-25T12:24:19Z</time>
      </trkpt>
      <trkpt lat="-22.620379384607077" lon="17.070861607789993">
        <ele>1722</ele>
        <time>2024-11-25T12:24:20Z</time>
      </trkpt>
      <trkpt lat="-22.620412157848477" lon="17.070597661659122">
        <ele>1722.4000000000001</ele>
        <time>2024-11-25T12:24:20Z</time>
      </trkpt>
      <trkpt lat="-22.62044794857502" lon="17.070338325574994">
        <ele>1722.4000000000001</ele>
        <time>2024-11-25T12:24:20Z</time>
      </trkpt>
      <trkpt lat="-22.620477201417089" lon="17.070074379444122">
        <ele>1722.8</ele>
        <time>2024-11-25T12:24:21Z</time>
      </trkpt>
      <trkpt lat="-22.620516428723931" lon="17.069814037531614">
        <ele>1722.8</ele>
        <time>2024-11-25T12:24:21Z</time>
      </trkpt>
      <trkpt lat="-22.620552806183696" lon="17.069544726982713">
        <ele>1723</ele>
        <time>2024-11-25T12:24:22Z</time>
      </trkpt>
      <trkpt lat="-22.62059454806149" lon="17.069280110299587">
        <ele>1723</ele>
        <time>2024-11-25T12:24:22Z</time>
      </trkpt>
      <trkpt lat="-22.620638133957982" lon="17.069014823064208">
        <ele>1722.8</ele>
        <time>2024-11-25T12:24:23Z</time>
      </trkpt>
      <trkpt lat="-22.620683228597045" lon="17.068748949095607">
        <ele>1722.4000000000001</ele>
        <time>2024-11-25T12:24:23Z</time>
      </trkpt>
      <trkpt lat="-22.620733436197042" lon="17.06848525442183">
        <ele>1722.2</ele>
        <time>2024-11-25T12:24:23Z</time>
      </trkpt>
      <trkpt lat="-22.620788756757975" lon="17.068215440958738">
        <ele>1722</ele>
        <time>2024-11-25T12:24:24Z</time>
      </trkpt>
      <trkpt lat="-22.620852459222078" lon="17.067947974428535">
        <ele>1721.5999999999999</ele>
        <time>2024-11-25T12:24:24Z</time>
      </trkpt>
      <trkpt lat="-22.620922112837434" lon="17.067682771012187">
        <ele>1721.5999999999999</ele>
        <time>2024-11-25T12:24:25Z</time>
      </trkpt>
      <trkpt lat="-22.620997382327914" lon="17.067417986690998">
        <ele>1721.5999999999999</ele>
        <time>2024-11-25T12:24:25Z</time>
      </trkpt>
      <trkpt lat="-22.621078016236424" lon="17.067157980054617">
        <ele>1721.4000000000001</ele>
        <time>2024-11-25T12:24:25Z</time>
      </trkpt>
      <trkpt lat="-22.621165858581662" lon="17.066901326179504">
        <ele>1721.4000000000001</ele>
        <time>2024-11-25T12:24:26Z</time>
      </trkpt>
      <trkpt lat="-22.621261496096849" lon="17.066647605970502">
        <ele>1721.2</ele>
        <time>2024-11-25T12:24:26Z</time>
      </trkpt>
      <trkpt lat="-22.62136509642005" lon="17.066395226866007">
        <ele>1721.2</ele>
        <time>2024-11-25T12:24:27Z</time>
      </trkpt>
      <trkpt lat="-22.621472636237741" lon="17.066148798912764">
        <ele>1721.2</ele>
        <time>2024-11-25T12:24:27Z</time>
      </trkpt>
      <trkpt lat="-22.621582020074129" lon="17.065902203321457">
        <ele>1721.2</ele>
        <time>2024-11-25T12:24:28Z</time>
      </trkpt>
      <trkpt lat="-22.621690146625042" lon="17.06565753556788">
        <ele>1721.2</ele>
        <time>2024-11-25T12:24:28Z</time>
      </trkpt>
      <trkpt lat="-22.621795674785972" lon="17.065413119271398">
        <ele>1721.4000000000001</ele>
        <time>2024-11-25T12:24:28Z</time>
      </trkpt>
      <trkpt lat="-22.621899275109172" lon="17.065171469002962">
        <ele>1721.5999999999999</ele>
        <time>2024-11-25T12:24:29Z</time>
      </trkpt>
      <trkpt lat="-22.622000360861421" lon="17.064930992200971">
        <ele>1721.8</ele>
        <time>2024-11-25T12:24:29Z</time>
      </trkpt>
      <trkpt lat="-22.6220946572721" lon="17.064689677208662">
        <ele>1722.2</ele>
        <time>2024-11-25T12:24:30Z</time>
      </trkpt>
      <trkpt lat="-22.622261708602309" lon="17.064186427742243">
        <ele>1722.5999999999999</ele>
        <time>2024-11-25T12:24:30Z</time>
      </trkpt>
      <trkpt lat="-22.622328344732523" lon="17.063929522410035">
        <ele>1722.8</ele>
        <time>2024-11-25T12:24:31Z</time>
      </trkpt>
      <trkpt lat="-22.622437477111816" lon="17.063415125012398">
        <ele>1723.8</ele>
        <time>2024-11-25T12:24:31Z</time>
      </trkpt>
      <trkpt lat="-22.622471675276756" lon="17.063158303499222">
        <ele>1724</ele>
        <time>2024-11-25T12:24:32Z</time>
      </trkpt>
      <trkpt lat="-22.622495898976922" lon="17.062900140881538">
        <ele>1724.2</ele>
        <time>2024-11-25T12:24:32Z</time>
      </trkpt>
      <trkpt lat="-22.622511489316821" lon="17.062380965799093">
        <ele>1725.2</ele>
        <time>2024-11-25T12:24:32Z</time>
      </trkpt>
      <trkpt lat="-22.622511992231011" lon="17.062122467905283">
        <ele>1725.4000000000001</ele>
        <time>2024-11-25T12:24:33Z</time>
      </trkpt>
      <trkpt lat="-22.622514255344868" lon="17.061863718554378">
        <ele>1725.5999999999999</ele>
        <time>2024-11-25T12:24:33Z</time>
      </trkpt>
      <trkpt lat="-22.622505957260728" lon="17.061613099649549">
        <ele>1726</ele>
        <time>2024-11-25T12:24:34Z</time>
      </trkpt>
      <trkpt lat="-22.622514087706804" lon="17.061351081356406">
        <ele>1726</ele>
        <time>2024-11-25T12:24:34Z</time>
      </trkpt>
      <trkpt lat="-22.622521799057722" lon="17.061090907081962">
        <ele>1726.2</ele>
        <time>2024-11-25T12:24:35Z</time>
      </trkpt>
      <trkpt lat="-22.62252951040864" lon="17.060835426673293">
        <ele>1726.2</ele>
        <time>2024-11-25T12:24:35Z</time>
      </trkpt>
      <trkpt lat="-22.622537054121494" lon="17.060583466663957">
        <ele>1726</ele>
        <time>2024-11-25T12:24:36Z</time>
      </trkpt>
      <trkpt lat="-22.622539065778255" lon="17.060335446149111">
        <ele>1725.8</ele>
        <time>2024-11-25T12:24:36Z</time>
      </trkpt>
      <trkpt lat="-22.622523810714483" lon="17.060098322108388">
        <ele>1725.4000000000001</ele>
        <time>2024-11-25T12:24:37Z</time>
      </trkpt>
      <trkpt lat="-22.622502772137523" lon="17.059855749830604">
        <ele>1725</ele>
        <time>2024-11-25T12:24:37Z</time>
      </trkpt>
      <trkpt lat="-22.622464131563902" lon="17.059619966894388">
        <ele>1724.8</ele>
        <time>2024-11-25T12:24:38Z</time>
      </trkpt>
      <trkpt lat="-22.622375953942537" lon="17.059406647458673">
        <ele>1724.8</ele>
        <time>2024-11-25T12:24:38Z</time>
      </trkpt>
      <trkpt lat="-22.62226615101099" lon="17.05920129083097">
        <ele>1724.8</ele>
        <time>2024-11-25T12:24:39Z</time>
      </trkpt>
      <trkpt lat="-22.622144026681781" lon="17.05899802967906">
        <ele>1724.8</ele>
        <time>2024-11-25T12:24:39Z</time>
      </trkpt>
      <trkpt lat="-22.622003043070436" lon="17.058802396059036">
        <ele>1725</ele>
        <time>2024-11-25T12:24:39Z</time>
      </trkpt>
      <trkpt lat="-22.621843116357923" lon="17.058623023331165">
        <ele>1725.2</ele>
        <time>2024-11-25T12:24:40Z</time>
      </trkpt>
      <trkpt lat="-22.621667850762606" lon="17.058461420238018">
        <ele>1725.2</ele>
        <time>2024-11-25T12:24:40Z</time>
      </trkpt>
      <trkpt lat="-22.621477665379643" lon="17.058321526274085">
        <ele>1725.4000000000001</ele>
        <time>2024-11-25T12:24:41Z</time>
      </trkpt>
      <trkpt lat="-22.621062006801367" lon="17.058087252080441">
        <ele>1725.4000000000001</ele>
        <time>2024-11-25T12:24:41Z</time>
      </trkpt>
      <trkpt lat="-22.620837790891528" lon="17.05800318159163">
        <ele>1725.4000000000001</ele>
        <time>2024-11-25T12:24:42Z</time>
      </trkpt>
      <trkpt lat="-22.620158018544316" lon="17.057800926268101">
        <ele>1725</ele>
        <time>2024-11-25T12:24:42Z</time>
      </trkpt>
      <trkpt lat="-22.619938077405095" lon="17.057730769738555">
        <ele>1725</ele>
        <time>2024-11-25T12:24:43Z</time>
      </trkpt>
      <trkpt lat="-22.619720818474889" lon="17.057661032304168">
        <ele>1724.8</ele>
        <time>2024-11-25T12:24:43Z</time>
      </trkpt>
      <trkpt lat="-22.61951562948525" lon="17.057597665116191">
        <ele>1724.4000000000001</ele>
        <time>2024-11-25T12:24:44Z</time>
      </trkpt>
      <trkpt lat="-22.61932116933167" lon="17.05753605812788">
        <ele>1724</ele>
        <time>2024-11-25T12:24:44Z</time>
      </trkpt>
      <trkpt lat="-22.619130397215486" lon="17.057471517473459">
        <ele>1723.5999999999999</ele>
        <time>2024-11-25T12:24:45Z</time>
      </trkpt>
      <trkpt lat="-22.618955383077264" lon="17.057397589087486">
        <ele>1723.4000000000001</ele>
        <time>2024-11-25T12:24:45Z</time>
      </trkpt>
      <trkpt lat="-22.618795959278941" lon="17.057311255484819">
        <ele>1723.4000000000001</ele>
        <time>2024-11-25T12:24:46Z</time>
      </trkpt>
      <trkpt lat="-22.61865422129631" lon="17.057219808921218">
        <ele>1723</ele>
        <time>2024-11-25T12:24:46Z</time>
      </trkpt>
      <trkpt lat="-22.618533773347735" lon="17.057131882756948">
        <ele>1723</ele>
        <time>2024-11-25T12:24:47Z</time>
      </trkpt>
      <trkpt lat="-22.618427071720362" lon="17.057047393172979">
        <ele>1722.8</ele>
        <time>2024-11-25T12:24:47Z</time>
      </trkpt>
      <trkpt lat="-22.618333613499999" lon="17.05697706900537">
        <ele>1722.8</ele>
        <time>2024-11-25T12:24:48Z</time>
      </trkpt>
      <trkpt lat="-22.618256751447916" lon="17.056918395683169">
        <ele>1722.5999999999999</ele>
        <time>2024-11-25T12:24:48Z</time>
      </trkpt>
      <trkpt lat="-22.618202017620206" lon="17.056860644370317">
        <ele>1722.5999999999999</ele>
        <time>2024-11-25T12:24:49Z</time>
      </trkpt>
      <trkpt lat="-22.618177877739072" lon="17.056800462305546">
        <ele>1722.5999999999999</ele>
        <time>2024-11-25T12:24:49Z</time>
      </trkpt>
      <trkpt lat="-22.618179218843579" lon="17.056744303554296">
        <ele>1722.5999999999999</ele>
        <time>2024-11-25T12:24:50Z</time>
      </trkpt>
      <trkpt lat="-22.618202771991491" lon="17.056690491735935">
        <ele>1722.5999999999999</ele>
        <time>2024-11-25T12:24:50Z</time>
      </trkpt>
      <trkpt lat="-22.618245016783476" lon="17.056640787050128">
        <ele>1722.8</ele>
        <time>2024-11-25T12:24:51Z</time>
      </trkpt>
      <trkpt lat="-22.618302181363106" lon="17.056579515337944">
        <ele>1723</ele>
        <time>2024-11-25T12:24:51Z</time>
      </trkpt>
      <trkpt lat="-22.618458168581128" lon="17.056431071832776">
        <ele>1723.4000000000001</ele>
        <time>2024-11-25T12:24:52Z</time>
      </trkpt>
      <trkpt lat="-22.618554560467601" lon="17.056335685774684">
        <ele>1723.5999999999999</ele>
        <time>2024-11-25T12:24:52Z</time>
      </trkpt>
      <trkpt lat="-22.618775926530361" lon="17.056127060204744">
        <ele>1724.2</ele>
        <time>2024-11-25T12:24:53Z</time>
      </trkpt>
      <trkpt lat="-22.618901068344712" lon="17.056012144312263">
        <ele>1724.5999999999999</ele>
        <time>2024-11-25T12:24:54Z</time>
      </trkpt>
      <trkpt lat="-22.619438767433167" lon="17.055506128817797">
        <ele>1725.4000000000001</ele>
        <time>2024-11-25T12:24:54Z</time>
      </trkpt>
      <trkpt lat="-22.619731044396758" lon="17.05523606389761">
        <ele>1726.4000000000001</ele>
        <time>2024-11-25T12:24:55Z</time>
      </trkpt>
      <trkpt lat="-22.619881834834814" lon="17.055095080286264">
        <ele>1726.8</ele>
        <time>2024-11-25T12:24:55Z</time>
      </trkpt>
      <trkpt lat="-22.620178302749991" lon="17.054795511066914">
        <ele>1727.8</ele>
        <time>2024-11-25T12:24:56Z</time>
      </trkpt>
      <trkpt lat="-22.620316939428449" lon="17.054632566869259">
        <ele>1728.8</ele>
        <time>2024-11-25T12:24:56Z</time>
      </trkpt>
      <trkpt lat="-22.620440740138292" lon="17.054459061473608">
        <ele>1729.5999999999999</ele>
        <time>2024-11-25T12:24:57Z</time>
      </trkpt>
      <trkpt lat="-22.620550375431776" lon="17.054279102012515">
        <ele>1730.2</ele>
        <time>2024-11-25T12:24:57Z</time>
      </trkpt>
      <trkpt lat="-22.620649868622422" lon="17.054088581353426">
        <ele>1731.4000000000001</ele>
        <time>2024-11-25T12:24:58Z</time>
      </trkpt>
      <trkpt lat="-22.620743662118912" lon="17.053887583315372">
        <ele>1732</ele>
        <time>2024-11-25T12:24:58Z</time>
      </trkpt>
      <trkpt lat="-22.620834605768323" lon="17.053686417639256">
        <ele>1732.8</ele>
        <time>2024-11-25T12:24:59Z</time>
      </trkpt>
      <trkpt lat="-22.620925549417734" lon="17.053485168144107">
        <ele>1734</ele>
        <time>2024-11-25T12:24:59Z</time>
      </trkpt>
      <trkpt lat="-22.621019342914224" lon="17.053281823173165">
        <ele>1735</ele>
        <time>2024-11-25T12:25:00Z</time>
      </trkpt>
      <trkpt lat="-22.621111879125237" lon="17.053077556192875">
        <ele>1735.8</ele>
        <time>2024-11-25T12:25:00Z</time>
      </trkpt>
      <trkpt lat="-22.621202822774649" lon="17.052869684994221">
        <ele>1737.2</ele>
        <time>2024-11-25T12:25:01Z</time>
      </trkpt>
      <trkpt lat="-22.621294353157282" lon="17.052655862644315">
        <ele>1738.5999999999999</ele>
        <time>2024-11-25T12:25:01Z</time>
      </trkpt>
      <trkpt lat="-22.621388901025057" lon="17.052443297579885">
        <ele>1739.2</ele>
        <time>2024-11-25T12:25:02Z</time>
      </trkpt>
      <trkpt lat="-22.621489819139242" lon="17.052228469401598">
        <ele>1739.5999999999999</ele>
        <time>2024-11-25T12:25:03Z</time>
      </trkpt>
      <trkpt lat="-22.621591659262776" lon="17.052017077803612">
        <ele>1740.4000000000001</ele>
        <time>2024-11-25T12:25:03Z</time>
      </trkpt>
      <trkpt lat="-22.621698528528214" lon="17.051803506910801">
        <ele>1740.8</ele>
        <time>2024-11-25T12:25:04Z</time>
      </trkpt>
      <trkpt lat="-22.621817216277122" lon="17.051593959331512">
        <ele>1741</ele>
        <time>2024-11-25T12:25:04Z</time>
      </trkpt>
      <trkpt lat="-22.621938083320856" lon="17.051387932151556">
        <ele>1741.2</ele>
        <time>2024-11-25T12:25:05Z</time>
      </trkpt>
      <trkpt lat="-22.622079234570265" lon="17.051193304359913">
        <ele>1741.2</ele>
        <time>2024-11-25T12:25:05Z</time>
      </trkpt>
      <trkpt lat="-22.622233377769589" lon="17.051001526415348">
        <ele>1741.2</ele>
        <time>2024-11-25T12:25:06Z</time>
      </trkpt>
      <trkpt lat="-22.622398165985942" lon="17.050815029069781">
        <ele>1741</ele>
        <time>2024-11-25T12:25:06Z</time>
      </trkpt>
      <trkpt lat="-22.622570330277085" lon="17.050639512017369">
        <ele>1740.8</ele>
        <time>2024-11-25T12:25:07Z</time>
      </trkpt>
      <trkpt lat="-22.622751463204622" lon="17.05046902410686">
        <ele>1740.2</ele>
        <time>2024-11-25T12:25:08Z</time>
      </trkpt>
      <trkpt lat="-22.622949024662375" lon="17.050307672470808">
        <ele>1739.8</ele>
        <time>2024-11-25T12:25:08Z</time>
      </trkpt>
      <trkpt lat="-22.623154548928142" lon="17.05015336163342">
        <ele>1738.8</ele>
        <time>2024-11-25T12:25:09Z</time>
      </trkpt>
      <trkpt lat="-22.623360576108098" lon="17.049998799338937">
        <ele>1738.4000000000001</ele>
        <time>2024-11-25T12:25:09Z</time>
      </trkpt>
      <trkpt lat="-22.623568950220942" lon="17.049845661967993">
        <ele>1738.2</ele>
        <time>2024-11-25T12:25:10Z</time>
      </trkpt>
      <trkpt lat="-22.623773384839296" lon="17.04969746991992">
        <ele>1738.2</ele>
        <time>2024-11-25T12:25:10Z</time>
      </trkpt>
      <trkpt lat="-22.62397781945765" lon="17.049547517672181">
        <ele>1738.2</ele>
        <time>2024-11-25T12:25:11Z</time>
      </trkpt>
      <trkpt lat="-22.624182170256972" lon="17.049400834366679">
        <ele>1738.2</ele>
        <time>2024-11-25T12:25:12Z</time>
      </trkpt>
      <trkpt lat="-22.62438090518117" lon="17.049254570156336">
        <ele>1739</ele>
        <time>2024-11-25T12:25:12Z</time>
      </trkpt>
      <trkpt lat="-22.624572934582829" lon="17.049104534089565">
        <ele>1740.2</ele>
        <time>2024-11-25T12:25:13Z</time>
      </trkpt>
      <trkpt lat="-22.624759934842587" lon="17.048949133604765">
        <ele>1741</ele>
        <time>2024-11-25T12:25:13Z</time>
      </trkpt>
      <trkpt lat="-22.624933440238237" lon="17.04878375865519">
        <ele>1742.5999999999999</ele>
        <time>2024-11-25T12:25:14Z</time>
      </trkpt>
      <trkpt lat="-22.625091271474957" lon="17.04861025325954">
        <ele>1743.8</ele>
        <time>2024-11-25T12:25:14Z</time>
      </trkpt>
      <trkpt lat="-22.625230913981795" lon="17.048424677923322">
        <ele>1746.2</ele>
        <time>2024-11-25T12:25:15Z</time>
      </trkpt>
      <trkpt lat="-22.62535622343421" lon="17.048231391236186">
        <ele>1747.8</ele>
        <time>2024-11-25T12:25:16Z</time>
      </trkpt>
      <trkpt lat="-22.625464601442218" lon="17.048027962446213">
        <ele>1749.4000000000001</ele>
        <time>2024-11-25T12:25:16Z</time>
      </trkpt>
      <trkpt lat="-22.625563926994801" lon="17.047814140096307">
        <ele>1751.2</ele>
        <time>2024-11-25T12:25:17Z</time>
      </trkpt>
      <trkpt lat="-22.625645818188787" lon="17.047590594738722">
        <ele>1752</ele>
        <time>2024-11-25T12:25:17Z</time>
      </trkpt>
      <trkpt lat="-22.625711867585778" lon="17.047356069087982">
        <ele>1753.2</ele>
        <time>2024-11-25T12:25:18Z</time>
      </trkpt>
      <trkpt lat="-22.625760985538363" lon="17.047116011381149">
        <ele>1754.2</ele>
        <time>2024-11-25T12:25:18Z</time>
      </trkpt>
      <trkpt lat="-22.625796776264906" lon="17.046879390254617">
        <ele>1755.2</ele>
        <time>2024-11-25T12:25:19Z</time>
      </trkpt>
      <trkpt lat="-22.625814629718661" lon="17.046640086919069">
        <ele>1756</ele>
        <time>2024-11-25T12:25:20Z</time>
      </trkpt>
      <trkpt lat="-22.625818653032184" lon="17.046396927908063">
        <ele>1756.8</ele>
        <time>2024-11-25T12:25:20Z</time>
      </trkpt>
      <trkpt lat="-22.625811193138361" lon="17.046150416135788">
        <ele>1756.8</ele>
        <time>2024-11-25T12:25:21Z</time>
      </trkpt>
      <trkpt lat="-22.625794596970081" lon="17.045906167477369">
        <ele>1756.8</ele>
        <time>2024-11-25T12:25:21Z</time>
      </trkpt>
      <trkpt lat="-22.625775821506977" lon="17.045662673190236">
        <ele>1756.8</ele>
        <time>2024-11-25T12:25:22Z</time>
      </trkpt>
      <trkpt lat="-22.625754615291953" lon="17.045416412875056">
        <ele>1756.8</ele>
        <time>2024-11-25T12:25:23Z</time>
      </trkpt>
      <trkpt lat="-22.625733409076929" lon="17.045172918587923">
        <ele>1756.8</ele>
        <time>2024-11-25T12:25:23Z</time>
      </trkpt>
      <trkpt lat="-22.625719746574759" lon="17.044934621080756">
        <ele>1756.4000000000001</ele>
        <time>2024-11-25T12:25:24Z</time>
      </trkpt>
      <trkpt lat="-22.625728966668248" lon="17.044695653021336">
        <ele>1755.8</ele>
        <time>2024-11-25T12:25:24Z</time>
      </trkpt>
      <trkpt lat="-22.625759392976761" lon="17.044450985267758">
        <ele>1755.2</ele>
        <time>2024-11-25T12:25:25Z</time>
      </trkpt>
      <trkpt lat="-22.625807924196124" lon="17.044209418818355">
        <ele>1754.5999999999999</ele>
        <time>2024-11-25T12:25:26Z</time>
      </trkpt>
      <trkpt lat="-22.625874141231179" lon="17.043970366939902">
        <ele>1753.2</ele>
        <time>2024-11-25T12:25:26Z</time>
      </trkpt>
      <trkpt lat="-22.625960810109973" lon="17.043732823804021">
        <ele>1752</ele>
        <time>2024-11-25T12:25:27Z</time>
      </trkpt>
      <trkpt lat="-22.626061979681253" lon="17.043502070009708">
        <ele>1751.2</ele>
        <time>2024-11-25T12:25:28Z</time>
      </trkpt>
      <trkpt lat="-22.626178823411465" lon="17.043278776109219">
        <ele>1750.4000000000001</ele>
        <time>2024-11-25T12:25:28Z</time>
      </trkpt>
      <trkpt lat="-22.626310000196099" lon="17.043066127225757">
        <ele>1749.2</ele>
        <time>2024-11-25T12:25:29Z</time>
      </trkpt>
      <trkpt lat="-22.626456096768379" lon="17.042863452807069">
        <ele>1748.5999999999999</ele>
        <time>2024-11-25T12:25:29Z</time>
      </trkpt>
      <trkpt lat="-22.626609401777387" lon="17.04266463406384">
        <ele>1748.5999999999999</ele>
        <time>2024-11-25T12:25:30Z</time>
      </trkpt>
      <trkpt lat="-22.62676496990025" lon="17.042468246072531">
        <ele>1748.5999999999999</ele>
        <time>2024-11-25T12:25:31Z</time>
      </trkpt>
      <trkpt lat="-22.626918191090226" lon="17.042271606624126">
        <ele>1748.5999999999999</ele>
        <time>2024-11-25T12:25:31Z</time>
      </trkpt>
      <trkpt lat="-22.627068227156997" lon="17.042076895013452">
        <ele>1748.5999999999999</ele>
        <time>2024-11-25T12:25:32Z</time>
      </trkpt>
      <trkpt lat="-22.627215413376689" lon="17.041883440688252">
        <ele>1749.2</ele>
        <time>2024-11-25T12:25:32Z</time>
      </trkpt>
      <trkpt lat="-22.627362264320254" lon="17.041691243648529">
        <ele>1750.2</ele>
        <time>2024-11-25T12:25:33Z</time>
      </trkpt>
      <trkpt lat="-22.627507522702217" lon="17.041499800980091">
        <ele>1751.2</ele>
        <time>2024-11-25T12:25:34Z</time>
      </trkpt>
      <trkpt lat="-22.627652948722243" lon="17.041306933388114">
        <ele>1752.8</ele>
        <time>2024-11-25T12:25:34Z</time>
      </trkpt>
      <trkpt lat="-22.627798542380333" lon="17.041113646700978">
        <ele>1753.8</ele>
        <time>2024-11-25T12:25:35Z</time>
      </trkpt>
      <trkpt lat="-22.628096602857113" lon="17.04073210246861">
        <ele>1755.2</ele>
        <time>2024-11-25T12:25:36Z</time>
      </trkpt>
      <trkpt lat="-22.628416540101171" lon="17.040364807471633">
        <ele>1757.4000000000001</ele>
        <time>2024-11-25T12:25:36Z</time>
      </trkpt>
      <trkpt lat="-22.628594236448407" lon="17.040192726999521">
        <ele>1758</ele>
        <time>2024-11-25T12:25:37Z</time>
      </trkpt>
      <trkpt lat="-22.628784254193306" lon="17.040035650134087">
        <ele>1758.4000000000001</ele>
        <time>2024-11-25T12:25:38Z</time>
      </trkpt>
      <trkpt lat="-22.628981312736869" lon="17.039883602410555">
        <ele>1758.8</ele>
        <time>2024-11-25T12:25:38Z</time>
      </trkpt>
      <trkpt lat="-22.629178958013654" lon="17.039735075086355">
        <ele>1759</ele>
        <time>2024-11-25T12:25:39Z</time>
      </trkpt>
      <trkpt lat="-22.629377441480756" lon="17.03958629630506">
        <ele>1759.4000000000001</ele>
        <time>2024-11-25T12:25:39Z</time>
      </trkpt>
      <trkpt lat="-22.629580199718475" lon="17.039438607171178">
        <ele>1759.8</ele>
        <time>2024-11-25T12:25:40Z</time>
      </trkpt>
      <trkpt lat="-22.629777761176229" lon="17.039283374324441">
        <ele>1760.2</ele>
        <time>2024-11-25T12:25:41Z</time>
      </trkpt>
      <trkpt lat="-22.629966018721461" lon="17.039115652441978">
        <ele>1760.4000000000001</ele>
        <time>2024-11-25T12:25:41Z</time>
      </trkpt>
      <trkpt lat="-22.630147654563189" lon="17.038935273885727">
        <ele>1761</ele>
        <time>2024-11-25T12:25:42Z</time>
      </trkpt>
      <trkpt lat="-22.630320992320776" lon="17.038745256140828">
        <ele>1761.2</ele>
        <time>2024-11-25T12:25:43Z</time>
      </trkpt>
      <trkpt lat="-22.630486870184541" lon="17.038546269759536">
        <ele>1761.5999999999999</ele>
        <time>2024-11-25T12:25:43Z</time>
      </trkpt>
      <trkpt lat="-22.630641935393214" lon="17.038336470723152">
        <ele>1762</ele>
        <time>2024-11-25T12:25:44Z</time>
      </trkpt>
      <trkpt lat="-22.630785517394543" lon="17.038122983649373">
        <ele>1762.2</ele>
        <time>2024-11-25T12:25:45Z</time>
      </trkpt>
      <trkpt lat="-22.630920046940446" lon="17.037903210148215">
        <ele>1762.8</ele>
        <time>2024-11-25T12:25:45Z</time>
      </trkpt>
      <trkpt lat="-22.631044769659638" lon="17.037677569314837">
        <ele>1763</ele>
        <time>2024-11-25T12:25:46Z</time>
      </trkpt>
      <trkpt lat="-22.631161948665977" lon="17.037451677024364">
        <ele>1763.5999999999999</ele>
        <time>2024-11-25T12:25:47Z</time>
      </trkpt>
      <trkpt lat="-22.631283486261964" lon="17.037229221314192">
        <ele>1763.8</ele>
        <time>2024-11-25T12:25:47Z</time>
      </trkpt>
      <trkpt lat="-22.6314059458673" lon="17.037012968212366">
        <ele>1764.4000000000001</ele>
        <time>2024-11-25T12:25:48Z</time>
      </trkpt>
      <trkpt lat="-22.631534691900015" lon="17.036795122548938">
        <ele>1764.8</ele>
        <time>2024-11-25T12:25:49Z</time>
      </trkpt>
      <trkpt lat="-22.631667796522379" lon="17.036589933559299">
        <ele>1766</ele>
        <time>2024-11-25T12:25:49Z</time>
      </trkpt>
      <trkpt lat="-22.631811546161771" lon="17.036393880844116">
        <ele>1767</ele>
        <time>2024-11-25T12:25:50Z</time>
      </trkpt>
      <trkpt lat="-22.631967281922698" lon="17.036195565015078">
        <ele>1769</ele>
        <time>2024-11-25T12:25:51Z</time>
      </trkpt>
      <trkpt lat="-22.632130729034543" lon="17.036011498421431">
        <ele>1770</ele>
        <time>2024-11-25T12:25:51Z</time>
      </trkpt>
      <trkpt lat="-22.632303899154067" lon="17.035840004682541">
        <ele>1771.4000000000001</ele>
        <time>2024-11-25T12:25:52Z</time>
      </trkpt>
      <trkpt lat="-22.632487043738365" lon="17.035678317770362">
        <ele>1771.8</ele>
        <time>2024-11-25T12:25:53Z</time>
      </trkpt>
      <trkpt lat="-22.63267538510263" lon="17.035521157085896">
        <ele>1772.4000000000001</ele>
        <time>2024-11-25T12:25:53Z</time>
      </trkpt>
      <trkpt lat="-22.632867498323321" lon="17.035366510972381">
        <ele>1772.5999999999999</ele>
        <time>2024-11-25T12:25:54Z</time>
      </trkpt>
      <trkpt lat="-22.633058940991759" lon="17.035211781039834">
        <ele>1772.8</ele>
        <time>2024-11-25T12:25:55Z</time>
      </trkpt>
      <trkpt lat="-22.633249796926975" lon="17.035051519051194">
        <ele>1772.8</ele>
        <time>2024-11-25T12:25:55Z</time>
      </trkpt>
      <trkpt lat="-22.633442580699921" lon="17.034890502691269">
        <ele>1772.5999999999999</ele>
        <time>2024-11-25T12:25:56Z</time>
      </trkpt>
      <trkpt lat="-22.633635951206088" lon="17.03472931869328">
        <ele>1772.4000000000001</ele>
        <time>2024-11-25T12:25:57Z</time>
      </trkpt>
      <trkpt lat="-22.633831417188048" lon="17.034568218514323">
        <ele>1772</ele>
        <time>2024-11-25T12:25:58Z</time>
      </trkpt>
      <trkpt lat="-22.63402889482677" lon="17.034406950697303">
        <ele>1770.8</ele>
        <time>2024-11-25T12:25:58Z</time>
      </trkpt>
      <trkpt lat="-22.634225953370333" lon="17.034242078661919">
        <ele>1770.4000000000001</ele>
        <time>2024-11-25T12:25:59Z</time>
      </trkpt>
      <trkpt lat="-22.634419742971659" lon="17.034075865522027">
        <ele>1769.4000000000001</ele>
        <time>2024-11-25T12:26:00Z</time>
      </trkpt>
      <trkpt lat="-22.634616214782" lon="17.033908143639565">
        <ele>1768.2</ele>
        <time>2024-11-25T12:26:00Z</time>
      </trkpt>
      <trkpt lat="-22.634814027696848" lon="17.033742181956768">
        <ele>1767.8</ele>
        <time>2024-11-25T12:26:01Z</time>
      </trkpt>
      <trkpt lat="-22.635012343525887" lon="17.033575801178813">
        <ele>1767.4000000000001</ele>
        <time>2024-11-25T12:26:02Z</time>
      </trkpt>
      <trkpt lat="-22.635208647698164" lon="17.033409588038921">
        <ele>1767</ele>
        <time>2024-11-25T12:26:02Z</time>
      </trkpt>
      <trkpt lat="-22.635402856394649" lon="17.033244799822569">
        <ele>1766.4000000000001</ele>
        <time>2024-11-25T12:26:03Z</time>
      </trkpt>
      <trkpt lat="-22.635596143081784" lon="17.033082107082009">
        <ele>1766.2</ele>
        <time>2024-11-25T12:26:04Z</time>
      </trkpt>
      <trkpt lat="-22.635790938511491" lon="17.032917989417911">
        <ele>1766</ele>
        <time>2024-11-25T12:26:05Z</time>
      </trkpt>
      <trkpt lat="-22.635983806103468" lon="17.032753955572844">
        <ele>1765.5999999999999</ele>
        <time>2024-11-25T12:26:05Z</time>
      </trkpt>
      <trkpt lat="-22.636178266257048" lon="17.032589754089713">
        <ele>1765.5999999999999</ele>
        <time>2024-11-25T12:26:06Z</time>
      </trkpt>
      <trkpt lat="-22.636577244848013" lon="17.032260680571198">
        <ele>1764</ele>
        <time>2024-11-25T12:26:07Z</time>
      </trkpt>
      <trkpt lat="-22.636979576200247" lon="17.031924733892083">
        <ele>1762.8</ele>
        <time>2024-11-25T12:26:07Z</time>
      </trkpt>
      <trkpt lat="-22.637183591723442" lon="17.031755922362208">
        <ele>1761.5999999999999</ele>
        <time>2024-11-25T12:26:08Z</time>
      </trkpt>
      <trkpt lat="-22.637389618903399" lon="17.031587613746524">
        <ele>1760.5999999999999</ele>
        <time>2024-11-25T12:26:09Z</time>
      </trkpt>
      <trkpt lat="-22.63759246096015" lon="17.031422993168235">
        <ele>1758.8</ele>
        <time>2024-11-25T12:26:10Z</time>
      </trkpt>
      <trkpt lat="-22.637794213369489" lon="17.031252421438694">
        <ele>1757</ele>
        <time>2024-11-25T12:26:10Z</time>
      </trkpt>
      <trkpt lat="-22.638187492266297" lon="17.030892167240381">
        <ele>1754.8</ele>
        <time>2024-11-25T12:26:11Z</time>
      </trkpt>
      <trkpt lat="-22.638551602140069" lon="17.030499810352921">
        <ele>1754</ele>
        <time>2024-11-25T12:26:12Z</time>
      </trkpt>
      <trkpt lat="-22.638719994574785" lon="17.030291687697172">
        <ele>1753.5999999999999</ele>
        <time>2024-11-25T12:26:13Z</time>
      </trkpt>
      <trkpt lat="-22.638878328725696" lon="17.030077446252108">
        <ele>1753.4000000000001</ele>
        <time>2024-11-25T12:26:13Z</time>
      </trkpt>
      <trkpt lat="-22.639026520773768" lon="17.029858846217394">
        <ele>1753.4000000000001</ele>
        <time>2024-11-25T12:26:14Z</time>
      </trkpt>
      <trkpt lat="-22.639160044491291" lon="17.029638402163982">
        <ele>1753.2</ele>
        <time>2024-11-25T12:26:15Z</time>
      </trkpt>
      <trkpt lat="-22.639281246811152" lon="17.029413348063827">
        <ele>1752.8</ele>
        <time>2024-11-25T12:26:15Z</time>
      </trkpt>
      <trkpt lat="-22.639394821599126" lon="17.029182426631451">
        <ele>1752.5999999999999</ele>
        <time>2024-11-25T12:26:16Z</time>
      </trkpt>
      <trkpt lat="-22.639504708349705" lon="17.02894882299006">
        <ele>1752.5999999999999</ele>
        <time>2024-11-25T12:26:17Z</time>
      </trkpt>
      <trkpt lat="-22.63982405886054" lon="17.028242396190763">
        <ele>1751.4000000000001</ele>
        <time>2024-11-25T12:26:18Z</time>
      </trkpt>
      <trkpt lat="-22.639928581193089" lon="17.028010049834847">
        <ele>1751.2</ele>
        <time>2024-11-25T12:26:18Z</time>
      </trkpt>
      <trkpt lat="-22.640036875382066" lon="17.027780301868916">
        <ele>1750</ele>
        <time>2024-11-25T12:26:19Z</time>
      </trkpt>
      <trkpt lat="-22.640153635293245" lon="17.027554493397474">
        <ele>1748.5999999999999</ele>
        <time>2024-11-25T12:26:20Z</time>
      </trkpt>
      <trkpt lat="-22.640409283339977" lon="17.027115533128381">
        <ele>1746.8</ele>
        <time>2024-11-25T12:26:21Z</time>
      </trkpt>
      <trkpt lat="-22.640550769865513" lon="17.026898860931396">
        <ele>1745</ele>
        <time>2024-11-25T12:26:21Z</time>
      </trkpt>
      <trkpt lat="-22.640701476484537" lon="17.026683697476983">
        <ele>1743.5999999999999</ele>
        <time>2024-11-25T12:26:22Z</time>
      </trkpt>
      <trkpt lat="-22.640859140083194" lon="17.02647146768868">
        <ele>1741.5999999999999</ele>
        <time>2024-11-25T12:26:23Z</time>
      </trkpt>
      <trkpt lat="-22.641021916642785" lon="17.026262255385518">
        <ele>1739.8</ele>
        <time>2024-11-25T12:26:24Z</time>
      </trkpt>
      <trkpt lat="-22.641184525564313" lon="17.026052875444293">
        <ele>1738.2</ele>
        <time>2024-11-25T12:26:25Z</time>
      </trkpt>
      <trkpt lat="-22.641346547752619" lon="17.025842741131783">
        <ele>1735.8</ele>
        <time>2024-11-25T12:26:25Z</time>
      </trkpt>
      <trkpt lat="-22.641504965722561" lon="17.025630427524447">
        <ele>1734.5999999999999</ele>
        <time>2024-11-25T12:26:26Z</time>
      </trkpt>
      <trkpt lat="-22.641818029806018" lon="17.025206638500094">
        <ele>1733.2</ele>
        <time>2024-11-25T12:26:27Z</time>
      </trkpt>
      <trkpt lat="-22.641973933205009" lon="17.02499826438725">
        <ele>1733</ele>
        <time>2024-11-25T12:26:28Z</time>
      </trkpt>
      <trkpt lat="-22.642128746956587" lon="17.024791315197945">
        <ele>1733</ele>
        <time>2024-11-25T12:26:28Z</time>
      </trkpt>
      <trkpt lat="-22.642282890155911" lon="17.024586712941527">
        <ele>1733</ele>
        <time>2024-11-25T12:26:29Z</time>
      </trkpt>
      <trkpt lat="-22.642438374459743" lon="17.024380937218666">
        <ele>1733.2</ele>
        <time>2024-11-25T12:26:30Z</time>
      </trkpt>
      <trkpt lat="-22.642914969474077" lon="17.023758664727211">
        <ele>1733.8</ele>
        <time>2024-11-25T12:26:31Z</time>
      </trkpt>
      <trkpt lat="-22.643421152606606" lon="17.023143181577325">
        <ele>1733.5999999999999</ele>
        <time>2024-11-25T12:26:31Z</time>
      </trkpt>
      <trkpt lat="-22.643956253305078" lon="17.022554436698556">
        <ele>1732.8</ele>
        <time>2024-11-25T12:26:32Z</time>
      </trkpt>
      <trkpt lat="-22.644147528335452" lon="17.022368526086211">
        <ele>1732.4000000000001</ele>
        <time>2024-11-25T12:26:33Z</time>
      </trkpt>
      <trkpt lat="-22.644740799441934" lon="17.021835939958692">
        <ele>1732.4000000000001</ele>
        <time>2024-11-25T12:26:34Z</time>
      </trkpt>
      <trkpt lat="-22.644933834671974" lon="17.021674504503608">
        <ele>1732.8</ele>
        <time>2024-11-25T12:26:35Z</time>
      </trkpt>
      <trkpt lat="-22.645124858245254" lon="17.021516673266888">
        <ele>1734</ele>
        <time>2024-11-25T12:26:35Z</time>
      </trkpt>
      <trkpt lat="-22.645317725837231" lon="17.021360350772738">
        <ele>1735.2</ele>
        <time>2024-11-25T12:26:36Z</time>
      </trkpt>
      <trkpt lat="-22.645507575944066" lon="17.021208219230175">
        <ele>1736</ele>
        <time>2024-11-25T12:26:37Z</time>
      </trkpt>
      <trkpt lat="-22.645691055804491" lon="17.021061703562737">
        <ele>1736.5999999999999</ele>
        <time>2024-11-25T12:26:38Z</time>
      </trkpt>
      <trkpt lat="-22.645863387733698" lon="17.020924407988787">
        <ele>1737.8</ele>
        <time>2024-11-25T12:26:39Z</time>
      </trkpt>
      <trkpt lat="-22.646022476255894" lon="17.020795494318008">
        <ele>1738.5999999999999</ele>
        <time>2024-11-25T12:26:40Z</time>
      </trkpt>
      <trkpt lat="-22.646168321371078" lon="17.020677896216512">
        <ele>1739</ele>
        <time>2024-11-25T12:26:40Z</time>
      </trkpt>
      <trkpt lat="-22.646295726299286" lon="17.02057521790266">
        <ele>1739.5999999999999</ele>
        <time>2024-11-25T12:26:41Z</time>
      </trkpt>
      <trkpt lat="-22.646409468725324" lon="17.020483016967773">
        <ele>1739.8</ele>
        <time>2024-11-25T12:26:42Z</time>
      </trkpt>
      <trkpt lat="-22.646509297192097" lon="17.020402802154422">
        <ele>1740</ele>
        <time>2024-11-25T12:26:43Z</time>
      </trkpt>
      <trkpt lat="-22.646589931100607" lon="17.020344380289316">
        <ele>1740.4000000000001</ele>
        <time>2024-11-25T12:26:44Z</time>
      </trkpt>
      <trkpt lat="-22.646653465926647" lon="17.020296771079302">
        <ele>1740.5999999999999</ele>
        <time>2024-11-25T12:26:44Z</time>
      </trkpt>
      <trkpt lat="-22.646704092621803" lon="17.020254526287317">
        <ele>1740.8</ele>
        <time>2024-11-25T12:26:45Z</time>
      </trkpt>
      <trkpt lat="-22.646754886955023" lon="17.020219406113029">
        <ele>1741</ele>
        <time>2024-11-25T12:26:46Z</time>
      </trkpt>
      <trkpt lat="-22.646812973544002" lon="17.020173976197839">
        <ele>1741.5999999999999</ele>
        <time>2024-11-25T12:26:47Z</time>
      </trkpt>
      <trkpt lat="-22.646882040426135" lon="17.020120667293668">
        <ele>1742.5999999999999</ele>
        <time>2024-11-25T12:26:48Z</time>
      </trkpt>
      <trkpt lat="-22.646959656849504" lon="17.020050846040249">
        <ele>1743</ele>
        <time>2024-11-25T12:26:49Z</time>
      </trkpt>
      <trkpt lat="-22.647049007937312" lon="17.019981108605862">
        <ele>1743.4000000000001</ele>
        <time>2024-11-25T12:26:49Z</time>
      </trkpt>
      <trkpt lat="-22.647149506956339" lon="17.019903995096684">
        <ele>1743.5999999999999</ele>
        <time>2024-11-25T12:26:50Z</time>
      </trkpt>
      <trkpt lat="-22.647255454212427" lon="17.01982126571238">
        <ele>1744.2</ele>
        <time>2024-11-25T12:26:51Z</time>
      </trkpt>
      <trkpt lat="-22.647369196638465" lon="17.019735351204872">
        <ele>1744.8</ele>
        <time>2024-11-25T12:26:52Z</time>
      </trkpt>
      <trkpt lat="-22.647489560768008" lon="17.019644910469651">
        <ele>1745.4000000000001</ele>
        <time>2024-11-25T12:26:53Z</time>
      </trkpt>
      <trkpt lat="-22.647614618763328" lon="17.019551200792193">
        <ele>1745.8</ele>
        <time>2024-11-25T12:26:53Z</time>
      </trkpt>
      <trkpt lat="-22.647746298462152" lon="17.019449947401881">
        <ele>1746.2</ele>
        <time>2024-11-25T12:26:54Z</time>
      </trkpt>
      <trkpt lat="-22.647880576550961" lon="17.019340479746461">
        <ele>1746.4000000000001</ele>
        <time>2024-11-25T12:26:55Z</time>
      </trkpt>
      <trkpt lat="-22.648018877953291" lon="17.019222881644964">
        <ele>1746.5999999999999</ele>
        <time>2024-11-25T12:26:56Z</time>
      </trkpt>
      <trkpt lat="-22.648161286488175" lon="17.019096985459328">
        <ele>1746.8</ele>
        <time>2024-11-25T12:26:57Z</time>
      </trkpt>
      <trkpt lat="-22.648306461051106" lon="17.018967149779201">
        <ele>1747</ele>
        <time>2024-11-25T12:26:58Z</time>
      </trkpt>
      <trkpt lat="-22.64845272526145" lon="17.018834464251995">
        <ele>1747.4000000000001</ele>
        <time>2024-11-25T12:26:58Z</time>
      </trkpt>
      <trkpt lat="-22.648595720529556" lon="17.018698509782553">
        <ele>1747.4000000000001</ele>
        <time>2024-11-25T12:26:59Z</time>
      </trkpt>
      <trkpt lat="-22.648744666948915" lon="17.018556771799922">
        <ele>1747.5999999999999</ele>
        <time>2024-11-25T12:27:00Z</time>
      </trkpt>
      <trkpt lat="-22.648895205929875" lon="17.018413357436657">
        <ele>1747.8</ele>
        <time>2024-11-25T12:27:01Z</time>
      </trkpt>
      <trkpt lat="-22.64904985204339" lon="17.018264578655362">
        <ele>1748.2</ele>
        <time>2024-11-25T12:27:02Z</time>
      </trkpt>
      <trkpt lat="-22.649202486500144" lon="17.018115883693099">
        <ele>1748.8</ele>
        <time>2024-11-25T12:27:03Z</time>
      </trkpt>
      <trkpt lat="-22.649355623871088" lon="17.017963333055377">
        <ele>1749.5999999999999</ele>
        <time>2024-11-25T12:27:03Z</time>
      </trkpt>
      <trkpt lat="-22.649509850889444" lon="17.017808184027672">
        <ele>1750</ele>
        <time>2024-11-25T12:27:04Z</time>
      </trkpt>
      <trkpt lat="-22.649669190868735" lon="17.017649849876761">
        <ele>1750.5999999999999</ele>
        <time>2024-11-25T12:27:05Z</time>
      </trkpt>
      <trkpt lat="-22.649836158379912" lon="17.017489839345217">
        <ele>1751.2</ele>
        <time>2024-11-25T12:27:06Z</time>
      </trkpt>
      <trkpt lat="-22.649994660168886" lon="17.017325051128864">
        <ele>1751.8</ele>
        <time>2024-11-25T12:27:07Z</time>
      </trkpt>
      <trkpt lat="-22.650148216634989" lon="17.017157580703497">
        <ele>1752.5999999999999</ele>
        <time>2024-11-25T12:27:08Z</time>
      </trkpt>
      <trkpt lat="-22.650300683453679" lon="17.016986925154924">
        <ele>1753.4000000000001</ele>
        <time>2024-11-25T12:27:09Z</time>
      </trkpt>
      <trkpt lat="-22.650455161929131" lon="17.016810066998005">
        <ele>1754.2</ele>
        <time>2024-11-25T12:27:09Z</time>
      </trkpt>
      <trkpt lat="-22.650610646232963" lon="17.016629939898849">
        <ele>1754.5999999999999</ele>
        <time>2024-11-25T12:27:10Z</time>
      </trkpt>
      <trkpt lat="-22.650765208527446" lon="17.016450483351946">
        <ele>1755</ele>
        <time>2024-11-25T12:27:11Z</time>
      </trkpt>
      <trkpt lat="-22.650917340070009" lon="17.016268763691187">
        <ele>1756.4000000000001</ele>
        <time>2024-11-25T12:27:12Z</time>
      </trkpt>
      <trkpt lat="-22.651066454127431" lon="17.016082098707557">
        <ele>1757.2</ele>
        <time>2024-11-25T12:27:13Z</time>
      </trkpt>
      <trkpt lat="-22.651214310899377" lon="17.015894595533609">
        <ele>1759.2</ele>
        <time>2024-11-25T12:27:14Z</time>
      </trkpt>
      <trkpt lat="-22.651365352794528" lon="17.015708684921265">
        <ele>1760.4000000000001</ele>
        <time>2024-11-25T12:27:15Z</time>
      </trkpt>
      <trkpt lat="-22.65151547268033" lon="17.015521517023444">
        <ele>1762.4000000000001</ele>
        <time>2024-11-25T12:27:15Z</time>
      </trkpt>
      <trkpt lat="-22.651662155985832" lon="17.015337198972702">
        <ele>1764</ele>
        <time>2024-11-25T12:27:16Z</time>
      </trkpt>
      <trkpt lat="-22.651809090748429" lon="17.01514944434166">
        <ele>1766</ele>
        <time>2024-11-25T12:27:17Z</time>
      </trkpt>
      <trkpt lat="-22.651956360787153" lon="17.014963030815125">
        <ele>1767.8</ele>
        <time>2024-11-25T12:27:18Z</time>
      </trkpt>
      <trkpt lat="-22.652102373540401" lon="17.014776617288589">
        <ele>1769.2</ele>
        <time>2024-11-25T12:27:19Z</time>
      </trkpt>
      <trkpt lat="-22.652249224483967" lon="17.014592215418816">
        <ele>1771</ele>
        <time>2024-11-25T12:27:20Z</time>
      </trkpt>
      <trkpt lat="-22.652396662160754" lon="17.014407478272915">
        <ele>1772</ele>
        <time>2024-11-25T12:27:21Z</time>
      </trkpt>
      <trkpt lat="-22.652546279132366" lon="17.014220729470253">
        <ele>1773.5999999999999</ele>
        <time>2024-11-25T12:27:21Z</time>
      </trkpt>
      <trkpt lat="-22.652694806456566" lon="17.01403439976275">
        <ele>1775</ele>
        <time>2024-11-25T12:27:22Z</time>
      </trkpt>
      <trkpt lat="-22.652841154485941" lon="17.013851422816515">
        <ele>1775.8</ele>
        <time>2024-11-25T12:27:23Z</time>
      </trkpt>
      <trkpt lat="-22.652986412867904" lon="17.01367037370801">
        <ele>1777</ele>
        <time>2024-11-25T12:27:24Z</time>
      </trkpt>
      <trkpt lat="-22.653132928535342" lon="17.013491587713361">
        <ele>1777.4000000000001</ele>
        <time>2024-11-25T12:27:25Z</time>
      </trkpt>
      <trkpt lat="-22.653277684003115" lon="17.013312634080648">
        <ele>1778.2</ele>
        <time>2024-11-25T12:27:26Z</time>
      </trkpt>
      <trkpt lat="-22.653421266004443" lon="17.013132674619555">
        <ele>1778.2</ele>
        <time>2024-11-25T12:27:27Z</time>
      </trkpt>
      <trkpt lat="-22.653710022568703" lon="17.012779796496034">
        <ele>1778.2</ele>
        <time>2024-11-25T12:27:28Z</time>
      </trkpt>
      <trkpt lat="-22.654001796618104" lon="17.012427756562829">
        <ele>1776.4000000000001</ele>
        <time>2024-11-25T12:27:29Z</time>
      </trkpt>
      <trkpt lat="-22.654150323942304" lon="17.012246204540133">
        <ele>1775</ele>
        <time>2024-11-25T12:27:29Z</time>
      </trkpt>
      <trkpt lat="-22.654297007247806" lon="17.012058030813932">
        <ele>1773.5999999999999</ele>
        <time>2024-11-25T12:27:30Z</time>
      </trkpt>
      <trkpt lat="-22.654440589249134" lon="17.011861559003592">
        <ele>1771.4000000000001</ele>
        <time>2024-11-25T12:27:31Z</time>
      </trkpt>
      <trkpt lat="-22.654583584517241" lon="17.011659052222967">
        <ele>1769.2</ele>
        <time>2024-11-25T12:27:32Z</time>
      </trkpt>
      <trkpt lat="-22.654722305014729" lon="17.011453025043011">
        <ele>1767.2</ele>
        <time>2024-11-25T12:27:33Z</time>
      </trkpt>
      <trkpt lat="-22.65485473908484" lon="17.011246997863054">
        <ele>1764.8</ele>
        <time>2024-11-25T12:27:34Z</time>
      </trkpt>
      <trkpt lat="-22.654982227832079" lon="17.01103669591248">
        <ele>1762.4000000000001</ele>
        <time>2024-11-25T12:27:35Z</time>
      </trkpt>
      <trkpt lat="-22.655106028541923" lon="17.010820526629686">
        <ele>1760.2</ele>
        <time>2024-11-25T12:27:36Z</time>
      </trkpt>
      <trkpt lat="-22.65522513538599" lon="17.010596813634038">
        <ele>1757.2</ele>
        <time>2024-11-25T12:27:37Z</time>
      </trkpt>
      <trkpt lat="-22.655334435403347" lon="17.010365892201662">
        <ele>1755.4000000000001</ele>
        <time>2024-11-25T12:27:38Z</time>
      </trkpt>
      <trkpt lat="-22.655429067090154" lon="17.010123403742909">
        <ele>1753.2</ele>
        <time>2024-11-25T12:27:38Z</time>
      </trkpt>
      <trkpt lat="-22.65550852753222" lon="17.009871695190668">
        <ele>1751.5999999999999</ele>
        <time>2024-11-25T12:27:39Z</time>
      </trkpt>
      <trkpt lat="-22.655575247481465" lon="17.009613867849112">
        <ele>1749</ele>
        <time>2024-11-25T12:27:40Z</time>
      </trkpt>
      <trkpt lat="-22.655631992965937" lon="17.009350173175335">
        <ele>1746.4000000000001</ele>
        <time>2024-11-25T12:27:41Z</time>
      </trkpt>
      <trkpt lat="-22.65568345785141" lon="17.009086981415749">
        <ele>1744</ele>
        <time>2024-11-25T12:27:42Z</time>
      </trkpt>
      <trkpt lat="-22.655734838917851" lon="17.008819598704576">
        <ele>1742</ele>
        <time>2024-11-25T12:27:43Z</time>
      </trkpt>
      <trkpt lat="-22.655787644907832" lon="17.008551880717278">
        <ele>1740.2</ele>
        <time>2024-11-25T12:27:44Z</time>
      </trkpt>
      <trkpt lat="-22.655843971297145" lon="17.008287347853184">
        <ele>1737.8</ele>
        <time>2024-11-25T12:27:45Z</time>
      </trkpt>
      <trkpt lat="-22.655895939096808" lon="17.008017869666219">
        <ele>1735.5999999999999</ele>
        <time>2024-11-25T12:27:46Z</time>
      </trkpt>
      <trkpt lat="-22.655947152525187" lon="17.007749313488603">
        <ele>1732.5999999999999</ele>
        <time>2024-11-25T12:27:47Z</time>
      </trkpt>
      <trkpt lat="-22.655998114496469" lon="17.007483188062906">
        <ele>1729.4000000000001</ele>
        <time>2024-11-25T12:27:48Z</time>
      </trkpt>
      <trkpt lat="-22.65605092048645" lon="17.00722049921751">
        <ele>1727.2</ele>
        <time>2024-11-25T12:27:48Z</time>
      </trkpt>
      <trkpt lat="-22.656107246875763" lon="17.006954541429877">
        <ele>1725</ele>
        <time>2024-11-25T12:27:49Z</time>
      </trkpt>
      <trkpt lat="-22.656163824722171" lon="17.006683219224215">
        <ele>1723.4000000000001</ele>
        <time>2024-11-25T12:27:50Z</time>
      </trkpt>
      <trkpt lat="-22.656217636540532" lon="17.006417345255613">
        <ele>1720.8</ele>
        <time>2024-11-25T12:27:51Z</time>
      </trkpt>
      <trkpt lat="-22.656273040920496" lon="17.00613671913743">
        <ele>1718.2</ele>
        <time>2024-11-25T12:27:52Z</time>
      </trkpt>
      <trkpt lat="-22.656330205500126" lon="17.005863636732101">
        <ele>1715.5999999999999</ele>
        <time>2024-11-25T12:27:53Z</time>
      </trkpt>
      <trkpt lat="-22.656385106965899" lon="17.00559482909739">
        <ele>1713.8</ele>
        <time>2024-11-25T12:27:54Z</time>
      </trkpt>
      <trkpt lat="-22.656437829136848" lon="17.005330547690392">
        <ele>1712.2</ele>
        <time>2024-11-25T12:27:55Z</time>
      </trkpt>
      <trkpt lat="-22.656497843563557" lon="17.005075318738818">
        <ele>1711.4000000000001</ele>
        <time>2024-11-25T12:27:56Z</time>
      </trkpt>
      <trkpt lat="-22.656567580997944" lon="17.004835344851017">
        <ele>1711</ele>
        <time>2024-11-25T12:27:57Z</time>
      </trkpt>
      <trkpt lat="-22.656647209078074" lon="17.004598891362548">
        <ele>1711</ele>
        <time>2024-11-25T12:27:58Z</time>
      </trkpt>
      <trkpt lat="-22.656740080565214" lon="17.004369730129838">
        <ele>1711</ele>
        <time>2024-11-25T12:27:59Z</time>
      </trkpt>
      <trkpt lat="-22.656847704201937" lon="17.004150459542871">
        <ele>1711</ele>
        <time>2024-11-25T12:28:00Z</time>
      </trkpt>
      <trkpt lat="-22.656970666721463" lon="17.003949210047722">
        <ele>1711.8</ele>
        <time>2024-11-25T12:28:01Z</time>
      </trkpt>
      <trkpt lat="-22.6571034360677" lon="17.003759443759918">
        <ele>1713</ele>
        <time>2024-11-25T12:28:02Z</time>
      </trkpt>
      <trkpt lat="-22.657249867916107" lon="17.003573030233383">
        <ele>1713.5999999999999</ele>
        <time>2024-11-25T12:28:03Z</time>
      </trkpt>
      <trkpt lat="-22.657407112419605" lon="17.003397261723876">
        <ele>1714.5999999999999</ele>
        <time>2024-11-25T12:28:04Z</time>
      </trkpt>
      <trkpt lat="-22.657571397721767" lon="17.003234568983316">
        <ele>1715.5999999999999</ele>
        <time>2024-11-25T12:28:04Z</time>
      </trkpt>
      <trkpt lat="-22.657742975279689" lon="17.003080677241087">
        <ele>1716.2</ele>
        <time>2024-11-25T12:28:05Z</time>
      </trkpt>
      <trkpt lat="-22.657920587807894" lon="17.002938352525234">
        <ele>1717</ele>
        <time>2024-11-25T12:28:06Z</time>
      </trkpt>
      <trkpt lat="-22.658105157315731" lon="17.002810444682837">
        <ele>1717.5999999999999</ele>
        <time>2024-11-25T12:28:07Z</time>
      </trkpt>
      <trkpt lat="-22.658295761793852" lon="17.002698462456465">
        <ele>1718.2</ele>
        <time>2024-11-25T12:28:08Z</time>
      </trkpt>
      <trkpt lat="-22.658917615190148" lon="17.0024583209306">
        <ele>1718.5999999999999</ele>
        <time>2024-11-25T12:28:09Z</time>
      </trkpt>
      <trkpt lat="-22.659584814682603" lon="17.002287665382028">
        <ele>1718</ele>
        <time>2024-11-25T12:28:10Z</time>
      </trkpt>
      <trkpt lat="-22.659810539335012" lon="17.002241145819426">
        <ele>1717.4000000000001</ele>
        <time>2024-11-25T12:28:11Z</time>
      </trkpt>
      <trkpt lat="-22.660471368581057" lon="17.002074094489217">
        <ele>1716.4000000000001</ele>
        <time>2024-11-25T12:28:12Z</time>
      </trkpt>
      <trkpt lat="-22.660677479580045" lon="17.001999579370022">
        <ele>1716</ele>
        <time>2024-11-25T12:28:13Z</time>
      </trkpt>
      <trkpt lat="-22.660878226161003" lon="17.001911569386721">
        <ele>1716</ele>
        <time>2024-11-25T12:28:14Z</time>
      </trkpt>
      <trkpt lat="-22.661072518676519" lon="17.001807214692235">
        <ele>1716</ele>
        <time>2024-11-25T12:28:15Z</time>
      </trkpt>
      <trkpt lat="-22.661263709887862" lon="17.001687772572041">
        <ele>1716.2</ele>
        <time>2024-11-25T12:28:16Z</time>
      </trkpt>
      <trkpt lat="-22.661781460046768" lon="17.001258535310626">
        <ele>1717.4000000000001</ele>
        <time>2024-11-25T12:28:17Z</time>
      </trkpt>
      <trkpt lat="-22.66194230876863" lon="17.001090981066227">
        <ele>1718</ele>
        <time>2024-11-25T12:28:18Z</time>
      </trkpt>
      <trkpt lat="-22.662250092253089" lon="17.000742964446545">
        <ele>1719.5999999999999</ele>
        <time>2024-11-25T12:28:19Z</time>
      </trkpt>
      <trkpt lat="-22.662402978166938" lon="17.000571386888623">
        <ele>1720.5999999999999</ele>
        <time>2024-11-25T12:28:20Z</time>
      </trkpt>
      <trkpt lat="-22.662717048078775" lon="17.000225381925702">
        <ele>1722.5999999999999</ele>
        <time>2024-11-25T12:28:21Z</time>
      </trkpt>
      <trkpt lat="-22.663199929520488" lon="16.9996936339885">
        <ele>1723.4000000000001</ele>
        <time>2024-11-25T12:28:22Z</time>
      </trkpt>
      <trkpt lat="-22.663362035527825" lon="16.999514093622565">
        <ele>1723.4000000000001</ele>
        <time>2024-11-25T12:28:23Z</time>
      </trkpt>
      <trkpt lat="-22.663526320829988" lon="16.999331703409553">
        <ele>1723.4000000000001</ele>
        <time>2024-11-25T12:28:24Z</time>
      </trkpt>
      <trkpt lat="-22.663692031055689" lon="16.999148894101381">
        <ele>1723.4000000000001</ele>
        <time>2024-11-25T12:28:25Z</time>
      </trkpt>
      <trkpt lat="-22.663862351328135" lon="16.998967090621591">
        <ele>1723.2</ele>
        <time>2024-11-25T12:28:26Z</time>
      </trkpt>
      <trkpt lat="-22.664038958027959" lon="16.998793082311749">
        <ele>1722.8</ele>
        <time>2024-11-25T12:28:27Z</time>
      </trkpt>
      <trkpt lat="-22.664224533364177" lon="16.998626785352826">
        <ele>1722.5999999999999</ele>
        <time>2024-11-25T12:28:28Z</time>
      </trkpt>
      <trkpt lat="-22.664416981860995" lon="16.998470798134804">
        <ele>1722.5999999999999</ele>
        <time>2024-11-25T12:28:29Z</time>
      </trkpt>
      <trkpt lat="-22.664615968242288" lon="16.998323360458016">
        <ele>1722.5999999999999</ele>
        <time>2024-11-25T12:28:30Z</time>
      </trkpt>
      <trkpt lat="-22.664821576327085" lon="16.998188244178891">
        <ele>1722.5999999999999</ele>
        <time>2024-11-25T12:28:31Z</time>
      </trkpt>
      <trkpt lat="-22.665033554658294" lon="16.99805966578424">
        <ele>1722.8</ele>
        <time>2024-11-25T12:28:32Z</time>
      </trkpt>
      <trkpt lat="-22.665251400321722" lon="16.997940726578236">
        <ele>1722.8</ele>
        <time>2024-11-25T12:28:33Z</time>
      </trkpt>
      <trkpt lat="-22.665471928194165" lon="16.997830672189593">
        <ele>1723.2</ele>
        <time>2024-11-25T12:28:34Z</time>
      </trkpt>
      <trkpt lat="-22.665696814656258" lon="16.997732603922486">
        <ele>1723.5999999999999</ele>
        <time>2024-11-25T12:28:35Z</time>
      </trkpt>
      <trkpt lat="-22.665924467146397" lon="16.997644174844027">
        <ele>1723.8</ele>
        <time>2024-11-25T12:28:36Z</time>
      </trkpt>
      <trkpt lat="-22.66615429893136" lon="16.997559517621994">
        <ele>1724</ele>
        <time>2024-11-25T12:28:37Z</time>
      </trkpt>
      <trkpt lat="-22.666384801268578" lon="16.997475447133183">
        <ele>1724.8</ele>
        <time>2024-11-25T12:28:38Z</time>
      </trkpt>
      <trkpt lat="-22.666611364111304" lon="16.997389364987612">
        <ele>1725.5999999999999</ele>
        <time>2024-11-25T12:28:39Z</time>
      </trkpt>
      <trkpt lat="-22.666832311078906" lon="16.99730378575623">
        <ele>1726.8</ele>
        <time>2024-11-25T12:28:40Z</time>
      </trkpt>
      <trkpt lat="-22.667055688798428" lon="16.997209573164582">
        <ele>1728.2</ele>
        <time>2024-11-25T12:28:41Z</time>
      </trkpt>
      <trkpt lat="-22.667270097881556" lon="16.99710831977427">
        <ele>1729.5999999999999</ele>
        <time>2024-11-25T12:28:42Z</time>
      </trkpt>
      <trkpt lat="-22.667477298527956" lon="16.997000025585294">
        <ele>1731.5999999999999</ele>
        <time>2024-11-25T12:28:43Z</time>
      </trkpt>
      <trkpt lat="-22.667678715661168" lon="16.9968840200454">
        <ele>1733.2</ele>
        <time>2024-11-25T12:28:44Z</time>
      </trkpt>
      <trkpt lat="-22.667876277118921" lon="16.99676432646811">
        <ele>1735.4000000000001</ele>
        <time>2024-11-25T12:28:45Z</time>
      </trkpt>
      <trkpt lat="-22.668069815263152" lon="16.996632143855095">
        <ele>1737.4000000000001</ele>
        <time>2024-11-25T12:28:46Z</time>
      </trkpt>
      <trkpt lat="-22.668257653713226" lon="16.996493171900511">
        <ele>1739.8</ele>
        <time>2024-11-25T12:28:47Z</time>
      </trkpt>
      <trkpt lat="-22.668440127745271" lon="16.996350847184658">
        <ele>1741.5999999999999</ele>
        <time>2024-11-25T12:28:49Z</time>
      </trkpt>
      <trkpt lat="-22.668617824092507" lon="16.996205085888505">
        <ele>1744</ele>
        <time>2024-11-25T12:28:50Z</time>
      </trkpt>
      <trkpt lat="-22.668790407478809" lon="16.996055468916893">
        <ele>1746.5999999999999</ele>
        <time>2024-11-25T12:28:51Z</time>
      </trkpt>
      <trkpt lat="-22.668962236493826" lon="16.995906187221408">
        <ele>1748</ele>
        <time>2024-11-25T12:28:52Z</time>
      </trkpt>
      <trkpt lat="-22.669134819880128" lon="16.995758078992367">
        <ele>1750.4000000000001</ele>
        <time>2024-11-25T12:28:53Z</time>
      </trkpt>
      <trkpt lat="-22.669303379952908" lon="16.995610054582357">
        <ele>1752</ele>
        <time>2024-11-25T12:28:54Z</time>
      </trkpt>
      <trkpt lat="-22.669475041329861" lon="16.995460269972682">
        <ele>1753.5999999999999</ele>
        <time>2024-11-25T12:28:55Z</time>
      </trkpt>
      <trkpt lat="-22.669646451249719" lon="16.995310066267848">
        <ele>1755</ele>
        <time>2024-11-25T12:28:56Z</time>
      </trkpt>
      <trkpt lat="-22.669817106798291" lon="16.995160114020109">
        <ele>1756.2</ele>
        <time>2024-11-25T12:28:57Z</time>
      </trkpt>
      <trkpt lat="-22.670167554169893" lon="16.994855012744665">
        <ele>1757.4000000000001</ele>
        <time>2024-11-25T12:28:58Z</time>
      </trkpt>
      <trkpt lat="-22.670352961868048" lon="16.994693158194423">
        <ele>1757.4000000000001</ele>
        <time>2024-11-25T12:28:59Z</time>
      </trkpt>
      <trkpt lat="-22.670927876606584" lon="16.994194351136684">
        <ele>1756.8</ele>
        <time>2024-11-25T12:29:00Z</time>
      </trkpt>
      <trkpt lat="-22.671507736667991" lon="16.993691939860582">
        <ele>1756.5999999999999</ele>
        <time>2024-11-25T12:29:01Z</time>
      </trkpt>
      <trkpt lat="-22.672082399949431" lon="16.993177542462945">
        <ele>1758.2</ele>
        <time>2024-11-25T12:29:02Z</time>
      </trkpt>
      <trkpt lat="-22.672273507341743" lon="16.993010910227895">
        <ele>1759</ele>
        <time>2024-11-25T12:29:03Z</time>
      </trkpt>
      <trkpt lat="-22.67246201634407" lon="16.99284746311605">
        <ele>1760.8</ele>
        <time>2024-11-25T12:29:04Z</time>
      </trkpt>
      <trkpt lat="-22.672654464840889" lon="16.992684686556458">
        <ele>1761.8</ele>
        <time>2024-11-25T12:29:05Z</time>
      </trkpt>
      <trkpt lat="-22.672849176451564" lon="16.992520317435265">
        <ele>1762.8</ele>
        <time>2024-11-25T12:29:07Z</time>
      </trkpt>
      <trkpt lat="-22.673042127862573" lon="16.992355864495039">
        <ele>1763.8</ele>
        <time>2024-11-25T12:29:08Z</time>
      </trkpt>
      <trkpt lat="-22.673231642693281" lon="16.992187891155481">
        <ele>1764.8</ele>
        <time>2024-11-25T12:29:09Z</time>
      </trkpt>
      <trkpt lat="-22.673426438122988" lon="16.992021426558495">
        <ele>1765.8</ele>
        <time>2024-11-25T12:29:10Z</time>
      </trkpt>
      <trkpt lat="-22.673621401190758" lon="16.991860577836633">
        <ele>1767</ele>
        <time>2024-11-25T12:29:11Z</time>
      </trkpt>
      <trkpt lat="-22.673810999840498" lon="16.991692939773202">
        <ele>1768.2</ele>
        <time>2024-11-25T12:29:12Z</time>
      </trkpt>
      <trkpt lat="-22.673995234072208" lon="16.991524044424295">
        <ele>1770</ele>
        <time>2024-11-25T12:29:13Z</time>
      </trkpt>
      <trkpt lat="-22.674173349514604" lon="16.991354059427977">
        <ele>1771.8</ele>
        <time>2024-11-25T12:29:14Z</time>
      </trkpt>
      <trkpt lat="-22.674351129680872" lon="16.99118223041296">
        <ele>1774.5999999999999</ele>
        <time>2024-11-25T12:29:15Z</time>
      </trkpt>
      <trkpt lat="-22.674525640904903" lon="16.991009814664721">
        <ele>1776</ele>
        <time>2024-11-25T12:29:16Z</time>
      </trkpt>
      <trkpt lat="-22.674698811024427" lon="16.990836393088102">
        <ele>1777.2</ele>
        <time>2024-11-25T12:29:17Z</time>
      </trkpt>
      <trkpt lat="-22.674869215115905" lon="16.990663139149547">
        <ele>1778.8</ele>
        <time>2024-11-25T12:29:18Z</time>
      </trkpt>
      <trkpt lat="-22.67503852955997" lon="16.990486532449722">
        <ele>1780.8</ele>
        <time>2024-11-25T12:29:20Z</time>
      </trkpt>
      <trkpt lat="-22.675206838175654" lon="16.990306740626693">
        <ele>1781.8</ele>
        <time>2024-11-25T12:29:21Z</time>
      </trkpt>
      <trkpt lat="-22.675373805686831" lon="16.990123009309173">
        <ele>1782.5999999999999</ele>
        <time>2024-11-25T12:29:22Z</time>
      </trkpt>
      <trkpt lat="-22.675544125959277" lon="16.989939194172621">
        <ele>1783.2</ele>
        <time>2024-11-25T12:29:23Z</time>
      </trkpt>
      <trkpt lat="-22.675715032964945" lon="16.98975638486445">
        <ele>1784.4000000000001</ele>
        <time>2024-11-25T12:29:24Z</time>
      </trkpt>
      <trkpt lat="-22.676056176424026" lon="16.989395041018724">
        <ele>1786.2</ele>
        <time>2024-11-25T12:29:25Z</time>
      </trkpt>
      <trkpt lat="-22.676226580515504" lon="16.989216171205044">
        <ele>1786.8</ele>
        <time>2024-11-25T12:29:26Z</time>
      </trkpt>
      <trkpt lat="-22.676399666815996" lon="16.989044174551964">
        <ele>1788.8</ele>
        <time>2024-11-25T12:29:27Z</time>
      </trkpt>
      <trkpt lat="-22.67657769843936" lon="16.988885002210736">
        <ele>1789.5999999999999</ele>
        <time>2024-11-25T12:29:28Z</time>
      </trkpt>
      <trkpt lat="-22.676761681213975" lon="16.988733289763331">
        <ele>1791</ele>
        <time>2024-11-25T12:29:30Z</time>
      </trkpt>
      <trkpt lat="-22.676956979557872" lon="16.988581493496895">
        <ele>1792.2</ele>
        <time>2024-11-25T12:29:31Z</time>
      </trkpt>
      <trkpt lat="-22.677155714482069" lon="16.988439839333296">
        <ele>1793.5999999999999</ele>
        <time>2024-11-25T12:29:32Z</time>
      </trkpt>
      <trkpt lat="-22.677366435527802" lon="16.988315032795072">
        <ele>1794.5999999999999</ele>
        <time>2024-11-25T12:29:33Z</time>
      </trkpt>
      <trkpt lat="-22.677571456879377" lon="16.988196345046163">
        <ele>1796.4000000000001</ele>
        <time>2024-11-25T12:29:34Z</time>
      </trkpt>
      <trkpt lat="-22.678004046902061" lon="16.987991575151682">
        <ele>1797.5999999999999</ele>
        <time>2024-11-25T12:29:35Z</time>
      </trkpt>
      <trkpt lat="-22.678226167336106" lon="16.98789618909359">
        <ele>1798.4000000000001</ele>
        <time>2024-11-25T12:29:36Z</time>
      </trkpt>
      <trkpt lat="-22.678456753492355" lon="16.987805496901274">
        <ele>1798.8</ele>
        <time>2024-11-25T12:29:37Z</time>
      </trkpt>
      <trkpt lat="-22.678915159776807" lon="16.987629644572735">
        <ele>1800.5999999999999</ele>
        <time>2024-11-25T12:29:39Z</time>
      </trkpt>
      <trkpt lat="-22.679142644628882" lon="16.987539874389768">
        <ele>1801.8</ele>
        <time>2024-11-25T12:29:40Z</time>
      </trkpt>
      <trkpt lat="-22.67936585471034" lon="16.987452618777752">
        <ele>1802.5999999999999</ele>
        <time>2024-11-25T12:29:41Z</time>
      </trkpt>
      <trkpt lat="-22.679586466401815" lon="16.987364357337356">
        <ele>1804.8</ele>
        <time>2024-11-25T12:29:42Z</time>
      </trkpt>
      <trkpt lat="-22.679805150255561" lon="16.987279029563069">
        <ele>1806.4000000000001</ele>
        <time>2024-11-25T12:29:43Z</time>
      </trkpt>
      <trkpt lat="-22.680020146071911" lon="16.987193115055561">
        <ele>1808.5999999999999</ele>
        <time>2024-11-25T12:29:44Z</time>
      </trkpt>
      <trkpt lat="-22.680234638974071" lon="16.987108122557402">
        <ele>1811.4000000000001</ele>
        <time>2024-11-25T12:29:45Z</time>
      </trkpt>
      <trkpt lat="-22.680449299514294" lon="16.987023465335369">
        <ele>1813.4000000000001</ele>
        <time>2024-11-25T12:29:46Z</time>
      </trkpt>
      <trkpt lat="-22.680659685283899" lon="16.986939562484622">
        <ele>1815.2</ele>
        <time>2024-11-25T12:29:48Z</time>
      </trkpt>
      <trkpt lat="-22.680858755484223" lon="16.986857503652573">
        <ele>1817.8</ele>
        <time>2024-11-25T12:29:49Z</time>
      </trkpt>
      <trkpt lat="-22.681065034121275" lon="16.986777456477284">
        <ele>1820</ele>
        <time>2024-11-25T12:29:50Z</time>
      </trkpt>
      <trkpt lat="-22.681275000795722" lon="16.986700091511011">
        <ele>1821.2</ele>
        <time>2024-11-25T12:29:51Z</time>
      </trkpt>
      <trkpt lat="-22.681486811488867" lon="16.98662725277245">
        <ele>1823.5999999999999</ele>
        <time>2024-11-25T12:29:52Z</time>
      </trkpt>
      <trkpt lat="-22.681699963286519" lon="16.986561538651586">
        <ele>1826</ele>
        <time>2024-11-25T12:29:53Z</time>
      </trkpt>
      <trkpt lat="-22.681910432875156" lon="16.986510409042239">
        <ele>1828</ele>
        <time>2024-11-25T12:29:55Z</time>
      </trkpt>
      <trkpt lat="-22.682121656835079" lon="16.986475791782141">
        <ele>1830.2</ele>
        <time>2024-11-25T12:29:56Z</time>
      </trkpt>
      <trkpt lat="-22.682332126423717" lon="16.986453412100673">
        <ele>1831.4000000000001</ele>
        <time>2024-11-25T12:29:57Z</time>
      </trkpt>
      <trkpt lat="-22.682544691488147" lon="16.986435893923044">
        <ele>1834.4000000000001</ele>
        <time>2024-11-25T12:29:58Z</time>
      </trkpt>
      <trkpt lat="-22.682757088914514" lon="16.986418711021543">
        <ele>1836.4000000000001</ele>
        <time>2024-11-25T12:29:59Z</time>
      </trkpt>
      <trkpt lat="-22.682969067245722" lon="16.986392894759774">
        <ele>1838.2</ele>
        <time>2024-11-25T12:30:00Z</time>
      </trkpt>
      <trkpt lat="-22.683178195729852" lon="16.986358361318707">
        <ele>1839.5999999999999</ele>
        <time>2024-11-25T12:30:01Z</time>
      </trkpt>
      <trkpt lat="-22.683386402204633" lon="16.986310500651598">
        <ele>1841.5999999999999</ele>
        <time>2024-11-25T12:30:03Z</time>
      </trkpt>
      <trkpt lat="-22.683590836822987" lon="16.986244283616543">
        <ele>1843</ele>
        <time>2024-11-25T12:30:04Z</time>
      </trkpt>
      <trkpt lat="-22.683783872053027" lon="16.986158872023225">
        <ele>1844.2</ele>
        <time>2024-11-25T12:30:05Z</time>
      </trkpt>
      <trkpt lat="-22.683969028294086" lon="16.986053762957454">
        <ele>1846</ele>
        <time>2024-11-25T12:30:06Z</time>
      </trkpt>
      <trkpt lat="-22.684140438213944" lon="16.985925100743771">
        <ele>1847.5999999999999</ele>
        <time>2024-11-25T12:30:07Z</time>
      </trkpt>
      <trkpt lat="-22.684302711859345" lon="16.985785877332091">
        <ele>1849.2</ele>
        <time>2024-11-25T12:30:08Z</time>
      </trkpt>
      <trkpt lat="-22.684462890028954" lon="16.985644055530429">
        <ele>1851</ele>
        <time>2024-11-25T12:30:10Z</time>
      </trkpt>
      <trkpt lat="-22.684623990207911" lon="16.985502988100052">
        <ele>1853.2</ele>
        <time>2024-11-25T12:30:11Z</time>
      </trkpt>
      <trkpt lat="-22.684791292995214" lon="16.985366782173514">
        <ele>1855</ele>
        <time>2024-11-25T12:30:12Z</time>
      </trkpt>
      <trkpt lat="-22.684973264113069" lon="16.985232923179865">
        <ele>1856.8</ele>
        <time>2024-11-25T12:30:13Z</time>
      </trkpt>
      <trkpt lat="-22.68515020608902" lon="16.985118007287383">
        <ele>1858.4000000000001</ele>
        <time>2024-11-25T12:30:14Z</time>
      </trkpt>
      <trkpt lat="-22.68533100374043" lon="16.985016837716103">
        <ele>1859.5999999999999</ele>
        <time>2024-11-25T12:30:15Z</time>
      </trkpt>
      <trkpt lat="-22.685516998171806" lon="16.984930839389563">
        <ele>1861.5999999999999</ele>
        <time>2024-11-25T12:30:17Z</time>
      </trkpt>
      <trkpt lat="-22.685706429183483" lon="16.984853474423289">
        <ele>1863.2</ele>
        <time>2024-11-25T12:30:18Z</time>
      </trkpt>
      <trkpt lat="-22.685900386422873" lon="16.984789101406932">
        <ele>1865.2</ele>
        <time>2024-11-25T12:30:19Z</time>
      </trkpt>
      <trkpt lat="-22.68609719350934" lon="16.984736295416951">
        <ele>1866.5999999999999</ele>
        <time>2024-11-25T12:30:20Z</time>
      </trkpt>
      <trkpt lat="-22.686299197375774" lon="16.984688770025969">
        <ele>1868.5999999999999</ele>
        <time>2024-11-25T12:30:21Z</time>
      </trkpt>
      <trkpt lat="-22.686502207070589" lon="16.984644429758191">
        <ele>1870.4000000000001</ele>
        <time>2024-11-25T12:30:23Z</time>
      </trkpt>
      <trkpt lat="-22.686705719679594" lon="16.984594389796257">
        <ele>1872</ele>
        <time>2024-11-25T12:30:24Z</time>
      </trkpt>
      <trkpt lat="-22.686907975003123" lon="16.98453638702631">
        <ele>1874</ele>
        <time>2024-11-25T12:30:25Z</time>
      </trkpt>
      <trkpt lat="-22.687111822888255" lon="16.984471175819635">
        <ele>1875.2</ele>
        <time>2024-11-25T12:30:26Z</time>
      </trkpt>
      <trkpt lat="-22.687313742935658" lon="16.984393810853362">
        <ele>1876.5999999999999</ele>
        <time>2024-11-25T12:30:27Z</time>
      </trkpt>
      <trkpt lat="-22.687506191432476" lon="16.984299514442682">
        <ele>1878.5999999999999</ele>
        <time>2024-11-25T12:30:29Z</time>
      </trkpt>
      <trkpt lat="-22.687689671292901" lon="16.984189795330167">
        <ele>1879.5999999999999</ele>
        <time>2024-11-25T12:30:30Z</time>
      </trkpt>
      <trkpt lat="-22.687873318791389" lon="16.984076891094446">
        <ele>1881.2</ele>
        <time>2024-11-25T12:30:31Z</time>
      </trkpt>
      <trkpt lat="-22.688236506655812" lon="16.983849406242371">
        <ele>1883.5999999999999</ele>
        <time>2024-11-25T12:30:32Z</time>
      </trkpt>
      <trkpt lat="-22.688427027314901" lon="16.98373164050281">
        <ele>1885</ele>
        <time>2024-11-25T12:30:33Z</time>
      </trkpt>
      <trkpt lat="-22.68861603923142" lon="16.983612449839711">
        <ele>1886.2</ele>
        <time>2024-11-25T12:30:35Z</time>
      </trkpt>
      <trkpt lat="-22.688808487728238" lon="16.983495857566595">
        <ele>1886.8</ele>
        <time>2024-11-25T12:30:36Z</time>
      </trkpt>
      <trkpt lat="-22.688998924568295" lon="16.983379600569606">
        <ele>1887.5999999999999</ele>
        <time>2024-11-25T12:30:37Z</time>
      </trkpt>
      <trkpt lat="-22.68919070251286" lon="16.983264349400997">
        <ele>1888.5999999999999</ele>
        <time>2024-11-25T12:30:38Z</time>
      </trkpt>
      <trkpt lat="-22.689759749919176" lon="16.982904179021716">
        <ele>1889.5999999999999</ele>
        <time>2024-11-25T12:30:39Z</time>
      </trkpt>
      <trkpt lat="-22.690122267231345" lon="16.982629504054785">
        <ele>1890.8</ele>
        <time>2024-11-25T12:30:41Z</time>
      </trkpt>
      <trkpt lat="-22.69063456915319" lon="16.98217336088419">
        <ele>1891.8</ele>
        <time>2024-11-25T12:30:42Z</time>
      </trkpt>
      <trkpt lat="-22.690797513350844" lon="16.982020977884531">
        <ele>1892</ele>
        <time>2024-11-25T12:30:43Z</time>
      </trkpt>
      <trkpt lat="-22.690958110615611" lon="16.981867337599397">
        <ele>1892.2</ele>
        <time>2024-11-25T12:30:44Z</time>
      </trkpt>
      <trkpt lat="-22.691117282956839" lon="16.981715792790055">
        <ele>1892.4000000000001</ele>
        <time>2024-11-25T12:30:45Z</time>
      </trkpt>
      <trkpt lat="-22.691283915191889" lon="16.981569193303585">
        <ele>1892.5999999999999</ele>
        <time>2024-11-25T12:30:47Z</time>
      </trkpt>
      <trkpt lat="-22.691641822457314" lon="16.981318658217788">
        <ele>1892.8</ele>
        <time>2024-11-25T12:30:48Z</time>
      </trkpt>
      <trkpt lat="-22.691831756383181" lon="16.9812195841223">
        <ele>1893</ele>
        <time>2024-11-25T12:30:49Z</time>
      </trkpt>
      <trkpt lat="-22.692026132717729" lon="16.981141129508615">
        <ele>1893</ele>
        <time>2024-11-25T12:30:50Z</time>
      </trkpt>
      <trkpt lat="-22.692233081907034" lon="16.981075247749686">
        <ele>1893.2</ele>
        <time>2024-11-25T12:30:52Z</time>
      </trkpt>
      <trkpt lat="-22.692430224269629" lon="16.981021603569388">
        <ele>1893</ele>
        <time>2024-11-25T12:30:53Z</time>
      </trkpt>
      <trkpt lat="-22.692612363025546" lon="16.980962259694934">
        <ele>1893.2</ele>
        <time>2024-11-25T12:30:54Z</time>
      </trkpt>
      <trkpt lat="-22.69278503023088" lon="16.980886152014136">
        <ele>1893.4000000000001</ele>
        <time>2024-11-25T12:30:55Z</time>
      </trkpt>
      <trkpt lat="-22.692939173430204" lon="16.9807895924896">
        <ele>1893.5999999999999</ele>
        <time>2024-11-25T12:30:57Z</time>
      </trkpt>
      <trkpt lat="-22.693080911412835" lon="16.980673922225833">
        <ele>1893.8</ele>
        <time>2024-11-25T12:30:58Z</time>
      </trkpt>
      <trkpt lat="-22.693206807598472" lon="16.980539057403803">
        <ele>1894.2</ele>
        <time>2024-11-25T12:30:59Z</time>
      </trkpt>
      <trkpt lat="-22.693321472033858" lon="16.980386422947049">
        <ele>1894.4000000000001</ele>
        <time>2024-11-25T12:31:00Z</time>
      </trkpt>
      <trkpt lat="-22.693426664918661" lon="16.980223478749394">
        <ele>1894.5999999999999</ele>
        <time>2024-11-25T12:31:01Z</time>
      </trkpt>
      <trkpt lat="-22.693526744842529" lon="16.980047794058919">
        <ele>1894.5999999999999</ele>
        <time>2024-11-25T12:31:03Z</time>
      </trkpt>
      <trkpt lat="-22.693622885271907" lon="16.979866158217192">
        <ele>1894.4000000000001</ele>
        <time>2024-11-25T12:31:04Z</time>
      </trkpt>
      <trkpt lat="-22.693717433139682" lon="16.979674631729722">
        <ele>1894.4000000000001</ele>
        <time>2024-11-25T12:31:05Z</time>
      </trkpt>
      <trkpt lat="-22.693814160302281" lon="16.979482602328062">
        <ele>1892.8</ele>
        <time>2024-11-25T12:31:06Z</time>
      </trkpt>
      <trkpt lat="-22.693926058709621" lon="16.979296943172812">
        <ele>1892.4000000000001</ele>
        <time>2024-11-25T12:31:08Z</time>
      </trkpt>
      <trkpt lat="-22.694054888561368" lon="16.979124527424574">
        <ele>1891</ele>
        <time>2024-11-25T12:31:09Z</time>
      </trkpt>
      <trkpt lat="-22.694210624322295" lon="16.978972228243947">
        <ele>1889.8</ele>
        <time>2024-11-25T12:31:10Z</time>
      </trkpt>
      <trkpt lat="-22.694386476650834" lon="16.978849349543452">
        <ele>1888.5999999999999</ele>
        <time>2024-11-25T12:31:11Z</time>
      </trkpt>
      <trkpt lat="-22.694574734196067" lon="16.978748515248299">
        <ele>1887.2</ele>
        <time>2024-11-25T12:31:13Z</time>
      </trkpt>
      <trkpt lat="-22.694760477170348" lon="16.978662349283695">
        <ele>1885.4000000000001</ele>
        <time>2024-11-25T12:31:14Z</time>
      </trkpt>
      <trkpt lat="-22.694936832413077" lon="16.978576770052314">
        <ele>1884.4000000000001</ele>
        <time>2024-11-25T12:31:15Z</time>
      </trkpt>
      <trkpt lat="-22.695105811581016" lon="16.97846663184464">
        <ele>1884.2</ele>
        <time>2024-11-25T12:31:16Z</time>
      </trkpt>
      <trkpt lat="-22.695258362218738" lon="16.978338891640306">
        <ele>1884.2</ele>
        <time>2024-11-25T12:31:18Z</time>
      </trkpt>
      <trkpt lat="-22.695405967533588" lon="16.978199584409595">
        <ele>1884.2</ele>
        <time>2024-11-25T12:31:19Z</time>
      </trkpt>
      <trkpt lat="-22.695689359679818" lon="16.977902362123132">
        <ele>1884.8</ele>
        <time>2024-11-25T12:31:20Z</time>
      </trkpt>
      <trkpt lat="-22.695837803184986" lon="16.977766826748848">
        <ele>1884.8</ele>
        <time>2024-11-25T12:31:22Z</time>
      </trkpt>
      <trkpt lat="-22.695996053516865" lon="16.977655598893762">
        <ele>1885.2</ele>
        <time>2024-11-25T12:31:23Z</time>
      </trkpt>
      <trkpt lat="-22.696164278313518" lon="16.977567924186587">
        <ele>1885.4000000000001</ele>
        <time>2024-11-25T12:31:24Z</time>
      </trkpt>
      <trkpt lat="-22.696340885013342" lon="16.977500533685088">
        <ele>1886.2</ele>
        <time>2024-11-25T12:31:25Z</time>
      </trkpt>
      <trkpt lat="-22.696523442864418" lon="16.977442782372236">
        <ele>1887</ele>
        <time>2024-11-25T12:31:27Z</time>
      </trkpt>
      <trkpt lat="-22.696901885792613" lon="16.977340523153543">
        <ele>1889.2</ele>
        <time>2024-11-25T12:31:28Z</time>
      </trkpt>
      <trkpt lat="-22.697261050343513" lon="16.977199958637357">
        <ele>1891.4000000000001</ele>
        <time>2024-11-25T12:31:29Z</time>
      </trkpt>
      <trkpt lat="-22.697617281228304" lon="16.976976916193962">
        <ele>1893.8</ele>
        <time>2024-11-25T12:31:30Z</time>
      </trkpt>
      <trkpt lat="-22.697791960090399" lon="16.976854540407658">
        <ele>1894.8</ele>
        <time>2024-11-25T12:31:32Z</time>
      </trkpt>
      <trkpt lat="-22.697964627295732" lon="16.976738786324859">
        <ele>1896</ele>
        <time>2024-11-25T12:31:33Z</time>
      </trkpt>
      <trkpt lat="-22.698141988366842" lon="16.976641388610005">
        <ele>1896.5999999999999</ele>
        <time>2024-11-25T12:31:34Z</time>
      </trkpt>
      <trkpt lat="-22.698325552046299" lon="16.976568466052413">
        <ele>1897.4000000000001</ele>
        <time>2024-11-25T12:31:36Z</time>
      </trkpt>
      <trkpt lat="-22.698516072705388" lon="16.976521275937557">
        <ele>1898</ele>
        <time>2024-11-25T12:31:37Z</time>
      </trkpt>
      <trkpt lat="-22.698709024116397" lon="16.976495627313852">
        <ele>1899</ele>
        <time>2024-11-25T12:31:38Z</time>
      </trkpt>
      <trkpt lat="-22.698904490098357" lon="16.976487915962934">
        <ele>1900.2</ele>
        <time>2024-11-25T12:31:39Z</time>
      </trkpt>
      <trkpt lat="-22.699100961908698" lon="16.976491268724203">
        <ele>1901</ele>
        <time>2024-11-25T12:31:41Z</time>
      </trkpt>
      <trkpt lat="-22.699300618842244" lon="16.976499063894153">
        <ele>1902.2</ele>
        <time>2024-11-25T12:31:42Z</time>
      </trkpt>
      <trkpt lat="-22.69950270652771" lon="16.976510882377625">
        <ele>1902.5999999999999</ele>
        <time>2024-11-25T12:31:43Z</time>
      </trkpt>
      <trkpt lat="-22.699700435623527" lon="16.976527730002999">
        <ele>1904</ele>
        <time>2024-11-25T12:31:45Z</time>
      </trkpt>
      <trkpt lat="-22.699896991252899" lon="16.976545499637723">
        <ele>1905.2</ele>
        <time>2024-11-25T12:31:46Z</time>
      </trkpt>
      <trkpt lat="-22.700093043968081" lon="16.97655756957829">
        <ele>1906.5999999999999</ele>
        <time>2024-11-25T12:31:47Z</time>
      </trkpt>
      <trkpt lat="-22.700287755578756" lon="16.9765570666641">
        <ele>1907.5999999999999</ele>
        <time>2024-11-25T12:31:48Z</time>
      </trkpt>
      <trkpt lat="-22.700481964275241" lon="16.976536111906171">
        <ele>1909</ele>
        <time>2024-11-25T12:31:50Z</time>
      </trkpt>
      <trkpt lat="-22.700674748048186" lon="16.976486574858427">
        <ele>1910</ele>
        <time>2024-11-25T12:31:51Z</time>
      </trkpt>
      <trkpt lat="-22.700858060270548" lon="16.976408958435059">
        <ele>1910.5999999999999</ele>
        <time>2024-11-25T12:31:52Z</time>
      </trkpt>
      <trkpt lat="-22.701037432998419" lon="16.976310135796666">
        <ele>1911.8</ele>
        <time>2024-11-25T12:31:54Z</time>
      </trkpt>
      <trkpt lat="-22.701211860403419" lon="16.976200751960278">
        <ele>1913</ele>
        <time>2024-11-25T12:31:55Z</time>
      </trkpt>
      <trkpt lat="-22.701386036351323" lon="16.976084494963288">
        <ele>1914.4000000000001</ele>
        <time>2024-11-25T12:31:56Z</time>
      </trkpt>
      <trkpt lat="-22.701563481241465" lon="16.975969998165965">
        <ele>1915.5999999999999</ele>
        <time>2024-11-25T12:31:58Z</time>
      </trkpt>
      <trkpt lat="-22.701743105426431" lon="16.975853322073817">
        <ele>1917.4000000000001</ele>
        <time>2024-11-25T12:31:59Z</time>
      </trkpt>
      <trkpt lat="-22.701925579458475" lon="16.975736143067479">
        <ele>1918</ele>
        <time>2024-11-25T12:32:00Z</time>
      </trkpt>
      <trkpt lat="-22.702112412080169" lon="16.975618796423078">
        <ele>1919.2</ele>
        <time>2024-11-25T12:32:01Z</time>
      </trkpt>
      <trkpt lat="-22.702301926910877" lon="16.975499102845788">
        <ele>1921.2</ele>
        <time>2024-11-25T12:32:03Z</time>
      </trkpt>
      <trkpt lat="-22.702486412599683" lon="16.975373793393373">
        <ele>1922.5999999999999</ele>
        <time>2024-11-25T12:32:04Z</time>
      </trkpt>
      <trkpt lat="-22.702668216079473" lon="16.975245550274849">
        <ele>1924.4000000000001</ele>
        <time>2024-11-25T12:32:05Z</time>
      </trkpt>
      <trkpt lat="-22.702847924083471" lon="16.975120157003403">
        <ele>1926</ele>
        <time>2024-11-25T12:32:07Z</time>
      </trkpt>
      <trkpt lat="-22.703025117516518" lon="16.974997613579035">
        <ele>1928</ele>
        <time>2024-11-25T12:32:08Z</time>
      </trkpt>
      <trkpt lat="-22.703199796378613" lon="16.974877249449492">
        <ele>1930</ele>
        <time>2024-11-25T12:32:09Z</time>
      </trkpt>
      <trkpt lat="-22.703374726697803" lon="16.974758058786392">
        <ele>1932</ele>
        <time>2024-11-25T12:32:11Z</time>
      </trkpt>
      <trkpt lat="-22.703550327569246" lon="16.97464163415134">
        <ele>1933.4000000000001</ele>
        <time>2024-11-25T12:32:12Z</time>
      </trkpt>
      <trkpt lat="-22.703722156584263" lon="16.974522527307272">
        <ele>1935</ele>
        <time>2024-11-25T12:32:13Z</time>
      </trkpt>
      <trkpt lat="-22.703884597867727" lon="16.974400905892253">
        <ele>1937.2</ele>
        <time>2024-11-25T12:32:15Z</time>
      </trkpt>
      <trkpt lat="-22.704037567600608" lon="16.974268639460206">
        <ele>1939.2</ele>
        <time>2024-11-25T12:32:16Z</time>
      </trkpt>
      <trkpt lat="-22.704181568697095" lon="16.974127991124988">
        <ele>1941.4000000000001</ele>
        <time>2024-11-25T12:32:17Z</time>
      </trkpt>
      <trkpt lat="-22.704321378841996" lon="16.973981978371739">
        <ele>1943.2</ele>
        <time>2024-11-25T12:32:19Z</time>
      </trkpt>
      <trkpt lat="-22.704461775720119" lon="16.973837641999125">
        <ele>1945.2</ele>
        <time>2024-11-25T12:32:20Z</time>
      </trkpt>
      <trkpt lat="-22.704604351893067" lon="16.973693808540702">
        <ele>1946.4000000000001</ele>
        <time>2024-11-25T12:32:21Z</time>
      </trkpt>
      <trkpt lat="-22.704748185351491" lon="16.973551735281944">
        <ele>1949.4000000000001</ele>
        <time>2024-11-25T12:32:23Z</time>
      </trkpt>
      <trkpt lat="-22.704893359914422" lon="16.973410751670599">
        <ele>1951</ele>
        <time>2024-11-25T12:32:24Z</time>
      </trkpt>
      <trkpt lat="-22.705043395981193" lon="16.973277982324362">
        <ele>1952.8</ele>
        <time>2024-11-25T12:32:25Z</time>
      </trkpt>
      <trkpt lat="-22.7052001375705" lon="16.97315669618547">
        <ele>1954.4000000000001</ele>
        <time>2024-11-25T12:32:27Z</time>
      </trkpt>
      <trkpt lat="-22.705362411215901" lon="16.97304236702621">
        <ele>1956.2</ele>
        <time>2024-11-25T12:32:28Z</time>
      </trkpt>
      <trkpt lat="-22.705530552193522" lon="16.97293340228498">
        <ele>1958</ele>
        <time>2024-11-25T12:32:29Z</time>
      </trkpt>
      <trkpt lat="-22.705699531361461" lon="16.972828041762114">
        <ele>1959.5999999999999</ele>
        <time>2024-11-25T12:32:31Z</time>
      </trkpt>
      <trkpt lat="-22.705868426710367" lon="16.972725028172135">
        <ele>1961.4000000000001</ele>
        <time>2024-11-25T12:32:32Z</time>
      </trkpt>
      <trkpt lat="-22.706036567687988" lon="16.972620841115713">
        <ele>1963.4000000000001</ele>
        <time>2024-11-25T12:32:33Z</time>
      </trkpt>
      <trkpt lat="-22.706198925152421" lon="16.972515312954783">
        <ele>1965.4000000000001</ele>
        <time>2024-11-25T12:32:35Z</time>
      </trkpt>
      <trkpt lat="-22.706351391971111" lon="16.972399558871984">
        <ele>1967</ele>
        <time>2024-11-25T12:32:36Z</time>
      </trkpt>
      <trkpt lat="-22.706493213772774" lon="16.972273914143443">
        <ele>1968.5999999999999</ele>
        <time>2024-11-25T12:32:37Z</time>
      </trkpt>
      <trkpt lat="-22.706625228747725" lon="16.972135864198208">
        <ele>1970.2</ele>
        <time>2024-11-25T12:32:39Z</time>
      </trkpt>
      <trkpt lat="-22.706741988658905" lon="16.971983481198549">
        <ele>1971.4000000000001</ele>
        <time>2024-11-25T12:32:40Z</time>
      </trkpt>
      <trkpt lat="-22.706845002248883" lon="16.971816597506404">
        <ele>1973</ele>
        <time>2024-11-25T12:32:41Z</time>
      </trkpt>
      <trkpt lat="-22.707025296986103" lon="16.971456091850996">
        <ele>1975.2</ele>
        <time>2024-11-25T12:32:43Z</time>
      </trkpt>
      <trkpt lat="-22.707112887874246" lon="16.971267834305763">
        <ele>1975.8</ele>
        <time>2024-11-25T12:32:44Z</time>
      </trkpt>
      <trkpt lat="-22.707203663885593" lon="16.971078403294086">
        <ele>1976.8</ele>
        <time>2024-11-25T12:32:46Z</time>
      </trkpt>
      <trkpt lat="-22.707295445725322" lon="16.970885451883078">
        <ele>1977.5999999999999</ele>
        <time>2024-11-25T12:32:47Z</time>
      </trkpt>
      <trkpt lat="-22.707484541460872" lon="16.970488065853715">
        <ele>1977.5999999999999</ele>
        <time>2024-11-25T12:32:48Z</time>
      </trkpt>
      <trkpt lat="-22.707581100985408" lon="16.970281368121505">
        <ele>1977.5999999999999</ele>
        <time>2024-11-25T12:32:50Z</time>
      </trkpt>
      <trkpt lat="-22.70788511261344" lon="16.969643086194992">
        <ele>1977</ele>
        <time>2024-11-25T12:32:51Z</time>
      </trkpt>
      <trkpt lat="-22.70820178091526" lon="16.968978904187679">
        <ele>1977</ele>
        <time>2024-11-25T12:32:52Z</time>
      </trkpt>
      <trkpt lat="-22.708523813635111" lon="16.968297455459833">
        <ele>1978</ele>
        <time>2024-11-25T12:32:54Z</time>
      </trkpt>
      <trkpt lat="-22.708632359281182" lon="16.968066869303584">
        <ele>1978.8</ele>
        <time>2024-11-25T12:32:55Z</time>
      </trkpt>
      <trkpt lat="-22.708741156384349" lon="16.96783603169024">
        <ele>1979.2</ele>
        <time>2024-11-25T12:32:56Z</time>
      </trkpt>
      <trkpt lat="-22.708850791677833" lon="16.967605110257864">
        <ele>1980</ele>
        <time>2024-11-25T12:32:58Z</time>
      </trkpt>
      <trkpt lat="-22.708960175514221" lon="16.967376032844186">
        <ele>1980.8</ele>
        <time>2024-11-25T12:32:59Z</time>
      </trkpt>
      <trkpt lat="-22.7090700622648" lon="16.967148967087269">
        <ele>1981.4000000000001</ele>
        <time>2024-11-25T12:33:01Z</time>
      </trkpt>
      <trkpt lat="-22.709179278463125" lon="16.966921230778098">
        <ele>1982.2</ele>
        <time>2024-11-25T12:33:02Z</time>
      </trkpt>
      <trkpt lat="-22.709287153556943" lon="16.966690979897976">
        <ele>1982.5999999999999</ele>
        <time>2024-11-25T12:33:03Z</time>
      </trkpt>
      <trkpt lat="-22.709393771365285" lon="16.966461399570107">
        <ele>1983.4000000000001</ele>
        <time>2024-11-25T12:33:05Z</time>
      </trkpt>
      <trkpt lat="-22.709500724449754" lon="16.966234752908349">
        <ele>1984.4000000000001</ele>
        <time>2024-11-25T12:33:06Z</time>
      </trkpt>
      <trkpt lat="-22.709613963961601" lon="16.966014392673969">
        <ele>1985.5999999999999</ele>
        <time>2024-11-25T12:33:08Z</time>
      </trkpt>
      <trkpt lat="-22.709738435223699" lon="16.96580627001822">
        <ele>1987.5999999999999</ele>
        <time>2024-11-25T12:33:09Z</time>
      </trkpt>
      <trkpt lat="-22.709875395521522" lon="16.965611977502704">
        <ele>1989.5999999999999</ele>
        <time>2024-11-25T12:33:10Z</time>
      </trkpt>
      <trkpt lat="-22.71002534776926" lon="16.965430341660976">
        <ele>1991.5999999999999</ele>
        <time>2024-11-25T12:33:12Z</time>
      </trkpt>
      <trkpt lat="-22.71018317900598" lon="16.965262033045292">
        <ele>1993.5999999999999</ele>
        <time>2024-11-25T12:33:13Z</time>
      </trkpt>
      <trkpt lat="-22.710345285013318" lon="16.965098418295383">
        <ele>1995.5999999999999</ele>
        <time>2024-11-25T12:33:15Z</time>
      </trkpt>
      <trkpt lat="-22.710509151220322" lon="16.964933965355158">
        <ele>1997.2</ele>
        <time>2024-11-25T12:33:16Z</time>
      </trkpt>
      <trkpt lat="-22.710673185065389" lon="16.9647659920156">
        <ele>1998.2</ele>
        <time>2024-11-25T12:33:17Z</time>
      </trkpt>
      <trkpt lat="-22.710836380720139" lon="16.964593911543489">
        <ele>2000.4000000000001</ele>
        <time>2024-11-25T12:33:19Z</time>
      </trkpt>
      <trkpt lat="-22.710998905822635" lon="16.964420657604933">
        <ele>2001.4000000000001</ele>
        <time>2024-11-25T12:33:20Z</time>
      </trkpt>
      <trkpt lat="-22.711162017658353" lon="16.96424706839025">
        <ele>2002.4000000000001</ele>
        <time>2024-11-25T12:33:22Z</time>
      </trkpt>
      <trkpt lat="-22.71132554858923" lon="16.964073143899441">
        <ele>2003.4000000000001</ele>
        <time>2024-11-25T12:33:23Z</time>
      </trkpt>
      <trkpt lat="-22.71149218082428" lon="16.963893687352538">
        <ele>2004.2</ele>
        <time>2024-11-25T12:33:24Z</time>
      </trkpt>
      <trkpt lat="-22.711659148335457" lon="16.963713560253382">
        <ele>2004.8</ele>
        <time>2024-11-25T12:33:26Z</time>
      </trkpt>
      <trkpt lat="-22.712177401408553" lon="16.963172005489469">
        <ele>2004.8</ele>
        <time>2024-11-25T12:33:27Z</time>
      </trkpt>
      <trkpt lat="-22.712704790756106" lon="16.962620727717876">
        <ele>2004.8</ele>
        <time>2024-11-25T12:33:29Z</time>
      </trkpt>
      <trkpt lat="-22.713054148480296" lon="16.962246308103204">
        <ele>2004.8</ele>
        <time>2024-11-25T12:33:30Z</time>
      </trkpt>
      <trkpt lat="-22.713226983323693" lon="16.962061319500208">
        <ele>2005</ele>
        <time>2024-11-25T12:33:31Z</time>
      </trkpt>
      <trkpt lat="-22.713394956663251" lon="16.961882617324591">
        <ele>2005.8</ele>
        <time>2024-11-25T12:33:33Z</time>
      </trkpt>
      <trkpt lat="-22.713561169803143" lon="16.961707938462496">
        <ele>2006.2</ele>
        <time>2024-11-25T12:33:34Z</time>
      </trkpt>
      <trkpt lat="-22.713724365457892" lon="16.961536360904574">
        <ele>2006.4000000000001</ele>
        <time>2024-11-25T12:33:36Z</time>
      </trkpt>
      <trkpt lat="-22.713884711265564" lon="16.961366962641478">
        <ele>2007.4000000000001</ele>
        <time>2024-11-25T12:33:37Z</time>
      </trkpt>
      <trkpt lat="-22.714043380692601" lon="16.961196893826127">
        <ele>2008</ele>
        <time>2024-11-25T12:33:39Z</time>
      </trkpt>
      <trkpt lat="-22.714202553033829" lon="16.96102942340076">
        <ele>2009</ele>
        <time>2024-11-25T12:33:40Z</time>
      </trkpt>
      <trkpt lat="-22.714367927983403" lon="16.960868155583739">
        <ele>2009.2</ele>
        <time>2024-11-25T12:33:42Z</time>
      </trkpt>
      <trkpt lat="-22.714541852474213" lon="16.960713341832161">
        <ele>2009.4000000000001</ele>
        <time>2024-11-25T12:33:43Z</time>
      </trkpt>
      <trkpt lat="-22.714721979573369" lon="16.960569005459547">
        <ele>2009.5999999999999</ele>
        <time>2024-11-25T12:33:44Z</time>
      </trkpt>
      <trkpt lat="-22.714915685355663" lon="16.960431542247534">
        <ele>2009.5999999999999</ele>
        <time>2024-11-25T12:33:46Z</time>
      </trkpt>
      <trkpt lat="-22.715118359774351" lon="16.96029944345355">
        <ele>2009.5999999999999</ele>
        <time>2024-11-25T12:33:47Z</time>
      </trkpt>
      <trkpt lat="-22.715329332277179" lon="16.960178408771753">
        <ele>2009.5999999999999</ele>
        <time>2024-11-25T12:33:49Z</time>
      </trkpt>
      <trkpt lat="-22.715545753017068" lon="16.960068689659238">
        <ele>2009.5999999999999</ele>
        <time>2024-11-25T12:33:50Z</time>
      </trkpt>
      <trkpt lat="-22.715772148221731" lon="16.959973806515336">
        <ele>2009.5999999999999</ele>
        <time>2024-11-25T12:33:52Z</time>
      </trkpt>
      <trkpt lat="-22.716012038290501" lon="16.95989535190165">
        <ele>2009.8</ele>
        <time>2024-11-25T12:33:53Z</time>
      </trkpt>
      <trkpt lat="-22.716269781813025" lon="16.959824105724692">
        <ele>2010.5999999999999</ele>
        <time>2024-11-25T12:33:55Z</time>
      </trkpt>
      <trkpt lat="-22.716516545042396" lon="16.959783956408501">
        <ele>2011</ele>
        <time>2024-11-25T12:33:56Z</time>
      </trkpt>
      <trkpt lat="-22.716758865863085" lon="16.959747578948736">
        <ele>2011.2</ele>
        <time>2024-11-25T12:33:57Z</time>
      </trkpt>
      <trkpt lat="-22.716996157541871" lon="16.959718158468604">
        <ele>2011.8</ele>
        <time>2024-11-25T12:33:59Z</time>
      </trkpt>
      <trkpt lat="-22.717238143086433" lon="16.959696784615517">
        <ele>2012.5999999999999</ele>
        <time>2024-11-25T12:34:00Z</time>
      </trkpt>
      <trkpt lat="-22.717474680393934" lon="16.959683960303664">
        <ele>2014</ele>
        <time>2024-11-25T12:34:02Z</time>
      </trkpt>
      <trkpt lat="-22.71770803257823" lon="16.959674572572112">
        <ele>2015.8</ele>
        <time>2024-11-25T12:34:03Z</time>
      </trkpt>
      <trkpt lat="-22.717938115820289" lon="16.959662502631545">
        <ele>2017.8</ele>
        <time>2024-11-25T12:34:05Z</time>
      </trkpt>
      <trkpt lat="-22.718161828815937" lon="16.959646241739392">
        <ele>2020.2</ele>
        <time>2024-11-25T12:34:06Z</time>
      </trkpt>
      <trkpt lat="-22.718381518498063" lon="16.959619419649243">
        <ele>2021.5999999999999</ele>
        <time>2024-11-25T12:34:08Z</time>
      </trkpt>
      <trkpt lat="-22.71859978325665" lon="16.95958798751235">
        <ele>2024</ele>
        <time>2024-11-25T12:34:09Z</time>
      </trkpt>
      <trkpt lat="-22.718814946711063" lon="16.959545994177461">
        <ele>2026.2</ele>
        <time>2024-11-25T12:34:11Z</time>
      </trkpt>
      <trkpt lat="-22.719025667756796" lon="16.959493272006512">
        <ele>2028</ele>
        <time>2024-11-25T12:34:12Z</time>
      </trkpt>
      <trkpt lat="-22.719229850918055" lon="16.959429820999503">
        <ele>2030.2</ele>
        <time>2024-11-25T12:34:14Z</time>
      </trkpt>
      <trkpt lat="-22.719431351870298" lon="16.959355724975467">
        <ele>2031.8</ele>
        <time>2024-11-25T12:34:15Z</time>
      </trkpt>
      <trkpt lat="-22.719633439555764" lon="16.959273079410195">
        <ele>2032.8</ele>
        <time>2024-11-25T12:34:16Z</time>
      </trkpt>
      <trkpt lat="-22.719837287440896" lon="16.959187667816877">
        <ele>2034</ele>
        <time>2024-11-25T12:34:18Z</time>
      </trkpt>
      <trkpt lat="-22.72003535181284" lon="16.959105106070638">
        <ele>2034.8</ele>
        <time>2024-11-25T12:34:19Z</time>
      </trkpt>
      <trkpt lat="-22.720232577994466" lon="16.959021789953113">
        <ele>2034.8</ele>
        <time>2024-11-25T12:34:21Z</time>
      </trkpt>
      <trkpt lat="-22.720431312918663" lon="16.958933193236589">
        <ele>2034.8</ele>
        <time>2024-11-25T12:34:22Z</time>
      </trkpt>
      <trkpt lat="-22.721029445528984" lon="16.958606131374836">
        <ele>2034.4000000000001</ele>
        <time>2024-11-25T12:34:24Z</time>
      </trkpt>
      <trkpt lat="-22.721426328644156" lon="16.95831997320056">
        <ele>2032</ele>
        <time>2024-11-25T12:34:25Z</time>
      </trkpt>
      <trkpt lat="-22.721621124073863" lon="16.958155771717429">
        <ele>2030.8</ele>
        <time>2024-11-25T12:34:27Z</time>
      </trkpt>
      <trkpt lat="-22.721820613369346" lon="16.95798578672111">
        <ele>2029.2</ele>
        <time>2024-11-25T12:34:28Z</time>
      </trkpt>
      <trkpt lat="-22.722024628892541" lon="16.957812532782555">
        <ele>2027.5999999999999</ele>
        <time>2024-11-25T12:34:30Z</time>
      </trkpt>
      <trkpt lat="-22.722229734063148" lon="16.957636009901762">
        <ele>2025.5999999999999</ele>
        <time>2024-11-25T12:34:31Z</time>
      </trkpt>
      <trkpt lat="-22.722440119832754" lon="16.95745998993516">
        <ele>2023.8</ele>
        <time>2024-11-25T12:34:33Z</time>
      </trkpt>
      <trkpt lat="-22.722651679068804" lon="16.957283886149526">
        <ele>2022.4000000000001</ele>
        <time>2024-11-25T12:34:34Z</time>
      </trkpt>
      <trkpt lat="-22.722861142829061" lon="16.957106441259384">
        <ele>2021.2</ele>
        <time>2024-11-25T12:34:36Z</time>
      </trkpt>
      <trkpt lat="-22.723067589104176" lon="16.956929080188274">
        <ele>2021</ele>
        <time>2024-11-25T12:34:37Z</time>
      </trkpt>
      <trkpt lat="-22.723266072571278" lon="16.956757586449385">
        <ele>2020.8</ele>
        <time>2024-11-25T12:34:39Z</time>
      </trkpt>
      <trkpt lat="-22.72347092628479" lon="16.956582739949226">
        <ele>2020.8</ele>
        <time>2024-11-25T12:34:40Z</time>
      </trkpt>
      <trkpt lat="-22.723892955109477" lon="16.956235812976956">
        <ele>2021</ele>
        <time>2024-11-25T12:34:42Z</time>
      </trkpt>
      <trkpt lat="-22.724325377494097" lon="16.955887293443084">
        <ele>2021.4000000000001</ele>
        <time>2024-11-25T12:34:43Z</time>
      </trkpt>
      <trkpt lat="-22.724537942558527" lon="16.955714710056782">
        <ele>2022.2</ele>
        <time>2024-11-25T12:34:45Z</time>
      </trkpt>
      <trkpt lat="-22.724741538986564" lon="16.955545144155622">
        <ele>2023</ele>
        <time>2024-11-25T12:34:46Z</time>
      </trkpt>
      <trkpt lat="-22.72494412958622" lon="16.955368537455797">
        <ele>2023.5999999999999</ele>
        <time>2024-11-25T12:34:48Z</time>
      </trkpt>
      <trkpt lat="-22.72514495998621" lon="16.955189500004053">
        <ele>2025</ele>
        <time>2024-11-25T12:34:49Z</time>
      </trkpt>
      <trkpt lat="-22.725533125922084" lon="16.954812984913588">
        <ele>2026.2</ele>
        <time>2024-11-25T12:34:51Z</time>
      </trkpt>
      <trkpt lat="-22.725716102868319" lon="16.954615842550993">
        <ele>2027</ele>
        <time>2024-11-25T12:34:53Z</time>
      </trkpt>
      <trkpt lat="-22.726065795868635" lon="16.954213762655854">
        <ele>2028.2</ele>
        <time>2024-11-25T12:34:54Z</time>
      </trkpt>
      <trkpt lat="-22.726230751723051" lon="16.954005053266883">
        <ele>2028.8</ele>
        <time>2024-11-25T12:34:56Z</time>
      </trkpt>
      <trkpt lat="-22.726387996226549" lon="16.953797768801451">
        <ele>2030</ele>
        <time>2024-11-25T12:34:57Z</time>
      </trkpt>
      <trkpt lat="-22.726536523550749" lon="16.953592328354716">
        <ele>2030.5999999999999</ele>
        <time>2024-11-25T12:34:59Z</time>
      </trkpt>
      <trkpt lat="-22.726683206856251" lon="16.953387642279267">
        <ele>2032</ele>
        <time>2024-11-25T12:35:00Z</time>
      </trkpt>
      <trkpt lat="-22.72681949660182" lon="16.953181698918343">
        <ele>2032.8</ele>
        <time>2024-11-25T12:35:02Z</time>
      </trkpt>
      <trkpt lat="-22.726942878216505" lon="16.952978018671274">
        <ele>2033.8</ele>
        <time>2024-11-25T12:35:03Z</time>
      </trkpt>
      <trkpt lat="-22.727050501853228" lon="16.952770398929715">
        <ele>2034.4000000000001</ele>
        <time>2024-11-25T12:35:05Z</time>
      </trkpt>
      <trkpt lat="-22.727159215137362" lon="16.952547524124384">
        <ele>2034.5999999999999</ele>
        <time>2024-11-25T12:35:06Z</time>
      </trkpt>
      <trkpt lat="-22.727268012240529" lon="16.952313501387835">
        <ele>2034.8</ele>
        <time>2024-11-25T12:35:08Z</time>
      </trkpt>
      <trkpt lat="-22.72737898863852" lon="16.952074533328414">
        <ele>2034.8</ele>
        <time>2024-11-25T12:35:09Z</time>
      </trkpt>
      <trkpt lat="-22.727492982521653" lon="16.951835146173835">
        <ele>2034.8</ele>
        <time>2024-11-25T12:35:11Z</time>
      </trkpt>
      <trkpt lat="-22.727605551481247" lon="16.951593495905399">
        <ele>2034.4000000000001</ele>
        <time>2024-11-25T12:35:13Z</time>
      </trkpt>
      <trkpt lat="-22.727715354412794" lon="16.951352013275027">
        <ele>2033.5999999999999</ele>
        <time>2024-11-25T12:35:14Z</time>
      </trkpt>
      <trkpt lat="-22.727824738249183" lon="16.95111270993948">
        <ele>2033.4000000000001</ele>
        <time>2024-11-25T12:35:16Z</time>
      </trkpt>
      <trkpt lat="-22.727933619171381" lon="16.950876927003264">
        <ele>2032.8</ele>
        <time>2024-11-25T12:35:17Z</time>
      </trkpt>
      <trkpt lat="-22.728042080998421" lon="16.950643071904778">
        <ele>2032.4000000000001</ele>
        <time>2024-11-25T12:35:19Z</time>
      </trkpt>
      <trkpt lat="-22.728151045739651" lon="16.950413659214973">
        <ele>2031.5999999999999</ele>
        <time>2024-11-25T12:35:20Z</time>
      </trkpt>
      <trkpt lat="-22.72825607098639" lon="16.950187431648374">
        <ele>2030.2</ele>
        <time>2024-11-25T12:35:22Z</time>
      </trkpt>
      <trkpt lat="-22.7283557318151" lon="16.949958857148886">
        <ele>2029.5999999999999</ele>
        <time>2024-11-25T12:35:23Z</time>
      </trkpt>
      <trkpt lat="-22.728440808132291" lon="16.949725756421685">
        <ele>2029.2</ele>
        <time>2024-11-25T12:35:25Z</time>
      </trkpt>
      <trkpt lat="-22.728506606072187" lon="16.949487878009677">
        <ele>2028.5999999999999</ele>
        <time>2024-11-25T12:35:27Z</time>
      </trkpt>
      <trkpt lat="-22.728548683226109" lon="16.949245808646083">
        <ele>2027.5999999999999</ele>
        <time>2024-11-25T12:35:28Z</time>
      </trkpt>
      <trkpt lat="-22.728570811450481" lon="16.94899502210319">
        <ele>2027</ele>
        <time>2024-11-25T12:35:30Z</time>
      </trkpt>
      <trkpt lat="-22.728573158383369" lon="16.948740715160966">
        <ele>2026.4000000000001</ele>
        <time>2024-11-25T12:35:31Z</time>
      </trkpt>
      <trkpt lat="-22.728500654920936" lon="16.947954744100571">
        <ele>2025.2</ele>
        <time>2024-11-25T12:35:33Z</time>
      </trkpt>
      <trkpt lat="-22.728421362116933" lon="16.947418889030814">
        <ele>2024</ele>
        <time>2024-11-25T12:35:34Z</time>
      </trkpt>
      <trkpt lat="-22.728299740701914" lon="16.946605844423175">
        <ele>2024</ele>
        <time>2024-11-25T12:35:36Z</time>
      </trkpt>
      <trkpt lat="-22.728257663547993" lon="16.946339718997478">
        <ele>2024.8</ele>
        <time>2024-11-25T12:35:38Z</time>
      </trkpt>
      <trkpt lat="-22.728216927498579" lon="16.946078203618526">
        <ele>2025.4000000000001</ele>
        <time>2024-11-25T12:35:39Z</time>
      </trkpt>
      <trkpt lat="-22.728177113458514" lon="16.945816017687321">
        <ele>2026.4000000000001</ele>
        <time>2024-11-25T12:35:41Z</time>
      </trkpt>
      <trkpt lat="-22.728138724341989" lon="16.945558106526732">
        <ele>2027.8</ele>
        <time>2024-11-25T12:35:42Z</time>
      </trkpt>
      <trkpt lat="-22.728101843968034" lon="16.945302374660969">
        <ele>2030</ele>
        <time>2024-11-25T12:35:44Z</time>
      </trkpt>
      <trkpt lat="-22.728066723793745" lon="16.945053683593869">
        <ele>2032.2</ele>
        <time>2024-11-25T12:35:46Z</time>
      </trkpt>
      <trkpt lat="-22.728032441809773" lon="16.944808261469007">
        <ele>2033.5999999999999</ele>
        <time>2024-11-25T12:35:47Z</time>
      </trkpt>
      <trkpt lat="-22.727998495101929" lon="16.94456459954381">
        <ele>2035.5999999999999</ele>
        <time>2024-11-25T12:35:49Z</time>
      </trkpt>
      <trkpt lat="-22.727965386584401" lon="16.944323787465692">
        <ele>2037.8</ele>
        <time>2024-11-25T12:35:50Z</time>
      </trkpt>
      <trkpt lat="-22.727934289723635" lon="16.944082640111446">
        <ele>2040</ele>
        <time>2024-11-25T12:35:52Z</time>
      </trkpt>
      <trkpt lat="-22.727902689948678" lon="16.943844258785248">
        <ele>2041.5999999999999</ele>
        <time>2024-11-25T12:35:54Z</time>
      </trkpt>
      <trkpt lat="-22.727870335802436" lon="16.943611996248364">
        <ele>2043</ele>
        <time>2024-11-25T12:35:55Z</time>
      </trkpt>
      <trkpt lat="-22.72783781401813" lon="16.943381242454052">
        <ele>2045.2</ele>
        <time>2024-11-25T12:35:57Z</time>
      </trkpt>
      <trkpt lat="-22.727803951129317" lon="16.943152835592628">
        <ele>2047.2</ele>
        <time>2024-11-25T12:35:58Z</time>
      </trkpt>
      <trkpt lat="-22.727771932259202" lon="16.942923590540886">
        <ele>2048.8000000000002</ele>
        <time>2024-11-25T12:36:00Z</time>
      </trkpt>
      <trkpt lat="-22.72774058394134" lon="16.942698117345572">
        <ele>2051.1999999999998</ele>
        <time>2024-11-25T12:36:02Z</time>
      </trkpt>
      <trkpt lat="-22.727709654718637" lon="16.942476835101843">
        <ele>2052.3899999999999</ele>
        <time>2024-11-25T12:36:03Z</time>
      </trkpt>
      <trkpt lat="-22.727684509009123" lon="16.942255301401019">
        <ele>2054.3899999999999</ele>
        <time>2024-11-25T12:36:05Z</time>
      </trkpt>
      <trkpt lat="-22.727666152641177" lon="16.94203401915729">
        <ele>2056.1999999999998</ele>
        <time>2024-11-25T12:36:06Z</time>
      </trkpt>
      <trkpt lat="-22.727656597271562" lon="16.94181215018034">
        <ele>2057.1999999999998</ele>
        <time>2024-11-25T12:36:08Z</time>
      </trkpt>
      <trkpt lat="-22.727662967517972" lon="16.941590448841453">
        <ele>2058.5999999999999</ele>
        <time>2024-11-25T12:36:10Z</time>
      </trkpt>
      <trkpt lat="-22.727689035236835" lon="16.941372351720929">
        <ele>2059.1999999999998</ele>
        <time>2024-11-25T12:36:11Z</time>
      </trkpt>
      <trkpt lat="-22.7277288492769" lon="16.941154925152659">
        <ele>2060</ele>
        <time>2024-11-25T12:36:13Z</time>
      </trkpt>
      <trkpt lat="-22.72778500802815" lon="16.9409404322505">
        <ele>2061.1999999999998</ele>
        <time>2024-11-25T12:36:14Z</time>
      </trkpt>
      <trkpt lat="-22.727857595309615" lon="16.94073080085218">
        <ele>2061.5999999999999</ele>
        <time>2024-11-25T12:36:16Z</time>
      </trkpt>
      <trkpt lat="-22.727946024388075" lon="16.940527958795428">
        <ele>2062.3899999999999</ele>
        <time>2024-11-25T12:36:18Z</time>
      </trkpt>
      <trkpt lat="-22.728066053241491" lon="16.940324949100614">
        <ele>2064.1999999999998</ele>
        <time>2024-11-25T12:36:19Z</time>
      </trkpt>
      <trkpt lat="-22.728181388229132" lon="16.940137529745698">
        <ele>2065</ele>
        <time>2024-11-25T12:36:21Z</time>
      </trkpt>
      <trkpt lat="-22.728308709338307" lon="16.93995539098978">
        <ele>2066</ele>
        <time>2024-11-25T12:36:23Z</time>
      </trkpt>
      <trkpt lat="-22.728441897779703" lon="16.939772665500641">
        <ele>2067.3899999999999</ele>
        <time>2024-11-25T12:36:24Z</time>
      </trkpt>
      <trkpt lat="-22.728576930239797" lon="16.939585246145725">
        <ele>2068.3899999999999</ele>
        <time>2024-11-25T12:36:26Z</time>
      </trkpt>
      <trkpt lat="-22.728713136166334" lon="16.939392294734716">
        <ele>2069.5999999999999</ele>
        <time>2024-11-25T12:36:27Z</time>
      </trkpt>
      <trkpt lat="-22.729148156940937" lon="16.938796257600188">
        <ele>2071</ele>
        <time>2024-11-25T12:36:29Z</time>
      </trkpt>
      <trkpt lat="-22.729458371177316" lon="16.938384957611561">
        <ele>2071</ele>
        <time>2024-11-25T12:36:31Z</time>
      </trkpt>
      <trkpt lat="-22.729780068621039" lon="16.937964353710413">
        <ele>2071</ele>
        <time>2024-11-25T12:36:32Z</time>
      </trkpt>
      <trkpt lat="-22.729940330609679" lon="16.937746675685048">
        <ele>2070.8000000000002</ele>
        <time>2024-11-25T12:36:34Z</time>
      </trkpt>
      <trkpt lat="-22.730266638100147" lon="16.937308218330145">
        <ele>2069.8000000000002</ele>
        <time>2024-11-25T12:36:36Z</time>
      </trkpt>
      <trkpt lat="-22.730435281991959" lon="16.937082661315799">
        <ele>2069.3899999999999</ele>
        <time>2024-11-25T12:36:37Z</time>
      </trkpt>
      <trkpt lat="-22.730603758245707" lon="16.936855092644691">
        <ele>2069.1999999999998</ele>
        <time>2024-11-25T12:36:39Z</time>
      </trkpt>
      <trkpt lat="-22.730772821232677" lon="16.936624590307474">
        <ele>2069</ele>
        <time>2024-11-25T12:36:41Z</time>
      </trkpt>
      <trkpt lat="-22.730942387133837" lon="16.936394842341542">
        <ele>2068.8000000000002</ele>
        <time>2024-11-25T12:36:42Z</time>
      </trkpt>
      <trkpt lat="-22.731112623587251" lon="16.936162076890469">
        <ele>2068.8000000000002</ele>
        <time>2024-11-25T12:36:44Z</time>
      </trkpt>
      <trkpt lat="-22.731283949688077" lon="16.935926293954253">
        <ele>2068.3899999999999</ele>
        <time>2024-11-25T12:36:46Z</time>
      </trkpt>
      <trkpt lat="-22.731457622721791" lon="16.935693109408021">
        <ele>2068.1999999999998</ele>
        <time>2024-11-25T12:36:47Z</time>
      </trkpt>
      <trkpt lat="-22.731634313240647" lon="16.935461852699518">
        <ele>2068</ele>
        <time>2024-11-25T12:36:49Z</time>
      </trkpt>
      <trkpt lat="-22.731806477531791" lon="16.935228416696191">
        <ele>2067.3899999999999</ele>
        <time>2024-11-25T12:36:51Z</time>
      </trkpt>
      <trkpt lat="-22.731974702328444" lon="16.934993974864483">
        <ele>2066</ele>
        <time>2024-11-25T12:36:52Z</time>
      </trkpt>
      <trkpt lat="-22.732145022600889" lon="16.934759449213743">
        <ele>2065</ele>
        <time>2024-11-25T12:36:54Z</time>
      </trkpt>
      <trkpt lat="-22.732316348701715" lon="16.934525175020099">
        <ele>2063.5999999999999</ele>
        <time>2024-11-25T12:36:56Z</time>
      </trkpt>
      <trkpt lat="-22.7324880938977" lon="16.934292241930962">
        <ele>2062.5999999999999</ele>
        <time>2024-11-25T12:36:57Z</time>
      </trkpt>
      <trkpt lat="-22.732659503817558" lon="16.934061320498586">
        <ele>2061.1999999999998</ele>
        <time>2024-11-25T12:36:59Z</time>
      </trkpt>
      <trkpt lat="-22.732832338660955" lon="16.933830315247178">
        <ele>2059.5999999999999</ele>
        <time>2024-11-25T12:37:01Z</time>
      </trkpt>
      <trkpt lat="-22.733180439099669" lon="16.933370484039187">
        <ele>2057.8000000000002</ele>
        <time>2024-11-25T12:37:02Z</time>
      </trkpt>
      <trkpt lat="-22.733350591734052" lon="16.933143921196461">
        <ele>2056.5999999999999</ele>
        <time>2024-11-25T12:37:04Z</time>
      </trkpt>
      <trkpt lat="-22.733523426577449" lon="16.932923393324018">
        <ele>2056</ele>
        <time>2024-11-25T12:37:06Z</time>
      </trkpt>
      <trkpt lat="-22.733712354674935" lon="16.932705547660589">
        <ele>2056</ele>
        <time>2024-11-25T12:37:07Z</time>
      </trkpt>
      <trkpt lat="-22.733904886990786" lon="16.932510919868946">
        <ele>2055.8000000000002</ele>
        <time>2024-11-25T12:37:09Z</time>
      </trkpt>
      <trkpt lat="-22.734098341315985" lon="16.932326015084982">
        <ele>2055.8000000000002</ele>
        <time>2024-11-25T12:37:11Z</time>
      </trkpt>
      <trkpt lat="-22.734296154230833" lon="16.93215150386095">
        <ele>2055.8000000000002</ele>
        <time>2024-11-25T12:37:12Z</time>
      </trkpt>
      <trkpt lat="-22.734499163925648" lon="16.93199073895812">
        <ele>2056</ele>
        <time>2024-11-25T12:37:14Z</time>
      </trkpt>
      <trkpt lat="-22.734711896628141" lon="16.931842295452952">
        <ele>2056.8000000000002</ele>
        <time>2024-11-25T12:37:16Z</time>
      </trkpt>
      <trkpt lat="-22.73493317887187" lon="16.931700808927417">
        <ele>2057.5999999999999</ele>
        <time>2024-11-25T12:37:17Z</time>
      </trkpt>
      <trkpt lat="-22.735159238800406" lon="16.931569464504719">
        <ele>2058.1999999999998</ele>
        <time>2024-11-25T12:37:19Z</time>
      </trkpt>
      <trkpt lat="-22.735615968704224" lon="16.93133351393044">
        <ele>2059.3899999999999</ele>
        <time>2024-11-25T12:37:21Z</time>
      </trkpt>
      <trkpt lat="-22.736088205128908" lon="16.931142155081034">
        <ele>2059.3899999999999</ele>
        <time>2024-11-25T12:37:23Z</time>
      </trkpt>
      <trkpt lat="-22.736816173419356" lon="16.930945431813598">
        <ele>2059.1999999999998</ele>
        <time>2024-11-25T12:37:24Z</time>
      </trkpt>
      <trkpt lat="-22.737288409844041" lon="16.930873515084386">
        <ele>2057.5999999999999</ele>
        <time>2024-11-25T12:37:26Z</time>
      </trkpt>
      <trkpt lat="-22.737786797806621" lon="16.9308209605515">
        <ele>2056</ele>
        <time>2024-11-25T12:37:28Z</time>
      </trkpt>
      <trkpt lat="-22.738045211881399" lon="16.930794976651669">
        <ele>2054</ele>
        <time>2024-11-25T12:37:29Z</time>
      </trkpt>
      <trkpt lat="-22.738303877413273" lon="16.930758096277714">
        <ele>2052.8000000000002</ele>
        <time>2024-11-25T12:37:31Z</time>
      </trkpt>
      <trkpt lat="-22.73856027983129" lon="16.930711073800921">
        <ele>2051.1999999999998</ele>
        <time>2024-11-25T12:37:33Z</time>
      </trkpt>
      <trkpt lat="-22.738817604258657" lon="16.930651143193245">
        <ele>2049.5999999999999</ele>
        <time>2024-11-25T12:37:35Z</time>
      </trkpt>
      <trkpt lat="-22.739072246477008" lon="16.930579477921128">
        <ele>2048.3899999999999</ele>
        <time>2024-11-25T12:37:36Z</time>
      </trkpt>
      <trkpt lat="-22.739324206486344" lon="16.930495155975223">
        <ele>2047.2</ele>
        <time>2024-11-25T12:37:38Z</time>
      </trkpt>
      <trkpt lat="-22.739574741572142" lon="16.930397422984242">
        <ele>2046</ele>
        <time>2024-11-25T12:37:40Z</time>
      </trkpt>
      <trkpt lat="-22.739824522286654" lon="16.930289128795266">
        <ele>2044.8</ele>
        <time>2024-11-25T12:37:41Z</time>
      </trkpt>
      <trkpt lat="-22.740296423435211" lon="16.930053094401956">
        <ele>2043</ele>
        <time>2024-11-25T12:37:43Z</time>
      </trkpt>
      <trkpt lat="-22.740513682365417" lon="16.929915379732847">
        <ele>2042</ele>
        <time>2024-11-25T12:37:45Z</time>
      </trkpt>
      <trkpt lat="-22.740722140297294" lon="16.92976551130414">
        <ele>2041.5999999999999</ele>
        <time>2024-11-25T12:37:47Z</time>
      </trkpt>
      <trkpt lat="-22.741131596267223" lon="16.929444903507829">
        <ele>2041.2</ele>
        <time>2024-11-25T12:37:48Z</time>
      </trkpt>
      <trkpt lat="-22.741743139922619" lon="16.9289646204561">
        <ele>2041.4000000000001</ele>
        <time>2024-11-25T12:37:50Z</time>
      </trkpt>
      <trkpt lat="-22.742363316938281" lon="16.928481236100197">
        <ele>2041.4000000000001</ele>
        <time>2024-11-25T12:37:52Z</time>
      </trkpt>
      <trkpt lat="-22.742574708536267" lon="16.928319884464145">
        <ele>2041.2</ele>
        <time>2024-11-25T12:37:54Z</time>
      </trkpt>
      <trkpt lat="-22.742788782343268" lon="16.928157526999712">
        <ele>2040.8</ele>
        <time>2024-11-25T12:37:55Z</time>
      </trkpt>
      <trkpt lat="-22.743437709286809" lon="16.927659306675196">
        <ele>2039.2</ele>
        <time>2024-11-25T12:37:57Z</time>
      </trkpt>
      <trkpt lat="-22.744100717827678" lon="16.927149351686239">
        <ele>2037.8</ele>
        <time>2024-11-25T12:37:59Z</time>
      </trkpt>
      <trkpt lat="-22.744555603712797" lon="16.926803598180413">
        <ele>2036.4000000000001</ele>
        <time>2024-11-25T12:38:01Z</time>
      </trkpt>
      <trkpt lat="-22.745014848187566" lon="16.926450803875923">
        <ele>2034.8</ele>
        <time>2024-11-25T12:38:03Z</time>
      </trkpt>
      <trkpt lat="-22.745475852862" lon="16.926095243543386">
        <ele>2033.2</ele>
        <time>2024-11-25T12:38:04Z</time>
      </trkpt>
      <trkpt lat="-22.745932498946786" lon="16.925737671554089">
        <ele>2031.8</ele>
        <time>2024-11-25T12:38:06Z</time>
      </trkpt>
      <trkpt lat="-22.74639300070703" lon="16.925381105393171">
        <ele>2030.5999999999999</ele>
        <time>2024-11-25T12:38:08Z</time>
      </trkpt>
      <trkpt lat="-22.746850736439228" lon="16.925029484555125">
        <ele>2030.2</ele>
        <time>2024-11-25T12:38:10Z</time>
      </trkpt>
      <trkpt lat="-22.747310316190124" lon="16.924678115174174">
        <ele>2030</ele>
        <time>2024-11-25T12:38:11Z</time>
      </trkpt>
      <trkpt lat="-22.747763358056545" lon="16.924331188201904">
        <ele>2030</ele>
        <time>2024-11-25T12:38:13Z</time>
      </trkpt>
      <trkpt lat="-22.747991345822811" lon="16.924157682806253">
        <ele>2029.5999999999999</ele>
        <time>2024-11-25T12:38:15Z</time>
      </trkpt>
      <trkpt lat="-22.74821950122714" lon="16.923983171582222">
        <ele>2029.4000000000001</ele>
        <time>2024-11-25T12:38:17Z</time>
      </trkpt>
      <trkpt lat="-22.748675812035799" lon="16.923639429733157">
        <ele>2029</ele>
        <time>2024-11-25T12:38:19Z</time>
      </trkpt>
      <trkpt lat="-22.749121226370335" lon="16.923302058130503">
        <ele>2028.5999999999999</ele>
        <time>2024-11-25T12:38:20Z</time>
      </trkpt>
      <trkpt lat="-22.749334210529923" lon="16.923141293227673">
        <ele>2028.4000000000001</ele>
        <time>2024-11-25T12:38:22Z</time>
      </trkpt>
      <trkpt lat="-22.749541411176324" lon="16.922992346808314">
        <ele>2028</ele>
        <time>2024-11-25T12:38:24Z</time>
      </trkpt>
      <trkpt lat="-22.749745594337583" lon="16.922853542491794">
        <ele>2027.4000000000001</ele>
        <time>2024-11-25T12:38:26Z</time>
      </trkpt>
      <trkpt lat="-22.749953214079142" lon="16.922729322686791">
        <ele>2027.2</ele>
        <time>2024-11-25T12:38:28Z</time>
      </trkpt>
      <trkpt lat="-22.75017349049449" lon="16.922624297440052">
        <ele>2027</ele>
        <time>2024-11-25T12:38:29Z</time>
      </trkpt>
      <trkpt lat="-22.750398376956582" lon="16.922534862533212">
        <ele>2026.8</ele>
        <time>2024-11-25T12:38:31Z</time>
      </trkpt>
      <trkpt lat="-22.75086147710681" lon="16.922391196712852">
        <ele>2026.2</ele>
        <time>2024-11-25T12:38:33Z</time>
      </trkpt>
      <trkpt lat="-22.751102456822991" lon="16.922341827303171">
        <ele>2025.4000000000001</ele>
        <time>2024-11-25T12:38:35Z</time>
      </trkpt>
      <trkpt lat="-22.751602856442332" lon="16.922271922230721">
        <ele>2024</ele>
        <time>2024-11-25T12:38:37Z</time>
      </trkpt>
      <trkpt lat="-22.751860432326794" lon="16.922237472608685">
        <ele>2022.8</ele>
        <time>2024-11-25T12:38:39Z</time>
      </trkpt>
      <trkpt lat="-22.752120858058333" lon="16.922199418768287">
        <ele>2021.5999999999999</ele>
        <time>2024-11-25T12:38:40Z</time>
      </trkpt>
      <trkpt lat="-22.752378853037953" lon="16.922152563929558">
        <ele>2020.2</ele>
        <time>2024-11-25T12:38:42Z</time>
      </trkpt>
      <trkpt lat="-22.752638272941113" lon="16.922094142064452">
        <ele>2019</ele>
        <time>2024-11-25T12:38:44Z</time>
      </trkpt>
      <trkpt lat="-22.752892915159464" lon="16.922017280012369">
        <ele>2017.5999999999999</ele>
        <time>2024-11-25T12:38:46Z</time>
      </trkpt>
      <trkpt lat="-22.753137499094009" lon="16.921922480687499">
        <ele>2016.5999999999999</ele>
        <time>2024-11-25T12:38:48Z</time>
      </trkpt>
      <trkpt lat="-22.753375461325049" lon="16.921813013032079">
        <ele>2015.5999999999999</ele>
        <time>2024-11-25T12:38:50Z</time>
      </trkpt>
      <trkpt lat="-22.75360370054841" lon="16.921689212322235">
        <ele>2015.4000000000001</ele>
        <time>2024-11-25T12:38:51Z</time>
      </trkpt>
      <trkpt lat="-22.753820372745395" lon="16.92154923453927">
        <ele>2014.5999999999999</ele>
        <time>2024-11-25T12:38:53Z</time>
      </trkpt>
      <trkpt lat="-22.754028663039207" lon="16.92139727063477">
        <ele>2014</ele>
        <time>2024-11-25T12:38:55Z</time>
      </trkpt>
      <trkpt lat="-22.754233181476593" lon="16.921230973675847">
        <ele>2013.4000000000001</ele>
        <time>2024-11-25T12:38:57Z</time>
      </trkpt>
      <trkpt lat="-22.754831397905946" lon="16.920689502730966">
        <ele>2013.2</ele>
        <time>2024-11-25T12:38:59Z</time>
      </trkpt>
      <trkpt lat="-22.755220653489232" lon="16.92033352330327">
        <ele>2012.8</ele>
        <time>2024-11-25T12:39:01Z</time>
      </trkpt>
      <trkpt lat="-22.75542282499373" lon="16.920162783935666">
        <ele>2012.4000000000001</ele>
        <time>2024-11-25T12:39:03Z</time>
      </trkpt>
      <trkpt lat="-22.755634468048811" lon="16.91999732516706">
        <ele>2011.5999999999999</ele>
        <time>2024-11-25T12:39:04Z</time>
      </trkpt>
      <trkpt lat="-22.755853738635778" lon="16.919840415939689">
        <ele>2011.2</ele>
        <time>2024-11-25T12:39:06Z</time>
      </trkpt>
      <trkpt lat="-22.756078876554966" lon="16.919687781482935">
        <ele>2010.5999999999999</ele>
        <time>2024-11-25T12:39:08Z</time>
      </trkpt>
      <trkpt lat="-22.756312480196357" lon="16.919540008530021">
        <ele>2009.5999999999999</ele>
        <time>2024-11-25T12:39:10Z</time>
      </trkpt>
      <trkpt lat="-22.756552705541253" lon="16.919400282204151">
        <ele>2008.4000000000001</ele>
        <time>2024-11-25T12:39:12Z</time>
      </trkpt>
      <trkpt lat="-22.757048243656754" lon="16.919149747118354">
        <ele>2007.8</ele>
        <time>2024-11-25T12:39:14Z</time>
      </trkpt>
      <trkpt lat="-22.757298946380615" lon="16.919035753235221">
        <ele>2007.4000000000001</ele>
        <time>2024-11-25T12:39:16Z</time>
      </trkpt>
      <trkpt lat="-22.758066644892097" lon="16.918758982792497">
        <ele>2007.5999999999999</ele>
        <time>2024-11-25T12:39:17Z</time>
      </trkpt>
      <trkpt lat="-22.758573833853006" lon="16.918602744117379">
        <ele>2008.4000000000001</ele>
        <time>2024-11-25T12:39:19Z</time>
      </trkpt>
      <trkpt lat="-22.758824704214931" lon="16.918533593416214">
        <ele>2008.8</ele>
        <time>2024-11-25T12:39:21Z</time>
      </trkpt>
      <trkpt lat="-22.759333485737443" lon="16.918391268700361">
        <ele>2009.2</ele>
        <time>2024-11-25T12:39:23Z</time>
      </trkpt>
      <trkpt lat="-22.760107889771461" lon="16.918178871273994">
        <ele>2008.8</ele>
        <time>2024-11-25T12:39:25Z</time>
      </trkpt>
      <trkpt lat="-22.760901991277933" lon="16.917968653142452">
        <ele>2008</ele>
        <time>2024-11-25T12:39:27Z</time>
      </trkpt>
      <trkpt lat="-22.761170128360391" lon="16.917892461642623">
        <ele>2008</ele>
        <time>2024-11-25T12:39:29Z</time>
      </trkpt>
      <trkpt lat="-22.761697601526976" lon="16.917724404484034">
        <ele>2008</ele>
        <time>2024-11-25T12:39:31Z</time>
      </trkpt>
      <trkpt lat="-22.761948639526963" lon="16.917638992890716">
        <ele>2008.2</ele>
        <time>2024-11-25T12:39:33Z</time>
      </trkpt>
      <trkpt lat="-22.762178890407085" lon="16.917546037584543">
        <ele>2008.8</ele>
        <time>2024-11-25T12:39:34Z</time>
      </trkpt>
      <trkpt lat="-22.762406626716256" lon="16.917445287108421">
        <ele>2009.4000000000001</ele>
        <time>2024-11-25T12:39:36Z</time>
      </trkpt>
      <trkpt lat="-22.762633105739951" lon="16.91733917221427">
        <ele>2010.2</ele>
        <time>2024-11-25T12:39:38Z</time>
      </trkpt>
      <trkpt lat="-22.762858243659139" lon="16.917226770892739">
        <ele>2010.5999999999999</ele>
        <time>2024-11-25T12:39:40Z</time>
      </trkpt>
      <trkpt lat="-22.763083297759295" lon="16.917114704847336">
        <ele>2011.2</ele>
        <time>2024-11-25T12:39:42Z</time>
      </trkpt>
      <trkpt lat="-22.763308938592672" lon="16.917006494477391">
        <ele>2011.5999999999999</ele>
        <time>2024-11-25T12:39:44Z</time>
      </trkpt>
      <trkpt lat="-22.76353114284575" lon="16.91690331324935">
        <ele>2011.5999999999999</ele>
        <time>2024-11-25T12:39:46Z</time>
      </trkpt>
      <trkpt lat="-22.763751335442066" lon="16.916798371821642">
        <ele>2011.5999999999999</ele>
        <time>2024-11-25T12:39:48Z</time>
      </trkpt>
      <trkpt lat="-22.763972952961922" lon="16.916695274412632">
        <ele>2011.5999999999999</ele>
        <time>2024-11-25T12:39:50Z</time>
      </trkpt>
      <trkpt lat="-22.764189876616001" lon="16.916591254994273">
        <ele>2011.4000000000001</ele>
        <time>2024-11-25T12:39:52Z</time>
      </trkpt>
      <trkpt lat="-22.764402106404305" lon="16.916482793167233">
        <ele>2010.8</ele>
        <time>2024-11-25T12:39:54Z</time>
      </trkpt>
      <trkpt lat="-22.764616934582591" lon="16.916365446522832">
        <ele>2009.5999999999999</ele>
        <time>2024-11-25T12:39:56Z</time>
      </trkpt>
      <trkpt lat="-22.765054469928145" lon="16.916116587817669">
        <ele>2007.2</ele>
        <time>2024-11-25T12:39:57Z</time>
      </trkpt>
      <trkpt lat="-22.765271477401257" lon="16.915981136262417">
        <ele>2006.2</ele>
        <time>2024-11-25T12:39:59Z</time>
      </trkpt>
      <trkpt lat="-22.765484461560845" lon="16.915831938385963">
        <ele>2005.5999999999999</ele>
        <time>2024-11-25T12:40:01Z</time>
      </trkpt>
      <trkpt lat="-22.765693673864007" lon="16.91566807217896">
        <ele>2004.2</ele>
        <time>2024-11-25T12:40:03Z</time>
      </trkpt>
      <trkpt lat="-22.765895007178187" lon="16.915493393316865">
        <ele>2003.5999999999999</ele>
        <time>2024-11-25T12:40:05Z</time>
      </trkpt>
      <trkpt lat="-22.766450894996524" lon="16.91491462290287">
        <ele>2003.2</ele>
        <time>2024-11-25T12:40:07Z</time>
      </trkpt>
      <trkpt lat="-22.766911899670959" lon="16.914270054548979">
        <ele>2004.5999999999999</ele>
        <time>2024-11-25T12:40:09Z</time>
      </trkpt>
      <trkpt lat="-22.767045255750418" lon="16.914047682657838">
        <ele>2005.4000000000001</ele>
        <time>2024-11-25T12:40:11Z</time>
      </trkpt>
      <trkpt lat="-22.767169559374452" lon="16.913823802024126">
        <ele>2006.2</ele>
        <time>2024-11-25T12:40:13Z</time>
      </trkpt>
      <trkpt lat="-22.767285732552409" lon="16.913595981895924">
        <ele>2007</ele>
        <time>2024-11-25T12:40:15Z</time>
      </trkpt>
      <trkpt lat="-22.767393440008163" lon="16.913362126797438">
        <ele>2007.5999999999999</ele>
        <time>2024-11-25T12:40:17Z</time>
      </trkpt>
      <trkpt lat="-22.767492178827524" lon="16.913127014413476">
        <ele>2008.4000000000001</ele>
        <time>2024-11-25T12:40:19Z</time>
      </trkpt>
      <trkpt lat="-22.767581781372428" lon="16.912891902029514">
        <ele>2008.5999999999999</ele>
        <time>2024-11-25T12:40:21Z</time>
      </trkpt>
      <trkpt lat="-22.767659146338701" lon="16.912652514874935">
        <ele>2008.5999999999999</ele>
        <time>2024-11-25T12:40:23Z</time>
      </trkpt>
      <trkpt lat="-22.76772502809763" lon="16.912406841292977">
        <ele>2008.5999999999999</ele>
        <time>2024-11-25T12:40:25Z</time>
      </trkpt>
      <trkpt lat="-22.767861653119326" lon="16.911626402288675">
        <ele>2006.8</ele>
        <time>2024-11-25T12:40:27Z</time>
      </trkpt>
      <trkpt lat="-22.767895264551044" lon="16.911357929930091">
        <ele>2005.5999999999999</ele>
        <time>2024-11-25T12:40:29Z</time>
      </trkpt>
      <trkpt lat="-22.76792585849762" lon="16.91109549254179">
        <ele>2004.5999999999999</ele>
        <time>2024-11-25T12:40:31Z</time>
      </trkpt>
      <trkpt lat="-22.767955865710974" lon="16.910841772332788">
        <ele>2003.2</ele>
        <time>2024-11-25T12:40:33Z</time>
      </trkpt>
      <trkpt lat="-22.767993584275246" lon="16.910594506189227">
        <ele>2001.5999999999999</ele>
        <time>2024-11-25T12:40:34Z</time>
      </trkpt>
      <trkpt lat="-22.768049743026495" lon="16.910356627777219">
        <ele>2000.2</ele>
        <time>2024-11-25T12:40:36Z</time>
      </trkpt>
      <trkpt lat="-22.768122581765056" lon="16.910128640010953">
        <ele>1999.4000000000001</ele>
        <time>2024-11-25T12:40:38Z</time>
      </trkpt>
      <trkpt lat="-22.768212100490928" lon="16.909908195957541">
        <ele>1999.4000000000001</ele>
        <time>2024-11-25T12:40:40Z</time>
      </trkpt>
      <trkpt lat="-22.768316706642509" lon="16.90969412215054">
        <ele>1999.4000000000001</ele>
        <time>2024-11-25T12:40:42Z</time>
      </trkpt>
      <trkpt lat="-22.76843598112464" lon="16.909490777179599">
        <ele>1999</ele>
        <time>2024-11-25T12:40:44Z</time>
      </trkpt>
      <trkpt lat="-22.768566235899925" lon="16.909297741949558">
        <ele>1999</ele>
        <time>2024-11-25T12:40:46Z</time>
      </trkpt>
      <trkpt lat="-22.768713673576713" lon="16.909123230725527">
        <ele>1999</ele>
        <time>2024-11-25T12:40:48Z</time>
      </trkpt>
      <trkpt lat="-22.768870163708925" lon="16.908966572955251">
        <ele>1999.5999999999999</ele>
        <time>2024-11-25T12:40:50Z</time>
      </trkpt>
      <trkpt lat="-22.769039310514927" lon="16.908822655677795">
        <ele>2000</ele>
        <time>2024-11-25T12:40:52Z</time>
      </trkpt>
      <trkpt lat="-22.769221030175686" lon="16.90869533456862">
        <ele>2000.5999999999999</ele>
        <time>2024-11-25T12:40:54Z</time>
      </trkpt>
      <trkpt lat="-22.769410125911236" lon="16.908587878569961">
        <ele>2001.4000000000001</ele>
        <time>2024-11-25T12:40:56Z</time>
      </trkpt>
      <trkpt lat="-22.769605340436101" lon="16.908501880243421">
        <ele>2001.8</ele>
        <time>2024-11-25T12:40:58Z</time>
      </trkpt>
      <trkpt lat="-22.770016305148602" lon="16.908350419253111">
        <ele>2003</ele>
        <time>2024-11-25T12:41:00Z</time>
      </trkpt>
      <trkpt lat="-22.770450739189982" lon="16.90820331685245">
        <ele>2003.8</ele>
        <time>2024-11-25T12:41:02Z</time>
      </trkpt>
      <trkpt lat="-22.770665818825364" lon="16.908129639923573">
        <ele>2004.4000000000001</ele>
        <time>2024-11-25T12:41:04Z</time>
      </trkpt>
      <trkpt lat="-22.771322373300791" lon="16.907918499782681">
        <ele>2006</ele>
        <time>2024-11-25T12:41:06Z</time>
      </trkpt>
      <trkpt lat="-22.771996194496751" lon="16.907708197832108">
        <ele>2006.2</ele>
        <time>2024-11-25T12:41:08Z</time>
      </trkpt>
      <trkpt lat="-22.772218817844987" lon="16.907630078494549">
        <ele>2006.2</ele>
        <time>2024-11-25T12:41:10Z</time>
      </trkpt>
      <trkpt lat="-22.77243934571743" lon="16.907541481778026">
        <ele>2006</ele>
        <time>2024-11-25T12:41:12Z</time>
      </trkpt>
      <trkpt lat="-22.772661130875349" lon="16.907443413510919">
        <ele>2005.5999999999999</ele>
        <time>2024-11-25T12:41:14Z</time>
      </trkpt>
      <trkpt lat="-22.772880317643285" lon="16.907335203140974">
        <ele>2004.5999999999999</ele>
        <time>2024-11-25T12:41:16Z</time>
      </trkpt>
      <trkpt lat="-22.773095900192857" lon="16.907213414087892">
        <ele>2004</ele>
        <time>2024-11-25T12:41:18Z</time>
      </trkpt>
      <trkpt lat="-22.773307375609875" lon="16.907074609771371">
        <ele>2002.8</ele>
        <time>2024-11-25T12:41:20Z</time>
      </trkpt>
      <trkpt lat="-22.773515833541751" lon="16.906923148781061">
        <ele>2002</ele>
        <time>2024-11-25T12:41:22Z</time>
      </trkpt>
      <trkpt lat="-22.773718424141407" lon="16.906758947297931">
        <ele>2001.2</ele>
        <time>2024-11-25T12:41:24Z</time>
      </trkpt>
      <trkpt lat="-22.773911962285638" lon="16.906584436073899">
        <ele>2000.5999999999999</ele>
        <time>2024-11-25T12:41:26Z</time>
      </trkpt>
      <trkpt lat="-22.774274060502648" lon="16.906201215460896">
        <ele>2000.2</ele>
        <time>2024-11-25T12:41:28Z</time>
      </trkpt>
      <trkpt lat="-22.774719307199121" lon="16.905523957684636">
        <ele>1999.8</ele>
        <time>2024-11-25T12:41:30Z</time>
      </trkpt>
      <trkpt lat="-22.775045447051525" lon="16.904760869219899">
        <ele>1999.4000000000001</ele>
        <time>2024-11-25T12:41:32Z</time>
      </trkpt>
      <trkpt lat="-22.775137647986412" lon="16.904494157060981">
        <ele>1998.8</ele>
        <time>2024-11-25T12:41:34Z</time>
      </trkpt>
      <trkpt lat="-22.775316350162029" lon="16.903955200687051">
        <ele>1997.8</ele>
        <time>2024-11-25T12:41:36Z</time>
      </trkpt>
      <trkpt lat="-22.775492621585727" lon="16.903402749449015">
        <ele>1996</ele>
        <time>2024-11-25T12:41:38Z</time>
      </trkpt>
      <trkpt lat="-22.775674760341644" lon="16.902849292382598">
        <ele>1995</ele>
        <time>2024-11-25T12:41:41Z</time>
      </trkpt>
      <trkpt lat="-22.775764614343643" lon="16.902570342645049">
        <ele>1994.2</ele>
        <time>2024-11-25T12:41:43Z</time>
      </trkpt>
      <trkpt lat="-22.775852624326944" lon="16.902290051802993">
        <ele>1993.2</ele>
        <time>2024-11-25T12:41:45Z</time>
      </trkpt>
      <trkpt lat="-22.775941388681531" lon="16.902008503675461">
        <ele>1992.8</ele>
        <time>2024-11-25T12:41:47Z</time>
      </trkpt>
      <trkpt lat="-22.776031577959657" lon="16.901726368814707">
        <ele>1992.5999999999999</ele>
        <time>2024-11-25T12:41:49Z</time>
      </trkpt>
      <trkpt lat="-22.776122437790036" lon="16.901447167620063">
        <ele>1992.2</ele>
        <time>2024-11-25T12:41:51Z</time>
      </trkpt>
      <trkpt lat="-22.776213968172669" lon="16.901170397177339">
        <ele>1991.8</ele>
        <time>2024-11-25T12:41:53Z</time>
      </trkpt>
      <trkpt lat="-22.776390742510557" lon="16.900613084435463">
        <ele>1991.4000000000001</ele>
        <time>2024-11-25T12:41:55Z</time>
      </trkpt>
      <trkpt lat="-22.776655945926905" lon="16.899785036221147">
        <ele>1991</ele>
        <time>2024-11-25T12:41:57Z</time>
      </trkpt>
      <trkpt lat="-22.776753678917885" lon="16.899513211101294">
        <ele>1990.8</ele>
        <time>2024-11-25T12:41:59Z</time>
      </trkpt>
      <trkpt lat="-22.776856608688831" lon="16.899243062362075">
        <ele>1990.4000000000001</ele>
        <time>2024-11-25T12:42:01Z</time>
      </trkpt>
      <trkpt lat="-22.776967082172632" lon="16.898977607488632">
        <ele>1990.4000000000001</ele>
        <time>2024-11-25T12:42:03Z</time>
      </trkpt>
      <trkpt lat="-22.777084847912192" lon="16.898720199242234">
        <ele>1990.4000000000001</ele>
        <time>2024-11-25T12:42:05Z</time>
      </trkpt>
      <trkpt lat="-22.777211163192987" lon="16.898468658328056">
        <ele>1990.4000000000001</ele>
        <time>2024-11-25T12:42:07Z</time>
      </trkpt>
      <trkpt lat="-22.777343597263098" lon="16.898222900927067">
        <ele>1990.4000000000001</ele>
        <time>2024-11-25T12:42:09Z</time>
      </trkpt>
      <trkpt lat="-22.777481647208333" lon="16.897985441610217">
        <ele>1990.4000000000001</ele>
        <time>2024-11-25T12:42:11Z</time>
      </trkpt>
      <trkpt lat="-22.777626821771264" lon="16.897754603996873">
        <ele>1990.2</ele>
        <time>2024-11-25T12:42:14Z</time>
      </trkpt>
      <trkpt lat="-22.777922786772251" lon="16.897311620414257">
        <ele>1989.4000000000001</ele>
        <time>2024-11-25T12:42:16Z</time>
      </trkpt>
      <trkpt lat="-22.778086066246033" lon="16.897104503586888">
        <ele>1989</ele>
        <time>2024-11-25T12:42:18Z</time>
      </trkpt>
      <trkpt lat="-22.778429724276066" lon="16.896704686805606">
        <ele>1988.2</ele>
        <time>2024-11-25T12:42:20Z</time>
      </trkpt>
      <trkpt lat="-22.778606582432985" lon="16.896508801728487">
        <ele>1987</ele>
        <time>2024-11-25T12:42:22Z</time>
      </trkpt>
      <trkpt lat="-22.778979493305087" lon="16.896127257496119">
        <ele>1985.2</ele>
        <time>2024-11-25T12:42:24Z</time>
      </trkpt>
      <trkpt lat="-22.77917604893446" lon="16.895942268893123">
        <ele>1983.8</ele>
        <time>2024-11-25T12:42:26Z</time>
      </trkpt>
      <trkpt lat="-22.779593719169497" lon="16.895590983331203">
        <ele>1981.5999999999999</ele>
        <time>2024-11-25T12:42:28Z</time>
      </trkpt>
      <trkpt lat="-22.780020525678992" lon="16.895237769931555">
        <ele>1979.8</ele>
        <time>2024-11-25T12:42:30Z</time>
      </trkpt>
      <trkpt lat="-22.780241221189499" lon="16.895060827955604">
        <ele>1977.5999999999999</ele>
        <time>2024-11-25T12:42:32Z</time>
      </trkpt>
      <trkpt lat="-22.780456887558103" lon="16.894880617037416">
        <ele>1976.4000000000001</ele>
        <time>2024-11-25T12:42:34Z</time>
      </trkpt>
      <trkpt lat="-22.780670374631882" lon="16.894698310643435">
        <ele>1974.8</ele>
        <time>2024-11-25T12:42:37Z</time>
      </trkpt>
      <trkpt lat="-22.780886208638549" lon="16.894517429172993">
        <ele>1973.5999999999999</ele>
        <time>2024-11-25T12:42:39Z</time>
      </trkpt>
      <trkpt lat="-22.781096510589123" lon="16.894338140264153">
        <ele>1972.2</ele>
        <time>2024-11-25T12:42:41Z</time>
      </trkpt>
      <trkpt lat="-22.781310249119997" lon="16.894154995679855">
        <ele>1970.5999999999999</ele>
        <time>2024-11-25T12:42:43Z</time>
      </trkpt>
      <trkpt lat="-22.781528932973742" lon="16.893970426172018">
        <ele>1968.5999999999999</ele>
        <time>2024-11-25T12:42:45Z</time>
      </trkpt>
      <trkpt lat="-22.781749377027154" lon="16.893787449225783">
        <ele>1967</ele>
        <time>2024-11-25T12:42:47Z</time>
      </trkpt>
      <trkpt lat="-22.781970072537661" lon="16.893604723736644">
        <ele>1965.4000000000001</ele>
        <time>2024-11-25T12:42:49Z</time>
      </trkpt>
      <trkpt lat="-22.782191019505262" lon="16.893420405685902">
        <ele>1963.8</ele>
        <time>2024-11-25T12:42:51Z</time>
      </trkpt>
      <trkpt lat="-22.78241322375834" lon="16.893236422911286">
        <ele>1961.5999999999999</ele>
        <time>2024-11-25T12:42:54Z</time>
      </trkpt>
      <trkpt lat="-22.782633751630783" lon="16.893055541440845">
        <ele>1959.8</ele>
        <time>2024-11-25T12:42:56Z</time>
      </trkpt>
      <trkpt lat="-22.782852770760655" lon="16.892875079065561">
        <ele>1958.2</ele>
        <time>2024-11-25T12:42:58Z</time>
      </trkpt>
      <trkpt lat="-22.783071873709559" lon="16.892700316384435">
        <ele>1957.2</ele>
        <time>2024-11-25T12:43:00Z</time>
      </trkpt>
      <trkpt lat="-22.78328787535429" lon="16.892535947263241">
        <ele>1955.5999999999999</ele>
        <time>2024-11-25T12:43:02Z</time>
      </trkpt>
      <trkpt lat="-22.783501194790006" lon="16.892379373311996">
        <ele>1955.4000000000001</ele>
        <time>2024-11-25T12:43:04Z</time>
      </trkpt>
      <trkpt lat="-22.783717112615705" lon="16.892244257032871">
        <ele>1955.4000000000001</ele>
        <time>2024-11-25T12:43:06Z</time>
      </trkpt>
      <trkpt lat="-22.783936718478799" lon="16.892122635617852">
        <ele>1955.4000000000001</ele>
        <time>2024-11-25T12:43:08Z</time>
      </trkpt>
      <trkpt lat="-22.784152468666434" lon="16.892011910676956">
        <ele>1955.5999999999999</ele>
        <time>2024-11-25T12:43:11Z</time>
      </trkpt>
      <trkpt lat="-22.78436528518796" lon="16.891912166029215">
        <ele>1956.8</ele>
        <time>2024-11-25T12:43:13Z</time>
      </trkpt>
      <trkpt lat="-22.784576341509819" lon="16.891819378361106">
        <ele>1958.5999999999999</ele>
        <time>2024-11-25T12:43:15Z</time>
      </trkpt>
      <trkpt lat="-22.78478404507041" lon="16.891733631491661">
        <ele>1960.2</ele>
        <time>2024-11-25T12:43:17Z</time>
      </trkpt>
      <trkpt lat="-22.784998370334506" lon="16.89166322350502">
        <ele>1961.4000000000001</ele>
        <time>2024-11-25T12:43:19Z</time>
      </trkpt>
      <trkpt lat="-22.785210516303778" lon="16.891602370887995">
        <ele>1963</ele>
        <time>2024-11-25T12:43:21Z</time>
      </trkpt>
      <trkpt lat="-22.785422913730145" lon="16.891554174944758">
        <ele>1964.8</ele>
        <time>2024-11-25T12:43:23Z</time>
      </trkpt>
      <trkpt lat="-22.785635646432638" lon="16.89151712693274">
        <ele>1966.4000000000001</ele>
        <time>2024-11-25T12:43:26Z</time>
      </trkpt>
      <trkpt lat="-22.785853073000908" lon="16.891491478309035">
        <ele>1967.4000000000001</ele>
        <time>2024-11-25T12:43:28Z</time>
      </trkpt>
      <trkpt lat="-22.7860745228827" lon="16.891478402540088">
        <ele>1968.5999999999999</ele>
        <time>2024-11-25T12:43:30Z</time>
      </trkpt>
      <trkpt lat="-22.786297732964158" lon="16.891474043950438">
        <ele>1970</ele>
        <time>2024-11-25T12:43:32Z</time>
      </trkpt>
      <trkpt lat="-22.786743147298694" lon="16.891480246558785">
        <ele>1972</ele>
        <time>2024-11-25T12:43:34Z</time>
      </trkpt>
      <trkpt lat="-22.787430379539728" lon="16.891520898789167">
        <ele>1973.4000000000001</ele>
        <time>2024-11-25T12:43:36Z</time>
      </trkpt>
      <trkpt lat="-22.7876649890095" lon="16.891543362289667">
        <ele>1974.4000000000001</ele>
        <time>2024-11-25T12:43:38Z</time>
      </trkpt>
      <trkpt lat="-22.787895742803812" lon="16.891564233228564">
        <ele>1975.2</ele>
        <time>2024-11-25T12:43:41Z</time>
      </trkpt>
      <trkpt lat="-22.788120629265904" lon="16.891577811911702">
        <ele>1975.5999999999999</ele>
        <time>2024-11-25T12:43:43Z</time>
      </trkpt>
      <trkpt lat="-22.788337552919984" lon="16.891581332311034">
        <ele>1976</ele>
        <time>2024-11-25T12:43:45Z</time>
      </trkpt>
      <trkpt lat="-22.788548357784748" lon="16.891569430008531">
        <ele>1976</ele>
        <time>2024-11-25T12:43:47Z</time>
      </trkpt>
      <trkpt lat="-22.788757989183068" lon="16.891543278470635">
        <ele>1976</ele>
        <time>2024-11-25T12:43:49Z</time>
      </trkpt>
      <trkpt lat="-22.788966447114944" lon="16.891497513279319">
        <ele>1976</ele>
        <time>2024-11-25T12:43:51Z</time>
      </trkpt>
      <trkpt lat="-22.789170295000076" lon="16.891430793330073">
        <ele>1975.4000000000001</ele>
        <time>2024-11-25T12:43:54Z</time>
      </trkpt>
      <trkpt lat="-22.789371376857162" lon="16.891346387565136">
        <ele>1975</ele>
        <time>2024-11-25T12:43:56Z</time>
      </trkpt>
      <trkpt lat="-22.789569944143295" lon="16.891240272670984">
        <ele>1973.5999999999999</ele>
        <time>2024-11-25T12:43:58Z</time>
      </trkpt>
      <trkpt lat="-22.789762308821082" lon="16.891118483617902">
        <ele>1972.4000000000001</ele>
        <time>2024-11-25T12:44:00Z</time>
      </trkpt>
      <trkpt lat="-22.789948889985681" lon="16.890979846939445">
        <ele>1971.2</ele>
        <time>2024-11-25T12:44:02Z</time>
      </trkpt>
      <trkpt lat="-22.790128430351615" lon="16.890825955197215">
        <ele>1970.4000000000001</ele>
        <time>2024-11-25T12:44:05Z</time>
      </trkpt>
      <trkpt lat="-22.790304701775312" lon="16.890657311305404">
        <ele>1968.5999999999999</ele>
        <time>2024-11-25T12:44:07Z</time>
      </trkpt>
      <trkpt lat="-22.790470914915204" lon="16.890472490340471">
        <ele>1967.4000000000001</ele>
        <time>2024-11-25T12:44:09Z</time>
      </trkpt>
      <trkpt lat="-22.790629835799336" lon="16.890271911397576">
        <ele>1965.5999999999999</ele>
        <time>2024-11-25T12:44:11Z</time>
      </trkpt>
      <trkpt lat="-22.790783308446407" lon="16.890062196180224">
        <ele>1964</ele>
        <time>2024-11-25T12:44:13Z</time>
      </trkpt>
      <trkpt lat="-22.790933679789305" lon="16.889839740470052">
        <ele>1962.4000000000001</ele>
        <time>2024-11-25T12:44:15Z</time>
      </trkpt>
      <trkpt lat="-22.791222352534533" lon="16.889384519308805">
        <ele>1960.8</ele>
        <time>2024-11-25T12:44:18Z</time>
      </trkpt>
      <trkpt lat="-22.791647901758552" lon="16.888687899336219">
        <ele>1960.5999999999999</ele>
        <time>2024-11-25T12:44:20Z</time>
      </trkpt>
      <trkpt lat="-22.792060794308782" lon="16.888003516942263">
        <ele>1962.5999999999999</ele>
        <time>2024-11-25T12:44:22Z</time>
      </trkpt>
      <trkpt lat="-22.792198676615953" lon="16.887776870280504">
        <ele>1963.5999999999999</ele>
        <time>2024-11-25T12:44:24Z</time>
      </trkpt>
      <trkpt lat="-22.792338402941823" lon="16.887550223618746">
        <ele>1965</ele>
        <time>2024-11-25T12:44:26Z</time>
      </trkpt>
      <trkpt lat="-22.7924794703722" lon="16.887322906404734">
        <ele>1966.4000000000001</ele>
        <time>2024-11-25T12:44:29Z</time>
      </trkpt>
      <trkpt lat="-22.792619531974196" lon="16.887096930295229">
        <ele>1967.2</ele>
        <time>2024-11-25T12:44:31Z</time>
      </trkpt>
      <trkpt lat="-22.792763113975525" lon="16.886868523433805">
        <ele>1967.5999999999999</ele>
        <time>2024-11-25T12:44:33Z</time>
      </trkpt>
      <trkpt lat="-22.793049607425928" lon="16.886411709710956">
        <ele>1968.5999999999999</ele>
        <time>2024-11-25T12:44:35Z</time>
      </trkpt>
      <trkpt lat="-22.793465349823236" lon="16.885727997869253">
        <ele>1969.5999999999999</ele>
        <time>2024-11-25T12:44:37Z</time>
      </trkpt>
      <trkpt lat="-22.793605411425233" lon="16.8855010997504">
        <ele>1969.8</ele>
        <time>2024-11-25T12:44:40Z</time>
      </trkpt>
      <trkpt lat="-22.793883187696338" lon="16.885050572454929">
        <ele>1971.2</ele>
        <time>2024-11-25T12:44:42Z</time>
      </trkpt>
      <trkpt lat="-22.794018555432558" lon="16.884827530011535">
        <ele>1972.5999999999999</ele>
        <time>2024-11-25T12:44:44Z</time>
      </trkpt>
      <trkpt lat="-22.794151827692986" lon="16.88460691832006">
        <ele>1973.2</ele>
        <time>2024-11-25T12:44:46Z</time>
      </trkpt>
      <trkpt lat="-22.79428543522954" lon="16.884393095970154">
        <ele>1974</ele>
        <time>2024-11-25T12:44:49Z</time>
      </trkpt>
      <trkpt lat="-22.794419126585126" lon="16.884184386581182">
        <ele>1975.2</ele>
        <time>2024-11-25T12:44:51Z</time>
      </trkpt>
      <trkpt lat="-22.794557930901647" lon="16.883985651656985">
        <ele>1975.4000000000001</ele>
        <time>2024-11-25T12:44:53Z</time>
      </trkpt>
      <trkpt lat="-22.794706458225846" lon="16.883794628083706">
        <ele>1975.4000000000001</ele>
        <time>2024-11-25T12:44:55Z</time>
      </trkpt>
      <trkpt lat="-22.794861691072583" lon="16.883608968928456">
        <ele>1975.4000000000001</ele>
        <time>2024-11-25T12:44:58Z</time>
      </trkpt>
      <trkpt lat="-22.795025976374745" lon="16.883436553180218">
        <ele>1975.4000000000001</ele>
        <time>2024-11-25T12:45:00Z</time>
      </trkpt>
      <trkpt lat="-22.795195793733001" lon="16.883272100239992">
        <ele>1975.4000000000001</ele>
        <time>2024-11-25T12:45:02Z</time>
      </trkpt>
      <trkpt lat="-22.795373573899269" lon="16.883110497146845">
        <ele>1974.4000000000001</ele>
        <time>2024-11-25T12:45:04Z</time>
      </trkpt>
      <trkpt lat="-22.795560574159026" lon="16.882954007014632">
        <ele>1973.8</ele>
        <time>2024-11-25T12:45:07Z</time>
      </trkpt>
      <trkpt lat="-22.795758051797748" lon="16.882803803309798">
        <ele>1973.2</ele>
        <time>2024-11-25T12:45:09Z</time>
      </trkpt>
      <trkpt lat="-22.795966928824782" lon="16.882655862718821">
        <ele>1972.4000000000001</ele>
        <time>2024-11-25T12:45:11Z</time>
      </trkpt>
      <trkpt lat="-22.796176308766007" lon="16.882503479719162">
        <ele>1971.4000000000001</ele>
        <time>2024-11-25T12:45:13Z</time>
      </trkpt>
      <trkpt lat="-22.796390550211072" lon="16.882350258529186">
        <ele>1970.5999999999999</ele>
        <time>2024-11-25T12:45:15Z</time>
      </trkpt>
      <trkpt lat="-22.796609569340944" lon="16.882193014025688">
        <ele>1968.4000000000001</ele>
        <time>2024-11-25T12:45:18Z</time>
      </trkpt>
      <trkpt lat="-22.796831773594022" lon="16.882032668218017">
        <ele>1967.5999999999999</ele>
        <time>2024-11-25T12:45:20Z</time>
      </trkpt>
      <trkpt lat="-22.797056911513209" lon="16.881869053468108">
        <ele>1966.2</ele>
        <time>2024-11-25T12:45:22Z</time>
      </trkpt>
      <trkpt lat="-22.797283474355936" lon="16.881702672690153">
        <ele>1964.4000000000001</ele>
        <time>2024-11-25T12:45:24Z</time>
      </trkpt>
      <trkpt lat="-22.797512216493487" lon="16.88153687864542">
        <ele>1963.2</ele>
        <time>2024-11-25T12:45:27Z</time>
      </trkpt>
      <trkpt lat="-22.797974813729525" lon="16.881202692165971">
        <ele>1961</ele>
        <time>2024-11-25T12:45:29Z</time>
      </trkpt>
      <trkpt lat="-22.798435734584928" lon="16.880863476544619">
        <ele>1960.2</ele>
        <time>2024-11-25T12:45:31Z</time>
      </trkpt>
      <trkpt lat="-22.798663303256035" lon="16.880688210949302">
        <ele>1959.5999999999999</ele>
        <time>2024-11-25T12:45:34Z</time>
      </trkpt>
      <trkpt lat="-22.799108130857348" lon="16.880318485200405">
        <ele>1958.8</ele>
        <time>2024-11-25T12:45:36Z</time>
      </trkpt>
      <trkpt lat="-22.799323126673698" lon="16.880123354494572">
        <ele>1958.5999999999999</ele>
        <time>2024-11-25T12:45:38Z</time>
      </trkpt>
      <trkpt lat="-22.799739874899387" lon="16.879723118618131">
        <ele>1957.4000000000001</ele>
        <time>2024-11-25T12:45:40Z</time>
      </trkpt>
      <trkpt lat="-22.800128795206547" lon="16.879299245774746">
        <ele>1956.4000000000001</ele>
        <time>2024-11-25T12:45:43Z</time>
      </trkpt>
      <trkpt lat="-22.800312526524067" lon="16.879077460616827">
        <ele>1956.2</ele>
        <time>2024-11-25T12:45:45Z</time>
      </trkpt>
      <trkpt lat="-22.800655765458941" lon="16.878617042675614">
        <ele>1956</ele>
        <time>2024-11-25T12:45:47Z</time>
      </trkpt>
      <trkpt lat="-22.800811836495996" lon="16.878378828987479">
        <ele>1955.8</ele>
        <time>2024-11-25T12:45:49Z</time>
      </trkpt>
      <trkpt lat="-22.801224142313004" lon="16.877626134082675">
        <ele>1955.8</ele>
        <time>2024-11-25T12:45:52Z</time>
      </trkpt>
      <trkpt lat="-22.801470486447215" lon="16.877096816897392">
        <ele>1956.4000000000001</ele>
        <time>2024-11-25T12:45:54Z</time>
      </trkpt>
      <trkpt lat="-22.801711382344365" lon="16.876568170264363">
        <ele>1956.8</ele>
        <time>2024-11-25T12:45:56Z</time>
      </trkpt>
      <trkpt lat="-22.801831746473908" lon="16.876307660713792">
        <ele>1957</ele>
        <time>2024-11-25T12:45:59Z</time>
      </trkpt>
      <trkpt lat="-22.801950434222817" lon="16.876045474782586">
        <ele>1957.2</ele>
        <time>2024-11-25T12:46:01Z</time>
      </trkpt>
      <trkpt lat="-22.802074067294598" lon="16.875775661319494">
        <ele>1957.4000000000001</ele>
        <time>2024-11-25T12:46:03Z</time>
      </trkpt>
      <trkpt lat="-22.802311861887574" lon="16.875246092677116">
        <ele>1957.5999999999999</ele>
        <time>2024-11-25T12:46:06Z</time>
      </trkpt>
      <trkpt lat="-22.802665326744318" lon="16.874466994777322">
        <ele>1958</ele>
        <time>2024-11-25T12:46:08Z</time>
      </trkpt>
      <trkpt lat="-22.802783343940973" lon="16.874210927635431">
        <ele>1958.4000000000001</ele>
        <time>2024-11-25T12:46:10Z</time>
      </trkpt>
      <trkpt lat="-22.802898930385709" lon="16.873958380892873">
        <ele>1958.5999999999999</ele>
        <time>2024-11-25T12:46:13Z</time>
      </trkpt>
      <trkpt lat="-22.803011331707239" lon="16.873708097264171">
        <ele>1958.5999999999999</ele>
        <time>2024-11-25T12:46:15Z</time>
      </trkpt>
      <trkpt lat="-22.803120631724596" lon="16.873459741473198">
        <ele>1958.4000000000001</ele>
        <time>2024-11-25T12:46:17Z</time>
      </trkpt>
      <trkpt lat="-22.803225070238113" lon="16.873212559148669">
        <ele>1958.4000000000001</ele>
        <time>2024-11-25T12:46:20Z</time>
      </trkpt>
      <trkpt lat="-22.803330179303885" lon="16.872967723757029">
        <ele>1958.2</ele>
        <time>2024-11-25T12:46:22Z</time>
      </trkpt>
      <trkpt lat="-22.803436713293195" lon="16.872721714898944">
        <ele>1958</ele>
        <time>2024-11-25T12:46:24Z</time>
      </trkpt>
      <trkpt lat="-22.803547186776996" lon="16.872475789859891">
        <ele>1957.4000000000001</ele>
        <time>2024-11-25T12:46:27Z</time>
      </trkpt>
      <trkpt lat="-22.803660593926907" lon="16.87222802080214">
        <ele>1956.4000000000001</ele>
        <time>2024-11-25T12:46:29Z</time>
      </trkpt>
      <trkpt lat="-22.804004168137908" lon="16.871467949822545">
        <ele>1954.5999999999999</ele>
        <time>2024-11-25T12:46:31Z</time>
      </trkpt>
      <trkpt lat="-22.804120928049088" lon="16.871210373938084">
        <ele>1953.5999999999999</ele>
        <time>2024-11-25T12:46:34Z</time>
      </trkpt>
      <trkpt lat="-22.804238023236394" lon="16.870953552424908">
        <ele>1951.5999999999999</ele>
        <time>2024-11-25T12:46:36Z</time>
      </trkpt>
      <trkpt lat="-22.804470369592309" lon="16.870428761467338">
        <ele>1950.4000000000001</ele>
        <time>2024-11-25T12:46:38Z</time>
      </trkpt>
      <trkpt lat="-22.804590230807662" lon="16.870167413726449">
        <ele>1949.2</ele>
        <time>2024-11-25T12:46:41Z</time>
      </trkpt>
      <trkpt lat="-22.804831378161907" lon="16.869642790406942">
        <ele>1947.5999999999999</ele>
        <time>2024-11-25T12:46:43Z</time>
      </trkpt>
      <trkpt lat="-22.804952329024673" lon="16.869376162067056">
        <ele>1947.2</ele>
        <time>2024-11-25T12:46:45Z</time>
      </trkpt>
      <trkpt lat="-22.805190542712808" lon="16.868847263976932">
        <ele>1947</ele>
        <time>2024-11-25T12:46:48Z</time>
      </trkpt>
      <trkpt lat="-22.805309481918812" lon="16.868581306189299">
        <ele>1946.5999999999999</ele>
        <time>2024-11-25T12:46:50Z</time>
      </trkpt>
      <trkpt lat="-22.805546522140503" lon="16.868052324280143">
        <ele>1946.4000000000001</ele>
        <time>2024-11-25T12:46:52Z</time>
      </trkpt>
      <trkpt lat="-22.805792614817619" lon="16.867528120055795">
        <ele>1946.4000000000001</ele>
        <time>2024-11-25T12:46:55Z</time>
      </trkpt>
      <trkpt lat="-22.806053292006254" lon="16.867011459544301">
        <ele>1946.2</ele>
        <time>2024-11-25T12:46:57Z</time>
      </trkpt>
      <trkpt lat="-22.806324446573853" lon="16.866498654708266">
        <ele>1946.2</ele>
        <time>2024-11-25T12:46:59Z</time>
      </trkpt>
      <trkpt lat="-22.806606162339449" lon="16.865985933691263">
        <ele>1945.8</ele>
        <time>2024-11-25T12:47:02Z</time>
      </trkpt>
      <trkpt lat="-22.806895757094026" lon="16.865471787750721">
        <ele>1945.5999999999999</ele>
        <time>2024-11-25T12:47:04Z</time>
      </trkpt>
      <trkpt lat="-22.807185770943761" lon="16.864966275170445">
        <ele>1945.2</ele>
        <time>2024-11-25T12:47:07Z</time>
      </trkpt>
      <trkpt lat="-22.807329772040248" lon="16.864718087017536">
        <ele>1944.8</ele>
        <time>2024-11-25T12:47:09Z</time>
      </trkpt>
      <trkpt lat="-22.807474276050925" lon="16.864469731226563">
        <ele>1944.5999999999999</ele>
        <time>2024-11-25T12:47:11Z</time>
      </trkpt>
      <trkpt lat="-22.807618696242571" lon="16.864220285788178">
        <ele>1944.5999999999999</ele>
        <time>2024-11-25T12:47:14Z</time>
      </trkpt>
      <trkpt lat="-22.807904267683625" lon="16.863718880340457">
        <ele>1944</ele>
        <time>2024-11-25T12:47:16Z</time>
      </trkpt>
      <trkpt lat="-22.808048520237207" lon="16.863468680530787">
        <ele>1943.8</ele>
        <time>2024-11-25T12:47:18Z</time>
      </trkpt>
      <trkpt lat="-22.808340126648545" lon="16.862961240112782">
        <ele>1943.4000000000001</ele>
        <time>2024-11-25T12:47:21Z</time>
      </trkpt>
      <trkpt lat="-22.808628715574741" lon="16.862449608743191">
        <ele>1942</ele>
        <time>2024-11-25T12:47:23Z</time>
      </trkpt>
      <trkpt lat="-22.808924010023475" lon="16.861942335963249">
        <ele>1940.5999999999999</ele>
        <time>2024-11-25T12:47:26Z</time>
      </trkpt>
      <trkpt lat="-22.809212179854512" lon="16.861433386802673">
        <ele>1938.5999999999999</ele>
        <time>2024-11-25T12:47:28Z</time>
      </trkpt>
      <trkpt lat="-22.809358863160014" lon="16.861178996041417">
        <ele>1938.2</ele>
        <time>2024-11-25T12:47:31Z</time>
      </trkpt>
      <trkpt lat="-22.809503702446818" lon="16.860924605280161">
        <ele>1937.4000000000001</ele>
        <time>2024-11-25T12:47:33Z</time>
      </trkpt>
      <trkpt lat="-22.809787765145302" lon="16.860420266166329">
        <ele>1936.4000000000001</ele>
        <time>2024-11-25T12:47:35Z</time>
      </trkpt>
      <trkpt lat="-22.810072749853134" lon="16.859918441623449">
        <ele>1935.2</ele>
        <time>2024-11-25T12:47:38Z</time>
      </trkpt>
      <trkpt lat="-22.810362260788679" lon="16.859415443614125">
        <ele>1934.4000000000001</ele>
        <time>2024-11-25T12:47:40Z</time>
      </trkpt>
      <trkpt lat="-22.810651604086161" lon="16.858915630728006">
        <ele>1934.2</ele>
        <time>2024-11-25T12:47:43Z</time>
      </trkpt>
      <trkpt lat="-22.810795940458775" lon="16.858663586899638">
        <ele>1934</ele>
        <time>2024-11-25T12:47:45Z</time>
      </trkpt>
      <trkpt lat="-22.811085283756256" lon="16.85815648175776">
        <ele>1933.8</ele>
        <time>2024-11-25T12:47:47Z</time>
      </trkpt>
      <trkpt lat="-22.811380159109831" lon="16.857658177614212">
        <ele>1933.4000000000001</ele>
        <time>2024-11-25T12:47:50Z</time>
      </trkpt>
      <trkpt lat="-22.811668580397964" lon="16.857162471860647">
        <ele>1933</ele>
        <time>2024-11-25T12:47:52Z</time>
      </trkpt>
      <trkpt lat="-22.81195716932416" lon="16.856657965108752">
        <ele>1932.2</ele>
        <time>2024-11-25T12:47:55Z</time>
      </trkpt>
      <trkpt lat="-22.812246093526483" lon="16.856147507205606">
        <ele>1932</ele>
        <time>2024-11-25T12:47:57Z</time>
      </trkpt>
      <trkpt lat="-22.812541807070374" lon="16.855632187798619">
        <ele>1931.8</ele>
        <time>2024-11-25T12:48:00Z</time>
      </trkpt>
      <trkpt lat="-22.812834167852998" lon="16.855115611106157">
        <ele>1931.5999999999999</ele>
        <time>2024-11-25T12:48:02Z</time>
      </trkpt>
      <trkpt lat="-22.812978839501739" lon="16.854864237830043">
        <ele>1931.5999999999999</ele>
        <time>2024-11-25T12:48:05Z</time>
      </trkpt>
      <trkpt lat="-22.813126528635621" lon="16.854612194001675">
        <ele>1931.4000000000001</ele>
        <time>2024-11-25T12:48:07Z</time>
      </trkpt>
      <trkpt lat="-22.813412770628929" lon="16.854114644229412">
        <ele>1930.5999999999999</ele>
        <time>2024-11-25T12:48:10Z</time>
      </trkpt>
      <trkpt lat="-22.81355501152575" lon="16.853867713361979">
        <ele>1930</ele>
        <time>2024-11-25T12:48:12Z</time>
      </trkpt>
      <trkpt lat="-22.813693983480334" lon="16.853623883798718">
        <ele>1929.2</ele>
        <time>2024-11-25T12:48:14Z</time>
      </trkpt>
      <trkpt lat="-22.813831279054284" lon="16.85338013805449">
        <ele>1928.8</ele>
        <time>2024-11-25T12:48:17Z</time>
      </trkpt>
      <trkpt lat="-22.813966982066631" lon="16.853141589090228">
        <ele>1928</ele>
        <time>2024-11-25T12:48:19Z</time>
      </trkpt>
      <trkpt lat="-22.814096231013536" lon="16.852899603545666">
        <ele>1926.4000000000001</ele>
        <time>2024-11-25T12:48:22Z</time>
      </trkpt>
      <trkpt lat="-22.814237298443913" lon="16.852662982419133">
        <ele>1925.4000000000001</ele>
        <time>2024-11-25T12:48:24Z</time>
      </trkpt>
      <trkpt lat="-22.814374761655927" lon="16.852422254160047">
        <ele>1924.2</ele>
        <time>2024-11-25T12:48:27Z</time>
      </trkpt>
      <trkpt lat="-22.814516248181462" lon="16.85218202881515">
        <ele>1922.8</ele>
        <time>2024-11-25T12:48:29Z</time>
      </trkpt>
      <trkpt lat="-22.814659243449569" lon="16.851936941966414">
        <ele>1920.8</ele>
        <time>2024-11-25T12:48:32Z</time>
      </trkpt>
      <trkpt lat="-22.814800310879946" lon="16.851691184565425">
        <ele>1919</ele>
        <time>2024-11-25T12:48:34Z</time>
      </trkpt>
      <trkpt lat="-22.814945401623845" lon="16.851440649479628">
        <ele>1916.8</ele>
        <time>2024-11-25T12:48:37Z</time>
      </trkpt>
      <trkpt lat="-22.815089821815491" lon="16.851194808259606">
        <ele>1914.5999999999999</ele>
        <time>2024-11-25T12:48:39Z</time>
      </trkpt>
      <trkpt lat="-22.815231643617153" lon="16.850944021716714">
        <ele>1913.2</ele>
        <time>2024-11-25T12:48:42Z</time>
      </trkpt>
      <trkpt lat="-22.815373884513974" lon="16.850692145526409">
        <ele>1911.2</ele>
        <time>2024-11-25T12:48:44Z</time>
      </trkpt>
      <trkpt lat="-22.815514029935002" lon="16.850438425317407">
        <ele>1909.2</ele>
        <time>2024-11-25T12:48:47Z</time>
      </trkpt>
      <trkpt lat="-22.815656354650855" lon="16.850186381489038">
        <ele>1907.5999999999999</ele>
        <time>2024-11-25T12:48:49Z</time>
      </trkpt>
      <trkpt lat="-22.815938070416451" lon="16.849684221670032">
        <ele>1906.2</ele>
        <time>2024-11-25T12:48:52Z</time>
      </trkpt>
      <trkpt lat="-22.816213248297572" lon="16.849187258630991">
        <ele>1904.4000000000001</ele>
        <time>2024-11-25T12:48:54Z</time>
      </trkpt>
      <trkpt lat="-22.816620860248804" lon="16.848446046933532">
        <ele>1903.2</ele>
        <time>2024-11-25T12:48:57Z</time>
      </trkpt>
      <trkpt lat="-22.817066106945276" lon="16.847716234624386">
        <ele>1902.5999999999999</ele>
        <time>2024-11-25T12:48:59Z</time>
      </trkpt>
      <trkpt lat="-22.817223938181996" lon="16.847477098926902">
        <ele>1902.4000000000001</ele>
        <time>2024-11-25T12:49:02Z</time>
      </trkpt>
      <trkpt lat="-22.817386798560619" lon="16.847241567447782">
        <ele>1902</ele>
        <time>2024-11-25T12:49:04Z</time>
      </trkpt>
      <trkpt lat="-22.817897256463766" lon="16.846568835899234">
        <ele>1901.2</ele>
        <time>2024-11-25T12:49:07Z</time>
      </trkpt>
      <trkpt lat="-22.818078305572271" lon="16.846357276663184">
        <ele>1900.8</ele>
        <time>2024-11-25T12:49:09Z</time>
      </trkpt>
      <trkpt lat="-22.818653471767902" lon="16.845769034698606">
        <ele>1899.4000000000001</ele>
        <time>2024-11-25T12:49:12Z</time>
      </trkpt>
      <trkpt lat="-22.819275325164199" lon="16.845223791897297">
        <ele>1899</ele>
        <time>2024-11-25T12:49:14Z</time>
      </trkpt>
      <trkpt lat="-22.819697773084044" lon="16.844857838004827">
        <ele>1898.5999999999999</ele>
        <time>2024-11-25T12:49:17Z</time>
      </trkpt>
      <trkpt lat="-22.819911260157824" lon="16.844677207991481">
        <ele>1898.2</ele>
        <time>2024-11-25T12:49:19Z</time>
      </trkpt>
      <trkpt lat="-22.820552056655288" lon="16.844146382063627">
        <ele>1897.8</ele>
        <time>2024-11-25T12:49:22Z</time>
      </trkpt>
      <trkpt lat="-22.820965787395835" lon="16.843789480626583">
        <ele>1898.2</ele>
        <time>2024-11-25T12:49:24Z</time>
      </trkpt>
      <trkpt lat="-22.821573559194803" lon="16.843235353007913">
        <ele>1899.2</ele>
        <time>2024-11-25T12:49:27Z</time>
      </trkpt>
      <trkpt lat="-22.821770953014493" lon="16.843046089634299">
        <ele>1900</ele>
        <time>2024-11-25T12:49:30Z</time>
      </trkpt>
      <trkpt lat="-22.821964574977756" lon="16.842855652794242">
        <ele>1900.5999999999999</ele>
        <time>2024-11-25T12:49:32Z</time>
      </trkpt>
      <trkpt lat="-22.822152329608798" lon="16.842661360278726">
        <ele>1901.5999999999999</ele>
        <time>2024-11-25T12:49:35Z</time>
      </trkpt>
      <trkpt lat="-22.822507303208113" lon="16.842258609831333">
        <ele>1903.8</ele>
        <time>2024-11-25T12:49:37Z</time>
      </trkpt>
      <trkpt lat="-22.822679718956351" lon="16.842040847986937">
        <ele>1904.4000000000001</ele>
        <time>2024-11-25T12:49:40Z</time>
      </trkpt>
      <trkpt lat="-22.822844004258513" lon="16.84182308614254">
        <ele>1904.8</ele>
        <time>2024-11-25T12:49:42Z</time>
      </trkpt>
      <trkpt lat="-22.823301153257489" lon="16.841134428977966">
        <ele>1906</ele>
        <time>2024-11-25T12:49:45Z</time>
      </trkpt>
      <trkpt lat="-22.823578845709562" lon="16.840643333271146">
        <ele>1906</ele>
        <time>2024-11-25T12:49:48Z</time>
      </trkpt>
      <trkpt lat="-22.823708932846785" lon="16.840391373261809">
        <ele>1906</ele>
        <time>2024-11-25T12:49:50Z</time>
      </trkpt>
      <trkpt lat="-22.82382938079536" lon="16.840132791548967">
        <ele>1905.5999999999999</ele>
        <time>2024-11-25T12:49:53Z</time>
      </trkpt>
      <trkpt lat="-22.823943374678493" lon="16.839865576475859">
        <ele>1905.2</ele>
        <time>2024-11-25T12:49:55Z</time>
      </trkpt>
      <trkpt lat="-22.824057452380657" lon="16.839593667536974">
        <ele>1904</ele>
        <time>2024-11-25T12:49:58Z</time>
      </trkpt>
      <trkpt lat="-22.824169434607029" lon="16.839319579303265">
        <ele>1903.2</ele>
        <time>2024-11-25T12:50:00Z</time>
      </trkpt>
      <trkpt lat="-22.824278566986322" lon="16.839045993983746">
        <ele>1902</ele>
        <time>2024-11-25T12:50:03Z</time>
      </trkpt>
      <trkpt lat="-22.824387950822711" lon="16.838768469169736">
        <ele>1901.5999999999999</ele>
        <time>2024-11-25T12:50:06Z</time>
      </trkpt>
      <trkpt lat="-22.824497669935226" lon="16.838493542745709">
        <ele>1901</ele>
        <time>2024-11-25T12:50:08Z</time>
      </trkpt>
      <trkpt lat="-22.824607221409678" lon="16.838218616321683">
        <ele>1900.2</ele>
        <time>2024-11-25T12:50:11Z</time>
      </trkpt>
      <trkpt lat="-22.824716018512845" lon="16.837942767888308">
        <ele>1900</ele>
        <time>2024-11-25T12:50:13Z</time>
      </trkpt>
      <trkpt lat="-22.824823055416346" lon="16.837669601663947">
        <ele>1900</ele>
        <time>2024-11-25T12:50:16Z</time>
      </trkpt>
      <trkpt lat="-22.824929924681783" lon="16.837399788200855">
        <ele>1900</ele>
        <time>2024-11-25T12:50:19Z</time>
      </trkpt>
      <trkpt lat="-22.825039140880108" lon="16.837131483480334">
        <ele>1900.2</ele>
        <time>2024-11-25T12:50:21Z</time>
      </trkpt>
      <trkpt lat="-22.825147099792957" lon="16.836865525692701">
        <ele>1900.4000000000001</ele>
        <time>2024-11-25T12:50:24Z</time>
      </trkpt>
      <trkpt lat="-22.825254388153553" lon="16.83660015463829">
        <ele>1901.4000000000001</ele>
        <time>2024-11-25T12:50:26Z</time>
      </trkpt>
      <trkpt lat="-22.825359329581261" lon="16.836337298154831">
        <ele>1902</ele>
        <time>2024-11-25T12:50:29Z</time>
      </trkpt>
      <trkpt lat="-22.825465276837349" lon="16.836072094738483">
        <ele>1902.5999999999999</ele>
        <time>2024-11-25T12:50:32Z</time>
      </trkpt>
      <trkpt lat="-22.825569380074739" lon="16.835801778361201">
        <ele>1903.5999999999999</ele>
        <time>2024-11-25T12:50:34Z</time>
      </trkpt>
      <trkpt lat="-22.825776748359203" lon="16.835258044302464">
        <ele>1904.4000000000001</ele>
        <time>2024-11-25T12:50:37Z</time>
      </trkpt>
      <trkpt lat="-22.825880432501435" lon="16.834983536973596">
        <ele>1904.5999999999999</ele>
        <time>2024-11-25T12:50:39Z</time>
      </trkpt>
      <trkpt lat="-22.825986463576555" lon="16.834707856178284">
        <ele>1904.5999999999999</ele>
        <time>2024-11-25T12:50:42Z</time>
      </trkpt>
      <trkpt lat="-22.826093332841992" lon="16.834433935582638">
        <ele>1904.5999999999999</ele>
        <time>2024-11-25T12:50:45Z</time>
      </trkpt>
      <trkpt lat="-22.82620313577354" lon="16.834155907854438">
        <ele>1904</ele>
        <time>2024-11-25T12:50:47Z</time>
      </trkpt>
      <trkpt lat="-22.826313860714436" lon="16.833879053592682">
        <ele>1903.4000000000001</ele>
        <time>2024-11-25T12:50:50Z</time>
      </trkpt>
      <trkpt lat="-22.826425423845649" lon="16.833599349483848">
        <ele>1902.4000000000001</ele>
        <time>2024-11-25T12:50:52Z</time>
      </trkpt>
      <trkpt lat="-22.826648214831948" lon="16.833043461665511">
        <ele>1900</ele>
        <time>2024-11-25T12:50:55Z</time>
      </trkpt>
      <trkpt lat="-22.826756509020925" lon="16.832766523584723">
        <ele>1898.2</ele>
        <time>2024-11-25T12:50:58Z</time>
      </trkpt>
      <trkpt lat="-22.826865976676345" lon="16.83248832821846">
        <ele>1897.2</ele>
        <time>2024-11-25T12:51:00Z</time>
      </trkpt>
      <trkpt lat="-22.826977036893368" lon="16.832212647423148">
        <ele>1896.5999999999999</ele>
        <time>2024-11-25T12:51:03Z</time>
      </trkpt>
      <trkpt lat="-22.827203767374158" lon="16.831667069345713">
        <ele>1895.5999999999999</ele>
        <time>2024-11-25T12:51:06Z</time>
      </trkpt>
      <trkpt lat="-22.82731868326664" lon="16.831396836787462">
        <ele>1895.4000000000001</ele>
        <time>2024-11-25T12:51:08Z</time>
      </trkpt>
      <trkpt lat="-22.82756544649601" lon="16.830865843221545">
        <ele>1895.2</ele>
        <time>2024-11-25T12:51:11Z</time>
      </trkpt>
      <trkpt lat="-22.827691342681646" lon="16.830607177689672">
        <ele>1895.4000000000001</ele>
        <time>2024-11-25T12:51:14Z</time>
      </trkpt>
      <trkpt lat="-22.827965179458261" lon="16.830094372853637">
        <ele>1895.4000000000001</ele>
        <time>2024-11-25T12:51:16Z</time>
      </trkpt>
      <trkpt lat="-22.828253097832203" lon="16.829591291025281">
        <ele>1895.8</ele>
        <time>2024-11-25T12:51:19Z</time>
      </trkpt>
      <trkpt lat="-22.828397266566753" lon="16.829340672120452">
        <ele>1895.8</ele>
        <time>2024-11-25T12:51:21Z</time>
      </trkpt>
      <trkpt lat="-22.828684262931347" lon="16.828843038529158">
        <ele>1896</ele>
        <time>2024-11-25T12:51:24Z</time>
      </trkpt>
      <trkpt lat="-22.8289785515517" lon="16.8283486738801">
        <ele>1896</ele>
        <time>2024-11-25T12:51:27Z</time>
      </trkpt>
      <trkpt lat="-22.829271415248513" lon="16.82784634642303">
        <ele>1895.8</ele>
        <time>2024-11-25T12:51:29Z</time>
      </trkpt>
      <trkpt lat="-22.829565452411771" lon="16.827345192432404">
        <ele>1895</ele>
        <time>2024-11-25T12:51:32Z</time>
      </trkpt>
      <trkpt lat="-22.829712722450495" lon="16.827093232423067">
        <ele>1894.2</ele>
        <time>2024-11-25T12:51:35Z</time>
      </trkpt>
      <trkpt lat="-22.830008855089545" lon="16.826582523062825">
        <ele>1893.5999999999999</ele>
        <time>2024-11-25T12:51:37Z</time>
      </trkpt>
      <trkpt lat="-22.830300377681851" lon="16.826064437627792">
        <ele>1893.5999999999999</ele>
        <time>2024-11-25T12:51:40Z</time>
      </trkpt>
      <trkpt lat="-22.830599695444107" lon="16.825542580336332">
        <ele>1893.8</ele>
        <time>2024-11-25T12:51:43Z</time>
      </trkpt>
      <trkpt lat="-22.830748641863465" lon="16.825284166261554">
        <ele>1894.2</ele>
        <time>2024-11-25T12:51:45Z</time>
      </trkpt>
      <trkpt lat="-22.831046702340245" lon="16.824779827147722">
        <ele>1894.4000000000001</ele>
        <time>2024-11-25T12:51:48Z</time>
      </trkpt>
      <trkpt lat="-22.831343170255423" lon="16.824266938492656">
        <ele>1894.5999999999999</ele>
        <time>2024-11-25T12:51:51Z</time>
      </trkpt>
      <trkpt lat="-22.831643410027027" lon="16.823755977675319">
        <ele>1894.8</ele>
        <time>2024-11-25T12:51:54Z</time>
      </trkpt>
      <trkpt lat="-22.831948176026344" lon="16.823247950524092">
        <ele>1895.2</ele>
        <time>2024-11-25T12:51:56Z</time>
      </trkpt>
      <trkpt lat="-22.832097876816988" lon="16.822992134839296">
        <ele>1895.2</ele>
        <time>2024-11-25T12:51:59Z</time>
      </trkpt>
      <trkpt lat="-22.832396775484085" lon="16.822472792118788">
        <ele>1895.5999999999999</ele>
        <time>2024-11-25T12:52:02Z</time>
      </trkpt>
      <trkpt lat="-22.832696344703436" lon="16.821960490196943">
        <ele>1896.4000000000001</ele>
        <time>2024-11-25T12:52:04Z</time>
      </trkpt>
      <trkpt lat="-22.833005469292402" lon="16.821462102234364">
        <ele>1897.8</ele>
        <time>2024-11-25T12:52:07Z</time>
      </trkpt>
      <trkpt lat="-22.833169000223279" lon="16.821220619603992">
        <ele>1898</ele>
        <time>2024-11-25T12:52:10Z</time>
      </trkpt>
      <trkpt lat="-22.833336973562837" lon="16.820990033447742">
        <ele>1898.2</ele>
        <time>2024-11-25T12:52:13Z</time>
      </trkpt>
      <trkpt lat="-22.833502935245633" lon="16.820759698748589">
        <ele>1898.5999999999999</ele>
        <time>2024-11-25T12:52:15Z</time>
      </trkpt>
      <trkpt lat="-22.833670824766159" lon="16.820533890277147">
        <ele>1898.8</ele>
        <time>2024-11-25T12:52:18Z</time>
      </trkpt>
      <trkpt lat="-22.833847096189857" lon="16.820315038785338">
        <ele>1898.8</ele>
        <time>2024-11-25T12:52:21Z</time>
      </trkpt>
      <trkpt lat="-22.834027474746108" lon="16.820098031312227">
        <ele>1899</ele>
        <time>2024-11-25T12:52:23Z</time>
      </trkpt>
      <trkpt lat="-22.834211708977818" lon="16.819877754896879">
        <ele>1899</ele>
        <time>2024-11-25T12:52:26Z</time>
      </trkpt>
      <trkpt lat="-22.834396446123719" lon="16.819657227024436">
        <ele>1899.2</ele>
        <time>2024-11-25T12:52:29Z</time>
      </trkpt>
      <trkpt lat="-22.834581518545747" lon="16.819437621161342">
        <ele>1899.2</ele>
        <time>2024-11-25T12:52:32Z</time>
      </trkpt>
      <trkpt lat="-22.834770111367106" lon="16.81921667419374">
        <ele>1899.2</ele>
        <time>2024-11-25T12:52:34Z</time>
      </trkpt>
      <trkpt lat="-22.834958536550403" lon="16.81899975053966">
        <ele>1899.2</ele>
        <time>2024-11-25T12:52:37Z</time>
      </trkpt>
      <trkpt lat="-22.835147129371762" lon="16.818781234323978">
        <ele>1899</ele>
        <time>2024-11-25T12:52:40Z</time>
      </trkpt>
      <trkpt lat="-22.835337230935693" lon="16.818562215194106">
        <ele>1899</ele>
        <time>2024-11-25T12:52:42Z</time>
      </trkpt>
      <trkpt lat="-22.835526326671243" lon="16.818344285711646">
        <ele>1899</ele>
        <time>2024-11-25T12:52:45Z</time>
      </trkpt>
      <trkpt lat="-22.835714081302285" lon="16.818126272410154">
        <ele>1899</ele>
        <time>2024-11-25T12:52:48Z</time>
      </trkpt>
      <trkpt lat="-22.835899572819471" lon="16.817907253280282">
        <ele>1898.8</ele>
        <time>2024-11-25T12:52:51Z</time>
      </trkpt>
      <trkpt lat="-22.836086237803102" lon="16.817684378474951">
        <ele>1898</ele>
        <time>2024-11-25T12:52:53Z</time>
      </trkpt>
      <trkpt lat="-22.836272567510605" lon="16.817464185878634">
        <ele>1897.2</ele>
        <time>2024-11-25T12:52:56Z</time>
      </trkpt>
      <trkpt lat="-22.836458226665854" lon="16.817242568358779">
        <ele>1896.2</ele>
        <time>2024-11-25T12:52:59Z</time>
      </trkpt>
      <trkpt lat="-22.836642041802406" lon="16.81701784953475">
        <ele>1895.2</ele>
        <time>2024-11-25T12:53:02Z</time>
      </trkpt>
      <trkpt lat="-22.836828622967005" lon="16.816789107397199">
        <ele>1894.2</ele>
        <time>2024-11-25T12:53:04Z</time>
      </trkpt>
      <trkpt lat="-22.837017551064491" lon="16.81656145490706">
        <ele>1892.8</ele>
        <time>2024-11-25T12:53:07Z</time>
      </trkpt>
      <trkpt lat="-22.837208406999707" lon="16.816333131864667">
        <ele>1891.8</ele>
        <time>2024-11-25T12:53:10Z</time>
      </trkpt>
      <trkpt lat="-22.837399011477828" lon="16.816105060279369">
        <ele>1890.8</ele>
        <time>2024-11-25T12:53:13Z</time>
      </trkpt>
      <trkpt lat="-22.837786003947258" lon="16.815656796097755">
        <ele>1889.8</ele>
        <time>2024-11-25T12:53:15Z</time>
      </trkpt>
      <trkpt lat="-22.83816235139966" lon="16.815207274630666">
        <ele>1889.4000000000001</ele>
        <time>2024-11-25T12:53:18Z</time>
      </trkpt>
      <trkpt lat="-22.838349435478449" lon="16.814986579120159">
        <ele>1889.2</ele>
        <time>2024-11-25T12:53:21Z</time>
      </trkpt>
      <trkpt lat="-22.838537273928523" lon="16.814766302704811">
        <ele>1889.2</ele>
        <time>2024-11-25T12:53:24Z</time>
      </trkpt>
      <trkpt lat="-22.83891043625772" lon="16.814331030473113">
        <ele>1889.4000000000001</ele>
        <time>2024-11-25T12:53:27Z</time>
      </trkpt>
      <trkpt lat="-22.839281251654029" lon="16.813897099345922">
        <ele>1890</ele>
        <time>2024-11-25T12:53:29Z</time>
      </trkpt>
      <trkpt lat="-22.839462468400598" lon="16.813681432977319">
        <ele>1890.5999999999999</ele>
        <time>2024-11-25T12:53:32Z</time>
      </trkpt>
      <trkpt lat="-22.839645780622959" lon="16.81346501223743">
        <ele>1891</ele>
        <time>2024-11-25T12:53:35Z</time>
      </trkpt>
      <trkpt lat="-22.839829679578543" lon="16.813251776620746">
        <ele>1891.4000000000001</ele>
        <time>2024-11-25T12:53:38Z</time>
      </trkpt>
      <trkpt lat="-22.840014584362507" lon="16.813038541004062">
        <ele>1892.5999999999999</ele>
        <time>2024-11-25T12:53:40Z</time>
      </trkpt>
      <trkpt lat="-22.840197812765837" lon="16.812823629006743">
        <ele>1893.5999999999999</ele>
        <time>2024-11-25T12:53:43Z</time>
      </trkpt>
      <trkpt lat="-22.840382046997547" lon="16.812609136104584">
        <ele>1894.8</ele>
        <time>2024-11-25T12:53:46Z</time>
      </trkpt>
      <trkpt lat="-22.840564521029592" lon="16.81239296682179">
        <ele>1895.8</ele>
        <time>2024-11-25T12:53:49Z</time>
      </trkpt>
      <trkpt lat="-22.840746073052287" lon="16.812176294624805">
        <ele>1897</ele>
        <time>2024-11-25T12:53:52Z</time>
      </trkpt>
      <trkpt lat="-22.841106494888663" lon="16.811738088726997">
        <ele>1898.5999999999999</ele>
        <time>2024-11-25T12:53:54Z</time>
      </trkpt>
      <trkpt lat="-22.841467335820198" lon="16.811297368258238">
        <ele>1900.2</ele>
        <time>2024-11-25T12:53:57Z</time>
      </trkpt>
      <trkpt lat="-22.841648552566767" lon="16.811078852042556">
        <ele>1900.2</ele>
        <time>2024-11-25T12:54:00Z</time>
      </trkpt>
      <trkpt lat="-22.841828847303987" lon="16.810860754922032">
        <ele>1900.2</ele>
        <time>2024-11-25T12:54:03Z</time>
      </trkpt>
      <trkpt lat="-22.842009728774428" lon="16.810644334182143">
        <ele>1900.2</ele>
        <time>2024-11-25T12:54:06Z</time>
      </trkpt>
      <trkpt lat="-22.842192873358727" lon="16.81042917072773">
        <ele>1899.8</ele>
        <time>2024-11-25T12:54:08Z</time>
      </trkpt>
      <trkpt lat="-22.842379957437515" lon="16.810212163254619">
        <ele>1899.5999999999999</ele>
        <time>2024-11-25T12:54:11Z</time>
      </trkpt>
      <trkpt lat="-22.842569891363382" lon="16.809994569048285">
        <ele>1899.2</ele>
        <time>2024-11-25T12:54:14Z</time>
      </trkpt>
      <trkpt lat="-22.842763680964708" lon="16.80978074669838">
        <ele>1898.8</ele>
        <time>2024-11-25T12:54:17Z</time>
      </trkpt>
      <trkpt lat="-22.842966355383396" lon="16.80957161821425">
        <ele>1897.5999999999999</ele>
        <time>2024-11-25T12:54:20Z</time>
      </trkpt>
      <trkpt lat="-22.843176824972034" lon="16.809370620176196">
        <ele>1896.5999999999999</ele>
        <time>2024-11-25T12:54:22Z</time>
      </trkpt>
      <trkpt lat="-22.843395005911589" lon="16.809176998212934">
        <ele>1895.5999999999999</ele>
        <time>2024-11-25T12:54:25Z</time>
      </trkpt>
      <trkpt lat="-22.843616204336286" lon="16.80898672901094">
        <ele>1894</ele>
        <time>2024-11-25T12:54:28Z</time>
      </trkpt>
      <trkpt lat="-22.843843437731266" lon="16.808801824226975">
        <ele>1892.8</ele>
        <time>2024-11-25T12:54:31Z</time>
      </trkpt>
      <trkpt lat="-22.844073520973325" lon="16.808623038232327">
        <ele>1891.4000000000001</ele>
        <time>2024-11-25T12:54:34Z</time>
      </trkpt>
      <trkpt lat="-22.844304610043764" lon="16.808444252237678">
        <ele>1891</ele>
        <time>2024-11-25T12:54:36Z</time>
      </trkpt>
      <trkpt lat="-22.844538129866123" lon="16.808265214785933">
        <ele>1890.2</ele>
        <time>2024-11-25T12:54:39Z</time>
      </trkpt>
      <trkpt lat="-22.84500315785408" lon="16.807906050235033">
        <ele>1889.5999999999999</ele>
        <time>2024-11-25T12:54:42Z</time>
      </trkpt>
      <trkpt lat="-22.845460725948215" lon="16.807555351406336">
        <ele>1889.5999999999999</ele>
        <time>2024-11-25T12:54:45Z</time>
      </trkpt>
      <trkpt lat="-22.845686953514814" lon="16.807378912344575">
        <ele>1889.4000000000001</ele>
        <time>2024-11-25T12:54:48Z</time>
      </trkpt>
      <trkpt lat="-22.845911923795938" lon="16.807202724739909">
        <ele>1889.4000000000001</ele>
        <time>2024-11-25T12:54:51Z</time>
      </trkpt>
      <trkpt lat="-22.846361864358187" lon="16.806847415864468">
        <ele>1889.4000000000001</ele>
        <time>2024-11-25T12:54:53Z</time>
      </trkpt>
      <trkpt lat="-22.846589097753167" lon="16.806668294593692">
        <ele>1889.2</ele>
        <time>2024-11-25T12:54:56Z</time>
      </trkpt>
      <trkpt lat="-22.847038870677352" lon="16.806314578279853">
        <ele>1889</ele>
        <time>2024-11-25T12:54:59Z</time>
      </trkpt>
      <trkpt lat="-22.847486883401871" lon="16.805963879451156">
        <ele>1888</ele>
        <time>2024-11-25T12:55:02Z</time>
      </trkpt>
      <trkpt lat="-22.847934644669294" lon="16.805612929165363">
        <ele>1887.4000000000001</ele>
        <time>2024-11-25T12:55:05Z</time>
      </trkpt>
      <trkpt lat="-22.84815919585526" lon="16.805436490103602">
        <ele>1887</ele>
        <time>2024-11-25T12:55:08Z</time>
      </trkpt>
      <trkpt lat="-22.848612908273935" lon="16.805078331381083">
        <ele>1885.5999999999999</ele>
        <time>2024-11-25T12:55:11Z</time>
      </trkpt>
      <trkpt lat="-22.849071314558387" lon="16.804712964221835">
        <ele>1884.5999999999999</ele>
        <time>2024-11-25T12:55:13Z</time>
      </trkpt>
      <trkpt lat="-22.849302068352699" lon="16.804533088579774">
        <ele>1883.2</ele>
        <time>2024-11-25T12:55:16Z</time>
      </trkpt>
      <trkpt lat="-22.849768437445164" lon="16.804174259305">
        <ele>1881.8</ele>
        <time>2024-11-25T12:55:19Z</time>
      </trkpt>
      <trkpt lat="-22.85000279545784" lon="16.803995221853256">
        <ele>1881</ele>
        <time>2024-11-25T12:55:22Z</time>
      </trkpt>
      <trkpt lat="-22.850235225632787" lon="16.803815681487322">
        <ele>1879.8</ele>
        <time>2024-11-25T12:55:25Z</time>
      </trkpt>
      <trkpt lat="-22.85069958306849" lon="16.803458193317056">
        <ele>1877.8</ele>
        <time>2024-11-25T12:55:28Z</time>
      </trkpt>
      <trkpt lat="-22.851157654076815" lon="16.803099699318409">
        <ele>1876.2</ele>
        <time>2024-11-25T12:55:31Z</time>
      </trkpt>
      <trkpt lat="-22.851386312395334" lon="16.802919488400221">
        <ele>1875.2</ele>
        <time>2024-11-25T12:55:34Z</time>
      </trkpt>
      <trkpt lat="-22.851842204108834" lon="16.80255739018321">
        <ele>1874</ele>
        <time>2024-11-25T12:55:36Z</time>
      </trkpt>
      <trkpt lat="-22.852069437503815" lon="16.802381202578545">
        <ele>1873.8</ele>
        <time>2024-11-25T12:55:39Z</time>
      </trkpt>
      <trkpt lat="-22.852297509089112" lon="16.802202835679054">
        <ele>1873.2</ele>
        <time>2024-11-25T12:55:42Z</time>
      </trkpt>
      <trkpt lat="-22.852524239569902" lon="16.802026396617293">
        <ele>1872.2</ele>
        <time>2024-11-25T12:55:45Z</time>
      </trkpt>
      <trkpt lat="-22.852976527065039" lon="16.801666645333171">
        <ele>1871.5999999999999</ele>
        <time>2024-11-25T12:55:48Z</time>
      </trkpt>
      <trkpt lat="-22.85343543626368" lon="16.801318628713489">
        <ele>1871.4000000000001</ele>
        <time>2024-11-25T12:55:51Z</time>
      </trkpt>
      <trkpt lat="-22.853663340210915" lon="16.801140932366252">
        <ele>1871.2</ele>
        <time>2024-11-25T12:55:54Z</time>
      </trkpt>
      <trkpt lat="-22.854123674333096" lon="16.800783025100827">
        <ele>1870.5999999999999</ele>
        <time>2024-11-25T12:55:57Z</time>
      </trkpt>
      <trkpt lat="-22.854579230770469" lon="16.800427967682481">
        <ele>1870.4000000000001</ele>
        <time>2024-11-25T12:56:00Z</time>
      </trkpt>
      <trkpt lat="-22.855043588206172" lon="16.800065534189343">
        <ele>1870.2</ele>
        <time>2024-11-25T12:56:03Z</time>
      </trkpt>
      <trkpt lat="-22.855279371142387" lon="16.799880964681506">
        <ele>1870.2</ele>
        <time>2024-11-25T12:56:05Z</time>
      </trkpt>
      <trkpt lat="-22.855516746640205" lon="16.799697484821081">
        <ele>1870.2</ele>
        <time>2024-11-25T12:56:08Z</time>
      </trkpt>
      <trkpt lat="-22.855997197329998" lon="16.799320885911584">
        <ele>1869.5999999999999</ele>
        <time>2024-11-25T12:56:11Z</time>
      </trkpt>
      <trkpt lat="-22.85648250952363" lon="16.798940850421786">
        <ele>1869.2</ele>
        <time>2024-11-25T12:56:14Z</time>
      </trkpt>
      <trkpt lat="-22.856727512553334" lon="16.798752173781395">
        <ele>1868.5999999999999</ele>
        <time>2024-11-25T12:56:17Z</time>
      </trkpt>
      <trkpt lat="-22.856970923021436" lon="16.798562407493591">
        <ele>1868</ele>
        <time>2024-11-25T12:56:20Z</time>
      </trkpt>
      <trkpt lat="-22.857457576319575" lon="16.798181617632508">
        <ele>1867.4000000000001</ele>
        <time>2024-11-25T12:56:23Z</time>
      </trkpt>
      <trkpt lat="-22.857941798865795" lon="16.797806108370423">
        <ele>1866.4000000000001</ele>
        <time>2024-11-25T12:56:26Z</time>
      </trkpt>
      <trkpt lat="-22.858183113858104" lon="16.797620616853237">
        <ele>1866</ele>
        <time>2024-11-25T12:56:29Z</time>
      </trkpt>
      <trkpt lat="-22.858422081917524" lon="16.797433532774448">
        <ele>1865.5999999999999</ele>
        <time>2024-11-25T12:56:32Z</time>
      </trkpt>
      <trkpt lat="-22.858656439930201" lon="16.797247370705009">
        <ele>1865.4000000000001</ele>
        <time>2024-11-25T12:56:35Z</time>
      </trkpt>
      <trkpt lat="-22.858889624476433" lon="16.797062046825886">
        <ele>1865.2</ele>
        <time>2024-11-25T12:56:38Z</time>
      </trkpt>
      <trkpt lat="-22.859121803194284" lon="16.796886697411537">
        <ele>1865</ele>
        <time>2024-11-25T12:56:41Z</time>
      </trkpt>
      <trkpt lat="-22.859351467341185" lon="16.796715622767806">
        <ele>1865</ele>
        <time>2024-11-25T12:56:44Z</time>
      </trkpt>
      <trkpt lat="-22.859580041840672" lon="16.796545218676329">
        <ele>1865</ele>
        <time>2024-11-25T12:56:47Z</time>
      </trkpt>
      <trkpt lat="-22.859801491722465" lon="16.79637623950839">
        <ele>1864.8</ele>
        <time>2024-11-25T12:56:50Z</time>
      </trkpt>
      <trkpt lat="-22.860016571357846" lon="16.796210529282689">
        <ele>1864.8</ele>
        <time>2024-11-25T12:56:52Z</time>
      </trkpt>
      <trkpt lat="-22.860230896621943" lon="16.796040879562497">
        <ele>1864.8</ele>
        <time>2024-11-25T12:56:55Z</time>
      </trkpt>
      <trkpt lat="-22.860446395352483" lon="16.795871984213591">
        <ele>1864.8</ele>
        <time>2024-11-25T12:56:58Z</time>
      </trkpt>
      <trkpt lat="-22.861082917079329" lon="16.795355910435319">
        <ele>1865.2</ele>
        <time>2024-11-25T12:57:01Z</time>
      </trkpt>
      <trkpt lat="-22.861518273130059" lon="16.79502172395587">
        <ele>1866.4000000000001</ele>
        <time>2024-11-25T12:57:04Z</time>
      </trkpt>
      <trkpt lat="-22.861953712999821" lon="16.794676473364234">
        <ele>1867.5999999999999</ele>
        <time>2024-11-25T12:57:07Z</time>
      </trkpt>
      <trkpt lat="-22.86217113956809" lon="16.794503973796964">
        <ele>1868</ele>
        <time>2024-11-25T12:57:10Z</time>
      </trkpt>
      <trkpt lat="-22.8623934276402" lon="16.794325858354568">
        <ele>1868.5999999999999</ele>
        <time>2024-11-25T12:57:13Z</time>
      </trkpt>
      <trkpt lat="-22.862613620236516" lon="16.794143803417683">
        <ele>1869</ele>
        <time>2024-11-25T12:57:16Z</time>
      </trkpt>
      <trkpt lat="-22.862833812832832" lon="16.793958395719528">
        <ele>1869</ele>
        <time>2024-11-25T12:57:19Z</time>
      </trkpt>
      <trkpt lat="-22.863053670153022" lon="16.793767791241407">
        <ele>1869</ele>
        <time>2024-11-25T12:57:22Z</time>
      </trkpt>
      <trkpt lat="-22.863490032032132" lon="16.793381469324231">
        <ele>1869.2</ele>
        <time>2024-11-25T12:57:25Z</time>
      </trkpt>
      <trkpt lat="-22.863922957330942" lon="16.792973103001714">
        <ele>1869</ele>
        <time>2024-11-25T12:57:28Z</time>
      </trkpt>
      <trkpt lat="-22.864347165450454" lon="16.79255367256701">
        <ele>1869</ele>
        <time>2024-11-25T12:57:31Z</time>
      </trkpt>
      <trkpt lat="-22.86455319263041" lon="16.79233917966485">
        <ele>1869.2</ele>
        <time>2024-11-25T12:57:34Z</time>
      </trkpt>
      <trkpt lat="-22.864759219810367" lon="16.792119741439819">
        <ele>1869.2</ele>
        <time>2024-11-25T12:57:37Z</time>
      </trkpt>
      <trkpt lat="-22.86496315151453" lon="16.791897285729647">
        <ele>1869.2</ele>
        <time>2024-11-25T12:57:40Z</time>
      </trkpt>
      <trkpt lat="-22.865165071561933" lon="16.791670136153698">
        <ele>1869.5999999999999</ele>
        <time>2024-11-25T12:57:43Z</time>
      </trkpt>
      <trkpt lat="-22.865362381562591" lon="16.791442232206464">
        <ele>1870.4000000000001</ele>
        <time>2024-11-25T12:57:46Z</time>
      </trkpt>
      <trkpt lat="-22.865557176992297" lon="16.791211310774088">
        <ele>1871.2</ele>
        <time>2024-11-25T12:57:49Z</time>
      </trkpt>
      <trkpt lat="-22.865748619660735" lon="16.790978293865919">
        <ele>1872.2</ele>
        <time>2024-11-25T12:57:52Z</time>
      </trkpt>
      <trkpt lat="-22.865937799215317" lon="16.790744438767433">
        <ele>1873.2</ele>
        <time>2024-11-25T12:57:55Z</time>
      </trkpt>
      <trkpt lat="-22.866124045103788" lon="16.790508320555091">
        <ele>1873.8</ele>
        <time>2024-11-25T12:57:58Z</time>
      </trkpt>
      <trkpt lat="-22.866304758936167" lon="16.790272705256939">
        <ele>1874.2</ele>
        <time>2024-11-25T12:58:01Z</time>
      </trkpt>
      <trkpt lat="-22.86648178473115" lon="16.790033150464296">
        <ele>1874.8</ele>
        <time>2024-11-25T12:58:04Z</time>
      </trkpt>
      <trkpt lat="-22.86665235646069" lon="16.789790997281671">
        <ele>1875.4000000000001</ele>
        <time>2024-11-25T12:58:07Z</time>
      </trkpt>
      <trkpt lat="-22.866816138848662" lon="16.789542892947793">
        <ele>1876.2</ele>
        <time>2024-11-25T12:58:10Z</time>
      </trkpt>
      <trkpt lat="-22.866977071389556" lon="16.78929160349071">
        <ele>1877.8</ele>
        <time>2024-11-25T12:58:13Z</time>
      </trkpt>
      <trkpt lat="-22.867134651169181" lon="16.789041822776198">
        <ele>1878.2</ele>
        <time>2024-11-25T12:58:16Z</time>
      </trkpt>
      <trkpt lat="-22.867290806025267" lon="16.788792880252004">
        <ele>1879.5999999999999</ele>
        <time>2024-11-25T12:58:19Z</time>
      </trkpt>
      <trkpt lat="-22.867443775758147" lon="16.788550894707441">
        <ele>1880.4000000000001</ele>
        <time>2024-11-25T12:58:22Z</time>
      </trkpt>
      <trkpt lat="-22.867592051625252" lon="16.788310334086418">
        <ele>1881.2</ele>
        <time>2024-11-25T12:58:25Z</time>
      </trkpt>
      <trkpt lat="-22.867739321663976" lon="16.788070611655712">
        <ele>1881.5999999999999</ele>
        <time>2024-11-25T12:58:28Z</time>
      </trkpt>
      <trkpt lat="-22.867884077131748" lon="16.78782963193953">
        <ele>1882.4000000000001</ele>
        <time>2024-11-25T12:58:31Z</time>
      </trkpt>
      <trkpt lat="-22.868027742952108" lon="16.787592340260744">
        <ele>1883.2</ele>
        <time>2024-11-25T12:58:34Z</time>
      </trkpt>
      <trkpt lat="-22.868169061839581" lon="16.787357060238719">
        <ele>1883.5999999999999</ele>
        <time>2024-11-25T12:58:37Z</time>
      </trkpt>
      <trkpt lat="-22.86830535158515" lon="16.787118427455425">
        <ele>1884.2</ele>
        <time>2024-11-25T12:58:40Z</time>
      </trkpt>
      <trkpt lat="-22.868437450379133" lon="16.786883482709527">
        <ele>1884.8</ele>
        <time>2024-11-25T12:58:44Z</time>
      </trkpt>
      <trkpt lat="-22.868560664355755" lon="16.78664275445044">
        <ele>1885.4000000000001</ele>
        <time>2024-11-25T12:58:47Z</time>
      </trkpt>
      <trkpt lat="-22.868682788684964" lon="16.78639599122107">
        <ele>1885.8</ele>
        <time>2024-11-25T12:58:50Z</time>
      </trkpt>
      <trkpt lat="-22.868804326280951" lon="16.786145037040114">
        <ele>1886</ele>
        <time>2024-11-25T12:58:53Z</time>
      </trkpt>
      <trkpt lat="-22.868927624076605" lon="16.78588829934597">
        <ele>1886</ele>
        <time>2024-11-25T12:58:56Z</time>
      </trkpt>
      <trkpt lat="-22.86904614418745" lon="16.78562636487186">
        <ele>1886</ele>
        <time>2024-11-25T12:58:59Z</time>
      </trkpt>
      <trkpt lat="-22.869162736460567" lon="16.785357389599085">
        <ele>1886</ele>
        <time>2024-11-25T12:59:02Z</time>
      </trkpt>
      <trkpt lat="-22.869280166924" lon="16.785086151212454">
        <ele>1885.5999999999999</ele>
        <time>2024-11-25T12:59:05Z</time>
      </trkpt>
      <trkpt lat="-22.869397681206465" lon="16.78480938076973">
        <ele>1885.2</ele>
        <time>2024-11-25T12:59:08Z</time>
      </trkpt>
      <trkpt lat="-22.869512597098947" lon="16.784535376355052">
        <ele>1885</ele>
        <time>2024-11-25T12:59:11Z</time>
      </trkpt>
      <trkpt lat="-22.869624914601445" lon="16.784257600083947">
        <ele>1884.4000000000001</ele>
        <time>2024-11-25T12:59:14Z</time>
      </trkpt>
      <trkpt lat="-22.869731616228819" lon="16.783976722508669">
        <ele>1884</ele>
        <time>2024-11-25T12:59:17Z</time>
      </trkpt>
      <trkpt lat="-22.869834126904607" lon="16.783693162724376">
        <ele>1883.5999999999999</ele>
        <time>2024-11-25T12:59:20Z</time>
      </trkpt>
      <trkpt lat="-22.869930602610111" lon="16.783406753093004">
        <ele>1883.2</ele>
        <time>2024-11-25T12:59:23Z</time>
      </trkpt>
      <trkpt lat="-22.870026575401425" lon="16.78312067873776">
        <ele>1882.8</ele>
        <time>2024-11-25T12:59:26Z</time>
      </trkpt>
      <trkpt lat="-22.870123805478215" lon="16.782830078154802">
        <ele>1882.2</ele>
        <time>2024-11-25T12:59:29Z</time>
      </trkpt>
      <trkpt lat="-22.870219107717276" lon="16.782537130638957">
        <ele>1881.8</ele>
        <time>2024-11-25T12:59:32Z</time>
      </trkpt>
      <trkpt lat="-22.870308626443148" lon="16.782244183123112">
        <ele>1881.2</ele>
        <time>2024-11-25T12:59:35Z</time>
      </trkpt>
      <trkpt lat="-22.870391523465514" lon="16.781950145959854">
        <ele>1881</ele>
        <time>2024-11-25T12:59:38Z</time>
      </trkpt>
      <trkpt lat="-22.870469810441136" lon="16.78165627643466">
        <ele>1881</ele>
        <time>2024-11-25T12:59:42Z</time>
      </trkpt>
      <trkpt lat="-22.870545331388712" lon="16.781360730528831">
        <ele>1880.8</ele>
        <time>2024-11-25T12:59:45Z</time>
      </trkpt>
      <trkpt lat="-22.870619175955653" lon="16.781062167137861">
        <ele>1880.8</ele>
        <time>2024-11-25T12:59:48Z</time>
      </trkpt>
      <trkpt lat="-22.870751861482859" lon="16.780469147488475">
        <ele>1881</ele>
        <time>2024-11-25T12:59:51Z</time>
      </trkpt>
      <trkpt lat="-22.870811372995377" lon="16.780170248821378">
        <ele>1881</ele>
        <time>2024-11-25T12:59:54Z</time>
      </trkpt>
      <trkpt lat="-22.870928552001715" lon="16.779577564448118">
        <ele>1881</ele>
        <time>2024-11-25T12:59:57Z</time>
      </trkpt>
      <trkpt lat="-22.871042126789689" lon="16.77898395806551">
        <ele>1880.8</ele>
        <time>2024-11-25T13:00:00Z</time>
      </trkpt>
      <trkpt lat="-22.871102057397366" lon="16.778683969751">
        <ele>1880.2</ele>
        <time>2024-11-25T13:00:03Z</time>
      </trkpt>
      <trkpt lat="-22.871218230575323" lon="16.778086423873901">
        <ele>1878.5999999999999</ele>
        <time>2024-11-25T13:00:06Z</time>
      </trkpt>
      <trkpt lat="-22.871273718774319" lon="16.777784004807472">
        <ele>1877.2</ele>
        <time>2024-11-25T13:00:09Z</time>
      </trkpt>
      <trkpt lat="-22.871331134811044" lon="16.77747705951333">
        <ele>1875.5999999999999</ele>
        <time>2024-11-25T13:00:12Z</time>
      </trkpt>
      <trkpt lat="-22.871389221400023" lon="16.77716676145792">
        <ele>1873.8</ele>
        <time>2024-11-25T13:00:16Z</time>
      </trkpt>
      <trkpt lat="-22.87144722416997" lon="16.776853026822209">
        <ele>1872.5999999999999</ele>
        <time>2024-11-25T13:00:19Z</time>
      </trkpt>
      <trkpt lat="-22.871565157547593" lon="16.776226311922073">
        <ele>1871.2</ele>
        <time>2024-11-25T13:00:22Z</time>
      </trkpt>
      <trkpt lat="-22.871680995449424" lon="16.775603285059333">
        <ele>1870.8</ele>
        <time>2024-11-25T13:00:25Z</time>
      </trkpt>
      <trkpt lat="-22.871793396770954" lon="16.774986209347844">
        <ele>1871</ele>
        <time>2024-11-25T13:00:28Z</time>
      </trkpt>
      <trkpt lat="-22.871902948245406" lon="16.774370474740863">
        <ele>1871.8</ele>
        <time>2024-11-25T13:00:31Z</time>
      </trkpt>
      <trkpt lat="-22.872012499719858" lon="16.773755913600326">
        <ele>1872.4000000000001</ele>
        <time>2024-11-25T13:00:34Z</time>
      </trkpt>
      <trkpt lat="-22.872128589078784" lon="16.773132216185331">
        <ele>1872.5999999999999</ele>
        <time>2024-11-25T13:00:37Z</time>
      </trkpt>
      <trkpt lat="-22.872187430039048" lon="16.772815883159637">
        <ele>1872.5999999999999</ele>
        <time>2024-11-25T13:00:40Z</time>
      </trkpt>
      <trkpt lat="-22.872306704521179" lon="16.772182881832123">
        <ele>1872</ele>
        <time>2024-11-25T13:00:44Z</time>
      </trkpt>
      <trkpt lat="-22.872365713119507" lon="16.771864788606763">
        <ele>1871.4000000000001</ele>
        <time>2024-11-25T13:00:47Z</time>
      </trkpt>
      <trkpt lat="-22.872422207146883" lon="16.771544180810452">
        <ele>1870.2</ele>
        <time>2024-11-25T13:00:50Z</time>
      </trkpt>
      <trkpt lat="-22.872476521879435" lon="16.771225668489933">
        <ele>1869</ele>
        <time>2024-11-25T13:00:53Z</time>
      </trkpt>
      <trkpt lat="-22.872532093897462" lon="16.770911179482937">
        <ele>1867.8</ele>
        <time>2024-11-25T13:00:56Z</time>
      </trkpt>
      <trkpt lat="-22.872587079182267" lon="16.770598702132702">
        <ele>1866.5999999999999</ele>
        <time>2024-11-25T13:00:59Z</time>
      </trkpt>
      <trkpt lat="-22.872701659798622" lon="16.769974417984486">
        <ele>1865.2</ele>
        <time>2024-11-25T13:01:02Z</time>
      </trkpt>
      <trkpt lat="-22.872816156595945" lon="16.769354827702045">
        <ele>1864</ele>
        <time>2024-11-25T13:01:06Z</time>
      </trkpt>
      <trkpt lat="-22.872928138822317" lon="16.768742278218269">
        <ele>1863.4000000000001</ele>
        <time>2024-11-25T13:01:09Z</time>
      </trkpt>
      <trkpt lat="-22.872985387220979" lon="16.768435332924128">
        <ele>1862.8</ele>
        <time>2024-11-25T13:01:12Z</time>
      </trkpt>
      <trkpt lat="-22.87310223095119" lon="16.76782077178359">
        <ele>1862.2</ele>
        <time>2024-11-25T13:01:15Z</time>
      </trkpt>
      <trkpt lat="-22.873159814625978" lon="16.767511647194624">
        <ele>1862</ele>
        <time>2024-11-25T13:01:18Z</time>
      </trkpt>
      <trkpt lat="-22.873274059966207" lon="16.766888285055757">
        <ele>1861.8</ele>
        <time>2024-11-25T13:01:21Z</time>
      </trkpt>
      <trkpt lat="-22.873329799622297" lon="16.76657815463841">
        <ele>1861.8</ele>
        <time>2024-11-25T13:01:25Z</time>
      </trkpt>
      <trkpt lat="-22.873442200943828" lon="16.7659517750144">
        <ele>1861.2</ele>
        <time>2024-11-25T13:01:28Z</time>
      </trkpt>
      <trkpt lat="-22.873557703569531" lon="16.765331011265516">
        <ele>1860.5999999999999</ele>
        <time>2024-11-25T13:01:31Z</time>
      </trkpt>
      <trkpt lat="-22.873613862320781" lon="16.765022054314613">
        <ele>1860.4000000000001</ele>
        <time>2024-11-25T13:01:34Z</time>
      </trkpt>
      <trkpt lat="-22.87372475489974" lon="16.764404643326998">
        <ele>1859.5999999999999</ele>
        <time>2024-11-25T13:01:37Z</time>
      </trkpt>
      <trkpt lat="-22.873781081289053" lon="16.764095686376095">
        <ele>1859.2</ele>
        <time>2024-11-25T13:01:41Z</time>
      </trkpt>
      <trkpt lat="-22.87389624863863" lon="16.763468887656927">
        <ele>1858.2</ele>
        <time>2024-11-25T13:01:44Z</time>
      </trkpt>
      <trkpt lat="-22.874014601111412" lon="16.762836389243603">
        <ele>1857</ele>
        <time>2024-11-25T13:01:47Z</time>
      </trkpt>
      <trkpt lat="-22.874131947755814" lon="16.762200705707073">
        <ele>1855</ele>
        <time>2024-11-25T13:01:50Z</time>
      </trkpt>
      <trkpt lat="-22.874250048771501" lon="16.761561837047338">
        <ele>1853.5999999999999</ele>
        <time>2024-11-25T13:01:53Z</time>
      </trkpt>
      <trkpt lat="-22.874307800084352" lon="16.761241229251027">
        <ele>1852</ele>
        <time>2024-11-25T13:01:56Z</time>
      </trkpt>
      <trkpt lat="-22.874363623559475" lon="16.760918693616986">
        <ele>1850.8</ele>
        <time>2024-11-25T13:02:00Z</time>
      </trkpt>
      <trkpt lat="-22.874421123415232" lon="16.760594816878438">
        <ele>1849.2</ele>
        <time>2024-11-25T13:02:03Z</time>
      </trkpt>
      <trkpt lat="-22.874480551108718" lon="16.760272616520524">
        <ele>1848</ele>
        <time>2024-11-25T13:02:06Z</time>
      </trkpt>
      <trkpt lat="-22.87454467266798" lon="16.759948236867785">
        <ele>1846.4000000000001</ele>
        <time>2024-11-25T13:02:09Z</time>
      </trkpt>
      <trkpt lat="-22.874607872217894" lon="16.759624443948269">
        <ele>1845</ele>
        <time>2024-11-25T13:02:13Z</time>
      </trkpt>
      <trkpt lat="-22.874729493632913" lon="16.758978199213743">
        <ele>1842.4000000000001</ele>
        <time>2024-11-25T13:02:16Z</time>
      </trkpt>
      <trkpt lat="-22.874787077307701" lon="16.758650634437799">
        <ele>1840.8</ele>
        <time>2024-11-25T13:02:19Z</time>
      </trkpt>
      <trkpt lat="-22.874848181381822" lon="16.758325919508934">
        <ele>1839.4000000000001</ele>
        <time>2024-11-25T13:02:22Z</time>
      </trkpt>
      <trkpt lat="-22.874969635158777" lon="16.757683781906962">
        <ele>1837.2</ele>
        <time>2024-11-25T13:02:25Z</time>
      </trkpt>
      <trkpt lat="-22.875028811395168" lon="16.757365018129349">
        <ele>1835.5999999999999</ele>
        <time>2024-11-25T13:02:29Z</time>
      </trkpt>
      <trkpt lat="-22.87514565512538" lon="16.75672740675509">
        <ele>1834.4000000000001</ele>
        <time>2024-11-25T13:02:32Z</time>
      </trkpt>
      <trkpt lat="-22.875259984284639" lon="16.756105637177825">
        <ele>1833.4000000000001</ele>
        <time>2024-11-25T13:02:35Z</time>
      </trkpt>
      <trkpt lat="-22.875314382836223" lon="16.755803301930428">
        <ele>1832.8</ele>
        <time>2024-11-25T13:02:38Z</time>
      </trkpt>
      <trkpt lat="-22.875365847721696" lon="16.755503732711077">
        <ele>1832.2</ele>
        <time>2024-11-25T13:02:42Z</time>
      </trkpt>
      <trkpt lat="-22.875417731702328" lon="16.755211874842644">
        <ele>1831.5999999999999</ele>
        <time>2024-11-25T13:02:45Z</time>
      </trkpt>
      <trkpt lat="-22.875470453873277" lon="16.754921190440655">
        <ele>1830.8</ele>
        <time>2024-11-25T13:02:48Z</time>
      </trkpt>
      <trkpt lat="-22.875522337853909" lon="16.754637211561203">
        <ele>1830.4000000000001</ele>
        <time>2024-11-25T13:02:51Z</time>
      </trkpt>
      <trkpt lat="-22.875572545453906" lon="16.754374355077744">
        <ele>1829.8</ele>
        <time>2024-11-25T13:02:55Z</time>
      </trkpt>
      <trkpt lat="-22.875620406121016" lon="16.754128430038691">
        <ele>1829.2</ele>
        <time>2024-11-25T13:02:58Z</time>
      </trkpt>
      <trkpt lat="-22.875666841864586" lon="16.753883343189955">
        <ele>1827.5999999999999</ele>
        <time>2024-11-25T13:03:01Z</time>
      </trkpt>
      <trkpt lat="-22.875711265951395" lon="16.753635657951236">
        <ele>1827.5999999999999</ele>
        <time>2024-11-25T13:03:04Z</time>
      </trkpt>
      <trkpt lat="-22.875755103304982" lon="16.753385374322534">
        <ele>1827.5999999999999</ele>
        <time>2024-11-25T13:03:08Z</time>
      </trkpt>
      <trkpt lat="-22.875908240675926" lon="16.752608539536595">
        <ele>1827.8</ele>
        <time>2024-11-25T13:03:11Z</time>
      </trkpt>
      <trkpt lat="-22.876007817685604" lon="16.752080395817757">
        <ele>1829.2</ele>
        <time>2024-11-25T13:03:14Z</time>
      </trkpt>
      <trkpt lat="-22.876056432723999" lon="16.751815779134631">
        <ele>1830.4000000000001</ele>
        <time>2024-11-25T13:03:17Z</time>
      </trkpt>
      <trkpt lat="-22.876155255362391" lon="16.751288641244173">
        <ele>1831.8</ele>
        <time>2024-11-25T13:03:21Z</time>
      </trkpt>
      <trkpt lat="-22.876253658905625" lon="16.750763515010476">
        <ele>1834.5999999999999</ele>
        <time>2024-11-25T13:03:24Z</time>
      </trkpt>
      <trkpt lat="-22.876351727172732" lon="16.750229420140386">
        <ele>1836.2</ele>
        <time>2024-11-25T13:03:27Z</time>
      </trkpt>
      <trkpt lat="-22.876449627801776" lon="16.749695828184485">
        <ele>1837.8</ele>
        <time>2024-11-25T13:03:30Z</time>
      </trkpt>
      <trkpt lat="-22.876496650278568" lon="16.749430457130075">
        <ele>1838.2</ele>
        <time>2024-11-25T13:03:34Z</time>
      </trkpt>
      <trkpt lat="-22.876591701060534" lon="16.748896194621921">
        <ele>1838.8</ele>
        <time>2024-11-25T13:03:37Z</time>
      </trkpt>
      <trkpt lat="-22.876691110432148" lon="16.748350029811263">
        <ele>1839</ele>
        <time>2024-11-25T13:03:40Z</time>
      </trkpt>
      <trkpt lat="-22.876742910593748" lon="16.748070828616619">
        <ele>1839</ele>
        <time>2024-11-25T13:03:44Z</time>
      </trkpt>
      <trkpt lat="-22.876794459298253" lon="16.74779187887907">
        <ele>1838.4000000000001</ele>
        <time>2024-11-25T13:03:47Z</time>
      </trkpt>
      <trkpt lat="-22.876846678555012" lon="16.747509744018316">
        <ele>1838.2</ele>
        <time>2024-11-25T13:03:50Z</time>
      </trkpt>
      <trkpt lat="-22.876899484544992" lon="16.747224340215325">
        <ele>1838</ele>
        <time>2024-11-25T13:03:54Z</time>
      </trkpt>
      <trkpt lat="-22.876952541992068" lon="16.746932985261083">
        <ele>1837.4000000000001</ele>
        <time>2024-11-25T13:03:57Z</time>
      </trkpt>
      <trkpt lat="-22.877005012705922" lon="16.746642887592316">
        <ele>1837.4000000000001</ele>
        <time>2024-11-25T13:04:00Z</time>
      </trkpt>
      <trkpt lat="-22.877057651057839" lon="16.746350359171629">
        <ele>1837.4000000000001</ele>
        <time>2024-11-25T13:04:03Z</time>
      </trkpt>
      <trkpt lat="-22.877111630514264" lon="16.74605623818934">
        <ele>1837.4000000000001</ele>
        <time>2024-11-25T13:04:07Z</time>
      </trkpt>
      <trkpt lat="-22.877166531980038" lon="16.745764799416065">
        <ele>1837.5999999999999</ele>
        <time>2024-11-25T13:04:10Z</time>
      </trkpt>
      <trkpt lat="-22.877219673246145" lon="16.745474115014076">
        <ele>1838.2</ele>
        <time>2024-11-25T13:04:13Z</time>
      </trkpt>
      <trkpt lat="-22.877271641045809" lon="16.745184771716595">
        <ele>1839</ele>
        <time>2024-11-25T13:04:17Z</time>
      </trkpt>
      <trkpt lat="-22.877325285226107" lon="16.744897272437811">
        <ele>1839.4000000000001</ele>
        <time>2024-11-25T13:04:20Z</time>
      </trkpt>
      <trkpt lat="-22.877380438148975" lon="16.744611198082566">
        <ele>1840.8</ele>
        <time>2024-11-25T13:04:23Z</time>
      </trkpt>
      <trkpt lat="-22.877434249967337" lon="16.744323028251529">
        <ele>1841.4000000000001</ele>
        <time>2024-11-25T13:04:27Z</time>
      </trkpt>
      <trkpt lat="-22.877486050128937" lon="16.744035026058555">
        <ele>1842.4000000000001</ele>
        <time>2024-11-25T13:04:30Z</time>
      </trkpt>
      <trkpt lat="-22.877541538327932" lon="16.743746437132359">
        <ele>1843.5999999999999</ele>
        <time>2024-11-25T13:04:33Z</time>
      </trkpt>
      <trkpt lat="-22.877595098689198" lon="16.743456926196814">
        <ele>1844.4000000000001</ele>
        <time>2024-11-25T13:04:36Z</time>
      </trkpt>
      <trkpt lat="-22.87764597684145" lon="16.743165906518698">
        <ele>1845.8</ele>
        <time>2024-11-25T13:04:40Z</time>
      </trkpt>
      <trkpt lat="-22.877697357907891" lon="16.742873713374138">
        <ele>1846.4000000000001</ele>
        <time>2024-11-25T13:04:43Z</time>
      </trkpt>
      <trkpt lat="-22.877747649326921" lon="16.742580346763134">
        <ele>1846.8</ele>
        <time>2024-11-25T13:04:46Z</time>
      </trkpt>
      <trkpt lat="-22.877797605469823" lon="16.74228647723794">
        <ele>1847</ele>
        <time>2024-11-25T13:04:50Z</time>
      </trkpt>
      <trkpt lat="-22.877851501107216" lon="16.741994954645634">
        <ele>1847</ele>
        <time>2024-11-25T13:04:53Z</time>
      </trkpt>
      <trkpt lat="-22.877910174429417" lon="16.74170158803463">
        <ele>1847</ele>
        <time>2024-11-25T13:04:56Z</time>
      </trkpt>
      <trkpt lat="-22.877972703427076" lon="16.74140595830977">
        <ele>1847</ele>
        <time>2024-11-25T13:05:00Z</time>
      </trkpt>
      <trkpt lat="-22.878041351214051" lon="16.741111585870385">
        <ele>1846.5999999999999</ele>
        <time>2024-11-25T13:05:03Z</time>
      </trkpt>
      <trkpt lat="-22.878116620704532" lon="16.740818303078413">
        <ele>1846.2</ele>
        <time>2024-11-25T13:05:06Z</time>
      </trkpt>
      <trkpt lat="-22.878198176622391" lon="16.740525271743536">
        <ele>1845.5999999999999</ele>
        <time>2024-11-25T13:05:10Z</time>
      </trkpt>
      <trkpt lat="-22.878287946805358" lon="16.740235676988959">
        <ele>1845.2</ele>
        <time>2024-11-25T13:05:13Z</time>
      </trkpt>
      <trkpt lat="-22.878386853262782" lon="16.739949602633715">
        <ele>1844.5999999999999</ele>
        <time>2024-11-25T13:05:16Z</time>
      </trkpt>
      <trkpt lat="-22.87849523127079" lon="16.739669227972627">
        <ele>1844.2</ele>
        <time>2024-11-25T13:05:20Z</time>
      </trkpt>
      <trkpt lat="-22.878608219325542" lon="16.739392876625061">
        <ele>1844.2</ele>
        <time>2024-11-25T13:05:23Z</time>
      </trkpt>
      <trkpt lat="-22.878725230693817" lon="16.739122811704874">
        <ele>1844.2</ele>
        <time>2024-11-25T13:05:27Z</time>
      </trkpt>
      <trkpt lat="-22.878852300345898" lon="16.738862972706556">
        <ele>1844.2</ele>
        <time>2024-11-25T13:05:30Z</time>
      </trkpt>
      <trkpt lat="-22.878986829891801" lon="16.738606654107571">
        <ele>1844.4000000000001</ele>
        <time>2024-11-25T13:05:33Z</time>
      </trkpt>
      <trkpt lat="-22.879129238426685" lon="16.738346228376031">
        <ele>1845.2</ele>
        <time>2024-11-25T13:05:37Z</time>
      </trkpt>
      <trkpt lat="-22.879276759922504" lon="16.738090077415109">
        <ele>1846.4000000000001</ele>
        <time>2024-11-25T13:05:40Z</time>
      </trkpt>
      <trkpt lat="-22.879431322216988" lon="16.737834429368377">
        <ele>1847.4000000000001</ele>
        <time>2024-11-25T13:05:43Z</time>
      </trkpt>
      <trkpt lat="-22.879586722701788" lon="16.737578446045518">
        <ele>1847.8</ele>
        <time>2024-11-25T13:05:47Z</time>
      </trkpt>
      <trkpt lat="-22.879742626100779" lon="16.737322295084596">
        <ele>1848</ele>
        <time>2024-11-25T13:05:50Z</time>
      </trkpt>
      <trkpt lat="-22.879895428195596" lon="16.737062959000468">
        <ele>1848</ele>
        <time>2024-11-25T13:05:53Z</time>
      </trkpt>
      <trkpt lat="-22.880046973004937" lon="16.736806472763419">
        <ele>1848</ele>
        <time>2024-11-25T13:05:57Z</time>
      </trkpt>
      <trkpt lat="-22.880199272185564" lon="16.736553590744734">
        <ele>1847.8</ele>
        <time>2024-11-25T13:06:00Z</time>
      </trkpt>
      <trkpt lat="-22.880350230261683" lon="16.736305067315698">
        <ele>1847.5999999999999</ele>
        <time>2024-11-25T13:06:03Z</time>
      </trkpt>
      <trkpt lat="-22.880502948537469" lon="16.736060315743089">
        <ele>1846.5999999999999</ele>
        <time>2024-11-25T13:06:07Z</time>
      </trkpt>
      <trkpt lat="-22.880654744803905" lon="16.735816486179829">
        <ele>1845.2</ele>
        <time>2024-11-25T13:06:10Z</time>
      </trkpt>
      <trkpt lat="-22.880808133631945" lon="16.7355727404356">
        <ele>1844.2</ele>
        <time>2024-11-25T13:06:14Z</time>
      </trkpt>
      <trkpt lat="-22.880961019545794" lon="16.735332012176514">
        <ele>1843.4000000000001</ele>
        <time>2024-11-25T13:06:17Z</time>
      </trkpt>
      <trkpt lat="-22.88111231289804" lon="16.735093547031283">
        <ele>1843</ele>
        <time>2024-11-25T13:06:20Z</time>
      </trkpt>
      <trkpt lat="-22.881261762231588" lon="16.734853908419609">
        <ele>1843</ele>
        <time>2024-11-25T13:06:24Z</time>
      </trkpt>
      <trkpt lat="-22.881705081090331" lon="16.734121749177575">
        <ele>1843.4000000000001</ele>
        <time>2024-11-25T13:06:27Z</time>
      </trkpt>
      <trkpt lat="-22.882005572319031" lon="16.73363140784204">
        <ele>1845</ele>
        <time>2024-11-25T13:06:30Z</time>
      </trkpt>
      <trkpt lat="-22.882153429090977" lon="16.733386153355241">
        <ele>1846.2</ele>
        <time>2024-11-25T13:06:34Z</time>
      </trkpt>
      <trkpt lat="-22.882444281131029" lon="16.732895895838737">
        <ele>1847.8</ele>
        <time>2024-11-25T13:06:37Z</time>
      </trkpt>
      <trkpt lat="-22.882586689665914" lon="16.732651898637414">
        <ele>1848.8</ele>
        <time>2024-11-25T13:06:41Z</time>
      </trkpt>
      <trkpt lat="-22.882730606943369" lon="16.732408823445439">
        <ele>1850</ele>
        <time>2024-11-25T13:06:44Z</time>
      </trkpt>
      <trkpt lat="-22.882876619696617" lon="16.732162814587355">
        <ele>1851</ele>
        <time>2024-11-25T13:06:47Z</time>
      </trkpt>
      <trkpt lat="-22.883023973554373" lon="16.73191730864346">
        <ele>1851.5999999999999</ele>
        <time>2024-11-25T13:06:51Z</time>
      </trkpt>
      <trkpt lat="-22.883168896660209" lon="16.731672724708915">
        <ele>1852.2</ele>
        <time>2024-11-25T13:06:54Z</time>
      </trkpt>
      <trkpt lat="-22.883314993232489" lon="16.731429314240813">
        <ele>1852.4000000000001</ele>
        <time>2024-11-25T13:06:58Z</time>
      </trkpt>
      <trkpt lat="-22.883464694023132" lon="16.731184227392077">
        <ele>1852.8</ele>
        <time>2024-11-25T13:07:01Z</time>
      </trkpt>
      <trkpt lat="-22.883614562451839" lon="16.730937715619802">
        <ele>1852.8</ele>
        <time>2024-11-25T13:07:04Z</time>
      </trkpt>
      <trkpt lat="-22.883765185251832" lon="16.73069179058075">
        <ele>1852.8</ele>
        <time>2024-11-25T13:07:08Z</time>
      </trkpt>
      <trkpt lat="-22.883918322622776" lon="16.730439830571413">
        <ele>1852.8</ele>
        <time>2024-11-25T13:07:11Z</time>
      </trkpt>
      <trkpt lat="-22.884072884917259" lon="16.730185355991125">
        <ele>1852.2</ele>
        <time>2024-11-25T13:07:15Z</time>
      </trkpt>
      <trkpt lat="-22.884229458868504" lon="16.72993054613471">
        <ele>1851.4000000000001</ele>
        <time>2024-11-25T13:07:18Z</time>
      </trkpt>
      <trkpt lat="-22.884376980364323" lon="16.729675233364105">
        <ele>1850.4000000000001</ele>
        <time>2024-11-25T13:07:22Z</time>
      </trkpt>
      <trkpt lat="-22.884532548487186" lon="16.729411706328392">
        <ele>1849.5999999999999</ele>
        <time>2024-11-25T13:07:25Z</time>
      </trkpt>
      <trkpt lat="-22.884689625352621" lon="16.729148682206869">
        <ele>1848.5999999999999</ele>
        <time>2024-11-25T13:07:28Z</time>
      </trkpt>
      <trkpt lat="-22.884848965331912" lon="16.72888389788568">
        <ele>1847.4000000000001</ele>
        <time>2024-11-25T13:07:32Z</time>
      </trkpt>
      <trkpt lat="-22.885006880387664" lon="16.728616850450635">
        <ele>1846.8</ele>
        <time>2024-11-25T13:07:35Z</time>
      </trkpt>
      <trkpt lat="-22.885169070214033" lon="16.728347539901733">
        <ele>1845.8</ele>
        <time>2024-11-25T13:07:39Z</time>
      </trkpt>
      <trkpt lat="-22.885331008583307" lon="16.72808007337153">
        <ele>1844.5999999999999</ele>
        <time>2024-11-25T13:07:42Z</time>
      </trkpt>
      <trkpt lat="-22.885491857305169" lon="16.72781621105969">
        <ele>1843.5999999999999</ele>
        <time>2024-11-25T13:07:46Z</time>
      </trkpt>
      <trkpt lat="-22.88581782951951" lon="16.727290665730834">
        <ele>1841.4000000000001</ele>
        <time>2024-11-25T13:07:49Z</time>
      </trkpt>
      <trkpt lat="-22.885981108993292" lon="16.727029234170914">
        <ele>1840.5999999999999</ele>
        <time>2024-11-25T13:07:52Z</time>
      </trkpt>
      <trkpt lat="-22.886145059019327" lon="16.726769646629691">
        <ele>1839.5999999999999</ele>
        <time>2024-11-25T13:07:56Z</time>
      </trkpt>
      <trkpt lat="-22.886308338493109" lon="16.7265067063272">
        <ele>1837.8</ele>
        <time>2024-11-25T13:07:59Z</time>
      </trkpt>
      <trkpt lat="-22.886634981259704" lon="16.725976718589664">
        <ele>1836.2</ele>
        <time>2024-11-25T13:08:03Z</time>
      </trkpt>
      <trkpt lat="-22.886957852169871" lon="16.725441785529256">
        <ele>1835.2</ele>
        <time>2024-11-25T13:08:06Z</time>
      </trkpt>
      <trkpt lat="-22.887119874358177" lon="16.725176833570004">
        <ele>1834.2</ele>
        <time>2024-11-25T13:08:10Z</time>
      </trkpt>
      <trkpt lat="-22.887449953705072" lon="16.724646175280213">
        <ele>1833.5999999999999</ele>
        <time>2024-11-25T13:08:13Z</time>
      </trkpt>
      <trkpt lat="-22.887777518481016" lon="16.724117863923311">
        <ele>1833.5999999999999</ele>
        <time>2024-11-25T13:08:17Z</time>
      </trkpt>
      <trkpt lat="-22.888102820143104" lon="16.723590055480599">
        <ele>1833.5999999999999</ele>
        <time>2024-11-25T13:08:20Z</time>
      </trkpt>
      <trkpt lat="-22.888421164825559" lon="16.723060822114348">
        <ele>1833.8</ele>
        <time>2024-11-25T13:08:23Z</time>
      </trkpt>
      <trkpt lat="-22.888744287192822" lon="16.722532343119383">
        <ele>1834.4000000000001</ele>
        <time>2024-11-25T13:08:27Z</time>
      </trkpt>
      <trkpt lat="-22.889065816998482" lon="16.722000176087022">
        <ele>1835.4000000000001</ele>
        <time>2024-11-25T13:08:30Z</time>
      </trkpt>
      <trkpt lat="-22.889393633231521" lon="16.721465410664678">
        <ele>1835.8</ele>
        <time>2024-11-25T13:08:34Z</time>
      </trkpt>
      <trkpt lat="-22.889718683436513" lon="16.720923436805606">
        <ele>1836</ele>
        <time>2024-11-25T13:08:37Z</time>
      </trkpt>
      <trkpt lat="-22.890040380880237" lon="16.720384899526834">
        <ele>1836</ele>
        <time>2024-11-25T13:08:41Z</time>
      </trkpt>
      <trkpt lat="-22.890370292589068" lon="16.719848541542888">
        <ele>1836</ele>
        <time>2024-11-25T13:08:44Z</time>
      </trkpt>
      <trkpt lat="-22.890700539574027" lon="16.719308914616704">
        <ele>1834</ele>
        <time>2024-11-25T13:08:48Z</time>
      </trkpt>
      <trkpt lat="-22.89102709852159" lon="16.718761827796698">
        <ele>1834</ele>
        <time>2024-11-25T13:08:51Z</time>
      </trkpt>
      <trkpt lat="-22.891353657469153" lon="16.718217171728611">
        <ele>1834</ele>
        <time>2024-11-25T13:08:55Z</time>
      </trkpt>
      <trkpt lat="-22.891672002151608" lon="16.717684082686901">
        <ele>1835.8</ele>
        <time>2024-11-25T13:08:58Z</time>
      </trkpt>
      <trkpt lat="-22.891831425949931" lon="16.717420974746346">
        <ele>1836.8</ele>
        <time>2024-11-25T13:09:02Z</time>
      </trkpt>
      <trkpt lat="-22.891991185024381" lon="16.717159794643521">
        <ele>1838.4000000000001</ele>
        <time>2024-11-25T13:09:05Z</time>
      </trkpt>
      <trkpt lat="-22.892150022089481" lon="16.716898865997791">
        <ele>1840.2</ele>
        <time>2024-11-25T13:09:09Z</time>
      </trkpt>
      <trkpt lat="-22.892309697344899" lon="16.716635590419173">
        <ele>1841.5999999999999</ele>
        <time>2024-11-25T13:09:12Z</time>
      </trkpt>
      <trkpt lat="-22.892469121143222" lon="16.716371141374111">
        <ele>1843</ele>
        <time>2024-11-25T13:09:16Z</time>
      </trkpt>
      <trkpt lat="-22.892785957083106" lon="16.715839644894004">
        <ele>1844.2</ele>
        <time>2024-11-25T13:09:19Z</time>
      </trkpt>
      <trkpt lat="-22.892945213243365" lon="16.715574525296688">
        <ele>1845</ele>
        <time>2024-11-25T13:09:23Z</time>
      </trkpt>
      <trkpt lat="-22.893102625384927" lon="16.71530881896615">
        <ele>1845.4000000000001</ele>
        <time>2024-11-25T13:09:27Z</time>
      </trkpt>
      <trkpt lat="-22.893259786069393" lon="16.71504252590239">
        <ele>1845.5999999999999</ele>
        <time>2024-11-25T13:09:30Z</time>
      </trkpt>
      <trkpt lat="-22.893419042229652" lon="16.714781848713756">
        <ele>1846</ele>
        <time>2024-11-25T13:09:34Z</time>
      </trkpt>
      <trkpt lat="-22.893575364723802" lon="16.714522344991565">
        <ele>1846</ele>
        <time>2024-11-25T13:09:37Z</time>
      </trkpt>
      <trkpt lat="-22.893733866512775" lon="16.714260578155518">
        <ele>1846.2</ele>
        <time>2024-11-25T13:09:41Z</time>
      </trkpt>
      <trkpt lat="-22.893887590616941" lon="16.713999984785914">
        <ele>1846.4000000000001</ele>
        <time>2024-11-25T13:09:44Z</time>
      </trkpt>
      <trkpt lat="-22.894042991101742" lon="16.713735284283757">
        <ele>1846.5999999999999</ele>
        <time>2024-11-25T13:09:48Z</time>
      </trkpt>
      <trkpt lat="-22.89419487118721" lon="16.713469829410315">
        <ele>1846.8</ele>
        <time>2024-11-25T13:09:51Z</time>
      </trkpt>
      <trkpt lat="-22.894345158711076" lon="16.713198758661747">
        <ele>1847.2</ele>
        <time>2024-11-25T13:09:55Z</time>
      </trkpt>
      <trkpt lat="-22.894494188949466" lon="16.712927604094148">
        <ele>1847.5999999999999</ele>
        <time>2024-11-25T13:09:58Z</time>
      </trkpt>
      <trkpt lat="-22.89463902823627" lon="16.712654018774629">
        <ele>1847.8</ele>
        <time>2024-11-25T13:10:02Z</time>
      </trkpt>
      <trkpt lat="-22.894780682399869" lon="16.712374901399016">
        <ele>1848</ele>
        <time>2024-11-25T13:10:05Z</time>
      </trkpt>
      <trkpt lat="-22.894919821992517" lon="16.712091760709882">
        <ele>1848</ele>
        <time>2024-11-25T13:10:09Z</time>
      </trkpt>
      <trkpt lat="-22.895057955756783" lon="16.711808200925589">
        <ele>1848</ele>
        <time>2024-11-25T13:10:13Z</time>
      </trkpt>
      <trkpt lat="-22.895196592435241" lon="16.7115209531039">
        <ele>1848</ele>
        <time>2024-11-25T13:10:16Z</time>
      </trkpt>
      <trkpt lat="-22.895337324589491" lon="16.711234794929624">
        <ele>1848</ele>
        <time>2024-11-25T13:10:20Z</time>
      </trkpt>
      <trkpt lat="-22.895477889105678" lon="16.710950396955013">
        <ele>1847.5999999999999</ele>
        <time>2024-11-25T13:10:23Z</time>
      </trkpt>
      <trkpt lat="-22.895616190508008" lon="16.71066147275269">
        <ele>1847.4000000000001</ele>
        <time>2024-11-25T13:10:27Z</time>
      </trkpt>
      <trkpt lat="-22.895754743367434" lon="16.710371542721987">
        <ele>1846.8</ele>
        <time>2024-11-25T13:10:30Z</time>
      </trkpt>
      <trkpt lat="-22.895891536027193" lon="16.71008437871933">
        <ele>1846</ele>
        <time>2024-11-25T13:10:34Z</time>
      </trkpt>
      <trkpt lat="-22.896025311201811" lon="16.709794029593468">
        <ele>1845.4000000000001</ele>
        <time>2024-11-25T13:10:37Z</time>
      </trkpt>
      <trkpt lat="-22.896161181852221" lon="16.709505692124367">
        <ele>1844.8</ele>
        <time>2024-11-25T13:10:41Z</time>
      </trkpt>
      <trkpt lat="-22.89629646576941" lon="16.709217522293329">
        <ele>1844.4000000000001</ele>
        <time>2024-11-25T13:10:45Z</time>
      </trkpt>
      <trkpt lat="-22.89643183350563" lon="16.708928849548101">
        <ele>1844.4000000000001</ele>
        <time>2024-11-25T13:10:48Z</time>
      </trkpt>
      <trkpt lat="-22.8965681232512" lon="16.708635399118066">
        <ele>1844.2</ele>
        <time>2024-11-25T13:10:52Z</time>
      </trkpt>
      <trkpt lat="-22.896704412996769" lon="16.708344630897045">
        <ele>1844</ele>
        <time>2024-11-25T13:10:55Z</time>
      </trkpt>
      <trkpt lat="-22.896840618923306" lon="16.708054952323437">
        <ele>1843.8</ele>
        <time>2024-11-25T13:10:59Z</time>
      </trkpt>
      <trkpt lat="-22.897111186757684" lon="16.707474002614617">
        <ele>1843.8</ele>
        <time>2024-11-25T13:11:02Z</time>
      </trkpt>
      <trkpt lat="-22.897383598610759" lon="16.706894645467401">
        <ele>1843.2</ele>
        <time>2024-11-25T13:11:06Z</time>
      </trkpt>
      <trkpt lat="-22.897656932473183" lon="16.706315036863089">
        <ele>1843</ele>
        <time>2024-11-25T13:11:10Z</time>
      </trkpt>
      <trkpt lat="-22.89792750030756" lon="16.705735260620713">
        <ele>1842.5999999999999</ele>
        <time>2024-11-25T13:11:13Z</time>
      </trkpt>
      <trkpt lat="-22.898198487237096" lon="16.705165039747953">
        <ele>1842.2</ele>
        <time>2024-11-25T13:11:17Z</time>
      </trkpt>
      <trkpt lat="-22.898469306528568" lon="16.704595992341638">
        <ele>1841.4000000000001</ele>
        <time>2024-11-25T13:11:20Z</time>
      </trkpt>
      <trkpt lat="-22.898601237684488" lon="16.704312767833471">
        <ele>1841.2</ele>
        <time>2024-11-25T13:11:24Z</time>
      </trkpt>
      <trkpt lat="-22.898868285119534" lon="16.703745732083917">
        <ele>1840</ele>
        <time>2024-11-25T13:11:28Z</time>
      </trkpt>
      <trkpt lat="-22.89914027787745" lon="16.70316930860281">
        <ele>1839.5999999999999</ele>
        <time>2024-11-25T13:11:31Z</time>
      </trkpt>
      <trkpt lat="-22.899278914555907" lon="16.702882898971438">
        <ele>1839</ele>
        <time>2024-11-25T13:11:35Z</time>
      </trkpt>
      <trkpt lat="-22.899543782696128" lon="16.702310247346759">
        <ele>1838.4000000000001</ele>
        <time>2024-11-25T13:11:38Z</time>
      </trkpt>
      <trkpt lat="-22.899675546213984" lon="16.702027190476656">
        <ele>1838</ele>
        <time>2024-11-25T13:11:42Z</time>
      </trkpt>
      <trkpt lat="-22.899937145411968" lon="16.701464261859655">
        <ele>1837</ele>
        <time>2024-11-25T13:11:46Z</time>
      </trkpt>
      <trkpt lat="-22.900070333853364" lon="16.701179193332791">
        <ele>1836.5999999999999</ele>
        <time>2024-11-25T13:11:49Z</time>
      </trkpt>
      <trkpt lat="-22.900335537269711" lon="16.700604362413287">
        <ele>1836.2</ele>
        <time>2024-11-25T13:11:53Z</time>
      </trkpt>
      <trkpt lat="-22.90060325525701" lon="16.700030704960227">
        <ele>1836</ele>
        <time>2024-11-25T13:11:57Z</time>
      </trkpt>
      <trkpt lat="-22.900740299373865" lon="16.699743624776602">
        <ele>1835.8</ele>
        <time>2024-11-25T13:12:00Z</time>
      </trkpt>
      <trkpt lat="-22.901018243283033" lon="16.699166866019368">
        <ele>1835.5999999999999</ele>
        <time>2024-11-25T13:12:04Z</time>
      </trkpt>
      <trkpt lat="-22.9011563770473" lon="16.698877606540918">
        <ele>1835.5999999999999</ele>
        <time>2024-11-25T13:12:08Z</time>
      </trkpt>
      <trkpt lat="-22.901429040357471" lon="16.698301434516907">
        <ele>1835.4000000000001</ele>
        <time>2024-11-25T13:12:11Z</time>
      </trkpt>
      <trkpt lat="-22.901699608191848" lon="16.697723083198071">
        <ele>1835.4000000000001</ele>
        <time>2024-11-25T13:12:15Z</time>
      </trkpt>
      <trkpt lat="-22.901971433311701" lon="16.697146575897932">
        <ele>1835</ele>
        <time>2024-11-25T13:12:19Z</time>
      </trkpt>
      <trkpt lat="-22.902245102450252" lon="16.696571325883269">
        <ele>1834.8</ele>
        <time>2024-11-25T13:12:22Z</time>
      </trkpt>
      <trkpt lat="-22.902512066066265" lon="16.69599574059248">
        <ele>1834.5999999999999</ele>
        <time>2024-11-25T13:12:26Z</time>
      </trkpt>
      <trkpt lat="-22.902781963348389" lon="16.695434153079987">
        <ele>1834.4000000000001</ele>
        <time>2024-11-25T13:12:29Z</time>
      </trkpt>
      <trkpt lat="-22.903054375201464" lon="16.694867452606559">
        <ele>1833.5999999999999</ele>
        <time>2024-11-25T13:12:33Z</time>
      </trkpt>
      <trkpt lat="-22.903190916404128" lon="16.694583892822266">
        <ele>1832.4000000000001</ele>
        <time>2024-11-25T13:12:37Z</time>
      </trkpt>
      <trkpt lat="-22.903461987152696" lon="16.694022556766868">
        <ele>1830.8</ele>
        <time>2024-11-25T13:12:41Z</time>
      </trkpt>
      <trkpt lat="-22.903728196397424" lon="16.693455604836345">
        <ele>1829.5999999999999</ele>
        <time>2024-11-25T13:12:44Z</time>
      </trkpt>
      <trkpt lat="-22.903863564133644" lon="16.693173134699464">
        <ele>1828.8</ele>
        <time>2024-11-25T13:12:48Z</time>
      </trkpt>
      <trkpt lat="-22.903998345136642" lon="16.692892173305154">
        <ele>1827.8</ele>
        <time>2024-11-25T13:12:52Z</time>
      </trkpt>
      <trkpt lat="-22.904263213276863" lon="16.692329747602344">
        <ele>1826.5999999999999</ele>
        <time>2024-11-25T13:12:55Z</time>
      </trkpt>
      <trkpt lat="-22.90452741086483" lon="16.691767908632755">
        <ele>1824.4000000000001</ele>
        <time>2024-11-25T13:12:59Z</time>
      </trkpt>
      <trkpt lat="-22.904789010062814" lon="16.691211517900229">
        <ele>1823.2</ele>
        <time>2024-11-25T13:13:03Z</time>
      </trkpt>
      <trkpt lat="-22.904921192675829" lon="16.690936172381043">
        <ele>1822.2</ele>
        <time>2024-11-25T13:13:06Z</time>
      </trkpt>
      <trkpt lat="-22.905054213479161" lon="16.690659904852509">
        <ele>1821.5999999999999</ele>
        <time>2024-11-25T13:13:10Z</time>
      </trkpt>
      <trkpt lat="-22.905186312273145" lon="16.690386487171054">
        <ele>1820.8</ele>
        <time>2024-11-25T13:13:14Z</time>
      </trkpt>
      <trkpt lat="-22.905449587851763" lon="16.689833449199796">
        <ele>1820.5999999999999</ele>
        <time>2024-11-25T13:13:17Z</time>
      </trkpt>
      <trkpt lat="-22.905720993876457" lon="16.689289463683963">
        <ele>1820.8</ele>
        <time>2024-11-25T13:13:21Z</time>
      </trkpt>
      <trkpt lat="-22.905863653868437" lon="16.689024595543742">
        <ele>1821.8</ele>
        <time>2024-11-25T13:13:25Z</time>
      </trkpt>
      <trkpt lat="-22.906012265011668" lon="16.688765259459615">
        <ele>1822.5999999999999</ele>
        <time>2024-11-25T13:13:29Z</time>
      </trkpt>
      <trkpt lat="-22.906169593334198" lon="16.688510281965137">
        <ele>1822.8</ele>
        <time>2024-11-25T13:13:32Z</time>
      </trkpt>
      <trkpt lat="-22.906333962455392" lon="16.688262680545449">
        <ele>1823.5999999999999</ele>
        <time>2024-11-25T13:13:36Z</time>
      </trkpt>
      <trkpt lat="-22.906687930226326" lon="16.687783738598228">
        <ele>1824</ele>
        <time>2024-11-25T13:13:40Z</time>
      </trkpt>
      <trkpt lat="-22.907079868018627" lon="16.687321644276381">
        <ele>1824</ele>
        <time>2024-11-25T13:13:43Z</time>
      </trkpt>
      <trkpt lat="-22.907290337607265" lon="16.687094997614622">
        <ele>1824</ele>
        <time>2024-11-25T13:13:47Z</time>
      </trkpt>
      <trkpt lat="-22.907724604010582" lon="16.686647571623325">
        <ele>1822.8</ele>
        <time>2024-11-25T13:13:51Z</time>
      </trkpt>
      <trkpt lat="-22.907954603433609" lon="16.686434503644705">
        <ele>1822</ele>
        <time>2024-11-25T13:13:55Z</time>
      </trkpt>
      <trkpt lat="-22.908179489895701" lon="16.686226213350892">
        <ele>1820.8</ele>
        <time>2024-11-25T13:13:58Z</time>
      </trkpt>
      <trkpt lat="-22.908402951434255" lon="16.686021443456411">
        <ele>1819.2</ele>
        <time>2024-11-25T13:14:02Z</time>
      </trkpt>
      <trkpt lat="-22.908629262819886" lon="16.685818266123533">
        <ele>1816.8</ele>
        <time>2024-11-25T13:14:06Z</time>
      </trkpt>
      <trkpt lat="-22.908856077119708" lon="16.685613244771957">
        <ele>1815.2</ele>
        <time>2024-11-25T13:14:10Z</time>
      </trkpt>
      <trkpt lat="-22.909299144521356" lon="16.685197837650776">
        <ele>1813.4000000000001</ele>
        <time>2024-11-25T13:14:13Z</time>
      </trkpt>
      <trkpt lat="-22.909518163651228" lon="16.684991139918566">
        <ele>1812</ele>
        <time>2024-11-25T13:14:17Z</time>
      </trkpt>
      <trkpt lat="-22.909738104790449" lon="16.684789722785354">
        <ele>1812</ele>
        <time>2024-11-25T13:14:21Z</time>
      </trkpt>
      <trkpt lat="-22.909954357892275" lon="16.684588305652142">
        <ele>1812</ele>
        <time>2024-11-25T13:14:25Z</time>
      </trkpt>
      <trkpt lat="-22.910171784460545" lon="16.684385128319263">
        <ele>1812</ele>
        <time>2024-11-25T13:14:28Z</time>
      </trkpt>
      <trkpt lat="-22.910603787750006" lon="16.683976259082556">
        <ele>1812</ele>
        <time>2024-11-25T13:14:32Z</time>
      </trkpt>
      <trkpt lat="-22.911030342802405" lon="16.683581890538335">
        <ele>1812</ele>
        <time>2024-11-25T13:14:36Z</time>
      </trkpt>
      <trkpt lat="-22.911239806562662" lon="16.683389525860548">
        <ele>1811.5999999999999</ele>
        <time>2024-11-25T13:14:40Z</time>
      </trkpt>
      <trkpt lat="-22.911445833742619" lon="16.683194311335683">
        <ele>1810.5999999999999</ele>
        <time>2024-11-25T13:14:43Z</time>
      </trkpt>
      <trkpt lat="-22.911653537303209" lon="16.682998929172754">
        <ele>1810.2</ele>
        <time>2024-11-25T13:14:47Z</time>
      </trkpt>
      <trkpt lat="-22.912073722109199" lon="16.682602716609836">
        <ele>1808.8</ele>
        <time>2024-11-25T13:14:51Z</time>
      </trkpt>
      <trkpt lat="-22.9124984331429" lon="16.682207342237234">
        <ele>1808.4000000000001</ele>
        <time>2024-11-25T13:14:55Z</time>
      </trkpt>
      <trkpt lat="-22.912712087854743" lon="16.682007014751434">
        <ele>1807.2</ele>
        <time>2024-11-25T13:14:59Z</time>
      </trkpt>
      <trkpt lat="-22.91314048692584" lon="16.681605689227581">
        <ele>1805.5999999999999</ele>
        <time>2024-11-25T13:15:02Z</time>
      </trkpt>
      <trkpt lat="-22.913571735844016" lon="16.681197239086032">
        <ele>1804.4000000000001</ele>
        <time>2024-11-25T13:15:06Z</time>
      </trkpt>
      <trkpt lat="-22.913995189592242" lon="16.680794069543481">
        <ele>1803.4000000000001</ele>
        <time>2024-11-25T13:15:10Z</time>
      </trkpt>
      <trkpt lat="-22.914206748828292" lon="16.68059709481895">
        <ele>1803.2</ele>
        <time>2024-11-25T13:15:14Z</time>
      </trkpt>
      <trkpt lat="-22.914418894797564" lon="16.680407915264368">
        <ele>1803.2</ele>
        <time>2024-11-25T13:15:17Z</time>
      </trkpt>
      <trkpt lat="-22.91463028639555" lon="16.680217478424311">
        <ele>1803.2</ele>
        <time>2024-11-25T13:15:21Z</time>
      </trkpt>
      <trkpt lat="-22.91504418477416" lon="16.679842472076416">
        <ele>1803.5999999999999</ele>
        <time>2024-11-25T13:15:25Z</time>
      </trkpt>
      <trkpt lat="-22.915246272459626" lon="16.679660500958562">
        <ele>1803.8</ele>
        <time>2024-11-25T13:15:29Z</time>
      </trkpt>
      <trkpt lat="-22.915443917736411" lon="16.679479451850057">
        <ele>1804.4000000000001</ele>
        <time>2024-11-25T13:15:33Z</time>
      </trkpt>
      <trkpt lat="-22.915639886632562" lon="16.679299157112837">
        <ele>1804.5999999999999</ele>
        <time>2024-11-25T13:15:36Z</time>
      </trkpt>
      <trkpt lat="-22.915832586586475" lon="16.67912095785141">
        <ele>1805.2</ele>
        <time>2024-11-25T13:15:40Z</time>
      </trkpt>
      <trkpt lat="-22.916025035083294" lon="16.678941249847412">
        <ele>1806.2</ele>
        <time>2024-11-25T13:15:44Z</time>
      </trkpt>
      <trkpt lat="-22.916217818856239" lon="16.678761206567287">
        <ele>1807.4000000000001</ele>
        <time>2024-11-25T13:15:48Z</time>
      </trkpt>
      <trkpt lat="-22.916412865743041" lon="16.67857906781137">
        <ele>1808.5999999999999</ele>
        <time>2024-11-25T13:15:52Z</time>
      </trkpt>
      <trkpt lat="-22.916809665039182" lon="16.678210766986012">
        <ele>1811.2</ele>
        <time>2024-11-25T13:15:55Z</time>
      </trkpt>
      <trkpt lat="-22.917012674733996" lon="16.678025191649795">
        <ele>1812.5999999999999</ele>
        <time>2024-11-25T13:15:59Z</time>
      </trkpt>
      <trkpt lat="-22.91721660643816" lon="16.677835593000054">
        <ele>1814</ele>
        <time>2024-11-25T13:16:03Z</time>
      </trkpt>
      <trkpt lat="-22.917620530351996" lon="16.677456647157669">
        <ele>1815</ele>
        <time>2024-11-25T13:16:07Z</time>
      </trkpt>
      <trkpt lat="-22.917825384065509" lon="16.677267719060183">
        <ele>1815.8</ele>
        <time>2024-11-25T13:16:11Z</time>
      </trkpt>
      <trkpt lat="-22.918029399588704" lon="16.677073510363698">
        <ele>1815.8</ele>
        <time>2024-11-25T13:16:15Z</time>
      </trkpt>
      <trkpt lat="-22.918228972703218" lon="16.676887013018131">
        <ele>1815.8</ele>
        <time>2024-11-25T13:16:18Z</time>
      </trkpt>
      <trkpt lat="-22.918426366522908" lon="16.676704119890928">
        <ele>1815.8</ele>
        <time>2024-11-25T13:16:22Z</time>
      </trkpt>
      <trkpt lat="-22.918621581047773" lon="16.676523573696613">
        <ele>1815.8</ele>
        <time>2024-11-25T13:16:26Z</time>
      </trkpt>
      <trkpt lat="-22.91881293989718" lon="16.676341351121664">
        <ele>1815.2</ele>
        <time>2024-11-25T13:16:30Z</time>
      </trkpt>
      <trkpt lat="-22.91900203563273" lon="16.676161056384444">
        <ele>1814.4000000000001</ele>
        <time>2024-11-25T13:16:34Z</time>
      </trkpt>
      <trkpt lat="-22.919192304834723" lon="16.675990065559745">
        <ele>1813.5999999999999</ele>
        <time>2024-11-25T13:16:38Z</time>
      </trkpt>
      <trkpt lat="-22.919377880170941" lon="16.675821002572775">
        <ele>1813.2</ele>
        <time>2024-11-25T13:16:41Z</time>
      </trkpt>
      <trkpt lat="-22.919564796611667" lon="16.675650682300329">
        <ele>1812.4000000000001</ele>
        <time>2024-11-25T13:16:45Z</time>
      </trkpt>
      <trkpt lat="-22.91974333114922" lon="16.675487319007516">
        <ele>1811.4000000000001</ele>
        <time>2024-11-25T13:16:49Z</time>
      </trkpt>
      <trkpt lat="-22.919917339459062" lon="16.675327057018876">
        <ele>1811</ele>
        <time>2024-11-25T13:16:53Z</time>
      </trkpt>
      <trkpt lat="-22.920084474608302" lon="16.675172494724393">
        <ele>1810.5999999999999</ele>
        <time>2024-11-25T13:16:57Z</time>
      </trkpt>
      <trkpt lat="-22.920251274481416" lon="16.675018602982163">
        <ele>1810.5999999999999</ele>
        <time>2024-11-25T13:17:01Z</time>
      </trkpt>
      <trkpt lat="-22.920409692451358" lon="16.674869824200869">
        <ele>1810.5999999999999</ele>
        <time>2024-11-25T13:17:04Z</time>
      </trkpt>
      <trkpt lat="-22.920570373535156" lon="16.674721715971828">
        <ele>1810.5999999999999</ele>
        <time>2024-11-25T13:17:08Z</time>
      </trkpt>
      <trkpt lat="-22.920732898637652" lon="16.674572350457311">
        <ele>1810.8</ele>
        <time>2024-11-25T13:17:12Z</time>
      </trkpt>
      <trkpt lat="-22.920889556407928" lon="16.674423655495048">
        <ele>1811</ele>
        <time>2024-11-25T13:17:16Z</time>
      </trkpt>
      <trkpt lat="-22.921048058196902" lon="16.674277307465672">
        <ele>1811.4000000000001</ele>
        <time>2024-11-25T13:17:20Z</time>
      </trkpt>
      <trkpt lat="-22.921205721795559" lon="16.674128863960505">
        <ele>1811.8</ele>
        <time>2024-11-25T13:17:24Z</time>
      </trkpt>
      <trkpt lat="-22.921672593802214" lon="16.673678588122129">
        <ele>1812.5999999999999</ele>
        <time>2024-11-25T13:17:28Z</time>
      </trkpt>
      <trkpt lat="-22.922004265710711" lon="16.673373403027654">
        <ele>1813.2</ele>
        <time>2024-11-25T13:17:31Z</time>
      </trkpt>
      <trkpt lat="-22.922172406688333" lon="16.673214482143521">
        <ele>1814.2</ele>
        <time>2024-11-25T13:17:35Z</time>
      </trkpt>
      <trkpt lat="-22.922515645623207" lon="16.672881888225675">
        <ele>1815</ele>
        <time>2024-11-25T13:17:39Z</time>
      </trkpt>
      <trkpt lat="-22.922694683074951" lon="16.67271357960999">
        <ele>1815.5999999999999</ele>
        <time>2024-11-25T13:17:43Z</time>
      </trkpt>
      <trkpt lat="-22.922876067459583" lon="16.672544851899147">
        <ele>1816.2</ele>
        <time>2024-11-25T13:17:47Z</time>
      </trkpt>
      <trkpt lat="-22.923059547320008" lon="16.672373861074448">
        <ele>1816.5999999999999</ele>
        <time>2024-11-25T13:17:51Z</time>
      </trkpt>
      <trkpt lat="-22.923245541751385" lon="16.672200271859765">
        <ele>1816.8</ele>
        <time>2024-11-25T13:17:55Z</time>
      </trkpt>
      <trkpt lat="-22.9234329611063" lon="16.67202458716929">
        <ele>1817.4000000000001</ele>
        <time>2024-11-25T13:17:59Z</time>
      </trkpt>
      <trkpt lat="-22.923622224479914" lon="16.671844711527228">
        <ele>1817.5999999999999</ele>
        <time>2024-11-25T13:18:02Z</time>
      </trkpt>
      <trkpt lat="-22.923814672976732" lon="16.671662321314216">
        <ele>1818</ele>
        <time>2024-11-25T13:18:06Z</time>
      </trkpt>
      <trkpt lat="-22.924010809510946" lon="16.67147540487349">
        <ele>1818.4000000000001</ele>
        <time>2024-11-25T13:18:10Z</time>
      </trkpt>
      <trkpt lat="-22.924209795892239" lon="16.671289578080177">
        <ele>1818.8</ele>
        <time>2024-11-25T13:18:14Z</time>
      </trkpt>
      <trkpt lat="-22.924409620463848" lon="16.671105679124594">
        <ele>1819.2</ele>
        <time>2024-11-25T13:18:18Z</time>
      </trkpt>
      <trkpt lat="-22.924610115587711" lon="16.670919600874186">
        <ele>1819.4000000000001</ele>
        <time>2024-11-25T13:18:22Z</time>
      </trkpt>
      <trkpt lat="-22.92481136508286" lon="16.670731008052826">
        <ele>1819.4000000000001</ele>
        <time>2024-11-25T13:18:26Z</time>
      </trkpt>
      <trkpt lat="-22.92501412332058" lon="16.67054015211761">
        <ele>1819.4000000000001</ele>
        <time>2024-11-25T13:18:30Z</time>
      </trkpt>
      <trkpt lat="-22.925220234319568" lon="16.670347368344665">
        <ele>1819.4000000000001</ele>
        <time>2024-11-25T13:18:33Z</time>
      </trkpt>
      <trkpt lat="-22.925427434965968" lon="16.670155674219131">
        <ele>1819.4000000000001</ele>
        <time>2024-11-25T13:18:37Z</time>
      </trkpt>
      <trkpt lat="-22.925632875412703" lon="16.669962219893932">
        <ele>1819.2</ele>
        <time>2024-11-25T13:18:41Z</time>
      </trkpt>
      <trkpt lat="-22.925839321687818" lon="16.669767592102289">
        <ele>1819.2</ele>
        <time>2024-11-25T13:18:45Z</time>
      </trkpt>
      <trkpt lat="-22.926046941429377" lon="16.669573048129678">
        <ele>1819</ele>
        <time>2024-11-25T13:18:49Z</time>
      </trkpt>
      <trkpt lat="-22.926254980266094" lon="16.669376827776432">
        <ele>1818.8</ele>
        <time>2024-11-25T13:18:53Z</time>
      </trkpt>
      <trkpt lat="-22.926463354378939" lon="16.669180188328028">
        <ele>1818.2</ele>
        <time>2024-11-25T13:18:57Z</time>
      </trkpt>
      <trkpt lat="-22.926674159243703" lon="16.668986147269607">
        <ele>1817.5999999999999</ele>
        <time>2024-11-25T13:19:01Z</time>
      </trkpt>
      <trkpt lat="-22.926884880289435" lon="16.668794536963105">
        <ele>1817.4000000000001</ele>
        <time>2024-11-25T13:19:05Z</time>
      </trkpt>
      <trkpt lat="-22.927095098420978" lon="16.668603681027889">
        <ele>1817</ele>
        <time>2024-11-25T13:19:09Z</time>
      </trkpt>
      <trkpt lat="-22.927302299067378" lon="16.668409472331405">
        <ele>1816</ele>
        <time>2024-11-25T13:19:12Z</time>
      </trkpt>
      <trkpt lat="-22.927510002627969" lon="16.668214928358793">
        <ele>1815.4000000000001</ele>
        <time>2024-11-25T13:19:16Z</time>
      </trkpt>
      <trkpt lat="-22.927720472216606" lon="16.668021222576499">
        <ele>1814.8</ele>
        <time>2024-11-25T13:19:20Z</time>
      </trkpt>
      <trkpt lat="-22.927925828844309" lon="16.667830618098378">
        <ele>1814.2</ele>
        <time>2024-11-25T13:19:24Z</time>
      </trkpt>
      <trkpt lat="-22.928129341453314" lon="16.667638840153813">
        <ele>1813.8</ele>
        <time>2024-11-25T13:19:28Z</time>
      </trkpt>
      <trkpt lat="-22.928330926224589" lon="16.667445385828614">
        <ele>1812.5999999999999</ele>
        <time>2024-11-25T13:19:32Z</time>
      </trkpt>
      <trkpt lat="-22.928534774109721" lon="16.667253691703081">
        <ele>1812.2</ele>
        <time>2024-11-25T13:19:36Z</time>
      </trkpt>
      <trkpt lat="-22.928739041090012" lon="16.667061829939485">
        <ele>1811</ele>
        <time>2024-11-25T13:19:40Z</time>
      </trkpt>
      <trkpt lat="-22.92934337630868" lon="16.666505271568894">
        <ele>1809.4000000000001</ele>
        <time>2024-11-25T13:19:44Z</time>
      </trkpt>
      <trkpt lat="-22.929537082090974" lon="16.666323971003294">
        <ele>1808.4000000000001</ele>
        <time>2024-11-25T13:19:48Z</time>
      </trkpt>
      <trkpt lat="-22.929731290787458" lon="16.666139317676425">
        <ele>1807.5999999999999</ele>
        <time>2024-11-25T13:19:52Z</time>
      </trkpt>
      <trkpt lat="-22.930327914655209" lon="16.66558007709682">
        <ele>1806.8</ele>
        <time>2024-11-25T13:19:56Z</time>
      </trkpt>
      <trkpt lat="-22.930935183539987" lon="16.665016142651439">
        <ele>1807.4000000000001</ele>
        <time>2024-11-25T13:20:00Z</time>
      </trkpt>
      <trkpt lat="-22.931545302271843" lon="16.664448855444789">
        <ele>1808.2</ele>
        <time>2024-11-25T13:20:03Z</time>
      </trkpt>
      <trkpt lat="-22.931949812918901" lon="16.664073178544641">
        <ele>1808.2</ele>
        <time>2024-11-25T13:20:07Z</time>
      </trkpt>
      <trkpt lat="-22.932562278583646" lon="16.663496503606439">
        <ele>1807.8</ele>
        <time>2024-11-25T13:20:11Z</time>
      </trkpt>
      <trkpt lat="-22.932769479230046" lon="16.663305060938001">
        <ele>1807.4000000000001</ele>
        <time>2024-11-25T13:20:15Z</time>
      </trkpt>
      <trkpt lat="-22.933184048160911" lon="16.662919912487268">
        <ele>1806.4000000000001</ele>
        <time>2024-11-25T13:20:19Z</time>
      </trkpt>
      <trkpt lat="-22.933603478595614" lon="16.662529399618506">
        <ele>1804.8</ele>
        <time>2024-11-25T13:20:23Z</time>
      </trkpt>
      <trkpt lat="-22.934030033648014" lon="16.662136623635888">
        <ele>1804.5999999999999</ele>
        <time>2024-11-25T13:20:27Z</time>
      </trkpt>
      <trkpt lat="-22.934451475739479" lon="16.661745272576809">
        <ele>1804.5999999999999</ele>
        <time>2024-11-25T13:20:31Z</time>
      </trkpt>
      <trkpt lat="-22.934881215915084" lon="16.661341683939099">
        <ele>1805.4000000000001</ele>
        <time>2024-11-25T13:20:35Z</time>
      </trkpt>
      <trkpt lat="-22.935099145397544" lon="16.661140182986856">
        <ele>1806.4000000000001</ele>
        <time>2024-11-25T13:20:39Z</time>
      </trkpt>
      <trkpt lat="-22.935534501448274" lon="16.660741372033954">
        <ele>1807.8</ele>
        <time>2024-11-25T13:20:43Z</time>
      </trkpt>
      <trkpt lat="-22.935967175289989" lon="16.660343566909432">
        <ele>1809.8</ele>
        <time>2024-11-25T13:20:47Z</time>
      </trkpt>
      <trkpt lat="-22.936181165277958" lon="16.660142568871379">
        <ele>1811.2</ele>
        <time>2024-11-25T13:20:51Z</time>
      </trkpt>
      <trkpt lat="-22.936398675665259" lon="16.659942073747516">
        <ele>1812</ele>
        <time>2024-11-25T13:20:55Z</time>
      </trkpt>
      <trkpt lat="-22.936614928767085" lon="16.659739734604955">
        <ele>1812.5999999999999</ele>
        <time>2024-11-25T13:20:59Z</time>
      </trkpt>
      <trkpt lat="-22.936829924583435" lon="16.659538233652711">
        <ele>1813.8</ele>
        <time>2024-11-25T13:21:03Z</time>
      </trkpt>
      <trkpt lat="-22.937261341139674" lon="16.659132549539208">
        <ele>1815</ele>
        <time>2024-11-25T13:21:07Z</time>
      </trkpt>
      <trkpt lat="-22.937479019165039" lon="16.658926019445062">
        <ele>1816</ele>
        <time>2024-11-25T13:21:11Z</time>
      </trkpt>
      <trkpt lat="-22.937698792666197" lon="16.65871873497963">
        <ele>1817</ele>
        <time>2024-11-25T13:21:15Z</time>
      </trkpt>
      <trkpt lat="-22.937918649986386" lon="16.658515892922878">
        <ele>1817.5999999999999</ele>
        <time>2024-11-25T13:21:19Z</time>
      </trkpt>
      <trkpt lat="-22.938139513134956" lon="16.65831221267581">
        <ele>1818</ele>
        <time>2024-11-25T13:21:23Z</time>
      </trkpt>
      <trkpt lat="-22.938360460102558" lon="16.658109035342932">
        <ele>1819</ele>
        <time>2024-11-25T13:21:27Z</time>
      </trkpt>
      <trkpt lat="-22.938579898327589" lon="16.657907869666815">
        <ele>1819.5999999999999</ele>
        <time>2024-11-25T13:21:31Z</time>
      </trkpt>
      <trkpt lat="-22.938798498362303" lon="16.657708548009396">
        <ele>1820</ele>
        <time>2024-11-25T13:21:35Z</time>
      </trkpt>
      <trkpt lat="-22.939015254378319" lon="16.657508304342628">
        <ele>1820.8</ele>
        <time>2024-11-25T13:21:39Z</time>
      </trkpt>
      <trkpt lat="-22.939229998737574" lon="16.657309988513589">
        <ele>1821.2</ele>
        <time>2024-11-25T13:21:43Z</time>
      </trkpt>
      <trkpt lat="-22.939440803602338" lon="16.657113013789058">
        <ele>1822.2</ele>
        <time>2024-11-25T13:21:47Z</time>
      </trkpt>
      <trkpt lat="-22.939647249877453" lon="16.656916458159685">
        <ele>1823</ele>
        <time>2024-11-25T13:21:51Z</time>
      </trkpt>
      <trkpt lat="-22.939848331734538" lon="16.656722752377391">
        <ele>1823.4000000000001</ele>
        <time>2024-11-25T13:21:55Z</time>
      </trkpt>
      <trkpt lat="-22.940045055001974" lon="16.656530136242509">
        <ele>1823.8</ele>
        <time>2024-11-25T13:21:59Z</time>
      </trkpt>
      <trkpt lat="-22.940233647823334" lon="16.656335173174739">
        <ele>1824.5999999999999</ele>
        <time>2024-11-25T13:22:03Z</time>
      </trkpt>
      <trkpt lat="-22.9404167085886" lon="16.656134007498622">
        <ele>1825</ele>
        <time>2024-11-25T13:22:07Z</time>
      </trkpt>
      <trkpt lat="-22.94059214182198" lon="16.655925046652555">
        <ele>1825.4000000000001</ele>
        <time>2024-11-25T13:22:11Z</time>
      </trkpt>
      <trkpt lat="-22.940762881189585" lon="16.655713906511664">
        <ele>1825.8</ele>
        <time>2024-11-25T13:22:15Z</time>
      </trkpt>
      <trkpt lat="-22.940928172320127" lon="16.655497904866934">
        <ele>1827</ele>
        <time>2024-11-25T13:22:19Z</time>
      </trkpt>
      <trkpt lat="-22.941088015213609" lon="16.655282406136394">
        <ele>1827.8</ele>
        <time>2024-11-25T13:22:23Z</time>
      </trkpt>
      <trkpt lat="-22.941237632185221" lon="16.655062129721045">
        <ele>1827.8</ele>
        <time>2024-11-25T13:22:27Z</time>
      </trkpt>
      <trkpt lat="-22.941383142024279" lon="16.654833890497684">
        <ele>1828.8</ele>
        <time>2024-11-25T13:22:31Z</time>
      </trkpt>
      <trkpt lat="-22.941524041816592" lon="16.65460204705596">
        <ele>1829.4000000000001</ele>
        <time>2024-11-25T13:22:36Z</time>
      </trkpt>
      <trkpt lat="-22.941656894981861" lon="16.654361570253968">
        <ele>1829.8</ele>
        <time>2024-11-25T13:22:40Z</time>
      </trkpt>
      <trkpt lat="-22.941781366243958" lon="16.654116399586201">
        <ele>1830</ele>
        <time>2024-11-25T13:22:44Z</time>
      </trkpt>
      <trkpt lat="-22.941900053992867" lon="16.653866954147816">
        <ele>1830.2</ele>
        <time>2024-11-25T13:22:48Z</time>
      </trkpt>
      <trkpt lat="-22.942012958228588" lon="16.65361407212913">
        <ele>1830.2</ele>
        <time>2024-11-25T13:22:52Z</time>
      </trkpt>
      <trkpt lat="-22.942123264074326" lon="16.653358424082398">
        <ele>1830.4000000000001</ele>
        <time>2024-11-25T13:22:56Z</time>
      </trkpt>
      <trkpt lat="-22.94223147444427" lon="16.653099674731493">
        <ele>1830.4000000000001</ele>
        <time>2024-11-25T13:23:00Z</time>
      </trkpt>
      <trkpt lat="-22.942337840795517" lon="16.652837656438351">
        <ele>1830.2</ele>
        <time>2024-11-25T13:23:04Z</time>
      </trkpt>
      <trkpt lat="-22.942434651777148" lon="16.652570106089115">
        <ele>1830</ele>
        <time>2024-11-25T13:23:08Z</time>
      </trkpt>
      <trkpt lat="-22.942525846883655" lon="16.65229769423604">
        <ele>1829.8</ele>
        <time>2024-11-25T13:23:12Z</time>
      </trkpt>
      <trkpt lat="-22.942614778876305" lon="16.652022432535887">
        <ele>1829.8</ele>
        <time>2024-11-25T13:23:16Z</time>
      </trkpt>
      <trkpt lat="-22.94270689599216" lon="16.65174750611186">
        <ele>1829.8</ele>
        <time>2024-11-25T13:23:20Z</time>
      </trkpt>
      <trkpt lat="-22.942799432203174" lon="16.651474004611373">
        <ele>1829.5999999999999</ele>
        <time>2024-11-25T13:23:24Z</time>
      </trkpt>
      <trkpt lat="-22.942890459671617" lon="16.651197904720902">
        <ele>1829.5999999999999</ele>
        <time>2024-11-25T13:23:28Z</time>
      </trkpt>
      <trkpt lat="-22.942982912063599" lon="16.650922726839781">
        <ele>1829.4000000000001</ele>
        <time>2024-11-25T13:23:32Z</time>
      </trkpt>
      <trkpt lat="-22.943075532093644" lon="16.65064956061542">
        <ele>1829.2</ele>
        <time>2024-11-25T13:23:36Z</time>
      </trkpt>
      <trkpt lat="-22.943166894838214" lon="16.650378489866853">
        <ele>1829</ele>
        <time>2024-11-25T13:23:40Z</time>
      </trkpt>
      <trkpt lat="-22.9432522226125" lon="16.650110185146332">
        <ele>1828.5999999999999</ele>
        <time>2024-11-25T13:23:44Z</time>
      </trkpt>
      <trkpt lat="-22.943329000845551" lon="16.649842634797096">
        <ele>1828.2</ele>
        <time>2024-11-25T13:23:49Z</time>
      </trkpt>
      <trkpt lat="-22.943394714966416" lon="16.64957357570529">
        <ele>1828</ele>
        <time>2024-11-25T13:23:53Z</time>
      </trkpt>
      <trkpt lat="-22.943445174023509" lon="16.649301163852215">
        <ele>1827.5999999999999</ele>
        <time>2024-11-25T13:23:57Z</time>
      </trkpt>
      <trkpt lat="-22.94348088093102" lon="16.649026907980442">
        <ele>1827.4000000000001</ele>
        <time>2024-11-25T13:24:01Z</time>
      </trkpt>
      <trkpt lat="-22.943505523726344" lon="16.648751646280289">
        <ele>1827.2</ele>
        <time>2024-11-25T13:24:05Z</time>
      </trkpt>
      <trkpt lat="-22.943517258390784" lon="16.648476300761104">
        <ele>1827</ele>
        <time>2024-11-25T13:24:09Z</time>
      </trkpt>
      <trkpt lat="-22.943516168743372" lon="16.648199697956443">
        <ele>1827</ele>
        <time>2024-11-25T13:24:13Z</time>
      </trkpt>
      <trkpt lat="-22.943496722728014" lon="16.647923430427909">
        <ele>1826.8</ele>
        <time>2024-11-25T13:24:17Z</time>
      </trkpt>
      <trkpt lat="-22.943404940888286" lon="16.647381456568837">
        <ele>1826.4000000000001</ele>
        <time>2024-11-25T13:24:21Z</time>
      </trkpt>
      <trkpt lat="-22.943155495449901" lon="16.646563718095422">
        <ele>1826</ele>
        <time>2024-11-25T13:24:25Z</time>
      </trkpt>
      <trkpt lat="-22.942954748868942" lon="16.64602124132216">
        <ele>1826</ele>
        <time>2024-11-25T13:24:29Z</time>
      </trkpt>
      <trkpt lat="-22.94285349547863" lon="16.645758971571922">
        <ele>1825.8</ele>
        <time>2024-11-25T13:24:33Z</time>
      </trkpt>
      <trkpt lat="-22.942755175754428" lon="16.645501563325524">
        <ele>1825.5999999999999</ele>
        <time>2024-11-25T13:24:38Z</time>
      </trkpt>
      <trkpt lat="-22.942664148285985" lon="16.645246837288141">
        <ele>1825</ele>
        <time>2024-11-25T13:24:42Z</time>
      </trkpt>
      <trkpt lat="-22.942582257091999" lon="16.644990853965282">
        <ele>1824.8</ele>
        <time>2024-11-25T13:24:46Z</time>
      </trkpt>
      <trkpt lat="-22.942507909610868" lon="16.644733529537916">
        <ele>1824.2</ele>
        <time>2024-11-25T13:24:50Z</time>
      </trkpt>
      <trkpt lat="-22.942445296794176" lon="16.644475953653455">
        <ele>1823.2</ele>
        <time>2024-11-25T13:24:54Z</time>
      </trkpt>
      <trkpt lat="-22.942390898242593" lon="16.644217791035771">
        <ele>1822.5999999999999</ele>
        <time>2024-11-25T13:24:58Z</time>
      </trkpt>
      <trkpt lat="-22.942342450842261" lon="16.643955772742629">
        <ele>1821.2</ele>
        <time>2024-11-25T13:25:02Z</time>
      </trkpt>
      <trkpt lat="-22.942298278212547" lon="16.643689563497901">
        <ele>1819.5999999999999</ele>
        <time>2024-11-25T13:25:06Z</time>
      </trkpt>
      <trkpt lat="-22.942258799448609" lon="16.643415223807096">
        <ele>1818.2</ele>
        <time>2024-11-25T13:25:10Z</time>
      </trkpt>
      <trkpt lat="-22.942228792235255" lon="16.643136106431484">
        <ele>1816.8</ele>
        <time>2024-11-25T13:25:14Z</time>
      </trkpt>
      <trkpt lat="-22.942207418382168" lon="16.642855480313301">
        <ele>1815</ele>
        <time>2024-11-25T13:25:19Z</time>
      </trkpt>
      <trkpt lat="-22.942189145833254" lon="16.642571585252881">
        <ele>1813.5999999999999</ele>
        <time>2024-11-25T13:25:23Z</time>
      </trkpt>
      <trkpt lat="-22.942176908254623" lon="16.642285343259573">
        <ele>1811.5999999999999</ele>
        <time>2024-11-25T13:25:27Z</time>
      </trkpt>
      <trkpt lat="-22.942171711474657" lon="16.641998598352075">
        <ele>1810</ele>
        <time>2024-11-25T13:25:31Z</time>
      </trkpt>
      <trkpt lat="-22.942173890769482" lon="16.641711685806513">
        <ele>1807.5999999999999</ele>
        <time>2024-11-25T13:25:35Z</time>
      </trkpt>
      <trkpt lat="-22.942187553271651" lon="16.64142862893641">
        <ele>1805.8</ele>
        <time>2024-11-25T13:25:39Z</time>
      </trkpt>
      <trkpt lat="-22.942209094762802" lon="16.641146577894688">
        <ele>1804</ele>
        <time>2024-11-25T13:25:43Z</time>
      </trkpt>
      <trkpt lat="-22.942242035642266" lon="16.64086083881557">
        <ele>1802.2</ele>
        <time>2024-11-25T13:25:47Z</time>
      </trkpt>
      <trkpt lat="-22.942281095311046" lon="16.640574680641294">
        <ele>1799.5999999999999</ele>
        <time>2024-11-25T13:25:52Z</time>
      </trkpt>
      <trkpt lat="-22.942328033968806" lon="16.640286594629288">
        <ele>1798.2</ele>
        <time>2024-11-25T13:25:56Z</time>
      </trkpt>
      <trkpt lat="-22.942383857443929" lon="16.640000101178885">
        <ele>1797</ele>
        <time>2024-11-25T13:26:00Z</time>
      </trkpt>
      <trkpt lat="-22.942450577393174" lon="16.639711763709784">
        <ele>1795.8</ele>
        <time>2024-11-25T13:26:04Z</time>
      </trkpt>
      <trkpt lat="-22.942600278183818" lon="16.639137770980597">
        <ele>1793.4000000000001</ele>
        <time>2024-11-25T13:26:08Z</time>
      </trkpt>
      <trkpt lat="-22.942756349220872" lon="16.638555731624365">
        <ele>1792.5999999999999</ele>
        <time>2024-11-25T13:26:12Z</time>
      </trkpt>
      <trkpt lat="-22.942834049463272" lon="16.638262448832393">
        <ele>1791.4000000000001</ele>
        <time>2024-11-25T13:26:16Z</time>
      </trkpt>
      <trkpt lat="-22.942992886528373" lon="16.637668758630753">
        <ele>1789.4000000000001</ele>
        <time>2024-11-25T13:26:21Z</time>
      </trkpt>
      <trkpt lat="-22.943156752735376" lon="16.637079259380698">
        <ele>1787.5999999999999</ele>
        <time>2024-11-25T13:26:25Z</time>
      </trkpt>
      <trkpt lat="-22.943320032209158" lon="16.636493029072881">
        <ele>1786.2</ele>
        <time>2024-11-25T13:26:29Z</time>
      </trkpt>
      <trkpt lat="-22.943396726623178" lon="16.636205613613129">
        <ele>1786</ele>
        <time>2024-11-25T13:26:33Z</time>
      </trkpt>
      <trkpt lat="-22.943472499027848" lon="16.635926496237516">
        <ele>1786</ele>
        <time>2024-11-25T13:26:37Z</time>
      </trkpt>
      <trkpt lat="-22.943546762689948" lon="16.635649055242538">
        <ele>1786</ele>
        <time>2024-11-25T13:26:41Z</time>
      </trkpt>
      <trkpt lat="-22.943619349971414" lon="16.63537404499948">
        <ele>1786</ele>
        <time>2024-11-25T13:26:46Z</time>
      </trkpt>
      <trkpt lat="-22.943693613633513" lon="16.635097023099661">
        <ele>1786.4000000000001</ele>
        <time>2024-11-25T13:26:50Z</time>
      </trkpt>
      <trkpt lat="-22.943769134581089" lon="16.634820504114032">
        <ele>1786.5999999999999</ele>
        <time>2024-11-25T13:26:54Z</time>
      </trkpt>
      <trkpt lat="-22.943844655528665" lon="16.634548427537084">
        <ele>1786.5999999999999</ele>
        <time>2024-11-25T13:26:58Z</time>
      </trkpt>
      <trkpt lat="-22.94391967356205" lon="16.634283475577831">
        <ele>1786.8</ele>
        <time>2024-11-25T13:27:02Z</time>
      </trkpt>
      <trkpt lat="-22.943991925567389" lon="16.634024390950799">
        <ele>1786.8</ele>
        <time>2024-11-25T13:27:06Z</time>
      </trkpt>
      <trkpt lat="-22.944059399887919" lon="16.633768239989877">
        <ele>1786.8</ele>
        <time>2024-11-25T13:27:11Z</time>
      </trkpt>
      <trkpt lat="-22.944123689085245" lon="16.633512424305081">
        <ele>1786.5999999999999</ele>
        <time>2024-11-25T13:27:15Z</time>
      </trkpt>
      <trkpt lat="-22.944182613864541" lon="16.633250657469034">
        <ele>1786</ele>
        <time>2024-11-25T13:27:19Z</time>
      </trkpt>
      <trkpt lat="-22.944239526987076" lon="16.632985537871718">
        <ele>1785.2</ele>
        <time>2024-11-25T13:27:23Z</time>
      </trkpt>
      <trkpt lat="-22.944292835891247" lon="16.632715556770563">
        <ele>1785</ele>
        <time>2024-11-25T13:27:27Z</time>
      </trkpt>
      <trkpt lat="-22.944453516975045" lon="16.631887257099152">
        <ele>1783.2</ele>
        <time>2024-11-25T13:27:31Z</time>
      </trkpt>
      <trkpt lat="-22.944497354328632" lon="16.631608558818698">
        <ele>1781.8</ele>
        <time>2024-11-25T13:27:36Z</time>
      </trkpt>
      <trkpt lat="-22.944573797285557" lon="16.631040181964636">
        <ele>1779.4000000000001</ele>
        <time>2024-11-25T13:27:40Z</time>
      </trkpt>
      <trkpt lat="-22.944609168916941" lon="16.630754107609391">
        <ele>1778.2</ele>
        <time>2024-11-25T13:27:44Z</time>
      </trkpt>
      <trkpt lat="-22.944641523063183" lon="16.630464596673846">
        <ele>1777.2</ele>
        <time>2024-11-25T13:27:48Z</time>
      </trkpt>
      <trkpt lat="-22.944670440629125" lon="16.630173493176699">
        <ele>1776.2</ele>
        <time>2024-11-25T13:27:52Z</time>
      </trkpt>
      <trkpt lat="-22.944693239405751" lon="16.629879623651505">
        <ele>1774.5999999999999</ele>
        <time>2024-11-25T13:27:57Z</time>
      </trkpt>
      <trkpt lat="-22.944715283811092" lon="16.62958474829793">
        <ele>1773.4000000000001</ele>
        <time>2024-11-25T13:28:01Z</time>
      </trkpt>
      <trkpt lat="-22.944739507511258" lon="16.629290878772736">
        <ele>1772.4000000000001</ele>
        <time>2024-11-25T13:28:05Z</time>
      </trkpt>
      <trkpt lat="-22.944766329601407" lon="16.628990806639194">
        <ele>1770.8</ele>
        <time>2024-11-25T13:28:09Z</time>
      </trkpt>
      <trkpt lat="-22.944792984053493" lon="16.628687968477607">
        <ele>1770</ele>
        <time>2024-11-25T13:28:13Z</time>
      </trkpt>
      <trkpt lat="-22.9448167886585" lon="16.628379765897989">
        <ele>1768.4000000000001</ele>
        <time>2024-11-25T13:28:18Z</time>
      </trkpt>
      <trkpt lat="-22.944839084520936" lon="16.628067540004849">
        <ele>1767.2</ele>
        <time>2024-11-25T13:28:22Z</time>
      </trkpt>
      <trkpt lat="-22.944886023178697" lon="16.627440992742777">
        <ele>1765.4000000000001</ele>
        <time>2024-11-25T13:28:26Z</time>
      </trkpt>
      <trkpt lat="-22.94493405148387" lon="16.626808326691389">
        <ele>1764</ele>
        <time>2024-11-25T13:28:30Z</time>
      </trkpt>
      <trkpt lat="-22.94498585164547" lon="16.626175157725811">
        <ele>1763</ele>
        <time>2024-11-25T13:28:35Z</time>
      </trkpt>
      <trkpt lat="-22.945009153336287" lon="16.625865194946527">
        <ele>1763</ele>
        <time>2024-11-25T13:28:39Z</time>
      </trkpt>
      <trkpt lat="-22.945034801959991" lon="16.625557327643037">
        <ele>1763</ele>
        <time>2024-11-25T13:28:43Z</time>
      </trkpt>
      <trkpt lat="-22.94506112113595" lon="16.625253818929195">
        <ele>1763</ele>
        <time>2024-11-25T13:28:47Z</time>
      </trkpt>
      <trkpt lat="-22.945083752274513" lon="16.624950980767608">
        <ele>1763.2</ele>
        <time>2024-11-25T13:28:51Z</time>
      </trkpt>
      <trkpt lat="-22.945105712860823" lon="16.624645628035069">
        <ele>1763.8</ele>
        <time>2024-11-25T13:28:56Z</time>
      </trkpt>
      <trkpt lat="-22.945128008723259" lon="16.624338766559958">
        <ele>1764.4000000000001</ele>
        <time>2024-11-25T13:29:00Z</time>
      </trkpt>
      <trkpt lat="-22.945177797228098" lon="16.623725881800056">
        <ele>1766</ele>
        <time>2024-11-25T13:29:04Z</time>
      </trkpt>
      <trkpt lat="-22.945227418094873" lon="16.623115092515945">
        <ele>1766.2</ele>
        <time>2024-11-25T13:29:08Z</time>
      </trkpt>
      <trkpt lat="-22.945273853838444" lon="16.622500866651535">
        <ele>1766.2</ele>
        <time>2024-11-25T13:29:13Z</time>
      </trkpt>
      <trkpt lat="-22.945321379229426" lon="16.621895274147391">
        <ele>1765.8</ele>
        <time>2024-11-25T13:29:17Z</time>
      </trkpt>
      <trkpt lat="-22.945360019803047" lon="16.621278114616871">
        <ele>1765</ele>
        <time>2024-11-25T13:29:21Z</time>
      </trkpt>
      <trkpt lat="-22.945371586829424" lon="16.620964966714382">
        <ele>1764.4000000000001</ele>
        <time>2024-11-25T13:29:25Z</time>
      </trkpt>
      <trkpt lat="-22.945372508838773" lon="16.620342526584864">
        <ele>1762.8</ele>
        <time>2024-11-25T13:29:30Z</time>
      </trkpt>
      <trkpt lat="-22.945332359522581" lon="16.6197310667485">
        <ele>1761.4000000000001</ele>
        <time>2024-11-25T13:29:34Z</time>
      </trkpt>
      <trkpt lat="-22.945294976234436" lon="16.619425965473056">
        <ele>1761.4000000000001</ele>
        <time>2024-11-25T13:29:38Z</time>
      </trkpt>
      <trkpt lat="-22.945186179131269" lon="16.618838980793953">
        <ele>1761.4000000000001</ele>
        <time>2024-11-25T13:29:42Z</time>
      </trkpt>
      <trkpt lat="-22.945116106420755" lon="16.618553157895803">
        <ele>1761.8</ele>
        <time>2024-11-25T13:29:47Z</time>
      </trkpt>
      <trkpt lat="-22.945036226883531" lon="16.618269346654415">
        <ele>1762.8</ele>
        <time>2024-11-25T13:29:51Z</time>
      </trkpt>
      <trkpt lat="-22.944948552176356" lon="16.617987882345915">
        <ele>1763.8</ele>
        <time>2024-11-25T13:29:55Z</time>
      </trkpt>
      <trkpt lat="-22.944854339584708" lon="16.617711028084159">
        <ele>1765</ele>
        <time>2024-11-25T13:30:00Z</time>
      </trkpt>
      <trkpt lat="-22.944757780060172" lon="16.617439035326242">
        <ele>1766.2</ele>
        <time>2024-11-25T13:30:04Z</time>
      </trkpt>
      <trkpt lat="-22.944659795612097" lon="16.617166120558977">
        <ele>1767.5999999999999</ele>
        <time>2024-11-25T13:30:08Z</time>
      </trkpt>
      <trkpt lat="-22.944470616057515" lon="16.61662582308054">
        <ele>1770.2</ele>
        <time>2024-11-25T13:30:12Z</time>
      </trkpt>
      <trkpt lat="-22.944386126473546" lon="16.616352405399084">
        <ele>1771.5999999999999</ele>
        <time>2024-11-25T13:30:17Z</time>
      </trkpt>
      <trkpt lat="-22.944312952458858" lon="16.61607370711863">
        <ele>1773</ele>
        <time>2024-11-25T13:30:21Z</time>
      </trkpt>
      <trkpt lat="-22.944252686575055" lon="16.615791488438845">
        <ele>1774</ele>
        <time>2024-11-25T13:30:25Z</time>
      </trkpt>
      <trkpt lat="-22.944200886413455" lon="16.615508683025837">
        <ele>1775</ele>
        <time>2024-11-25T13:30:30Z</time>
      </trkpt>
      <trkpt lat="-22.944154953584075" lon="16.615226464346051">
        <ele>1776</ele>
        <time>2024-11-25T13:30:34Z</time>
      </trkpt>
      <trkpt lat="-22.944118240848184" lon="16.614942066371441">
        <ele>1777.5999999999999</ele>
        <time>2024-11-25T13:30:38Z</time>
      </trkpt>
      <trkpt lat="-22.944092424586415" lon="16.614658087491989">
        <ele>1778.8</ele>
        <time>2024-11-25T13:30:42Z</time>
      </trkpt>
      <trkpt lat="-22.944078762084246" lon="16.614378048107028">
        <ele>1780.2</ele>
        <time>2024-11-25T13:30:47Z</time>
      </trkpt>
      <trkpt lat="-22.944072810932994" lon="16.614095661789179">
        <ele>1781</ele>
        <time>2024-11-25T13:30:51Z</time>
      </trkpt>
      <trkpt lat="-22.944076498970389" lon="16.61381721496582">
        <ele>1783</ele>
        <time>2024-11-25T13:30:55Z</time>
      </trkpt>
      <trkpt lat="-22.944086557254195" lon="16.613536421209574">
        <ele>1784</ele>
        <time>2024-11-25T13:31:00Z</time>
      </trkpt>
      <trkpt lat="-22.94410583563149" lon="16.613259315490723">
        <ele>1785.8</ele>
        <time>2024-11-25T13:31:04Z</time>
      </trkpt>
      <trkpt lat="-22.944135423749685" lon="16.612981287762523">
        <ele>1787</ele>
        <time>2024-11-25T13:31:08Z</time>
      </trkpt>
      <trkpt lat="-22.944171633571386" lon="16.612705774605274">
        <ele>1788.2</ele>
        <time>2024-11-25T13:31:13Z</time>
      </trkpt>
      <trkpt lat="-22.944216392934322" lon="16.612431854009628">
        <ele>1789.4000000000001</ele>
        <time>2024-11-25T13:31:17Z</time>
      </trkpt>
      <trkpt lat="-22.944272719323635" lon="16.612163549289107">
        <ele>1790.4000000000001</ele>
        <time>2024-11-25T13:31:21Z</time>
      </trkpt>
      <trkpt lat="-22.944345390424132" lon="16.611895747482777">
        <ele>1791.2</ele>
        <time>2024-11-25T13:31:26Z</time>
      </trkpt>
      <trkpt lat="-22.944426778703928" lon="16.611631382256746">
        <ele>1792.2</ele>
        <time>2024-11-25T13:31:30Z</time>
      </trkpt>
      <trkpt lat="-22.944517973810434" lon="16.611369615420699">
        <ele>1792.8</ele>
        <time>2024-11-25T13:31:34Z</time>
      </trkpt>
      <trkpt lat="-22.9446130245924" lon="16.611111620441079">
        <ele>1793.4000000000001</ele>
        <time>2024-11-25T13:31:38Z</time>
      </trkpt>
      <trkpt lat="-22.944713355973363" lon="16.610855720937252">
        <ele>1793.8</ele>
        <time>2024-11-25T13:31:43Z</time>
      </trkpt>
      <trkpt lat="-22.944818381220102" lon="16.610606107860804">
        <ele>1794</ele>
        <time>2024-11-25T13:31:47Z</time>
      </trkpt>
      <trkpt lat="-22.945173690095544" lon="16.609872691333294">
        <ele>1794.2</ele>
        <time>2024-11-25T13:31:51Z</time>
      </trkpt>
      <trkpt lat="-22.945310482755303" lon="16.609641937538981">
        <ele>1794</ele>
        <time>2024-11-25T13:31:56Z</time>
      </trkpt>
      <trkpt lat="-22.945456579327583" lon="16.609421409666538">
        <ele>1793.8</ele>
        <time>2024-11-25T13:32:00Z</time>
      </trkpt>
      <trkpt lat="-22.945609716698527" lon="16.609197612851858">
        <ele>1793.5999999999999</ele>
        <time>2024-11-25T13:32:04Z</time>
      </trkpt>
      <trkpt lat="-22.945774169638753" lon="16.608981946483254">
        <ele>1793.2</ele>
        <time>2024-11-25T13:32:09Z</time>
      </trkpt>
      <trkpt lat="-22.945943735539913" lon="16.608771560713649">
        <ele>1792.5999999999999</ele>
        <time>2024-11-25T13:32:13Z</time>
      </trkpt>
      <trkpt lat="-22.946118079125881" lon="16.608567209914327">
        <ele>1792</ele>
        <time>2024-11-25T13:32:17Z</time>
      </trkpt>
      <trkpt lat="-22.946301139891148" lon="16.608370989561081">
        <ele>1790.5999999999999</ele>
        <time>2024-11-25T13:32:22Z</time>
      </trkpt>
      <trkpt lat="-22.946494845673442" lon="16.608187593519688">
        <ele>1790.2</ele>
        <time>2024-11-25T13:32:26Z</time>
      </trkpt>
      <trkpt lat="-22.946697436273098" lon="16.608008723706007">
        <ele>1788.5999999999999</ele>
        <time>2024-11-25T13:32:30Z</time>
      </trkpt>
      <trkpt lat="-22.946911593899131" lon="16.607833625748754">
        <ele>1787.4000000000001</ele>
        <time>2024-11-25T13:32:35Z</time>
      </trkpt>
      <trkpt lat="-22.947132792323828" lon="16.607664646580815">
        <ele>1785.8</ele>
        <time>2024-11-25T13:32:39Z</time>
      </trkpt>
      <trkpt lat="-22.947360696271062" lon="16.607501953840256">
        <ele>1784.4000000000001</ele>
        <time>2024-11-25T13:32:44Z</time>
      </trkpt>
      <trkpt lat="-22.947596563026309" lon="16.607347223907709">
        <ele>1782.5999999999999</ele>
        <time>2024-11-25T13:32:48Z</time>
      </trkpt>
      <trkpt lat="-22.94784139841795" lon="16.607199534773827">
        <ele>1780.4000000000001</ele>
        <time>2024-11-25T13:32:52Z</time>
      </trkpt>
      <trkpt lat="-22.948094867169857" lon="16.60705947317183">
        <ele>1778.5999999999999</ele>
        <time>2024-11-25T13:32:57Z</time>
      </trkpt>
      <trkpt lat="-22.948357639834285" lon="16.606931146234274">
        <ele>1777</ele>
        <time>2024-11-25T13:33:01Z</time>
      </trkpt>
      <trkpt lat="-22.948626279830933" lon="16.606812290847301">
        <ele>1774.8</ele>
        <time>2024-11-25T13:33:05Z</time>
      </trkpt>
      <trkpt lat="-22.94889441691339" lon="16.606699554249644">
        <ele>1773</ele>
        <time>2024-11-25T13:33:10Z</time>
      </trkpt>
      <trkpt lat="-22.949163559824228" lon="16.606585728004575">
        <ele>1770.8</ele>
        <time>2024-11-25T13:33:14Z</time>
      </trkpt>
      <trkpt lat="-22.949437061324716" lon="16.606473159044981">
        <ele>1769</ele>
        <time>2024-11-25T13:33:18Z</time>
      </trkpt>
      <trkpt lat="-22.949713664129376" lon="16.606361344456673">
        <ele>1767.8</ele>
        <time>2024-11-25T13:33:23Z</time>
      </trkpt>
      <trkpt lat="-22.949988674372435" lon="16.606249613687396">
        <ele>1766.2</ele>
        <time>2024-11-25T13:33:27Z</time>
      </trkpt>
      <trkpt lat="-22.950527714565396" lon="16.606023050844669">
        <ele>1765.2</ele>
        <time>2024-11-25T13:33:32Z</time>
      </trkpt>
      <trkpt lat="-22.950786296278238" lon="16.605896651744843">
        <ele>1765.2</ele>
        <time>2024-11-25T13:33:36Z</time>
      </trkpt>
      <trkpt lat="-22.951037753373384" lon="16.605761870741844">
        <ele>1765</ele>
        <time>2024-11-25T13:33:40Z</time>
      </trkpt>
      <trkpt lat="-22.951286109164357" lon="16.605618121102452">
        <ele>1765</ele>
        <time>2024-11-25T13:33:45Z</time>
      </trkpt>
      <trkpt lat="-22.951525244861841" lon="16.605463223531842">
        <ele>1765</ele>
        <time>2024-11-25T13:33:49Z</time>
      </trkpt>
      <trkpt lat="-22.951986584812403" lon="16.605126187205315">
        <ele>1765.2</ele>
        <time>2024-11-25T13:33:53Z</time>
      </trkpt>
      <trkpt lat="-22.952211638912559" lon="16.604942120611668">
        <ele>1765.4000000000001</ele>
        <time>2024-11-25T13:33:58Z</time>
      </trkpt>
      <trkpt lat="-22.952644731849432" lon="16.604553367942572">
        <ele>1765.5999999999999</ele>
        <time>2024-11-25T13:34:02Z</time>
      </trkpt>
      <trkpt lat="-22.953056786209345" lon="16.604124382138252">
        <ele>1766.2</ele>
        <time>2024-11-25T13:34:07Z</time>
      </trkpt>
      <trkpt lat="-22.953248145058751" lon="16.603897819295526">
        <ele>1766.4000000000001</ele>
        <time>2024-11-25T13:34:11Z</time>
      </trkpt>
      <trkpt lat="-22.953607896342874" lon="16.60342357121408">
        <ele>1767</ele>
        <time>2024-11-25T13:34:15Z</time>
      </trkpt>
      <trkpt lat="-22.953781150281429" lon="16.603177227079868">
        <ele>1767.4000000000001</ele>
        <time>2024-11-25T13:34:20Z</time>
      </trkpt>
      <trkpt lat="-22.954125814139843" lon="16.602678084746003">
        <ele>1768.4000000000001</ele>
        <time>2024-11-25T13:34:24Z</time>
      </trkpt>
      <trkpt lat="-22.954298313707113" lon="16.602427717298269">
        <ele>1769.2</ele>
        <time>2024-11-25T13:34:29Z</time>
      </trkpt>
      <trkpt lat="-22.954638116061687" lon="16.601925389841199">
        <ele>1771.2</ele>
        <time>2024-11-25T13:34:33Z</time>
      </trkpt>
      <trkpt lat="-22.954981019720435" lon="16.601428007707">
        <ele>1772.8</ele>
        <time>2024-11-25T13:34:37Z</time>
      </trkpt>
      <trkpt lat="-22.955151926726103" lon="16.601184429600835">
        <ele>1774</ele>
        <time>2024-11-25T13:34:42Z</time>
      </trkpt>
      <trkpt lat="-22.955491812899709" lon="16.600696435198188">
        <ele>1775.8</ele>
        <time>2024-11-25T13:34:46Z</time>
      </trkpt>
      <trkpt lat="-22.955661797896028" lon="16.600451851263642">
        <ele>1776.8</ele>
        <time>2024-11-25T13:34:51Z</time>
      </trkpt>
      <trkpt lat="-22.955830525606871" lon="16.600204920396209">
        <ele>1777.5999999999999</ele>
        <time>2024-11-25T13:34:55Z</time>
      </trkpt>
      <trkpt lat="-22.95599908567965" lon="16.599962180480361">
        <ele>1778.5999999999999</ele>
        <time>2024-11-25T13:35:00Z</time>
      </trkpt>
      <trkpt lat="-22.956170495599508" lon="16.599715836346149">
        <ele>1779.8</ele>
        <time>2024-11-25T13:35:04Z</time>
      </trkpt>
      <trkpt lat="-22.956340229138732" lon="16.599472425878048">
        <ele>1780.4000000000001</ele>
        <time>2024-11-25T13:35:08Z</time>
      </trkpt>
      <trkpt lat="-22.956508034840226" lon="16.599224153906107">
        <ele>1781.8</ele>
        <time>2024-11-25T13:35:13Z</time>
      </trkpt>
      <trkpt lat="-22.956677014008164" lon="16.598972445353866">
        <ele>1782.8</ele>
        <time>2024-11-25T13:35:17Z</time>
      </trkpt>
      <trkpt lat="-22.956844819709659" lon="16.598728448152542">
        <ele>1783.8</ele>
        <time>2024-11-25T13:35:22Z</time>
      </trkpt>
      <trkpt lat="-22.957017906010151" lon="16.598485540598631">
        <ele>1784.5999999999999</ele>
        <time>2024-11-25T13:35:26Z</time>
      </trkpt>
      <trkpt lat="-22.957188813015819" lon="16.598245315253735">
        <ele>1786</ele>
        <time>2024-11-25T13:35:31Z</time>
      </trkpt>
      <trkpt lat="-22.957360642030835" lon="16.598002575337887">
        <ele>1786.8</ele>
        <time>2024-11-25T13:35:35Z</time>
      </trkpt>
      <trkpt lat="-22.957525011152029" lon="16.597764864563942">
        <ele>1788</ele>
        <time>2024-11-25T13:35:39Z</time>
      </trkpt>
      <trkpt lat="-22.957688374444842" lon="16.597527405247092">
        <ele>1789.5999999999999</ele>
        <time>2024-11-25T13:35:44Z</time>
      </trkpt>
      <trkpt lat="-22.957854000851512" lon="16.597289610654116">
        <ele>1791</ele>
        <time>2024-11-25T13:35:48Z</time>
      </trkpt>
      <trkpt lat="-22.958018286153674" lon="16.597052654251456">
        <ele>1792.2</ele>
        <time>2024-11-25T13:35:53Z</time>
      </trkpt>
      <trkpt lat="-22.958183577284217" lon="16.596818380057812">
        <ele>1794</ele>
        <time>2024-11-25T13:35:57Z</time>
      </trkpt>
      <trkpt lat="-22.958346605300903" lon="16.596585279330611">
        <ele>1795</ele>
        <time>2024-11-25T13:36:02Z</time>
      </trkpt>
      <trkpt lat="-22.958509214222431" lon="16.596348574385047">
        <ele>1795.8</ele>
        <time>2024-11-25T13:36:06Z</time>
      </trkpt>
      <trkpt lat="-22.958672493696213" lon="16.596113629639149">
        <ele>1797.2</ele>
        <time>2024-11-25T13:36:11Z</time>
      </trkpt>
      <trkpt lat="-22.958832671865821" lon="16.595880277454853">
        <ele>1798.8</ele>
        <time>2024-11-25T13:36:15Z</time>
      </trkpt>
      <trkpt lat="-22.958988239988685" lon="16.595649942755699">
        <ele>1799.5999999999999</ele>
        <time>2024-11-25T13:36:20Z</time>
      </trkpt>
      <trkpt lat="-22.959141880273819" lon="16.595421452075243">
        <ele>1800.2</ele>
        <time>2024-11-25T13:36:24Z</time>
      </trkpt>
      <trkpt lat="-22.959291664883494" lon="16.595194218680263">
        <ele>1801.5999999999999</ele>
        <time>2024-11-25T13:36:28Z</time>
      </trkpt>
      <trkpt lat="-22.959439102560282" lon="16.594964303076267">
        <ele>1802.5999999999999</ele>
        <time>2024-11-25T13:36:33Z</time>
      </trkpt>
      <trkpt lat="-22.959583522751927" lon="16.594733130186796">
        <ele>1804</ele>
        <time>2024-11-25T13:36:37Z</time>
      </trkpt>
      <trkpt lat="-22.959725512191653" lon="16.594497598707676">
        <ele>1805</ele>
        <time>2024-11-25T13:36:42Z</time>
      </trkpt>
      <trkpt lat="-22.960010664537549" lon="16.594019075855613">
        <ele>1806.4000000000001</ele>
        <time>2024-11-25T13:36:46Z</time>
      </trkpt>
      <trkpt lat="-22.960150977596641" lon="16.593776000663638">
        <ele>1806.5999999999999</ele>
        <time>2024-11-25T13:36:51Z</time>
      </trkpt>
      <trkpt lat="-22.96028827317059" lon="16.593528902158141">
        <ele>1806.5999999999999</ele>
        <time>2024-11-25T13:36:55Z</time>
      </trkpt>
      <trkpt lat="-22.960687754675746" lon="16.592759778723121">
        <ele>1806.5999999999999</ele>
        <time>2024-11-25T13:37:00Z</time>
      </trkpt>
      <trkpt lat="-22.960818596184254" lon="16.592495664954185">
        <ele>1806</ele>
        <time>2024-11-25T13:37:04Z</time>
      </trkpt>
      <trkpt lat="-22.960949270054698" lon="16.592226941138506">
        <ele>1805.2</ele>
        <time>2024-11-25T13:37:09Z</time>
      </trkpt>
      <trkpt lat="-22.961076591163874" lon="16.591954445466399">
        <ele>1804.5999999999999</ele>
        <time>2024-11-25T13:37:13Z</time>
      </trkpt>
      <trkpt lat="-22.96120785176754" lon="16.591678764671087">
        <ele>1804.4000000000001</ele>
        <time>2024-11-25T13:37:18Z</time>
      </trkpt>
      <trkpt lat="-22.961334250867367" lon="16.591401575133204">
        <ele>1803.5999999999999</ele>
        <time>2024-11-25T13:37:22Z</time>
      </trkpt>
      <trkpt lat="-22.961456626653671" lon="16.591119524091482">
        <ele>1803</ele>
        <time>2024-11-25T13:37:27Z</time>
      </trkpt>
      <trkpt lat="-22.961571794003248" lon="16.590834707021713">
        <ele>1802.8</ele>
        <time>2024-11-25T13:37:31Z</time>
      </trkpt>
      <trkpt lat="-22.961683440953493" lon="16.590551231056452">
        <ele>1802.8</ele>
        <time>2024-11-25T13:37:36Z</time>
      </trkpt>
      <trkpt lat="-22.961797015741467" lon="16.590267000719905">
        <ele>1802.8</ele>
        <time>2024-11-25T13:37:40Z</time>
      </trkpt>
      <trkpt lat="-22.96190707013011" lon="16.589982099831104">
        <ele>1803.2</ele>
        <time>2024-11-25T13:37:45Z</time>
      </trkpt>
      <trkpt lat="-22.962009580805898" lon="16.589698875322938">
        <ele>1803.8</ele>
        <time>2024-11-25T13:37:49Z</time>
      </trkpt>
      <trkpt lat="-22.962105385959148" lon="16.58941263332963">
        <ele>1804.4000000000001</ele>
        <time>2024-11-25T13:37:54Z</time>
      </trkpt>
      <trkpt lat="-22.962199430912733" lon="16.589126726612449">
        <ele>1805.8</ele>
        <time>2024-11-25T13:37:58Z</time>
      </trkpt>
      <trkpt lat="-22.962290039286017" lon="16.588841993361712">
        <ele>1806.4000000000001</ele>
        <time>2024-11-25T13:38:03Z</time>
      </trkpt>
      <trkpt lat="-22.962376372888684" lon="16.588556505739689">
        <ele>1808.2</ele>
        <time>2024-11-25T13:38:07Z</time>
      </trkpt>
      <trkpt lat="-22.962459102272987" lon="16.588270766660571">
        <ele>1809.2</ele>
        <time>2024-11-25T13:38:12Z</time>
      </trkpt>
      <trkpt lat="-22.962540993466973" lon="16.587984776124358">
        <ele>1810.4000000000001</ele>
        <time>2024-11-25T13:38:16Z</time>
      </trkpt>
      <trkpt lat="-22.962618861347437" lon="16.587693840265274">
        <ele>1811</ele>
        <time>2024-11-25T13:38:21Z</time>
      </trkpt>
      <trkpt lat="-22.962693627923727" lon="16.587404832243919">
        <ele>1812.4000000000001</ele>
        <time>2024-11-25T13:38:25Z</time>
      </trkpt>
      <trkpt lat="-22.962763784453273" lon="16.587117332965136">
        <ele>1813.4000000000001</ele>
        <time>2024-11-25T13:38:30Z</time>
      </trkpt>
      <trkpt lat="-22.962830336764455" lon="16.586828073486686">
        <ele>1815</ele>
        <time>2024-11-25T13:38:34Z</time>
      </trkpt>
      <trkpt lat="-22.962893452495337" lon="16.586535880342126">
        <ele>1815.5999999999999</ele>
        <time>2024-11-25T13:38:39Z</time>
      </trkpt>
      <trkpt lat="-22.962954472750425" lon="16.586241340264678">
        <ele>1816.5999999999999</ele>
        <time>2024-11-25T13:38:43Z</time>
      </trkpt>
      <trkpt lat="-22.963013900443912" lon="16.585947722196579">
        <ele>1818.2</ele>
        <time>2024-11-25T13:38:48Z</time>
      </trkpt>
      <trkpt lat="-22.963067376986146" lon="16.585652763023973">
        <ele>1819.2</ele>
        <time>2024-11-25T13:38:52Z</time>
      </trkpt>
      <trkpt lat="-22.963116662576795" lon="16.585356127470732">
        <ele>1820.8</ele>
        <time>2024-11-25T13:38:57Z</time>
      </trkpt>
      <trkpt lat="-22.963162427768111" lon="16.58505848608911">
        <ele>1821.5999999999999</ele>
        <time>2024-11-25T13:39:02Z</time>
      </trkpt>
      <trkpt lat="-22.963208025321364" lon="16.58476042561233">
        <ele>1823</ele>
        <time>2024-11-25T13:39:06Z</time>
      </trkpt>
      <trkpt lat="-22.963250856846571" lon="16.584456581622362">
        <ele>1824.5999999999999</ele>
        <time>2024-11-25T13:39:11Z</time>
      </trkpt>
      <trkpt lat="-22.963289329782128" lon="16.584156090393662">
        <ele>1825.2</ele>
        <time>2024-11-25T13:39:15Z</time>
      </trkpt>
      <trkpt lat="-22.963322522118688" lon="16.583853084594011">
        <ele>1826.2</ele>
        <time>2024-11-25T13:39:20Z</time>
      </trkpt>
      <trkpt lat="-22.963356720283628" lon="16.583545468747616">
        <ele>1827.5999999999999</ele>
        <time>2024-11-25T13:39:24Z</time>
      </trkpt>
      <trkpt lat="-22.963388822972775" lon="16.583237098529935">
        <ele>1828.4000000000001</ele>
        <time>2024-11-25T13:39:29Z</time>
      </trkpt>
      <trkpt lat="-22.963413298130035" lon="16.582926884293556">
        <ele>1829.2</ele>
        <time>2024-11-25T13:39:33Z</time>
      </trkpt>
      <trkpt lat="-22.963440790772438" lon="16.582619268447161">
        <ele>1829.8</ele>
        <time>2024-11-25T13:39:38Z</time>
      </trkpt>
      <trkpt lat="-22.963468618690968" lon="16.582313496619463">
        <ele>1830</ele>
        <time>2024-11-25T13:39:42Z</time>
      </trkpt>
      <trkpt lat="-22.963499631732702" lon="16.582010574638844">
        <ele>1830.8</ele>
        <time>2024-11-25T13:39:47Z</time>
      </trkpt>
      <trkpt lat="-22.96353030949831" lon="16.581706060096622">
        <ele>1831.2</ele>
        <time>2024-11-25T13:39:52Z</time>
      </trkpt>
      <trkpt lat="-22.963560735806823" lon="16.58140305429697">
        <ele>1831.4000000000001</ele>
        <time>2024-11-25T13:39:56Z</time>
      </trkpt>
      <trkpt lat="-22.963587054982781" lon="16.581100299954414">
        <ele>1831.4000000000001</ele>
        <time>2024-11-25T13:40:01Z</time>
      </trkpt>
      <trkpt lat="-22.963612452149391" lon="16.58079762943089">
        <ele>1831.4000000000001</ele>
        <time>2024-11-25T13:40:05Z</time>
      </trkpt>
      <trkpt lat="-22.963642459362745" lon="16.580495713278651">
        <ele>1831.4000000000001</ele>
        <time>2024-11-25T13:40:10Z</time>
      </trkpt>
      <trkpt lat="-22.963672801852226" lon="16.580196060240269">
        <ele>1831.4000000000001</ele>
        <time>2024-11-25T13:40:14Z</time>
      </trkpt>
      <trkpt lat="-22.963700545951724" lon="16.579902274534106">
        <ele>1830.5999999999999</ele>
        <time>2024-11-25T13:40:19Z</time>
      </trkpt>
      <trkpt lat="-22.963729798793793" lon="16.579609410837293">
        <ele>1830</ele>
        <time>2024-11-25T13:40:24Z</time>
      </trkpt>
      <trkpt lat="-22.963760225102305" lon="16.579317636787891">
        <ele>1829.8</ele>
        <time>2024-11-25T13:40:28Z</time>
      </trkpt>
      <trkpt lat="-22.963791321963072" lon="16.579027120023966">
        <ele>1829.5999999999999</ele>
        <time>2024-11-25T13:40:33Z</time>
      </trkpt>
      <trkpt lat="-22.963821832090616" lon="16.578736854717135">
        <ele>1829.5999999999999</ele>
        <time>2024-11-25T13:40:37Z</time>
      </trkpt>
      <trkpt lat="-22.963853264227509" lon="16.578445248305798">
        <ele>1830</ele>
        <time>2024-11-25T13:40:42Z</time>
      </trkpt>
      <trkpt lat="-22.963881678879261" lon="16.578154228627682">
        <ele>1830.2</ele>
        <time>2024-11-25T13:40:46Z</time>
      </trkpt>
      <trkpt lat="-22.963906489312649" lon="16.577863795682788">
        <ele>1830.8</ele>
        <time>2024-11-25T13:40:51Z</time>
      </trkpt>
      <trkpt lat="-22.963931886479259" lon="16.577582079917192">
        <ele>1831.5999999999999</ele>
        <time>2024-11-25T13:40:56Z</time>
      </trkpt>
      <trkpt lat="-22.963956780731678" lon="16.577307404950261">
        <ele>1833.2</ele>
        <time>2024-11-25T13:41:00Z</time>
      </trkpt>
      <trkpt lat="-22.963983938097954" lon="16.57703910022974">
        <ele>1834</ele>
        <time>2024-11-25T13:41:05Z</time>
      </trkpt>
      <trkpt lat="-22.964012771844864" lon="16.576776579022408">
        <ele>1835.5999999999999</ele>
        <time>2024-11-25T13:41:09Z</time>
      </trkpt>
      <trkpt lat="-22.964035151526332" lon="16.576511291787028">
        <ele>1836.8</ele>
        <time>2024-11-25T13:41:14Z</time>
      </trkpt>
      <trkpt lat="-22.964062308892608" lon="16.576244831085205">
        <ele>1838.8</ele>
        <time>2024-11-25T13:41:18Z</time>
      </trkpt>
      <trkpt lat="-22.96408980153501" lon="16.575976358726621">
        <ele>1839.8</ele>
        <time>2024-11-25T13:41:23Z</time>
      </trkpt>
      <trkpt lat="-22.964116958901286" lon="16.575706545263529">
        <ele>1841</ele>
        <time>2024-11-25T13:41:28Z</time>
      </trkpt>
      <trkpt lat="-22.964146547019482" lon="16.575432876124978">
        <ele>1841.5999999999999</ele>
        <time>2024-11-25T13:41:32Z</time>
      </trkpt>
      <trkpt lat="-22.96417529694736" lon="16.575160883367062">
        <ele>1843.5999999999999</ele>
        <time>2024-11-25T13:41:37Z</time>
      </trkpt>
      <trkpt lat="-22.96420413069427" lon="16.574893165379763">
        <ele>1844.2</ele>
        <time>2024-11-25T13:41:41Z</time>
      </trkpt>
      <trkpt lat="-22.964232545346022" lon="16.574620166793466">
        <ele>1845.5999999999999</ele>
        <time>2024-11-25T13:41:46Z</time>
      </trkpt>
      <trkpt lat="-22.964258529245853" lon="16.57434917986393">
        <ele>1846.5999999999999</ele>
        <time>2024-11-25T13:41:51Z</time>
      </trkpt>
      <trkpt lat="-22.964285435155034" lon="16.574074421077967">
        <ele>1847.8</ele>
        <time>2024-11-25T13:41:55Z</time>
      </trkpt>
      <trkpt lat="-22.964314185082912" lon="16.573805026710033">
        <ele>1848.4000000000001</ele>
        <time>2024-11-25T13:42:00Z</time>
      </trkpt>
      <trkpt lat="-22.964342767372727" lon="16.573543511331081">
        <ele>1849.2</ele>
        <time>2024-11-25T13:42:04Z</time>
      </trkpt>
      <trkpt lat="-22.964374534785748" lon="16.573286354541779">
        <ele>1850</ele>
        <time>2024-11-25T13:42:09Z</time>
      </trkpt>
      <trkpt lat="-22.964422395452857" lon="16.5730313770473">
        <ele>1850.8</ele>
        <time>2024-11-25T13:42:14Z</time>
      </trkpt>
      <trkpt lat="-22.964485846459866" lon="16.572779668495059">
        <ele>1851.4000000000001</ele>
        <time>2024-11-25T13:42:18Z</time>
      </trkpt>
      <trkpt lat="-22.96456279233098" lon="16.572532821446657">
        <ele>1852.4000000000001</ele>
        <time>2024-11-25T13:42:23Z</time>
      </trkpt>
      <trkpt lat="-22.964649880304933" lon="16.572291422635317">
        <ele>1853</ele>
        <time>2024-11-25T13:42:28Z</time>
      </trkpt>
      <trkpt lat="-22.964745182543993" lon="16.572047844529152">
        <ele>1854</ele>
        <time>2024-11-25T13:42:32Z</time>
      </trkpt>
      <trkpt lat="-22.964842999354005" lon="16.571803009137511">
        <ele>1855</ele>
        <time>2024-11-25T13:42:37Z</time>
      </trkpt>
      <trkpt lat="-22.964941570535302" lon="16.57155373133719">
        <ele>1855.5999999999999</ele>
        <time>2024-11-25T13:42:41Z</time>
      </trkpt>
      <trkpt lat="-22.965040896087885" lon="16.57130160368979">
        <ele>1856</ele>
        <time>2024-11-25T13:42:46Z</time>
      </trkpt>
      <trkpt lat="-22.965145166963339" lon="16.571044279262424">
        <ele>1857.2</ele>
        <time>2024-11-25T13:42:51Z</time>
      </trkpt>
      <trkpt lat="-22.96525027602911" lon="16.570785781368613">
        <ele>1857.5999999999999</ele>
        <time>2024-11-25T13:42:55Z</time>
      </trkpt>
      <trkpt lat="-22.965355971828103" lon="16.57052468508482">
        <ele>1857.8</ele>
        <time>2024-11-25T13:43:00Z</time>
      </trkpt>
      <trkpt lat="-22.965464098379016" lon="16.570264929905534">
        <ele>1858</ele>
        <time>2024-11-25T13:43:05Z</time>
      </trkpt>
      <trkpt lat="-22.965567950159311" lon="16.57000676728785">
        <ele>1858</ele>
        <time>2024-11-25T13:43:09Z</time>
      </trkpt>
      <trkpt lat="-22.965665431693196" lon="16.569752376526594">
        <ele>1858</ele>
        <time>2024-11-25T13:43:14Z</time>
      </trkpt>
      <trkpt lat="-22.965760566294193" lon="16.569503266364336">
        <ele>1858</ele>
        <time>2024-11-25T13:43:18Z</time>
      </trkpt>
      <trkpt lat="-22.965858802199364" lon="16.569260694086552">
        <ele>1858</ele>
        <time>2024-11-25T13:43:23Z</time>
      </trkpt>
      <trkpt lat="-22.965959468856454" lon="16.569026587530971">
        <ele>1857.8</ele>
        <time>2024-11-25T13:43:28Z</time>
      </trkpt>
      <trkpt lat="-22.966054352000356" lon="16.568805556744337">
        <ele>1857.8</ele>
        <time>2024-11-25T13:43:32Z</time>
      </trkpt>
      <trkpt lat="-22.96613565646112" lon="16.568599445745349">
        <ele>1857.5999999999999</ele>
        <time>2024-11-25T13:43:37Z</time>
      </trkpt>
      <trkpt lat="-22.966211512684822" lon="16.568400375545025">
        <ele>1857</ele>
        <time>2024-11-25T13:43:42Z</time>
      </trkpt>
      <trkpt lat="-22.966289464384317" lon="16.568206753581762">
        <ele>1856</ele>
        <time>2024-11-25T13:43:46Z</time>
      </trkpt>
      <trkpt lat="-22.966365069150925" lon="16.568000223487616">
        <ele>1855.2</ele>
        <time>2024-11-25T13:43:51Z</time>
      </trkpt>
      <trkpt lat="-22.966443188488483" lon="16.567790508270264">
        <ele>1855</ele>
        <time>2024-11-25T13:43:56Z</time>
      </trkpt>
      <trkpt lat="-22.96652122400701" lon="16.567577524110675">
        <ele>1854.2</ele>
        <time>2024-11-25T13:44:00Z</time>
      </trkpt>
      <trkpt lat="-22.966606132686138" lon="16.567368563264608">
        <ele>1853.8</ele>
        <time>2024-11-25T13:44:05Z</time>
      </trkpt>
      <trkpt lat="-22.966692466288805" lon="16.567155495285988">
        <ele>1851.8</ele>
        <time>2024-11-25T13:44:09Z</time>
      </trkpt>
      <trkpt lat="-22.966777626425028" lon="16.566942846402526">
        <ele>1851.5999999999999</ele>
        <time>2024-11-25T13:44:14Z</time>
      </trkpt>
      <trkpt lat="-22.9668705817312" lon="16.566733131185174">
        <ele>1851</ele>
        <time>2024-11-25T13:44:19Z</time>
      </trkpt>
      <trkpt lat="-22.966959597542882" lon="16.566517213359475">
        <ele>1850</ele>
        <time>2024-11-25T13:44:23Z</time>
      </trkpt>
      <trkpt lat="-22.967051882296801" lon="16.566306492313743">
        <ele>1849.2</ele>
        <time>2024-11-25T13:44:28Z</time>
      </trkpt>
      <trkpt lat="-22.967211389914155" lon="16.565915141254663">
        <ele>1849.2</ele>
        <time>2024-11-25T13:44:33Z</time>
      </trkpt>
      <trkpt lat="-22.967279367148876" lon="16.565727554261684">
        <ele>1849.4000000000001</ele>
        <time>2024-11-25T13:44:37Z</time>
      </trkpt>
      <trkpt lat="-22.967350613325834" lon="16.565543487668037">
        <ele>1850</ele>
        <time>2024-11-25T13:44:42Z</time>
      </trkpt>
      <trkpt lat="-22.967426050454378" lon="16.565359169617295">
        <ele>1851.2</ele>
        <time>2024-11-25T13:44:47Z</time>
      </trkpt>
      <trkpt lat="-22.967501319944859" lon="16.565173929557204">
        <ele>1853</ele>
        <time>2024-11-25T13:44:51Z</time>
      </trkpt>
      <trkpt lat="-22.967573320493102" lon="16.564984498545527">
        <ele>1854.4000000000001</ele>
        <time>2024-11-25T13:44:56Z</time>
      </trkpt>
      <trkpt lat="-22.967645488679409" lon="16.564790457487106">
        <ele>1856.4000000000001</ele>
        <time>2024-11-25T13:45:01Z</time>
      </trkpt>
      <trkpt lat="-22.967721931636333" lon="16.564592141658068">
        <ele>1858</ele>
        <time>2024-11-25T13:45:05Z</time>
      </trkpt>
      <trkpt lat="-22.967802565544844" lon="16.564390724524856">
        <ele>1859.4000000000001</ele>
        <time>2024-11-25T13:45:10Z</time>
      </trkpt>
      <trkpt lat="-22.967884624376893" lon="16.564190564677119">
        <ele>1860.8</ele>
        <time>2024-11-25T13:45:15Z</time>
      </trkpt>
      <trkpt lat="-22.967961234971881" lon="16.56399174593389">
        <ele>1862</ele>
        <time>2024-11-25T13:45:19Z</time>
      </trkpt>
      <trkpt lat="-22.968033654615283" lon="16.56379284337163">
        <ele>1863.2</ele>
        <time>2024-11-25T13:45:24Z</time>
      </trkpt>
      <trkpt lat="-22.968110935762525" lon="16.563590336591005">
        <ele>1864</ele>
        <time>2024-11-25T13:45:29Z</time>
      </trkpt>
      <trkpt lat="-22.968191653490067" lon="16.56338875181973">
        <ele>1864.4000000000001</ele>
        <time>2024-11-25T13:45:33Z</time>
      </trkpt>
      <trkpt lat="-22.968278154730797" lon="16.563182305544615">
        <ele>1865.4000000000001</ele>
        <time>2024-11-25T13:45:38Z</time>
      </trkpt>
      <trkpt lat="-22.968367589637637" lon="16.562970578670502">
        <ele>1866.2</ele>
        <time>2024-11-25T13:45:43Z</time>
      </trkpt>
      <trkpt lat="-22.968457946553826" lon="16.562756504863501">
        <ele>1867.2</ele>
        <time>2024-11-25T13:45:47Z</time>
      </trkpt>
      <trkpt lat="-22.96854654327035" lon="16.562534887343645">
        <ele>1868</ele>
        <time>2024-11-25T13:45:52Z</time>
      </trkpt>
      <trkpt lat="-22.96863405033946" lon="16.562306648120284">
        <ele>1868.4000000000001</ele>
        <time>2024-11-25T13:45:57Z</time>
      </trkpt>
      <trkpt lat="-22.968724071979523" lon="16.562074972316623">
        <ele>1869.2</ele>
        <time>2024-11-25T13:46:02Z</time>
      </trkpt>
      <trkpt lat="-22.968820128589869" lon="16.561837261542678">
        <ele>1870.2</ele>
        <time>2024-11-25T13:46:06Z</time>
      </trkpt>
      <trkpt lat="-22.968917023390532" lon="16.561594940721989">
        <ele>1871</ele>
        <time>2024-11-25T13:46:11Z</time>
      </trkpt>
      <trkpt lat="-22.969013918191195" lon="16.561345998197794">
        <ele>1871.8</ele>
        <time>2024-11-25T13:46:16Z</time>
      </trkpt>
      <trkpt lat="-22.969113159924746" lon="16.561094289645553">
        <ele>1872.4000000000001</ele>
        <time>2024-11-25T13:46:20Z</time>
      </trkpt>
      <trkpt lat="-22.969213742762804" lon="16.560839479789138">
        <ele>1873.2</ele>
        <time>2024-11-25T13:46:25Z</time>
      </trkpt>
      <trkpt lat="-22.969314325600863" lon="16.560586178675294">
        <ele>1873.4000000000001</ele>
        <time>2024-11-25T13:46:30Z</time>
      </trkpt>
      <trkpt lat="-22.969413818791509" lon="16.560334134846926">
        <ele>1874.2</ele>
        <time>2024-11-25T13:46:34Z</time>
      </trkpt>
      <trkpt lat="-22.969514317810535" lon="16.560081839561462">
        <ele>1874.4000000000001</ele>
        <time>2024-11-25T13:46:39Z</time>
      </trkpt>
      <trkpt lat="-22.969613056629896" lon="16.559830801561475">
        <ele>1875.2</ele>
        <time>2024-11-25T13:46:44Z</time>
      </trkpt>
      <trkpt lat="-22.969718920066953" lon="16.559578841552138">
        <ele>1875.5999999999999</ele>
        <time>2024-11-25T13:46:49Z</time>
      </trkpt>
      <trkpt lat="-22.969833500683308" lon="16.559329647570848">
        <ele>1876</ele>
        <time>2024-11-25T13:46:53Z</time>
      </trkpt>
      <trkpt lat="-22.969961995258927" lon="16.559086572378874">
        <ele>1876.2</ele>
        <time>2024-11-25T13:46:58Z</time>
      </trkpt>
      <trkpt lat="-22.970102895051241" lon="16.558846514672041">
        <ele>1876.4000000000001</ele>
        <time>2024-11-25T13:47:03Z</time>
      </trkpt>
      <trkpt lat="-22.970246393233538" lon="16.558609222993255">
        <ele>1876.4000000000001</ele>
        <time>2024-11-25T13:47:07Z</time>
      </trkpt>
      <trkpt lat="-22.970390478149056" lon="16.558370422571898">
        <ele>1876.5999999999999</ele>
        <time>2024-11-25T13:47:12Z</time>
      </trkpt>
      <trkpt lat="-22.970536155626178" lon="16.558129778131843">
        <ele>1877</ele>
        <time>2024-11-25T13:47:17Z</time>
      </trkpt>
      <trkpt lat="-22.970682419836521" lon="16.557889049872756">
        <ele>1877</ele>
        <time>2024-11-25T13:47:21Z</time>
      </trkpt>
      <trkpt lat="-22.970830108970404" lon="16.557651339098811">
        <ele>1877.2</ele>
        <time>2024-11-25T13:47:26Z</time>
      </trkpt>
      <trkpt lat="-22.970976205542684" lon="16.557422848418355">
        <ele>1878.2</ele>
        <time>2024-11-25T13:47:31Z</time>
      </trkpt>
      <trkpt lat="-22.971121212467551" lon="16.557203158736229">
        <ele>1878.4000000000001</ele>
        <time>2024-11-25T13:47:36Z</time>
      </trkpt>
      <trkpt lat="-22.971266470849514" lon="16.556988414376974">
        <ele>1878.5999999999999</ele>
        <time>2024-11-25T13:47:40Z</time>
      </trkpt>
      <trkpt lat="-22.971408879384398" lon="16.556775849312544">
        <ele>1879</ele>
        <time>2024-11-25T13:47:45Z</time>
      </trkpt>
      <trkpt lat="-22.971540978178382" lon="16.556568229570985">
        <ele>1879.2</ele>
        <time>2024-11-25T13:47:50Z</time>
      </trkpt>
      <trkpt lat="-22.971656480804086" lon="16.556366225704551">
        <ele>1879.4000000000001</ele>
        <time>2024-11-25T13:47:55Z</time>
      </trkpt>
      <trkpt lat="-22.971754632890224" lon="16.556160785257816">
        <ele>1879.4000000000001</ele>
        <time>2024-11-25T13:47:59Z</time>
      </trkpt>
      <trkpt lat="-22.971833171322942" lon="16.555945873260498">
        <ele>1879.4000000000001</ele>
        <time>2024-11-25T13:48:04Z</time>
      </trkpt>
      <trkpt lat="-22.971893353387713" lon="16.555720316246152">
        <ele>1879</ele>
        <time>2024-11-25T13:48:09Z</time>
      </trkpt>
      <trkpt lat="-22.971941800788045" lon="16.555484030395746">
        <ele>1878.8</ele>
        <time>2024-11-25T13:48:13Z</time>
      </trkpt>
      <trkpt lat="-22.9719855543226" lon="16.555237686261535">
        <ele>1878.4000000000001</ele>
        <time>2024-11-25T13:48:18Z</time>
      </trkpt>
      <trkpt lat="-22.97202561981976" lon="16.55498581007123">
        <ele>1878.2</ele>
        <time>2024-11-25T13:48:23Z</time>
      </trkpt>
      <trkpt lat="-22.972058057785034" lon="16.554723288863897">
        <ele>1878</ele>
        <time>2024-11-25T13:48:28Z</time>
      </trkpt>
      <trkpt lat="-22.972090076655149" lon="16.554454145953059">
        <ele>1877.5999999999999</ele>
        <time>2024-11-25T13:48:32Z</time>
      </trkpt>
      <trkpt lat="-22.972125867381692" lon="16.554187182337046">
        <ele>1877.5999999999999</ele>
        <time>2024-11-25T13:48:37Z</time>
      </trkpt>
      <trkpt lat="-22.972160819917917" lon="16.553920721635222">
        <ele>1877.4000000000001</ele>
        <time>2024-11-25T13:48:42Z</time>
      </trkpt>
      <trkpt lat="-22.972195185720921" lon="16.553654344752431">
        <ele>1877.4000000000001</ele>
        <time>2024-11-25T13:48:47Z</time>
      </trkpt>
      <trkpt lat="-22.972225528210402" lon="16.55338553711772">
        <ele>1877.2</ele>
        <time>2024-11-25T13:48:51Z</time>
      </trkpt>
      <trkpt lat="-22.972256038337946" lon="16.553116058930755">
        <ele>1877.4000000000001</ele>
        <time>2024-11-25T13:48:56Z</time>
      </trkpt>
      <trkpt lat="-22.972291242331266" lon="16.552849179133773">
        <ele>1877.4000000000001</ele>
        <time>2024-11-25T13:49:01Z</time>
      </trkpt>
      <trkpt lat="-22.972322255373001" lon="16.552589004859328">
        <ele>1877.4000000000001</ele>
        <time>2024-11-25T13:49:06Z</time>
      </trkpt>
      <trkpt lat="-22.972350670024753" lon="16.552343834191561">
        <ele>1877.2</ele>
        <time>2024-11-25T13:49:10Z</time>
      </trkpt>
      <trkpt lat="-22.972377827391028" lon="16.552129844203591">
        <ele>1877.2</ele>
        <time>2024-11-25T13:49:15Z</time>
      </trkpt>
      <trkpt lat="-22.972401799634099" lon="16.551941083744168">
        <ele>1877.2</ele>
        <time>2024-11-25T13:49:20Z</time>
      </trkpt>
      <trkpt lat="-22.97242728061974" lon="16.551757687702775">
        <ele>1876.5999999999999</ele>
        <time>2024-11-25T13:49:25Z</time>
      </trkpt>
      <trkpt lat="-22.972445720806718" lon="16.551572196185589">
        <ele>1876</ele>
        <time>2024-11-25T13:49:29Z</time>
      </trkpt>
      <trkpt lat="-22.97246340662241" lon="16.551376059651375">
        <ele>1875.4000000000001</ele>
        <time>2024-11-25T13:49:34Z</time>
      </trkpt>
      <trkpt lat="-22.972477655857801" lon="16.551174055784941">
        <ele>1874.5999999999999</ele>
        <time>2024-11-25T13:49:39Z</time>
      </trkpt>
      <trkpt lat="-22.972492659464478" lon="16.55096584931016">
        <ele>1874</ele>
        <time>2024-11-25T13:49:44Z</time>
      </trkpt>
      <trkpt lat="-22.97252643853426" lon="16.550533678382635">
        <ele>1872.8</ele>
        <time>2024-11-25T13:49:48Z</time>
      </trkpt>
      <trkpt lat="-22.972573880106211" lon="16.55008926987648">
        <ele>1872.2</ele>
        <time>2024-11-25T13:49:53Z</time>
      </trkpt>
      <trkpt lat="-22.97261486761272" lon="16.549626756459475">
        <ele>1870.8</ele>
        <time>2024-11-25T13:49:58Z</time>
      </trkpt>
      <trkpt lat="-22.972665661945939" lon="16.549177737906575">
        <ele>1869.5999999999999</ele>
        <time>2024-11-25T13:50:03Z</time>
      </trkpt>
      <trkpt lat="-22.972694411873817" lon="16.548961233347654">
        <ele>1868.5999999999999</ele>
        <time>2024-11-25T13:50:08Z</time>
      </trkpt>
      <trkpt lat="-22.972718132659793" lon="16.548747830092907">
        <ele>1868.4000000000001</ele>
        <time>2024-11-25T13:50:12Z</time>
      </trkpt>
      <trkpt lat="-22.972740931436419" lon="16.548533253371716">
        <ele>1868.4000000000001</ele>
        <time>2024-11-25T13:50:17Z</time>
      </trkpt>
      <trkpt lat="-22.972765993326902" lon="16.548319933936">
        <ele>1868.2</ele>
        <time>2024-11-25T13:50:22Z</time>
      </trkpt>
      <trkpt lat="-22.972811842337251" lon="16.547651728615165">
        <ele>1868.4000000000001</ele>
        <time>2024-11-25T13:50:27Z</time>
      </trkpt>
      <trkpt lat="-22.972831120714545" lon="16.546952677890658">
        <ele>1869</ele>
        <time>2024-11-25T13:50:31Z</time>
      </trkpt>
      <trkpt lat="-22.972816536203027" lon="16.546476921066642">
        <ele>1869.5999999999999</ele>
        <time>2024-11-25T13:50:36Z</time>
      </trkpt>
      <trkpt lat="-22.972768507897854" lon="16.545731769874692">
        <ele>1869.8</ele>
        <time>2024-11-25T13:50:41Z</time>
      </trkpt>
      <trkpt lat="-22.972711008042097" lon="16.545009333640337">
        <ele>1868</ele>
        <time>2024-11-25T13:50:46Z</time>
      </trkpt>
      <trkpt lat="-22.972694160416722" lon="16.544791404157877">
        <ele>1867.5999999999999</ele>
        <time>2024-11-25T13:50:51Z</time>
      </trkpt>
      <trkpt lat="-22.972681587561965" lon="16.544575402513146">
        <ele>1866.5999999999999</ele>
        <time>2024-11-25T13:50:55Z</time>
      </trkpt>
      <trkpt lat="-22.972669685259461" lon="16.544360825791955">
        <ele>1865.4000000000001</ele>
        <time>2024-11-25T13:51:00Z</time>
      </trkpt>
      <trkpt lat="-22.972654933109879" lon="16.544147338718176">
        <ele>1864.5999999999999</ele>
        <time>2024-11-25T13:51:05Z</time>
      </trkpt>
      <trkpt lat="-22.9726383369416" lon="16.543936869129539">
        <ele>1862.8</ele>
        <time>2024-11-25T13:51:10Z</time>
      </trkpt>
      <trkpt lat="-22.972626183182001" lon="16.543732099235058">
        <ele>1861.5999999999999</ele>
        <time>2024-11-25T13:51:15Z</time>
      </trkpt>
      <trkpt lat="-22.97261293977499" lon="16.543529760092497">
        <ele>1859.5999999999999</ele>
        <time>2024-11-25T13:51:19Z</time>
      </trkpt>
      <trkpt lat="-22.972605563700199" lon="16.543333875015378">
        <ele>1858.4000000000001</ele>
        <time>2024-11-25T13:51:24Z</time>
      </trkpt>
      <trkpt lat="-22.972601288929582" lon="16.543134972453117">
        <ele>1856.4000000000001</ele>
        <time>2024-11-25T13:51:29Z</time>
      </trkpt>
      <trkpt lat="-22.972610592842102" lon="16.542933052405715">
        <ele>1854.8</ele>
        <time>2024-11-25T13:51:34Z</time>
      </trkpt>
      <trkpt lat="-22.972625764086843" lon="16.542727192863822">
        <ele>1853.8</ele>
        <time>2024-11-25T13:51:39Z</time>
      </trkpt>
      <trkpt lat="-22.972648143768311" lon="16.54251697473228">
        <ele>1852.2</ele>
        <time>2024-11-25T13:51:43Z</time>
      </trkpt>
      <trkpt lat="-22.972673624753952" lon="16.542299464344978">
        <ele>1851.2</ele>
        <time>2024-11-25T13:51:48Z</time>
      </trkpt>
      <trkpt lat="-22.972702961415052" lon="16.54207575134933">
        <ele>1850</ele>
        <time>2024-11-25T13:51:53Z</time>
      </trkpt>
      <trkpt lat="-22.972772112116218" lon="16.541601670905948">
        <ele>1848</ele>
        <time>2024-11-25T13:51:58Z</time>
      </trkpt>
      <trkpt lat="-22.97281033359468" lon="16.5413589309901">
        <ele>1846.5999999999999</ele>
        <time>2024-11-25T13:52:03Z</time>
      </trkpt>
      <trkpt lat="-22.972848052158952" lon="16.541110994294286">
        <ele>1845.5999999999999</ele>
        <time>2024-11-25T13:52:08Z</time>
      </trkpt>
      <trkpt lat="-22.972913263365626" lon="16.54061084613204">
        <ele>1844.5999999999999</ele>
        <time>2024-11-25T13:52:12Z</time>
      </trkpt>
      <trkpt lat="-22.972947964444757" lon="16.540361987426877">
        <ele>1844.2</ele>
        <time>2024-11-25T13:52:17Z</time>
      </trkpt>
      <trkpt lat="-22.973039159551263" lon="16.539615830406547">
        <ele>1844</ele>
        <time>2024-11-25T13:52:22Z</time>
      </trkpt>
      <trkpt lat="-22.973059611395001" lon="16.539376191794872">
        <ele>1844.2</ele>
        <time>2024-11-25T13:52:27Z</time>
      </trkpt>
      <trkpt lat="-22.973077548667789" lon="16.539142588153481">
        <ele>1844.2</ele>
        <time>2024-11-25T13:52:32Z</time>
      </trkpt>
      <trkpt lat="-22.973094647750258" lon="16.538917031139135">
        <ele>1844.2</ele>
        <time>2024-11-25T13:52:37Z</time>
      </trkpt>
      <trkpt lat="-22.973110741004348" lon="16.53868711553514">
        <ele>1844.4000000000001</ele>
        <time>2024-11-25T13:52:41Z</time>
      </trkpt>
      <trkpt lat="-22.973129181191325" lon="16.538458708673716">
        <ele>1844.5999999999999</ele>
        <time>2024-11-25T13:52:46Z</time>
      </trkpt>
      <trkpt lat="-22.973150387406349" lon="16.538230972364545">
        <ele>1844.8</ele>
        <time>2024-11-25T13:52:51Z</time>
      </trkpt>
      <trkpt lat="-22.973173186182976" lon="16.538006840273738">
        <ele>1845</ele>
        <time>2024-11-25T13:52:56Z</time>
      </trkpt>
      <trkpt lat="-22.973191794008017" lon="16.537787150591612">
        <ele>1845.4000000000001</ele>
        <time>2024-11-25T13:53:01Z</time>
      </trkpt>
      <trkpt lat="-22.973208725452423" lon="16.537567963823676">
        <ele>1846.2</ele>
        <time>2024-11-25T13:53:06Z</time>
      </trkpt>
      <trkpt lat="-22.973225153982639" lon="16.53734584338963">
        <ele>1846.5999999999999</ele>
        <time>2024-11-25T13:53:10Z</time>
      </trkpt>
      <trkpt lat="-22.973241917788982" lon="16.537120370194316">
        <ele>1847.4000000000001</ele>
        <time>2024-11-25T13:53:15Z</time>
      </trkpt>
      <trkpt lat="-22.973273182287812" lon="16.536655174568295">
        <ele>1847.4000000000001</ele>
        <time>2024-11-25T13:53:20Z</time>
      </trkpt>
      <trkpt lat="-22.973333699628711" lon="16.535932319238782">
        <ele>1845.4000000000001</ele>
        <time>2024-11-25T13:53:25Z</time>
      </trkpt>
      <trkpt lat="-22.973353732377291" lon="16.535690417513251">
        <ele>1843.8</ele>
        <time>2024-11-25T13:53:30Z</time>
      </trkpt>
      <trkpt lat="-22.973379800096154" lon="16.535451952368021">
        <ele>1842</ele>
        <time>2024-11-25T13:53:35Z</time>
      </trkpt>
      <trkpt lat="-22.97345926053822" lon="16.534732449799776">
        <ele>1841.2</ele>
        <time>2024-11-25T13:53:40Z</time>
      </trkpt>
      <trkpt lat="-22.973482143133879" lon="16.534483339637518">
        <ele>1841</ele>
        <time>2024-11-25T13:53:44Z</time>
      </trkpt>
      <trkpt lat="-22.973545594140887" lon="16.533719832077622">
        <ele>1840.8</ele>
        <time>2024-11-25T13:53:49Z</time>
      </trkpt>
      <trkpt lat="-22.973590856418014" lon="16.53319881297648">
        <ele>1840.8</ele>
        <time>2024-11-25T13:53:54Z</time>
      </trkpt>
      <trkpt lat="-22.973636202514172" lon="16.532680559903383">
        <ele>1842</ele>
        <time>2024-11-25T13:53:59Z</time>
      </trkpt>
      <trkpt lat="-22.973680039867759" lon="16.532161803916097">
        <ele>1844</ele>
        <time>2024-11-25T13:54:04Z</time>
      </trkpt>
      <trkpt lat="-22.97370501793921" lon="16.531908167526126">
        <ele>1845.2</ele>
        <time>2024-11-25T13:54:09Z</time>
      </trkpt>
      <trkpt lat="-22.973728068172932" lon="16.531658051535487">
        <ele>1846.2</ele>
        <time>2024-11-25T13:54:14Z</time>
      </trkpt>
      <trkpt lat="-22.973794033750892" lon="16.530890520662069">
        <ele>1847.2</ele>
        <time>2024-11-25T13:54:19Z</time>
      </trkpt>
      <trkpt lat="-22.973815659061074" lon="16.530630933120847">
        <ele>1847.4000000000001</ele>
        <time>2024-11-25T13:54:24Z</time>
      </trkpt>
      <trkpt lat="-22.973895203322172" lon="16.529872706159949">
        <ele>1847.8</ele>
        <time>2024-11-25T13:54:28Z</time>
      </trkpt>
      <trkpt lat="-22.973922863602638" lon="16.529630972072482">
        <ele>1848.2</ele>
        <time>2024-11-25T13:54:33Z</time>
      </trkpt>
      <trkpt lat="-22.973950691521168" lon="16.529390411451459">
        <ele>1849</ele>
        <time>2024-11-25T13:54:38Z</time>
      </trkpt>
      <trkpt lat="-22.973979273810983" lon="16.529147587716579">
        <ele>1850</ele>
        <time>2024-11-25T13:54:43Z</time>
      </trkpt>
      <trkpt lat="-22.974004503339529" lon="16.528910547494888">
        <ele>1851.4000000000001</ele>
        <time>2024-11-25T13:54:48Z</time>
      </trkpt>
      <trkpt lat="-22.9740284755826" lon="16.528698988258839">
        <ele>1852.4000000000001</ele>
        <time>2024-11-25T13:54:53Z</time>
      </trkpt>
      <trkpt lat="-22.974041886627674" lon="16.528519364073873">
        <ele>1853</ele>
        <time>2024-11-25T13:54:58Z</time>
      </trkpt>
      <trkpt lat="-22.974029397591949" lon="16.52836823835969">
        <ele>1853.2</ele>
        <time>2024-11-25T13:55:03Z</time>
      </trkpt>
      <trkpt lat="-22.973983800038695" lon="16.528226919472218">
        <ele>1853.2</ele>
        <time>2024-11-25T13:55:08Z</time>
      </trkpt>
      <trkpt lat="-22.973907357081771" lon="16.528085684403777">
        <ele>1853.2</ele>
        <time>2024-11-25T13:55:13Z</time>
      </trkpt>
      <trkpt lat="-22.973801912739873" lon="16.527971355244517">
        <ele>1853</ele>
        <time>2024-11-25T13:55:17Z</time>
      </trkpt>
      <trkpt lat="-22.973682470619678" lon="16.527850823476911">
        <ele>1852.8</ele>
        <time>2024-11-25T13:55:22Z</time>
      </trkpt>
      <trkpt lat="-22.973549868911505" lon="16.527748899534345">
        <ele>1852.5999999999999</ele>
        <time>2024-11-25T13:55:27Z</time>
      </trkpt>
      <trkpt lat="-22.973411064594984" lon="16.52767245657742">
        <ele>1852.5999999999999</ele>
        <time>2024-11-25T13:55:32Z</time>
      </trkpt>
      <trkpt lat="-22.973279971629381" lon="16.527613867074251">
        <ele>1852.5999999999999</ele>
        <time>2024-11-25T13:55:37Z</time>
      </trkpt>
      <trkpt lat="-22.973153404891491" lon="16.527558043599129">
        <ele>1852.5999999999999</ele>
        <time>2024-11-25T13:55:42Z</time>
      </trkpt>
      <trkpt lat="-22.973033292219043" lon="16.527516972273588">
        <ele>1852.8</ele>
        <time>2024-11-25T13:55:47Z</time>
      </trkpt>
      <trkpt lat="-22.972913682460785" lon="16.527473973110318">
        <ele>1853</ele>
        <time>2024-11-25T13:55:52Z</time>
      </trkpt>
      <trkpt lat="-22.972790971398354" lon="16.527428710833192">
        <ele>1853</ele>
        <time>2024-11-25T13:55:57Z</time>
      </trkpt>
      <trkpt lat="-22.972655352205038" lon="16.527386801317334">
        <ele>1853</ele>
        <time>2024-11-25T13:56:02Z</time>
      </trkpt>
      <trkpt lat="-22.972513111308217" lon="16.527337599545717">
        <ele>1853</ele>
        <time>2024-11-25T13:56:07Z</time>
      </trkpt>
      <trkpt lat="-22.972370367497206" lon="16.527287643402815">
        <ele>1851.4000000000001</ele>
        <time>2024-11-25T13:56:12Z</time>
      </trkpt>
      <trkpt lat="-22.972224187105894" lon="16.527237687259912">
        <ele>1849.2</ele>
        <time>2024-11-25T13:56:16Z</time>
      </trkpt>
      <trkpt lat="-22.972081443294883" lon="16.527183456346393">
        <ele>1847.5999999999999</ele>
        <time>2024-11-25T13:56:21Z</time>
      </trkpt>
      <trkpt lat="-22.971936604008079" lon="16.527133919298649">
        <ele>1846.5999999999999</ele>
        <time>2024-11-25T13:56:26Z</time>
      </trkpt>
      <trkpt lat="-22.971796039491892" lon="16.527080442756414">
        <ele>1846</ele>
        <time>2024-11-25T13:56:31Z</time>
      </trkpt>
      <trkpt lat="-22.971657235175371" lon="16.52703040279448">
        <ele>1845.4000000000001</ele>
        <time>2024-11-25T13:56:36Z</time>
      </trkpt>
      <trkpt lat="-22.971511641517282" lon="16.526973154395819">
        <ele>1845.2</ele>
        <time>2024-11-25T13:56:41Z</time>
      </trkpt>
      <trkpt lat="-22.971361689269543" lon="16.526920348405838">
        <ele>1844.8</ele>
        <time>2024-11-25T13:56:46Z</time>
      </trkpt>
      <trkpt lat="-22.970711337402463" lon="16.526664867997169">
        <ele>1843.5999999999999</ele>
        <time>2024-11-25T13:56:51Z</time>
      </trkpt>
      <trkpt lat="-22.970341192558408" lon="16.526515670120716">
        <ele>1842.2</ele>
        <time>2024-11-25T13:56:56Z</time>
      </trkpt>
      <trkpt lat="-22.969980938360095" lon="16.526355911046267">
        <ele>1841.2</ele>
        <time>2024-11-25T13:57:01Z</time>
      </trkpt>
      <trkpt lat="-22.969810366630554" lon="16.526274271309376">
        <ele>1840.4000000000001</ele>
        <time>2024-11-25T13:57:06Z</time>
      </trkpt>
      <trkpt lat="-22.969642896205187" lon="16.526181232184172">
        <ele>1840.4000000000001</ele>
        <time>2024-11-25T13:57:11Z</time>
      </trkpt>
      <trkpt lat="-22.969484562054276" lon="16.526074698194861">
        <ele>1840.4000000000001</ele>
        <time>2024-11-25T13:57:16Z</time>
      </trkpt>
      <trkpt lat="-22.969336621463299" lon="16.52595148421824">
        <ele>1840.4000000000001</ele>
        <time>2024-11-25T13:57:21Z</time>
      </trkpt>
      <trkpt lat="-22.968918951228261" lon="16.525531047955155">
        <ele>1842</ele>
        <time>2024-11-25T13:57:25Z</time>
      </trkpt>
      <trkpt lat="-22.968774195760489" lon="16.525379922240973">
        <ele>1842.2</ele>
        <time>2024-11-25T13:57:30Z</time>
      </trkpt>
      <trkpt lat="-22.968315873295069" lon="16.524903578683734">
        <ele>1841.2</ele>
        <time>2024-11-25T13:57:35Z</time>
      </trkpt>
      <trkpt lat="-22.968161730095744" lon="16.524739293381572">
        <ele>1839.8</ele>
        <time>2024-11-25T13:57:40Z</time>
      </trkpt>
      <trkpt lat="-22.968004066497087" lon="16.524571152403951">
        <ele>1838.4000000000001</ele>
        <time>2024-11-25T13:57:45Z</time>
      </trkpt>
      <trkpt lat="-22.967844558879733" lon="16.524395635351539">
        <ele>1837.2</ele>
        <time>2024-11-25T13:57:50Z</time>
      </trkpt>
      <trkpt lat="-22.967686140909791" lon="16.524219950661063">
        <ele>1835.4000000000001</ele>
        <time>2024-11-25T13:57:55Z</time>
      </trkpt>
      <trkpt lat="-22.967370562255383" lon="16.523873694241047">
        <ele>1833.2</ele>
        <time>2024-11-25T13:58:00Z</time>
      </trkpt>
      <trkpt lat="-22.967216838151217" lon="16.523704715073109">
        <ele>1832.2</ele>
        <time>2024-11-25T13:58:05Z</time>
      </trkpt>
      <trkpt lat="-22.967064371332526" lon="16.523535065352917">
        <ele>1831.2</ele>
        <time>2024-11-25T13:58:10Z</time>
      </trkpt>
      <trkpt lat="-22.966911736875772" lon="16.52336617000401">
        <ele>1830.2</ele>
        <time>2024-11-25T13:58:15Z</time>
      </trkpt>
      <trkpt lat="-22.966600935906172" lon="16.523012202233076">
        <ele>1828.4000000000001</ele>
        <time>2024-11-25T13:58:20Z</time>
      </trkpt>
      <trkpt lat="-22.966445200145245" lon="16.52282671071589">
        <ele>1826.8</ele>
        <time>2024-11-25T13:58:25Z</time>
      </trkpt>
      <trkpt lat="-22.966287033632398" lon="16.522636441513896">
        <ele>1825.8</ele>
        <time>2024-11-25T13:58:30Z</time>
      </trkpt>
      <trkpt lat="-22.966130040585995" lon="16.522445501759648">
        <ele>1824.4000000000001</ele>
        <time>2024-11-25T13:58:35Z</time>
      </trkpt>
      <trkpt lat="-22.96597246080637" lon="16.522253304719925">
        <ele>1822</ele>
        <time>2024-11-25T13:58:40Z</time>
      </trkpt>
      <trkpt lat="-22.965820413082838" lon="16.5220698248595">
        <ele>1820.2</ele>
        <time>2024-11-25T13:58:45Z</time>
      </trkpt>
      <trkpt lat="-22.965671047568321" lon="16.521888105198741">
        <ele>1818.8</ele>
        <time>2024-11-25T13:58:50Z</time>
      </trkpt>
      <trkpt lat="-22.965531069785357" lon="16.521716108545661">
        <ele>1816.5999999999999</ele>
        <time>2024-11-25T13:58:55Z</time>
      </trkpt>
      <trkpt lat="-22.965399641543627" lon="16.521556433290243">
        <ele>1815</ele>
        <time>2024-11-25T13:59:00Z</time>
      </trkpt>
      <trkpt lat="-22.96528397127986" lon="16.521412180736661">
        <ele>1812.8</ele>
        <time>2024-11-25T13:59:05Z</time>
      </trkpt>
      <trkpt lat="-22.965187663212419" lon="16.521291146054864">
        <ele>1811.8</ele>
        <time>2024-11-25T13:59:10Z</time>
      </trkpt>
      <trkpt lat="-22.96509487554431" lon="16.521174553781748">
        <ele>1810.5999999999999</ele>
        <time>2024-11-25T13:59:15Z</time>
      </trkpt>
      <trkpt lat="-22.964994460344315" lon="16.521050166338682">
        <ele>1809.8</ele>
        <time>2024-11-25T13:59:20Z</time>
      </trkpt>
      <trkpt lat="-22.964886585250497" lon="16.520927203819156">
        <ele>1809.4000000000001</ele>
        <time>2024-11-25T13:59:25Z</time>
      </trkpt>
      <trkpt lat="-22.964648623019457" lon="16.520656300708652">
        <ele>1809</ele>
        <time>2024-11-25T13:59:30Z</time>
      </trkpt>
      <trkpt lat="-22.964276634156704" lon="16.520183812826872">
        <ele>1808.8</ele>
        <time>2024-11-25T13:59:35Z</time>
      </trkpt>
      <trkpt lat="-22.964147804304957" lon="16.520026065409184">
        <ele>1809.2</ele>
        <time>2024-11-25T13:59:40Z</time>
      </trkpt>
      <trkpt lat="-22.963751088827848" lon="16.519522396847606">
        <ele>1811.4000000000001</ele>
        <time>2024-11-25T13:59:45Z</time>
      </trkpt>
      <trkpt lat="-22.963478844612837" lon="16.519176391884685">
        <ele>1813.2</ele>
        <time>2024-11-25T13:59:50Z</time>
      </trkpt>
      <trkpt lat="-22.963337525725365" lon="16.519001126289368">
        <ele>1814</ele>
        <time>2024-11-25T13:59:55Z</time>
      </trkpt>
      <trkpt lat="-22.963191764429212" lon="16.518822675570846">
        <ele>1814.5999999999999</ele>
        <time>2024-11-25T14:00:00Z</time>
      </trkpt>
      <trkpt lat="-22.963045164942741" lon="16.518645146861672">
        <ele>1815.8</ele>
        <time>2024-11-25T14:00:05Z</time>
      </trkpt>
      <trkpt lat="-22.962610898539424" lon="16.518109375610948">
        <ele>1815.8</ele>
        <time>2024-11-25T14:00:10Z</time>
      </trkpt>
      <trkpt lat="-22.962325662374496" lon="16.517767980694771">
        <ele>1815</ele>
        <time>2024-11-25T14:00:15Z</time>
      </trkpt>
      <trkpt lat="-22.96218509785831" lon="16.517601935192943">
        <ele>1814.4000000000001</ele>
        <time>2024-11-25T14:00:20Z</time>
      </trkpt>
      <trkpt lat="-22.962045706808567" lon="16.517443517223001">
        <ele>1814</ele>
        <time>2024-11-25T14:00:25Z</time>
      </trkpt>
      <trkpt lat="-22.961907824501395" lon="16.517293900251389">
        <ele>1813.8</ele>
        <time>2024-11-25T14:00:30Z</time>
      </trkpt>
      <trkpt lat="-22.961777066811919" lon="16.517141181975603">
        <ele>1813.2</ele>
        <time>2024-11-25T14:00:35Z</time>
      </trkpt>
      <trkpt lat="-22.961653349921107" lon="16.516985781490803">
        <ele>1812</ele>
        <time>2024-11-25T14:00:40Z</time>
      </trkpt>
      <trkpt lat="-22.961529046297073" lon="16.51683172211051">
        <ele>1811.5999999999999</ele>
        <time>2024-11-25T14:00:45Z</time>
      </trkpt>
      <trkpt lat="-22.961403485387564" lon="16.516682021319866">
        <ele>1811.2</ele>
        <time>2024-11-25T14:00:50Z</time>
      </trkpt>
      <trkpt lat="-22.961279600858688" lon="16.51653709821403">
        <ele>1810.4000000000001</ele>
        <time>2024-11-25T14:00:55Z</time>
      </trkpt>
      <trkpt lat="-22.961150771006942" lon="16.5163953602314">
        <ele>1809.4000000000001</ele>
        <time>2024-11-25T14:01:00Z</time>
      </trkpt>
      <trkpt lat="-22.961019510403275" lon="16.516250185668468">
        <ele>1809</ele>
        <time>2024-11-25T14:01:05Z</time>
      </trkpt>
      <trkpt lat="-22.960887495428324" lon="16.516104424372315">
        <ele>1807.8</ele>
        <time>2024-11-25T14:01:10Z</time>
      </trkpt>
      <trkpt lat="-22.960654143244028" lon="16.515799826011062">
        <ele>1807</ele>
        <time>2024-11-25T14:01:15Z</time>
      </trkpt>
      <trkpt lat="-22.960563451051712" lon="16.515635708346963">
        <ele>1806.2</ele>
        <time>2024-11-25T14:01:20Z</time>
      </trkpt>
      <trkpt lat="-22.960498072206974" lon="16.51546647772193">
        <ele>1805.5999999999999</ele>
        <time>2024-11-25T14:01:25Z</time>
      </trkpt>
      <trkpt lat="-22.960450714454055" lon="16.515292217954993">
        <ele>1805.4000000000001</ele>
        <time>2024-11-25T14:01:30Z</time>
      </trkpt>
      <trkpt lat="-22.960414169356227" lon="16.51511711999774">
        <ele>1805</ele>
        <time>2024-11-25T14:01:35Z</time>
      </trkpt>
      <trkpt lat="-22.960391119122505" lon="16.514937495812774">
        <ele>1804.8</ele>
        <time>2024-11-25T14:01:40Z</time>
      </trkpt>
      <trkpt lat="-22.96037863008678" lon="16.514747142791748">
        <ele>1804.5999999999999</ele>
        <time>2024-11-25T14:01:45Z</time>
      </trkpt>
      <trkpt lat="-22.960349293425679" lon="16.514150518923998">
        <ele>1803.5999999999999</ele>
        <time>2024-11-25T14:01:50Z</time>
      </trkpt>
      <trkpt lat="-22.960344599559903" lon="16.513926470652223">
        <ele>1803.4000000000001</ele>
        <time>2024-11-25T14:01:55Z</time>
      </trkpt>
      <trkpt lat="-22.96033663675189" lon="16.513229766860604">
        <ele>1801.8</ele>
        <time>2024-11-25T14:02:00Z</time>
      </trkpt>
      <trkpt lat="-22.960326997563243" lon="16.512994822114706">
        <ele>1800.5999999999999</ele>
        <time>2024-11-25T14:02:05Z</time>
      </trkpt>
      <trkpt lat="-22.960308389738202" lon="16.512758703902364">
        <ele>1798.8</ele>
        <time>2024-11-25T14:02:10Z</time>
      </trkpt>
      <trkpt lat="-22.960277795791626" lon="16.51252644136548">
        <ele>1797.4000000000001</ele>
        <time>2024-11-25T14:02:15Z</time>
      </trkpt>
      <trkpt lat="-22.960234126076102" lon="16.512295519933105">
        <ele>1795.8</ele>
        <time>2024-11-25T14:02:20Z</time>
      </trkpt>
      <trkpt lat="-22.960178637877107" lon="16.512065604329109">
        <ele>1794.8</ele>
        <time>2024-11-25T14:02:25Z</time>
      </trkpt>
      <trkpt lat="-22.960120802745223" lon="16.511835185810924">
        <ele>1793.2</ele>
        <time>2024-11-25T14:02:30Z</time>
      </trkpt>
      <trkpt lat="-22.959923408925533" lon="16.511139990761876">
        <ele>1791.5999999999999</ele>
        <time>2024-11-25T14:02:36Z</time>
      </trkpt>
      <trkpt lat="-22.959853503853083" lon="16.510900435969234">
        <ele>1791.4000000000001</ele>
        <time>2024-11-25T14:02:41Z</time>
      </trkpt>
      <trkpt lat="-22.959631299600005" lon="16.510186633095145">
        <ele>1790.8</ele>
        <time>2024-11-25T14:02:46Z</time>
      </trkpt>
      <trkpt lat="-22.959561562165618" lon="16.509950263425708">
        <ele>1791</ele>
        <time>2024-11-25T14:02:51Z</time>
      </trkpt>
      <trkpt lat="-22.959436168894172" lon="16.509506441652775">
        <ele>1791.5999999999999</ele>
        <time>2024-11-25T14:02:56Z</time>
      </trkpt>
      <trkpt lat="-22.959379758685827" lon="16.509297899901867">
        <ele>1792.2</ele>
        <time>2024-11-25T14:03:01Z</time>
      </trkpt>
      <trkpt lat="-22.959323264658451" lon="16.509097991511226">
        <ele>1792.8</ele>
        <time>2024-11-25T14:03:06Z</time>
      </trkpt>
      <trkpt lat="-22.959262663498521" lon="16.508903782814741">
        <ele>1793.4000000000001</ele>
        <time>2024-11-25T14:03:11Z</time>
      </trkpt>
      <trkpt lat="-22.959196949377656" lon="16.508716447278857">
        <ele>1793.5999999999999</ele>
        <time>2024-11-25T14:03:16Z</time>
      </trkpt>
      <trkpt lat="-22.959133079275489" lon="16.508529111742973">
        <ele>1793.5999999999999</ele>
        <time>2024-11-25T14:03:21Z</time>
      </trkpt>
      <trkpt lat="-22.959078261628747" lon="16.508342111483216">
        <ele>1793.5999999999999</ele>
        <time>2024-11-25T14:03:26Z</time>
      </trkpt>
      <trkpt lat="-22.959032664075494" lon="16.508158380165696">
        <ele>1793.4000000000001</ele>
        <time>2024-11-25T14:03:31Z</time>
      </trkpt>
      <trkpt lat="-22.958987234160304" lon="16.507994262501597">
        <ele>1793.2</ele>
        <time>2024-11-25T14:03:36Z</time>
      </trkpt>
      <trkpt lat="-22.958941049873829" lon="16.50785612873733">
        <ele>1792.4000000000001</ele>
        <time>2024-11-25T14:03:41Z</time>
      </trkpt>
      <trkpt lat="-22.958900732919574" lon="16.507727215066552">
        <ele>1790.2</ele>
        <time>2024-11-25T14:03:47Z</time>
      </trkpt>
      <trkpt lat="-22.958864690735936" lon="16.507617495954037">
        <ele>1789.4000000000001</ele>
        <time>2024-11-25T14:03:52Z</time>
      </trkpt>
      <trkpt lat="-22.958830073475838" lon="16.507509620860219">
        <ele>1788.2</ele>
        <time>2024-11-25T14:03:57Z</time>
      </trkpt>
      <trkpt lat="-22.958798976615071" lon="16.507397973909974">
        <ele>1787.4000000000001</ele>
        <time>2024-11-25T14:04:02Z</time>
      </trkpt>
      <trkpt lat="-22.958767460659146" lon="16.507281633093953">
        <ele>1787</ele>
        <time>2024-11-25T14:04:07Z</time>
      </trkpt>
      <trkpt lat="-22.958685485646129" lon="16.50704107247293">
        <ele>1785</ele>
        <time>2024-11-25T14:04:12Z</time>
      </trkpt>
      <trkpt lat="-22.958607198670506" lon="16.506774025037885">
        <ele>1783.5999999999999</ele>
        <time>2024-11-25T14:04:17Z</time>
      </trkpt>
      <trkpt lat="-22.958524888381362" lon="16.506471103057265">
        <ele>1781.4000000000001</ele>
        <time>2024-11-25T14:04:22Z</time>
      </trkpt>
      <trkpt lat="-22.95842606574297" lon="16.506145549938083">
        <ele>1780.2</ele>
        <time>2024-11-25T14:04:27Z</time>
      </trkpt>
      <trkpt lat="-22.958310814574361" lon="16.505796611309052">
        <ele>1778.5999999999999</ele>
        <time>2024-11-25T14:04:32Z</time>
      </trkpt>
      <trkpt lat="-22.958117863163352" lon="16.505238292738795">
        <ele>1777.4000000000001</ele>
        <time>2024-11-25T14:04:37Z</time>
      </trkpt>
      <trkpt lat="-22.958002779632807" lon="16.504842331632972">
        <ele>1776.5999999999999</ele>
        <time>2024-11-25T14:04:43Z</time>
      </trkpt>
      <trkpt lat="-22.957957098260522" lon="16.50464778766036">
        <ele>1776.2</ele>
        <time>2024-11-25T14:04:48Z</time>
      </trkpt>
      <trkpt lat="-22.957936227321625" lon="16.504454249516129">
        <ele>1775.5999999999999</ele>
        <time>2024-11-25T14:04:53Z</time>
      </trkpt>
      <trkpt lat="-22.957930946722627" lon="16.504261130467057">
        <ele>1774.8</ele>
        <time>2024-11-25T14:04:58Z</time>
      </trkpt>
      <trkpt lat="-22.957936143502593" lon="16.504073543474078">
        <ele>1774.5999999999999</ele>
        <time>2024-11-25T14:05:03Z</time>
      </trkpt>
      <trkpt lat="-22.957942262291908" lon="16.503893164917827">
        <ele>1774.4000000000001</ele>
        <time>2024-11-25T14:05:08Z</time>
      </trkpt>
      <trkpt lat="-22.957952739670873" lon="16.503712786361575">
        <ele>1774.2</ele>
        <time>2024-11-25T14:05:13Z</time>
      </trkpt>
      <trkpt lat="-22.957968413829803" lon="16.503528049215674">
        <ele>1774</ele>
        <time>2024-11-25T14:05:18Z</time>
      </trkpt>
      <trkpt lat="-22.957988614216447" lon="16.503337696194649">
        <ele>1773.5999999999999</ele>
        <time>2024-11-25T14:05:23Z</time>
      </trkpt>
      <trkpt lat="-22.958042090758681" lon="16.50291902013123">
        <ele>1772.4000000000001</ele>
        <time>2024-11-25T14:05:28Z</time>
      </trkpt>
      <trkpt lat="-22.958078635856509" lon="16.50268985889852">
        <ele>1772.2</ele>
        <time>2024-11-25T14:05:34Z</time>
      </trkpt>
      <trkpt lat="-22.958177458494902" lon="16.501995250582695">
        <ele>1771.2</ele>
        <time>2024-11-25T14:05:39Z</time>
      </trkpt>
      <trkpt lat="-22.958243256434798" lon="16.501535251736641">
        <ele>1771</ele>
        <time>2024-11-25T14:05:44Z</time>
      </trkpt>
      <trkpt lat="-22.958349455147982" lon="16.500828238204122">
        <ele>1770.8</ele>
        <time>2024-11-25T14:05:49Z</time>
      </trkpt>
      <trkpt lat="-22.958444841206074" lon="16.500121140852571">
        <ele>1770.5999999999999</ele>
        <time>2024-11-25T14:05:54Z</time>
      </trkpt>
      <trkpt lat="-22.95850133523345" lon="16.499656951054931">
        <ele>1769.8</ele>
        <time>2024-11-25T14:05:59Z</time>
      </trkpt>
      <trkpt lat="-22.958520026877522" lon="16.499424101784825">
        <ele>1769.2</ele>
        <time>2024-11-25T14:06:04Z</time>
      </trkpt>
      <trkpt lat="-22.958545507863164" lon="16.499189576134086">
        <ele>1768.4000000000001</ele>
        <time>2024-11-25T14:06:09Z</time>
      </trkpt>
      <trkpt lat="-22.958577023819089" lon="16.498954631388187">
        <ele>1767.8</ele>
        <time>2024-11-25T14:06:15Z</time>
      </trkpt>
      <trkpt lat="-22.958608623594046" lon="16.498717591166496">
        <ele>1767.2</ele>
        <time>2024-11-25T14:06:20Z</time>
      </trkpt>
      <trkpt lat="-22.958638379350305" lon="16.498477784916759">
        <ele>1765.8</ele>
        <time>2024-11-25T14:06:25Z</time>
      </trkpt>
      <trkpt lat="-22.958691352978349" lon="16.497998088598251">
        <ele>1764.2</ele>
        <time>2024-11-25T14:06:30Z</time>
      </trkpt>
      <trkpt lat="-22.958736028522253" lon="16.497543873265386">
        <ele>1763</ele>
        <time>2024-11-25T14:06:35Z</time>
      </trkpt>
      <trkpt lat="-22.958736531436443" lon="16.497323596850038">
        <ele>1762</ele>
        <time>2024-11-25T14:06:40Z</time>
      </trkpt>
      <trkpt lat="-22.958729071542621" lon="16.49711019359529">
        <ele>1760.8</ele>
        <time>2024-11-25T14:06:45Z</time>
      </trkpt>
      <trkpt lat="-22.958723790943623" lon="16.496905675157905">
        <ele>1760.4000000000001</ele>
        <time>2024-11-25T14:06:51Z</time>
      </trkpt>
      <trkpt lat="-22.958729658275843" lon="16.496707526966929">
        <ele>1760.4000000000001</ele>
        <time>2024-11-25T14:06:56Z</time>
      </trkpt>
      <trkpt lat="-22.958748182281852" lon="16.496512312442064">
        <ele>1760.2</ele>
        <time>2024-11-25T14:07:01Z</time>
      </trkpt>
      <trkpt lat="-22.958775088191032" lon="16.496328162029386">
        <ele>1760</ele>
        <time>2024-11-25T14:07:06Z</time>
      </trkpt>
      <trkpt lat="-22.958804508671165" lon="16.496163960546255">
        <ele>1759.8</ele>
        <time>2024-11-25T14:07:11Z</time>
      </trkpt>
      <trkpt lat="-22.958833342418075" lon="16.496013253927231">
        <ele>1759.2</ele>
        <time>2024-11-25T14:07:16Z</time>
      </trkpt>
      <trkpt lat="-22.958861254155636" lon="16.495867827907205">
        <ele>1757.4000000000001</ele>
        <time>2024-11-25T14:07:22Z</time>
      </trkpt>
      <trkpt lat="-22.958889082074165" lon="16.495717456564307">
        <ele>1754.2</ele>
        <time>2024-11-25T14:07:27Z</time>
      </trkpt>
      <trkpt lat="-22.958913389593363" lon="16.495557865127921">
        <ele>1752.2</ele>
        <time>2024-11-25T14:07:32Z</time>
      </trkpt>
      <trkpt lat="-22.95893476344645" lon="16.495387209579349">
        <ele>1751</ele>
        <time>2024-11-25T14:07:37Z</time>
      </trkpt>
      <trkpt lat="-22.958963681012392" lon="16.49520699866116">
        <ele>1748.2</ele>
        <time>2024-11-25T14:07:42Z</time>
      </trkpt>
      <trkpt lat="-22.958994694054127" lon="16.495018657296896">
        <ele>1746</ele>
        <time>2024-11-25T14:07:47Z</time>
      </trkpt>
      <trkpt lat="-22.959023108705878" lon="16.494823610410094">
        <ele>1743</ele>
        <time>2024-11-25T14:07:53Z</time>
      </trkpt>
      <trkpt lat="-22.959046829491854" lon="16.494624204933643">
        <ele>1740</ele>
        <time>2024-11-25T14:07:58Z</time>
      </trkpt>
      <trkpt lat="-22.959087314084172" lon="16.494434522464871">
        <ele>1737.2</ele>
        <time>2024-11-25T14:08:03Z</time>
      </trkpt>
      <trkpt lat="-22.959154704585671" lon="16.494256658479571">
        <ele>1735</ele>
        <time>2024-11-25T14:08:08Z</time>
      </trkpt>
      <trkpt lat="-22.959227124229074" lon="16.49410025216639">
        <ele>1733.4000000000001</ele>
        <time>2024-11-25T14:08:13Z</time>
      </trkpt>
      <trkpt lat="-22.959309937432408" lon="16.493950970470905">
        <ele>1733.4000000000001</ele>
        <time>2024-11-25T14:08:18Z</time>
      </trkpt>
      <trkpt lat="-22.959399707615376" lon="16.493806801736355">
        <ele>1733.4000000000001</ele>
        <time>2024-11-25T14:08:24Z</time>
      </trkpt>
      <trkpt lat="-22.95949668623507" lon="16.493669506162405">
        <ele>1733.2</ele>
        <time>2024-11-25T14:08:29Z</time>
      </trkpt>
      <trkpt lat="-22.959594167768955" lon="16.493536401540041">
        <ele>1732.8</ele>
        <time>2024-11-25T14:08:34Z</time>
      </trkpt>
      <trkpt lat="-22.959682513028383" lon="16.49341125972569">
        <ele>1732.8</ele>
        <time>2024-11-25T14:08:39Z</time>
      </trkpt>
      <trkpt lat="-22.959771528840065" lon="16.493283184245229">
        <ele>1732.8</ele>
        <time>2024-11-25T14:08:44Z</time>
      </trkpt>
      <trkpt lat="-22.959868256002665" lon="16.493148654699326">
        <ele>1732.2</ele>
        <time>2024-11-25T14:08:49Z</time>
      </trkpt>
      <trkpt lat="-22.959966156631708" lon="16.493001133203506">
        <ele>1731.4000000000001</ele>
        <time>2024-11-25T14:08:55Z</time>
      </trkpt>
      <trkpt lat="-22.960055842995644" lon="16.492839949205518">
        <ele>1729.8</ele>
        <time>2024-11-25T14:09:00Z</time>
      </trkpt>
      <trkpt lat="-22.960138069465756" lon="16.492669209837914">
        <ele>1728.2</ele>
        <time>2024-11-25T14:09:05Z</time>
      </trkpt>
      <trkpt lat="-22.960213925689459" lon="16.492498554289341">
        <ele>1727</ele>
        <time>2024-11-25T14:09:10Z</time>
      </trkpt>
      <trkpt lat="-22.960273521021008" lon="16.49232211522758">
        <ele>1725.4000000000001</ele>
        <time>2024-11-25T14:09:15Z</time>
      </trkpt>
      <trkpt lat="-22.96030730009079" lon="16.492138551548123">
        <ele>1724.4000000000001</ele>
        <time>2024-11-25T14:09:20Z</time>
      </trkpt>
      <trkpt lat="-22.960320208221674" lon="16.491960100829601">
        <ele>1723.5999999999999</ele>
        <time>2024-11-25T14:09:26Z</time>
      </trkpt>
      <trkpt lat="-22.960322555154562" lon="16.491795983165503">
        <ele>1723.2</ele>
        <time>2024-11-25T14:09:31Z</time>
      </trkpt>
      <trkpt lat="-22.960326578468084" lon="16.491647120565176">
        <ele>1722.4000000000001</ele>
        <time>2024-11-25T14:09:36Z</time>
      </trkpt>
      <trkpt lat="-22.960332445800304" lon="16.491511166095734">
        <ele>1722</ele>
        <time>2024-11-25T14:09:41Z</time>
      </trkpt>
      <trkpt lat="-22.960335128009319" lon="16.491382336243987">
        <ele>1721.4000000000001</ele>
        <time>2024-11-25T14:09:46Z</time>
      </trkpt>
      <trkpt lat="-22.960328171029687" lon="16.491264151409268">
        <ele>1721.2</ele>
        <time>2024-11-25T14:09:52Z</time>
      </trkpt>
      <trkpt lat="-22.96032247133553" lon="16.49114890024066">
        <ele>1721</ele>
        <time>2024-11-25T14:09:57Z</time>
      </trkpt>
      <trkpt lat="-22.960326829925179" lon="16.491027362644672">
        <ele>1720.4000000000001</ele>
        <time>2024-11-25T14:10:02Z</time>
      </trkpt>
      <trkpt lat="-22.960330853238702" lon="16.490903226658702">
        <ele>1720</ele>
        <time>2024-11-25T14:10:07Z</time>
      </trkpt>
      <trkpt lat="-22.960358010604978" lon="16.49063684977591">
        <ele>1719.4000000000001</ele>
        <time>2024-11-25T14:10:12Z</time>
      </trkpt>
      <trkpt lat="-22.960378797724843" lon="16.490489998832345">
        <ele>1719.2</ele>
        <time>2024-11-25T14:10:18Z</time>
      </trkpt>
      <trkpt lat="-22.960363542661071" lon="16.489827493205667">
        <ele>1719.4000000000001</ele>
        <time>2024-11-25T14:10:23Z</time>
      </trkpt>
      <trkpt lat="-22.960231862962246" lon="16.489294320344925">
        <ele>1720.4000000000001</ele>
        <time>2024-11-25T14:10:28Z</time>
      </trkpt>
      <trkpt lat="-22.960075289011002" lon="16.488771708682179">
        <ele>1721.4000000000001</ele>
        <time>2024-11-25T14:10:33Z</time>
      </trkpt>
      <trkpt lat="-22.960039163008332" lon="16.488604489713907">
        <ele>1721.5999999999999</ele>
        <time>2024-11-25T14:10:38Z</time>
      </trkpt>
      <trkpt lat="-22.960016699507833" lon="16.488443138077855">
        <ele>1721.8</ele>
        <time>2024-11-25T14:10:44Z</time>
      </trkpt>
      <trkpt lat="-22.960003707557917" lon="16.48828262463212">
        <ele>1722.2</ele>
        <time>2024-11-25T14:10:49Z</time>
      </trkpt>
      <trkpt lat="-22.960005132481456" lon="16.488116830587387">
        <ele>1723.2</ele>
        <time>2024-11-25T14:10:54Z</time>
      </trkpt>
      <trkpt lat="-22.96001854352653" lon="16.487942822277546">
        <ele>1724</ele>
        <time>2024-11-25T14:10:59Z</time>
      </trkpt>
      <trkpt lat="-22.960039749741554" lon="16.487759342417121">
        <ele>1724.5999999999999</ele>
        <time>2024-11-25T14:11:04Z</time>
      </trkpt>
      <trkpt lat="-22.960131028667092" lon="16.487176213413477">
        <ele>1725.4000000000001</ele>
        <time>2024-11-25T14:11:10Z</time>
      </trkpt>
      <trkpt lat="-22.960157599300146" lon="16.486980998888612">
        <ele>1725.5999999999999</ele>
        <time>2024-11-25T14:11:15Z</time>
      </trkpt>
      <trkpt lat="-22.960211830213666" lon="16.486585959792137">
        <ele>1725.8</ele>
        <time>2024-11-25T14:11:20Z</time>
      </trkpt>
      <trkpt lat="-22.960292547941208" lon="16.486189998686314">
        <ele>1726.5999999999999</ele>
        <time>2024-11-25T14:11:25Z</time>
      </trkpt>
      <trkpt lat="-22.960332864895463" lon="16.485987324267626">
        <ele>1727</ele>
        <time>2024-11-25T14:11:30Z</time>
      </trkpt>
      <trkpt lat="-22.960371170192957" lon="16.485784985125065">
        <ele>1727.2</ele>
        <time>2024-11-25T14:11:36Z</time>
      </trkpt>
      <trkpt lat="-22.960414085537195" lon="16.48558683693409">
        <ele>1727.2</ele>
        <time>2024-11-25T14:11:41Z</time>
      </trkpt>
      <trkpt lat="-22.960455575957894" lon="16.485392041504383">
        <ele>1727.2</ele>
        <time>2024-11-25T14:11:46Z</time>
      </trkpt>
      <trkpt lat="-22.960496228188276" lon="16.485206633806229">
        <ele>1727.2</ele>
        <time>2024-11-25T14:11:51Z</time>
      </trkpt>
      <trkpt lat="-22.960534701123834" lon="16.485037487000227">
        <ele>1727</ele>
        <time>2024-11-25T14:11:57Z</time>
      </trkpt>
      <trkpt lat="-22.960568899288774" lon="16.48487051948905">
        <ele>1727</ele>
        <time>2024-11-25T14:12:02Z</time>
      </trkpt>
      <trkpt lat="-22.960605528205633" lon="16.484693074598908">
        <ele>1726.5999999999999</ele>
        <time>2024-11-25T14:12:07Z</time>
      </trkpt>
      <trkpt lat="-22.960638888180256" lon="16.484507331624627">
        <ele>1726.4000000000001</ele>
        <time>2024-11-25T14:12:12Z</time>
      </trkpt>
      <trkpt lat="-22.960673505440354" lon="16.484320163726807">
        <ele>1726</ele>
        <time>2024-11-25T14:12:17Z</time>
      </trkpt>
      <trkpt lat="-22.960707619786263" lon="16.484131319448352">
        <ele>1725.5999999999999</ele>
        <time>2024-11-25T14:12:23Z</time>
      </trkpt>
      <trkpt lat="-22.96074265614152" lon="16.483936691656709">
        <ele>1724.8</ele>
        <time>2024-11-25T14:12:28Z</time>
      </trkpt>
      <trkpt lat="-22.960775094106793" lon="16.483753127977252">
        <ele>1723.4000000000001</ele>
        <time>2024-11-25T14:12:33Z</time>
      </trkpt>
      <trkpt lat="-22.960798144340515" lon="16.483582472428679">
        <ele>1722.5999999999999</ele>
        <time>2024-11-25T14:12:38Z</time>
      </trkpt>
      <trkpt lat="-22.960817171260715" lon="16.483415002003312">
        <ele>1722</ele>
        <time>2024-11-25T14:12:44Z</time>
      </trkpt>
      <trkpt lat="-22.960844999179244" lon="16.483245603740215">
        <ele>1720.5999999999999</ele>
        <time>2024-11-25T14:12:49Z</time>
      </trkpt>
      <trkpt lat="-22.960883136838675" lon="16.483077295124531">
        <ele>1720</ele>
        <time>2024-11-25T14:12:54Z</time>
      </trkpt>
      <trkpt lat="-22.9609215259552" lon="16.482910076156259">
        <ele>1719.4000000000001</ele>
        <time>2024-11-25T14:12:59Z</time>
      </trkpt>
      <trkpt lat="-22.960964357480407" lon="16.482750484719872">
        <ele>1718.2</ele>
        <time>2024-11-25T14:13:05Z</time>
      </trkpt>
      <trkpt lat="-22.961013978347182" lon="16.482604723423719">
        <ele>1717.2</ele>
        <time>2024-11-25T14:13:10Z</time>
      </trkpt>
      <trkpt lat="-22.96106955036521" lon="16.482479078695178">
        <ele>1716.2</ele>
        <time>2024-11-25T14:13:15Z</time>
      </trkpt>
      <trkpt lat="-22.961129900068045" lon="16.482373215258121">
        <ele>1715.5999999999999</ele>
        <time>2024-11-25T14:13:20Z</time>
      </trkpt>
      <trkpt lat="-22.961193267256021" lon="16.482276991009712">
        <ele>1714</ele>
        <time>2024-11-25T14:13:26Z</time>
      </trkpt>
      <trkpt lat="-22.961269458755851" lon="16.482185795903206">
        <ele>1712.2</ele>
        <time>2024-11-25T14:13:31Z</time>
      </trkpt>
      <trkpt lat="-22.961356127634645" lon="16.482102647423744">
        <ele>1711.5999999999999</ele>
        <time>2024-11-25T14:13:36Z</time>
      </trkpt>
      <trkpt lat="-22.961457464843988" lon="16.48202670738101">
        <ele>1710.8</ele>
        <time>2024-11-25T14:13:41Z</time>
      </trkpt>
      <trkpt lat="-22.961686542257667" lon="16.481887148693204">
        <ele>1708.5999999999999</ele>
        <time>2024-11-25T14:13:47Z</time>
      </trkpt>
      <trkpt lat="-22.961808331310749" lon="16.481811879202724">
        <ele>1707</ele>
        <time>2024-11-25T14:13:52Z</time>
      </trkpt>
      <trkpt lat="-22.961933808401227" lon="16.481732754036784">
        <ele>1705</ele>
        <time>2024-11-25T14:13:57Z</time>
      </trkpt>
      <trkpt lat="-22.962068086490035" lon="16.481655640527606">
        <ele>1703.4000000000001</ele>
        <time>2024-11-25T14:14:02Z</time>
      </trkpt>
      <trkpt lat="-22.962209321558475" lon="16.481589339673519">
        <ele>1701.5999999999999</ele>
        <time>2024-11-25T14:14:08Z</time>
      </trkpt>
      <trkpt lat="-22.962345108389854" lon="16.481532342731953">
        <ele>1700</ele>
        <time>2024-11-25T14:14:13Z</time>
      </trkpt>
      <trkpt lat="-22.962475698441267" lon="16.4814677182585">
        <ele>1698.2</ele>
        <time>2024-11-25T14:14:18Z</time>
      </trkpt>
      <trkpt lat="-22.962607629597187" lon="16.481398986652493">
        <ele>1696.2</ele>
        <time>2024-11-25T14:14:23Z</time>
      </trkpt>
      <trkpt lat="-22.962740398943424" lon="16.481330506503582">
        <ele>1694.5999999999999</ele>
        <time>2024-11-25T14:14:29Z</time>
      </trkpt>
      <trkpt lat="-22.962869564071298" lon="16.481260349974036">
        <ele>1692.2</ele>
        <time>2024-11-25T14:14:34Z</time>
      </trkpt>
      <trkpt lat="-22.962999399751425" lon="16.481186924502254">
        <ele>1690.5999999999999</ele>
        <time>2024-11-25T14:14:39Z</time>
      </trkpt>
      <trkpt lat="-22.963126972317696" lon="16.481112074106932">
        <ele>1688.4000000000001</ele>
        <time>2024-11-25T14:14:44Z</time>
      </trkpt>
      <trkpt lat="-22.963247587904334" lon="16.48102599196136">
        <ele>1686.5999999999999</ele>
        <time>2024-11-25T14:14:50Z</time>
      </trkpt>
      <trkpt lat="-22.963356887921691" lon="16.480923146009445">
        <ele>1684.2</ele>
        <time>2024-11-25T14:14:55Z</time>
      </trkpt>
      <trkpt lat="-22.963448334485292" lon="16.480800686404109">
        <ele>1681.8</ele>
        <time>2024-11-25T14:15:00Z</time>
      </trkpt>
      <trkpt lat="-22.963524106889963" lon="16.480656182393432">
        <ele>1679.8</ele>
        <time>2024-11-25T14:15:05Z</time>
      </trkpt>
      <trkpt lat="-22.963602812960744" lon="16.480502793565392">
        <ele>1678.8</ele>
        <time>2024-11-25T14:15:11Z</time>
      </trkpt>
      <trkpt lat="-22.963686129078269" lon="16.48034923709929">
        <ele>1676.5999999999999</ele>
        <time>2024-11-25T14:15:16Z</time>
      </trkpt>
      <trkpt lat="-22.963774725794792" lon="16.480193752795458">
        <ele>1675.2</ele>
        <time>2024-11-25T14:15:21Z</time>
      </trkpt>
      <trkpt lat="-22.963864579796791" lon="16.480040531605482">
        <ele>1673.4000000000001</ele>
        <time>2024-11-25T14:15:27Z</time>
      </trkpt>
      <trkpt lat="-22.964031379669905" lon="16.479716403409839">
        <ele>1671.4000000000001</ele>
        <time>2024-11-25T14:15:32Z</time>
      </trkpt>
      <trkpt lat="-22.964106146246195" lon="16.479559578001499">
        <ele>1669.8</ele>
        <time>2024-11-25T14:15:37Z</time>
      </trkpt>
      <trkpt lat="-22.964176218956709" lon="16.479414068162441">
        <ele>1668</ele>
        <time>2024-11-25T14:15:42Z</time>
      </trkpt>
      <trkpt lat="-22.964241849258542" lon="16.479274928569794">
        <ele>1666.5999999999999</ele>
        <time>2024-11-25T14:15:48Z</time>
      </trkpt>
      <trkpt lat="-22.964299600571394" lon="16.479144925251603">
        <ele>1664.5999999999999</ele>
        <time>2024-11-25T14:15:53Z</time>
      </trkpt>
      <trkpt lat="-22.964353244751692" lon="16.479033781215549">
        <ele>1663.2</ele>
        <time>2024-11-25T14:15:58Z</time>
      </trkpt>
      <trkpt lat="-22.964399261400104" lon="16.478939820080996">
        <ele>1661.2</ele>
        <time>2024-11-25T14:16:03Z</time>
      </trkpt>
      <trkpt lat="-22.964440584182739" lon="16.478843931108713">
        <ele>1659</ele>
        <time>2024-11-25T14:16:09Z</time>
      </trkpt>
      <trkpt lat="-22.96448266133666" lon="16.478742593899369">
        <ele>1657.5999999999999</ele>
        <time>2024-11-25T14:16:14Z</time>
      </trkpt>
      <trkpt lat="-22.96453052200377" lon="16.478632455691695">
        <ele>1656.5999999999999</ele>
        <time>2024-11-25T14:16:19Z</time>
      </trkpt>
      <trkpt lat="-22.96463998965919" lon="16.478396337479353">
        <ele>1654.4000000000001</ele>
        <time>2024-11-25T14:16:25Z</time>
      </trkpt>
      <trkpt lat="-22.964701177552342" lon="16.47826717235148">
        <ele>1652</ele>
        <time>2024-11-25T14:16:30Z</time>
      </trkpt>
      <trkpt lat="-22.964769154787064" lon="16.478140773251653">
        <ele>1650.5999999999999</ele>
        <time>2024-11-25T14:16:35Z</time>
      </trkpt>
      <trkpt lat="-22.964841993525624" lon="16.478019906207919">
        <ele>1649.4000000000001</ele>
        <time>2024-11-25T14:16:40Z</time>
      </trkpt>
      <trkpt lat="-22.964911479502916" lon="16.477893507108092">
        <ele>1647.5999999999999</ele>
        <time>2024-11-25T14:16:46Z</time>
      </trkpt>
      <trkpt lat="-22.964975098147988" lon="16.477760570123792">
        <ele>1645.5999999999999</ele>
        <time>2024-11-25T14:16:51Z</time>
      </trkpt>
      <trkpt lat="-22.965031005442142" lon="16.477631740272045">
        <ele>1644.2</ele>
        <time>2024-11-25T14:16:56Z</time>
      </trkpt>
      <trkpt lat="-22.965082218870521" lon="16.477507436648011">
        <ele>1643</ele>
        <time>2024-11-25T14:17:02Z</time>
      </trkpt>
      <trkpt lat="-22.965127984061837" lon="16.477385060861707">
        <ele>1642</ele>
        <time>2024-11-25T14:17:07Z</time>
      </trkpt>
      <trkpt lat="-22.965171486139297" lon="16.477266205474734">
        <ele>1639.8</ele>
        <time>2024-11-25T14:17:12Z</time>
      </trkpt>
      <trkpt lat="-22.96521364711225" lon="16.477144164964557">
        <ele>1638.2</ele>
        <time>2024-11-25T14:17:17Z</time>
      </trkpt>
      <trkpt lat="-22.965253544971347" lon="16.477021872997284">
        <ele>1636.8</ele>
        <time>2024-11-25T14:17:23Z</time>
      </trkpt>
      <trkpt lat="-22.965296963229775" lon="16.476894048973918">
        <ele>1635</ele>
        <time>2024-11-25T14:17:28Z</time>
      </trkpt>
      <trkpt lat="-22.965345159173012" lon="16.476761950179935">
        <ele>1634</ele>
        <time>2024-11-25T14:17:33Z</time>
      </trkpt>
      <trkpt lat="-22.965394696220756" lon="16.476623481139541">
        <ele>1632.5999999999999</ele>
        <time>2024-11-25T14:17:39Z</time>
      </trkpt>
      <trkpt lat="-22.965442556887865" lon="16.476483503356576">
        <ele>1630</ele>
        <time>2024-11-25T14:17:44Z</time>
      </trkpt>
      <trkpt lat="-22.965549677610397" lon="16.476214528083801">
        <ele>1627.2</ele>
        <time>2024-11-25T14:17:49Z</time>
      </trkpt>
      <trkpt lat="-22.965605165809393" lon="16.476086536422372">
        <ele>1626</ele>
        <time>2024-11-25T14:17:54Z</time>
      </trkpt>
      <trkpt lat="-22.965660654008389" lon="16.475964076817036">
        <ele>1625</ele>
        <time>2024-11-25T14:18:00Z</time>
      </trkpt>
      <trkpt lat="-22.965715220198035" lon="16.47583968937397">
        <ele>1623.2</ele>
        <time>2024-11-25T14:18:05Z</time>
      </trkpt>
      <trkpt lat="-22.965758051723242" lon="16.475718319416046">
        <ele>1621.4000000000001</ele>
        <time>2024-11-25T14:18:10Z</time>
      </trkpt>
      <trkpt lat="-22.965796859934926" lon="16.475601894780993">
        <ele>1620</ele>
        <time>2024-11-25T14:18:16Z</time>
      </trkpt>
      <trkpt lat="-22.965831812471151" lon="16.475503658875823">
        <ele>1619.2</ele>
        <time>2024-11-25T14:18:21Z</time>
      </trkpt>
      <trkpt lat="-22.965868692845106" lon="16.475412715226412">
        <ele>1618.2</ele>
        <time>2024-11-25T14:18:26Z</time>
      </trkpt>
      <trkpt lat="-22.965907417237759" lon="16.475322609767318">
        <ele>1617.5999999999999</ele>
        <time>2024-11-25T14:18:32Z</time>
      </trkpt>
      <trkpt lat="-22.965945973992348" lon="16.475230827927589">
        <ele>1617.2</ele>
        <time>2024-11-25T14:18:37Z</time>
      </trkpt>
      <trkpt lat="-22.966008502990007" lon="16.475027734413743">
        <ele>1616.2</ele>
        <time>2024-11-25T14:18:42Z</time>
      </trkpt>
      <trkpt lat="-22.966039516031742" lon="16.474913908168674">
        <ele>1615.8</ele>
        <time>2024-11-25T14:18:48Z</time>
      </trkpt>
      <trkpt lat="-22.96614546328783" lon="16.474557677283883">
        <ele>1615</ele>
        <time>2024-11-25T14:18:53Z</time>
      </trkpt>
      <trkpt lat="-22.966215535998344" lon="16.474318541586399">
        <ele>1613.2</ele>
        <time>2024-11-25T14:18:58Z</time>
      </trkpt>
      <trkpt lat="-22.966253086924553" lon="16.474192142486572">
        <ele>1611.8</ele>
        <time>2024-11-25T14:19:03Z</time>
      </trkpt>
      <trkpt lat="-22.96629055403173" lon="16.47405912168324">
        <ele>1611</ele>
        <time>2024-11-25T14:19:09Z</time>
      </trkpt>
      <trkpt lat="-22.966332128271461" lon="16.473928112536669">
        <ele>1609.4000000000001</ele>
        <time>2024-11-25T14:19:14Z</time>
      </trkpt>
      <trkpt lat="-22.966377139091492" lon="16.473792744800448">
        <ele>1607</ele>
        <time>2024-11-25T14:19:19Z</time>
      </trkpt>
      <trkpt lat="-22.966459281742573" lon="16.473509604111314">
        <ele>1604.8</ele>
        <time>2024-11-25T14:19:25Z</time>
      </trkpt>
      <trkpt lat="-22.966489288955927" lon="16.473360070958734">
        <ele>1603.5999999999999</ele>
        <time>2024-11-25T14:19:30Z</time>
      </trkpt>
      <trkpt lat="-22.966522481292486" lon="16.473038205876946">
        <ele>1600.8</ele>
        <time>2024-11-25T14:19:35Z</time>
      </trkpt>
      <trkpt lat="-22.966538742184639" lon="16.47270024754107">
        <ele>1599</ele>
        <time>2024-11-25T14:19:41Z</time>
      </trkpt>
      <trkpt lat="-22.966545028612018" lon="16.472379807382822">
        <ele>1598.5999999999999</ele>
        <time>2024-11-25T14:19:46Z</time>
      </trkpt>
      <trkpt lat="-22.96654611825943" lon="16.472235973924398">
        <ele>1598.5999999999999</ele>
        <time>2024-11-25T14:19:51Z</time>
      </trkpt>
      <trkpt lat="-22.966550979763269" lon="16.47209239192307">
        <ele>1598.5999999999999</ele>
        <time>2024-11-25T14:19:57Z</time>
      </trkpt>
      <trkpt lat="-22.966557266190648" lon="16.471954425796866">
        <ele>1598.4000000000001</ele>
        <time>2024-11-25T14:20:02Z</time>
      </trkpt>
      <trkpt lat="-22.966563468798995" lon="16.471815872937441">
        <ele>1598.4000000000001</ele>
        <time>2024-11-25T14:20:07Z</time>
      </trkpt>
      <trkpt lat="-22.96656564809382" lon="16.471678577363491">
        <ele>1598.4000000000001</ele>
        <time>2024-11-25T14:20:13Z</time>
      </trkpt>
      <trkpt lat="-22.966547710821033" lon="16.471380768343806">
        <ele>1597.4000000000001</ele>
        <time>2024-11-25T14:20:18Z</time>
      </trkpt>
      <trkpt lat="-22.966528600081801" lon="16.471225116401911">
        <ele>1596.4000000000001</ele>
        <time>2024-11-25T14:20:23Z</time>
      </trkpt>
      <trkpt lat="-22.966502700001001" lon="16.471065608784556">
        <ele>1596</ele>
        <time>2024-11-25T14:20:29Z</time>
      </trkpt>
      <trkpt lat="-22.966473530977964" lon="16.470903167501092">
        <ele>1594.5999999999999</ele>
        <time>2024-11-25T14:20:34Z</time>
      </trkpt>
      <trkpt lat="-22.966442350298166" lon="16.470738463103771">
        <ele>1593.4000000000001</ele>
        <time>2024-11-25T14:20:39Z</time>
      </trkpt>
      <trkpt lat="-22.966380659490824" lon="16.470394302159548">
        <ele>1591.5999999999999</ele>
        <time>2024-11-25T14:20:45Z</time>
      </trkpt>
      <trkpt lat="-22.966312179341912" lon="16.470068749040365">
        <ele>1588.8</ele>
        <time>2024-11-25T14:20:50Z</time>
      </trkpt>
      <trkpt lat="-22.966287117451429" lon="16.469901949167252">
        <ele>1587.2</ele>
        <time>2024-11-25T14:20:55Z</time>
      </trkpt>
      <trkpt lat="-22.966268844902515" lon="16.469732634723186">
        <ele>1586</ele>
        <time>2024-11-25T14:21:01Z</time>
      </trkpt>
      <trkpt lat="-22.966232132166624" lon="16.469380343332887">
        <ele>1584.2</ele>
        <time>2024-11-25T14:21:06Z</time>
      </trkpt>
      <trkpt lat="-22.966216374188662" lon="16.469201305881143">
        <ele>1582.8</ele>
        <time>2024-11-25T14:21:11Z</time>
      </trkpt>
      <trkpt lat="-22.966196592897177" lon="16.469023609533906">
        <ele>1581.4000000000001</ele>
        <time>2024-11-25T14:21:17Z</time>
      </trkpt>
      <trkpt lat="-22.96614152379334" lon="16.468661678954959">
        <ele>1579.2</ele>
        <time>2024-11-25T14:21:22Z</time>
      </trkpt>
      <trkpt lat="-22.966117970645428" lon="16.468476019799709">
        <ele>1578</ele>
        <time>2024-11-25T14:21:27Z</time>
      </trkpt>
      <trkpt lat="-22.966063320636749" lon="16.468084249645472">
        <ele>1576</ele>
        <time>2024-11-25T14:21:33Z</time>
      </trkpt>
      <trkpt lat="-22.966002216562629" lon="16.467682756483555">
        <ele>1574</ele>
        <time>2024-11-25T14:21:38Z</time>
      </trkpt>
      <trkpt lat="-22.965938095003366" lon="16.467275647446513">
        <ele>1571.8</ele>
        <time>2024-11-25T14:21:43Z</time>
      </trkpt>
      <trkpt lat="-22.965876488015056" lon="16.466867281123996">
        <ele>1569.5999999999999</ele>
        <time>2024-11-25T14:21:49Z</time>
      </trkpt>
      <trkpt lat="-22.965845055878162" lon="16.466665863990784">
        <ele>1568.2</ele>
        <time>2024-11-25T14:21:54Z</time>
      </trkpt>
      <trkpt lat="-22.965815467759967" lon="16.466478863731027">
        <ele>1567</ele>
        <time>2024-11-25T14:21:59Z</time>
      </trkpt>
      <trkpt lat="-22.96578872948885" lon="16.466295383870602">
        <ele>1565.4000000000001</ele>
        <time>2024-11-25T14:22:05Z</time>
      </trkpt>
      <trkpt lat="-22.965774144977331" lon="16.466113915666938">
        <ele>1564.2</ele>
        <time>2024-11-25T14:22:10Z</time>
      </trkpt>
      <trkpt lat="-22.965778671205044" lon="16.465930351987481">
        <ele>1563.4000000000001</ele>
        <time>2024-11-25T14:22:15Z</time>
      </trkpt>
      <trkpt lat="-22.965800883248448" lon="16.465755002573133">
        <ele>1562.5999999999999</ele>
        <time>2024-11-25T14:22:21Z</time>
      </trkpt>
      <trkpt lat="-22.965839523822069" lon="16.465586274862289">
        <ele>1561.4000000000001</ele>
        <time>2024-11-25T14:22:26Z</time>
      </trkpt>
      <trkpt lat="-22.965898280963302" lon="16.465430287644267">
        <ele>1560</ele>
        <time>2024-11-25T14:22:32Z</time>
      </trkpt>
      <trkpt lat="-22.965970952063799" lon="16.465283185243607">
        <ele>1559.5999999999999</ele>
        <time>2024-11-25T14:22:37Z</time>
      </trkpt>
      <trkpt lat="-22.966053513810039" lon="16.465150248259306">
        <ele>1558.2</ele>
        <time>2024-11-25T14:22:42Z</time>
      </trkpt>
      <trkpt lat="-22.966145128011703" lon="16.465020831674337">
        <ele>1557.5999999999999</ele>
        <time>2024-11-25T14:22:48Z</time>
      </trkpt>
      <trkpt lat="-22.966235736384988" lon="16.464890241622925">
        <ele>1556.4000000000001</ele>
        <time>2024-11-25T14:22:53Z</time>
      </trkpt>
      <trkpt lat="-22.966423407196999" lon="16.464609699323773">
        <ele>1554.5999999999999</ele>
        <time>2024-11-25T14:22:58Z</time>
      </trkpt>
      <trkpt lat="-22.966513931751251" lon="16.464456981047988">
        <ele>1553</ele>
        <time>2024-11-25T14:23:04Z</time>
      </trkpt>
      <trkpt lat="-22.966606132686138" lon="16.464295797049999">
        <ele>1551.5999999999999</ele>
        <time>2024-11-25T14:23:09Z</time>
      </trkpt>
      <trkpt lat="-22.966703027486801" lon="16.464129583910108">
        <ele>1550.5999999999999</ele>
        <time>2024-11-25T14:23:15Z</time>
      </trkpt>
      <trkpt lat="-22.967019444331527" lon="16.46363278850913">
        <ele>1549.5999999999999</ele>
        <time>2024-11-25T14:23:20Z</time>
      </trkpt>
      <trkpt lat="-22.967140981927514" lon="16.463491218164563">
        <ele>1549</ele>
        <time>2024-11-25T14:23:25Z</time>
      </trkpt>
      <trkpt lat="-22.967264028266072" lon="16.463361298665404">
        <ele>1548.8</ele>
        <time>2024-11-25T14:23:31Z</time>
      </trkpt>
      <trkpt lat="-22.967380452901125" lon="16.463249567896128">
        <ele>1547.5999999999999</ele>
        <time>2024-11-25T14:23:36Z</time>
      </trkpt>
      <trkpt lat="-22.967495871707797" lon="16.463154181838036">
        <ele>1546.4000000000001</ele>
        <time>2024-11-25T14:23:41Z</time>
      </trkpt>
      <trkpt lat="-22.967614056542516" lon="16.46306499838829">
        <ele>1545.2</ele>
        <time>2024-11-25T14:23:47Z</time>
      </trkpt>
      <trkpt lat="-22.967728218063712" lon="16.462976569309831">
        <ele>1544.8</ele>
        <time>2024-11-25T14:23:52Z</time>
      </trkpt>
      <trkpt lat="-22.967827878892422" lon="16.462890654802322">
        <ele>1544.2</ele>
        <time>2024-11-25T14:23:58Z</time>
      </trkpt>
      <trkpt lat="-22.967921001836658" lon="16.462793005630374">
        <ele>1541.5999999999999</ele>
        <time>2024-11-25T14:24:03Z</time>
      </trkpt>
      <trkpt lat="-22.968000462278724" lon="16.462685549631715">
        <ele>1540</ele>
        <time>2024-11-25T14:24:08Z</time>
      </trkpt>
      <trkpt lat="-22.96805645339191" lon="16.462574489414692">
        <ele>1539</ele>
        <time>2024-11-25T14:24:14Z</time>
      </trkpt>
      <trkpt lat="-22.968089478090405" lon="16.462458483874798">
        <ele>1537.8</ele>
        <time>2024-11-25T14:24:19Z</time>
      </trkpt>
      <trkpt lat="-22.968112779781222" lon="16.462337365373969">
        <ele>1537</ele>
        <time>2024-11-25T14:24:25Z</time>
      </trkpt>
      <trkpt lat="-22.968133985996246" lon="16.462208367884159">
        <ele>1536.4000000000001</ele>
        <time>2024-11-25T14:24:30Z</time>
      </trkpt>
      <trkpt lat="-22.968154940754175" lon="16.462082304060459">
        <ele>1535.5999999999999</ele>
        <time>2024-11-25T14:24:35Z</time>
      </trkpt>
      <trkpt lat="-22.968189222738147" lon="16.461957413703203">
        <ele>1534.8</ele>
        <time>2024-11-25T14:24:41Z</time>
      </trkpt>
      <trkpt lat="-22.968254433944821" lon="16.461720960214734">
        <ele>1533</ele>
        <time>2024-11-25T14:24:46Z</time>
      </trkpt>
      <trkpt lat="-22.968284608796239" lon="16.461604703217745">
        <ele>1531</ele>
        <time>2024-11-25T14:24:52Z</time>
      </trkpt>
      <trkpt lat="-22.968317801132798" lon="16.461494062095881">
        <ele>1529.8</ele>
        <time>2024-11-25T14:24:57Z</time>
      </trkpt>
      <trkpt lat="-22.968345293775201" lon="16.461393646895885">
        <ele>1527.8</ele>
        <time>2024-11-25T14:25:02Z</time>
      </trkpt>
      <trkpt lat="-22.968374965712428" lon="16.461300356313586">
        <ele>1526</ele>
        <time>2024-11-25T14:25:08Z</time>
      </trkpt>
      <trkpt lat="-22.968406649306417" lon="16.461217207834125">
        <ele>1523.2</ele>
        <time>2024-11-25T14:25:13Z</time>
      </trkpt>
      <trkpt lat="-22.968444619327784" lon="16.461144704371691">
        <ele>1521.8</ele>
        <time>2024-11-25T14:25:19Z</time>
      </trkpt>
      <trkpt lat="-22.968481499701738" lon="16.461065579205751">
        <ele>1520.5999999999999</ele>
        <time>2024-11-25T14:25:24Z</time>
      </trkpt>
      <trkpt lat="-22.968562636524439" lon="16.46086860448122">
        <ele>1518.4000000000001</ele>
        <time>2024-11-25T14:25:29Z</time>
      </trkpt>
      <trkpt lat="-22.968604378402233" lon="16.460749749094248">
        <ele>1517.5999999999999</ele>
        <time>2024-11-25T14:25:35Z</time>
      </trkpt>
      <trkpt lat="-22.968650311231613" lon="16.46061890758574">
        <ele>1516.2</ele>
        <time>2024-11-25T14:25:40Z</time>
      </trkpt>
      <trkpt lat="-22.968760617077351" lon="16.460330570116639">
        <ele>1514.4000000000001</ele>
        <time>2024-11-25T14:25:46Z</time>
      </trkpt>
      <trkpt lat="-22.968814764171839" lon="16.460182294249535">
        <ele>1513.5999999999999</ele>
        <time>2024-11-25T14:25:51Z</time>
      </trkpt>
      <trkpt lat="-22.968863882124424" lon="16.460038376972079">
        <ele>1512.4000000000001</ele>
        <time>2024-11-25T14:25:56Z</time>
      </trkpt>
      <trkpt lat="-22.968911742791533" lon="16.459899740293622">
        <ele>1511.8</ele>
        <time>2024-11-25T14:26:02Z</time>
      </trkpt>
      <trkpt lat="-22.96895993873477" lon="16.45976185798645">
        <ele>1510.2</ele>
        <time>2024-11-25T14:26:07Z</time>
      </trkpt>
      <trkpt lat="-22.969011990353465" lon="16.459623640403152">
        <ele>1509.4000000000001</ele>
        <time>2024-11-25T14:26:13Z</time>
      </trkpt>
      <trkpt lat="-22.9690654668957" lon="16.459482153877616">
        <ele>1508</ele>
        <time>2024-11-25T14:26:18Z</time>
      </trkpt>
      <trkpt lat="-22.969125397503376" lon="16.459344271570444">
        <ele>1506.8</ele>
        <time>2024-11-25T14:26:23Z</time>
      </trkpt>
      <trkpt lat="-22.969193542376161" lon="16.459210999310017">
        <ele>1505</ele>
        <time>2024-11-25T14:26:29Z</time>
      </trkpt>
      <trkpt lat="-22.969272918999195" lon="16.459083594381809">
        <ele>1502.8</ele>
        <time>2024-11-25T14:26:34Z</time>
      </trkpt>
      <trkpt lat="-22.969366880133748" lon="16.458957195281982">
        <ele>1501.2</ele>
        <time>2024-11-25T14:26:40Z</time>
      </trkpt>
      <trkpt lat="-22.969466792419553" lon="16.458823420107365">
        <ele>1498.4000000000001</ele>
        <time>2024-11-25T14:26:45Z</time>
      </trkpt>
      <trkpt lat="-22.969560502097011" lon="16.458684615790844">
        <ele>1496.2</ele>
        <time>2024-11-25T14:26:50Z</time>
      </trkpt>
      <trkpt lat="-22.969640381634235" lon="16.45854564383626">
        <ele>1494.8</ele>
        <time>2024-11-25T14:26:56Z</time>
      </trkpt>
      <trkpt lat="-22.969706514850259" lon="16.458419496193528">
        <ele>1493.8</ele>
        <time>2024-11-25T14:27:01Z</time>
      </trkpt>
      <trkpt lat="-22.969764014706016" lon="16.458300389349461">
        <ele>1492.5999999999999</ele>
        <time>2024-11-25T14:27:07Z</time>
      </trkpt>
      <trkpt lat="-22.969810450449586" lon="16.458171727135777">
        <ele>1492.5999999999999</ele>
        <time>2024-11-25T14:27:12Z</time>
      </trkpt>
      <trkpt lat="-22.969843810424209" lon="16.45802965387702">
        <ele>1492.2</ele>
        <time>2024-11-25T14:27:18Z</time>
      </trkpt>
      <trkpt lat="-22.969861244782805" lon="16.457886910066009">
        <ele>1491.8</ele>
        <time>2024-11-25T14:27:23Z</time>
      </trkpt>
      <trkpt lat="-22.969879936426878" lon="16.457738382741809">
        <ele>1491.5999999999999</ele>
        <time>2024-11-25T14:27:28Z</time>
      </trkpt>
      <trkpt lat="-22.969989655539393" lon="16.457107979804277">
        <ele>1491.2</ele>
        <time>2024-11-25T14:27:34Z</time>
      </trkpt>
      <trkpt lat="-22.970078838989139" lon="16.45662291906774">
        <ele>1490</ele>
        <time>2024-11-25T14:27:39Z</time>
      </trkpt>
      <trkpt lat="-22.970107672736049" lon="16.456476068124175">
        <ele>1489.4000000000001</ele>
        <time>2024-11-25T14:27:45Z</time>
      </trkpt>
      <trkpt lat="-22.970140865072608" lon="16.456331647932529">
        <ele>1488.2</ele>
        <time>2024-11-25T14:27:50Z</time>
      </trkpt>
      <trkpt lat="-22.970175482332706" lon="16.45618312060833">
        <ele>1487</ele>
        <time>2024-11-25T14:27:56Z</time>
      </trkpt>
      <trkpt lat="-22.970208507031202" lon="16.456036437302828">
        <ele>1485.2</ele>
        <time>2024-11-25T14:28:01Z</time>
      </trkpt>
      <trkpt lat="-22.970242537558079" lon="16.455887574702501">
        <ele>1483.8</ele>
        <time>2024-11-25T14:28:06Z</time>
      </trkpt>
      <trkpt lat="-22.970278076827526" lon="16.455730246379972">
        <ele>1481.8</ele>
        <time>2024-11-25T14:28:12Z</time>
      </trkpt>
      <trkpt lat="-22.97031587921083" lon="16.455568391829729">
        <ele>1480.2</ele>
        <time>2024-11-25T14:28:17Z</time>
      </trkpt>
      <trkpt lat="-22.970357118174434" lon="16.455401256680489">
        <ele>1478.2</ele>
        <time>2024-11-25T14:28:23Z</time>
      </trkpt>
      <trkpt lat="-22.970398524776101" lon="16.455229260027409">
        <ele>1476</ele>
        <time>2024-11-25T14:28:28Z</time>
      </trkpt>
      <trkpt lat="-22.970435069873929" lon="16.455060364678502">
        <ele>1473.8</ele>
        <time>2024-11-25T14:28:34Z</time>
      </trkpt>
      <trkpt lat="-22.970466082915664" lon="16.454895744100213">
        <ele>1471.5999999999999</ele>
        <time>2024-11-25T14:28:39Z</time>
      </trkpt>
      <trkpt lat="-22.970489971339703" lon="16.454743025824428">
        <ele>1470</ele>
        <time>2024-11-25T14:28:44Z</time>
      </trkpt>
      <trkpt lat="-22.970507321879268" lon="16.454602377489209">
        <ele>1468.4000000000001</ele>
        <time>2024-11-25T14:28:50Z</time>
      </trkpt>
      <trkpt lat="-22.970520565286279" lon="16.45447782240808">
        <ele>1467.5999999999999</ele>
        <time>2024-11-25T14:28:55Z</time>
      </trkpt>
      <trkpt lat="-22.970523918047547" lon="16.454369276762009">
        <ele>1467.2</ele>
        <time>2024-11-25T14:29:01Z</time>
      </trkpt>
      <trkpt lat="-22.970526348799467" lon="16.454264502972364">
        <ele>1467.2</ele>
        <time>2024-11-25T14:29:06Z</time>
      </trkpt>
      <trkpt lat="-22.970529533922672" lon="16.454161154106259">
        <ele>1467.2</ele>
        <time>2024-11-25T14:29:12Z</time>
      </trkpt>
      <trkpt lat="-22.970534060150385" lon="16.454052021726966">
        <ele>1467.4000000000001</ele>
        <time>2024-11-25T14:29:17Z</time>
      </trkpt>
      <trkpt lat="-22.970538670197129" lon="16.453826883807778">
        <ele>1468.5999999999999</ele>
        <time>2024-11-25T14:29:23Z</time>
      </trkpt>
      <trkpt lat="-22.970560379326344" lon="16.453578947111964">
        <ele>1470.4000000000001</ele>
        <time>2024-11-25T14:29:28Z</time>
      </trkpt>
      <trkpt lat="-22.970602540299296" lon="16.453309804201126">
        <ele>1471.8</ele>
        <time>2024-11-25T14:29:33Z</time>
      </trkpt>
      <trkpt lat="-22.970687868073583" lon="16.453030100092292">
        <ele>1473.2</ele>
        <time>2024-11-25T14:29:39Z</time>
      </trkpt>
      <trkpt lat="-22.970751486718655" lon="16.45290688611567">
        <ele>1473.5999999999999</ele>
        <time>2024-11-25T14:29:44Z</time>
      </trkpt>
      <trkpt lat="-22.970836227759719" lon="16.452802950516343">
        <ele>1474</ele>
        <time>2024-11-25T14:29:50Z</time>
      </trkpt>
      <trkpt lat="-22.970940330997109" lon="16.452721897512674">
        <ele>1474.2</ele>
        <time>2024-11-25T14:29:55Z</time>
      </trkpt>
      <trkpt lat="-22.971056923270226" lon="16.452647298574448">
        <ele>1474.8</ele>
        <time>2024-11-25T14:30:01Z</time>
      </trkpt>
      <trkpt lat="-22.97118516638875" lon="16.452579908072948">
        <ele>1474.8</ele>
        <time>2024-11-25T14:30:06Z</time>
      </trkpt>
      <trkpt lat="-22.971309972926974" lon="16.452517211437225">
        <ele>1474.8</ele>
        <time>2024-11-25T14:30:12Z</time>
      </trkpt>
      <trkpt lat="-22.971438718959689" lon="16.452445797622204">
        <ele>1474.8</ele>
        <time>2024-11-25T14:30:17Z</time>
      </trkpt>
      <trkpt lat="-22.971685230731964" lon="16.452317135408521">
        <ele>1473.4000000000001</ele>
        <time>2024-11-25T14:30:23Z</time>
      </trkpt>
      <trkpt lat="-22.971803834661841" lon="16.452260641381145">
        <ele>1471.4000000000001</ele>
        <time>2024-11-25T14:30:28Z</time>
      </trkpt>
      <trkpt lat="-22.971931407228112" lon="16.452211355790496">
        <ele>1469.5999999999999</ele>
        <time>2024-11-25T14:30:33Z</time>
      </trkpt>
      <trkpt lat="-22.972068870440125" lon="16.452163327485323">
        <ele>1467.8</ele>
        <time>2024-11-25T14:30:39Z</time>
      </trkpt>
      <trkpt lat="-22.972351759672165" lon="16.45205520093441">
        <ele>1464.8</ele>
        <time>2024-11-25T14:30:44Z</time>
      </trkpt>
      <trkpt lat="-22.972481176257133" lon="16.451978171244264">
        <ele>1463.2</ele>
        <time>2024-11-25T14:30:50Z</time>
      </trkpt>
      <trkpt lat="-22.972585614770651" lon="16.451878845691681">
        <ele>1462</ele>
        <time>2024-11-25T14:30:55Z</time>
      </trkpt>
      <trkpt lat="-22.972661470994353" lon="16.45176250487566">
        <ele>1460.4000000000001</ele>
        <time>2024-11-25T14:31:01Z</time>
      </trkpt>
      <trkpt lat="-22.972709583118558" lon="16.451639207080007">
        <ele>1460.2</ele>
        <time>2024-11-25T14:31:06Z</time>
      </trkpt>
      <trkpt lat="-22.972762137651443" lon="16.451524207368493">
        <ele>1460</ele>
        <time>2024-11-25T14:31:12Z</time>
      </trkpt>
      <trkpt lat="-22.972835144028068" lon="16.451421361416578">
        <ele>1460</ele>
        <time>2024-11-25T14:31:17Z</time>
      </trkpt>
      <trkpt lat="-22.972922315821052" lon="16.451312145218253">
        <ele>1460</ele>
        <time>2024-11-25T14:31:23Z</time>
      </trkpt>
      <trkpt lat="-22.973177544772625" lon="16.450974438339472">
        <ele>1459.4000000000001</ele>
        <time>2024-11-25T14:31:28Z</time>
      </trkpt>
      <trkpt lat="-22.973246527835727" lon="16.450843513011932">
        <ele>1458</ele>
        <time>2024-11-25T14:31:34Z</time>
      </trkpt>
      <trkpt lat="-22.973335543647408" lon="16.450557438656688">
        <ele>1458</ele>
        <time>2024-11-25T14:31:39Z</time>
      </trkpt>
      <trkpt lat="-22.97348951920867" lon="16.450118729844689">
        <ele>1460.2</ele>
        <time>2024-11-25T14:31:45Z</time>
      </trkpt>
      <trkpt lat="-22.973593287169933" lon="16.449867188930511">
        <ele>1461</ele>
        <time>2024-11-25T14:31:50Z</time>
      </trkpt>
      <trkpt lat="-22.973655983805656" lon="16.449747998267412">
        <ele>1461</ele>
        <time>2024-11-25T14:31:56Z</time>
      </trkpt>
      <trkpt lat="-22.97372848726809" lon="16.44962377846241">
        <ele>1461</ele>
        <time>2024-11-25T14:32:01Z</time>
      </trkpt>
      <trkpt lat="-22.973874500021338" lon="16.449332758784294">
        <ele>1460.2</ele>
        <time>2024-11-25T14:32:07Z</time>
      </trkpt>
      <trkpt lat="-22.973952032625675" lon="16.449170401319861">
        <ele>1459</ele>
        <time>2024-11-25T14:32:12Z</time>
      </trkpt>
      <trkpt lat="-22.974020009860396" lon="16.448983736336231">
        <ele>1456.4000000000001</ele>
        <time>2024-11-25T14:32:18Z</time>
      </trkpt>
      <trkpt lat="-22.974070804193616" lon="16.448787348344922">
        <ele>1454.8</ele>
        <time>2024-11-25T14:32:23Z</time>
      </trkpt>
      <trkpt lat="-22.974108690395951" lon="16.448575956746936">
        <ele>1453.2</ele>
        <time>2024-11-25T14:32:28Z</time>
      </trkpt>
      <trkpt lat="-22.974170967936516" lon="16.448129788041115">
        <ele>1452.2</ele>
        <time>2024-11-25T14:32:34Z</time>
      </trkpt>
      <trkpt lat="-22.974199214950204" lon="16.447681691497564">
        <ele>1450.4000000000001</ele>
        <time>2024-11-25T14:32:39Z</time>
      </trkpt>
      <trkpt lat="-22.974225701764226" lon="16.447251196950674">
        <ele>1449.2</ele>
        <time>2024-11-25T14:32:45Z</time>
      </trkpt>
      <trkpt lat="-22.97423760406673" lon="16.447044163942337">
        <ele>1449</ele>
        <time>2024-11-25T14:32:50Z</time>
      </trkpt>
      <trkpt lat="-22.974250512197614" lon="16.44684350118041">
        <ele>1448.8</ele>
        <time>2024-11-25T14:32:56Z</time>
      </trkpt>
      <trkpt lat="-22.974260151386261" lon="16.446653567254543">
        <ele>1448.5999999999999</ele>
        <time>2024-11-25T14:33:01Z</time>
      </trkpt>
      <trkpt lat="-22.974255876615644" lon="16.446473943069577">
        <ele>1448.5999999999999</ele>
        <time>2024-11-25T14:33:07Z</time>
      </trkpt>
      <trkpt lat="-22.974225282669067" lon="16.446300270035863">
        <ele>1448.4000000000001</ele>
        <time>2024-11-25T14:33:12Z</time>
      </trkpt>
      <trkpt lat="-22.974178679287434" lon="16.446130201220512">
        <ele>1448.2</ele>
        <time>2024-11-25T14:33:18Z</time>
      </trkpt>
      <trkpt lat="-22.974119251593947" lon="16.445958623662591">
        <ele>1447.8</ele>
        <time>2024-11-25T14:33:24Z</time>
      </trkpt>
      <trkpt lat="-22.973861256614327" lon="16.445287987589836">
        <ele>1447.4000000000001</ele>
        <time>2024-11-25T14:33:29Z</time>
      </trkpt>
      <trkpt lat="-22.973800990730524" lon="16.445130072534084">
        <ele>1447.4000000000001</ele>
        <time>2024-11-25T14:33:35Z</time>
      </trkpt>
      <trkpt lat="-22.973750028759241" lon="16.444971989840269">
        <ele>1447</ele>
        <time>2024-11-25T14:33:40Z</time>
      </trkpt>
      <trkpt lat="-22.973711220547557" lon="16.444817511364818">
        <ele>1446.2</ele>
        <time>2024-11-25T14:33:46Z</time>
      </trkpt>
      <trkpt lat="-22.973687499761581" lon="16.44466370344162">
        <ele>1445.4000000000001</ele>
        <time>2024-11-25T14:33:51Z</time>
      </trkpt>
      <trkpt lat="-22.973677692934871" lon="16.444517523050308">
        <ele>1444.5999999999999</ele>
        <time>2024-11-25T14:33:57Z</time>
      </trkpt>
      <trkpt lat="-22.973683392629027" lon="16.444375952705741">
        <ele>1443.8</ele>
        <time>2024-11-25T14:34:02Z</time>
      </trkpt>
      <trkpt lat="-22.97370309010148" lon="16.444237651303411">
        <ele>1443</ele>
        <time>2024-11-25T14:34:08Z</time>
      </trkpt>
      <trkpt lat="-22.973739132285118" lon="16.444101445376873">
        <ele>1441.2</ele>
        <time>2024-11-25T14:34:13Z</time>
      </trkpt>
      <trkpt lat="-22.97377391718328" lon="16.443962473422289">
        <ele>1439.8</ele>
        <time>2024-11-25T14:34:19Z</time>
      </trkpt>
      <trkpt lat="-22.973801661282778" lon="16.443828111514449">
        <ele>1438.4000000000001</ele>
        <time>2024-11-25T14:34:24Z</time>
      </trkpt>
      <trkpt lat="-22.973813312128186" lon="16.443703975528479">
        <ele>1437.4000000000001</ele>
        <time>2024-11-25T14:34:30Z</time>
      </trkpt>
      <trkpt lat="-22.973810043185949" lon="16.443591490387917">
        <ele>1435.5999999999999</ele>
        <time>2024-11-25T14:34:35Z</time>
      </trkpt>
      <trkpt lat="-22.973799565806985" lon="16.443486800417304">
        <ele>1434</ele>
        <time>2024-11-25T14:34:41Z</time>
      </trkpt>
      <trkpt lat="-22.973785819485784" lon="16.443394850939512">
        <ele>1433.2</ele>
        <time>2024-11-25T14:34:46Z</time>
      </trkpt>
      <trkpt lat="-22.973772073164582" lon="16.443313295021653">
        <ele>1432.5999999999999</ele>
        <time>2024-11-25T14:34:52Z</time>
      </trkpt>
      <trkpt lat="-22.973758913576603" lon="16.443227296695113">
        <ele>1432</ele>
        <time>2024-11-25T14:34:57Z</time>
      </trkpt>
      <trkpt lat="-22.973746256902814" lon="16.443152194842696">
        <ele>1430.5999999999999</ele>
        <time>2024-11-25T14:35:03Z</time>
      </trkpt>
      <trkpt lat="-22.973735863342881" lon="16.443091090768576">
        <ele>1430</ele>
        <time>2024-11-25T14:35:08Z</time>
      </trkpt>
      <trkpt lat="-22.97373041510582" lon="16.443050773814321">
        <ele>1429.2</ele>
        <time>2024-11-25T14:35:14Z</time>
      </trkpt>
      <trkpt lat="-22.97372505068779" lon="16.443019676953554">
        <ele>1428</ele>
        <time>2024-11-25T14:35:19Z</time>
      </trkpt>
      <trkpt lat="-22.973717004060745" lon="16.443000566214323">
        <ele>1428</ele>
        <time>2024-11-25T14:35:25Z</time>
      </trkpt>
      <trkpt lat="-22.973716082051396" lon="16.442993022501469">
        <ele>1427.8</ele>
        <time>2024-11-25T14:35:30Z</time>
      </trkpt>
      <trkpt lat="-22.973646428436041" lon="16.442899899557233">
        <ele>1428.4000000000001</ele>
        <time>2024-11-25T14:35:36Z</time>
      </trkpt>
      <trkpt lat="-22.973524387925863" lon="16.442627403885126">
        <ele>1427.5999999999999</ele>
        <time>2024-11-25T14:35:42Z</time>
      </trkpt>
      <trkpt lat="-22.973487172275782" lon="16.442538220435381">
        <ele>1427</ele>
        <time>2024-11-25T14:35:47Z</time>
      </trkpt>
      <trkpt lat="-22.973412740975618" lon="16.442340742796659">
        <ele>1425.8</ele>
        <time>2024-11-25T14:35:53Z</time>
      </trkpt>
      <trkpt lat="-22.973381476476789" lon="16.442239657044411">
        <ele>1425.2</ele>
        <time>2024-11-25T14:35:58Z</time>
      </trkpt>
      <trkpt lat="-22.973350798711181" lon="16.442131781950593">
        <ele>1424</ele>
        <time>2024-11-25T14:36:04Z</time>
      </trkpt>
      <trkpt lat="-22.973287515342236" lon="16.441909996792674">
        <ele>1422.5999999999999</ele>
        <time>2024-11-25T14:36:09Z</time>
      </trkpt>
      <trkpt lat="-22.973222136497498" lon="16.441692737862468">
        <ele>1421.2</ele>
        <time>2024-11-25T14:36:15Z</time>
      </trkpt>
      <trkpt lat="-22.973174946382642" lon="16.441594669595361">
        <ele>1420</ele>
        <time>2024-11-25T14:36:20Z</time>
      </trkpt>
      <trkpt lat="-22.973113842308521" lon="16.441506240516901">
        <ele>1419</ele>
        <time>2024-11-25T14:36:26Z</time>
      </trkpt>
      <trkpt lat="-22.973039578646421" lon="16.44142703153193">
        <ele>1418.2</ele>
        <time>2024-11-25T14:36:31Z</time>
      </trkpt>
      <trkpt lat="-22.972951987758279" lon="16.441361485049129">
        <ele>1416.8</ele>
        <time>2024-11-25T14:36:37Z</time>
      </trkpt>
      <trkpt lat="-22.972850818186998" lon="16.441311445087194">
        <ele>1415.4000000000001</ele>
        <time>2024-11-25T14:36:42Z</time>
      </trkpt>
      <trkpt lat="-22.97275367192924" lon="16.441266937181354">
        <ele>1414.4000000000001</ele>
        <time>2024-11-25T14:36:48Z</time>
      </trkpt>
      <trkpt lat="-22.972666416317225" lon="16.441209353506565">
        <ele>1413.4000000000001</ele>
        <time>2024-11-25T14:36:54Z</time>
      </trkpt>
      <trkpt lat="-22.972598690539598" lon="16.441132239997387">
        <ele>1412.5999999999999</ele>
        <time>2024-11-25T14:36:59Z</time>
      </trkpt>
      <trkpt lat="-22.972552422434092" lon="16.441042805090547">
        <ele>1411</ele>
        <time>2024-11-25T14:37:05Z</time>
      </trkpt>
      <trkpt lat="-22.972527276724577" lon="16.440948257222772">
        <ele>1410.4000000000001</ele>
        <time>2024-11-25T14:37:10Z</time>
      </trkpt>
      <trkpt lat="-22.972524175420403" lon="16.440849686041474">
        <ele>1410</ele>
        <time>2024-11-25T14:37:16Z</time>
      </trkpt>
      <trkpt lat="-22.972537502646446" lon="16.440753042697906">
        <ele>1409.4000000000001</ele>
        <time>2024-11-25T14:37:21Z</time>
      </trkpt>
      <trkpt lat="-22.972566839307547" lon="16.440657237544656">
        <ele>1408.4000000000001</ele>
        <time>2024-11-25T14:37:27Z</time>
      </trkpt>
      <trkpt lat="-22.972686616703868" lon="16.440507788211107">
        <ele>1407.4000000000001</ele>
        <time>2024-11-25T14:37:32Z</time>
      </trkpt>
      <trkpt lat="-22.972768256440759" lon="16.440463867038488">
        <ele>1406.2</ele>
        <time>2024-11-25T14:37:38Z</time>
      </trkpt>
      <trkpt lat="-22.972853584215045" lon="16.440429165959358">
        <ele>1405.4000000000001</ele>
        <time>2024-11-25T14:37:43Z</time>
      </trkpt>
      <trkpt lat="-22.972929440438747" lon="16.440395386889577">
        <ele>1404.2</ele>
        <time>2024-11-25T14:37:49Z</time>
      </trkpt>
      <trkpt lat="-22.973002279177308" lon="16.440356159582734">
        <ele>1402.4000000000001</ele>
        <time>2024-11-25T14:37:55Z</time>
      </trkpt>
      <trkpt lat="-22.973076878115535" lon="16.440305113792419">
        <ele>1401.4000000000001</ele>
        <time>2024-11-25T14:38:00Z</time>
      </trkpt>
      <trkpt lat="-22.973145190626383" lon="16.440230347216129">
        <ele>1400.2</ele>
        <time>2024-11-25T14:38:06Z</time>
      </trkpt>
      <trkpt lat="-22.973203109577298" lon="16.440130351111293">
        <ele>1399.4000000000001</ele>
        <time>2024-11-25T14:38:11Z</time>
      </trkpt>
      <trkpt lat="-22.973248455673456" lon="16.440015602856874">
        <ele>1398.2</ele>
        <time>2024-11-25T14:38:17Z</time>
      </trkpt>
      <trkpt lat="-22.97329262830317" lon="16.439895322546363">
        <ele>1397.4000000000001</ele>
        <time>2024-11-25T14:38:22Z</time>
      </trkpt>
      <trkpt lat="-22.973354235291481" lon="16.439782250672579">
        <ele>1396.2</ele>
        <time>2024-11-25T14:38:28Z</time>
      </trkpt>
      <trkpt lat="-22.973537631332874" lon="16.439622323960066">
        <ele>1394</ele>
        <time>2024-11-25T14:38:33Z</time>
      </trkpt>
      <trkpt lat="-22.973656235262752" lon="16.439569182693958">
        <ele>1393.2</ele>
        <time>2024-11-25T14:38:39Z</time>
      </trkpt>
      <trkpt lat="-22.973779700696468" lon="16.439525512978435">
        <ele>1392.4000000000001</ele>
        <time>2024-11-25T14:38:44Z</time>
      </trkpt>
      <trkpt lat="-22.973911967128515" lon="16.439495841041207">
        <ele>1391.5999999999999</ele>
        <time>2024-11-25T14:38:50Z</time>
      </trkpt>
      <trkpt lat="-22.974047670140862" lon="16.439470695331693">
        <ele>1391.2</ele>
        <time>2024-11-25T14:38:56Z</time>
      </trkpt>
      <trkpt lat="-22.974331062287092" lon="16.439421996474266">
        <ele>1390</ele>
        <time>2024-11-25T14:39:01Z</time>
      </trkpt>
      <trkpt lat="-22.974473973736167" lon="16.439400287345052">
        <ele>1388.4000000000001</ele>
        <time>2024-11-25T14:39:07Z</time>
      </trkpt>
      <trkpt lat="-22.974764155223966" lon="16.439349073916674">
        <ele>1386.5999999999999</ele>
        <time>2024-11-25T14:39:12Z</time>
      </trkpt>
      <trkpt lat="-22.975050900131464" lon="16.439311187714338">
        <ele>1384.5999999999999</ele>
        <time>2024-11-25T14:39:18Z</time>
      </trkpt>
      <trkpt lat="-22.975191380828619" lon="16.43930054269731">
        <ele>1383.5999999999999</ele>
        <time>2024-11-25T14:39:23Z</time>
      </trkpt>
      <trkpt lat="-22.975325994193554" lon="16.439282018691301">
        <ele>1383</ele>
        <time>2024-11-25T14:39:29Z</time>
      </trkpt>
      <trkpt lat="-22.975457170978189" lon="16.439255028963089">
        <ele>1382.4000000000001</ele>
        <time>2024-11-25T14:39:35Z</time>
      </trkpt>
      <trkpt lat="-22.97558331862092" lon="16.439226195216179">
        <ele>1381.4000000000001</ele>
        <time>2024-11-25T14:39:40Z</time>
      </trkpt>
      <trkpt lat="-22.975704437121749" lon="16.439197445288301">
        <ele>1380.5999999999999</ele>
        <time>2024-11-25T14:39:46Z</time>
      </trkpt>
      <trkpt lat="-22.975820358842611" lon="16.439160062000155">
        <ele>1378.8</ele>
        <time>2024-11-25T14:39:51Z</time>
      </trkpt>
      <trkpt lat="-22.97592781484127" lon="16.439108680933714">
        <ele>1378.4000000000001</ele>
        <time>2024-11-25T14:39:57Z</time>
      </trkpt>
      <trkpt lat="-22.976025799289346" lon="16.43904791213572">
        <ele>1377.5999999999999</ele>
        <time>2024-11-25T14:40:02Z</time>
      </trkpt>
      <trkpt lat="-22.976111546158791" lon="16.438975660130382">
        <ele>1376.4000000000001</ele>
        <time>2024-11-25T14:40:08Z</time>
      </trkpt>
      <trkpt lat="-22.976187653839588" lon="16.438895361497998">
        <ele>1375.5999999999999</ele>
        <time>2024-11-25T14:40:14Z</time>
      </trkpt>
      <trkpt lat="-22.976256469264627" lon="16.438803831115365">
        <ele>1374.4000000000001</ele>
        <time>2024-11-25T14:40:19Z</time>
      </trkpt>
      <trkpt lat="-22.976319082081318" lon="16.438707858324051">
        <ele>1373.5999999999999</ele>
        <time>2024-11-25T14:40:25Z</time>
      </trkpt>
      <trkpt lat="-22.976387562230229" lon="16.438615741208196">
        <ele>1372.2</ele>
        <time>2024-11-25T14:40:30Z</time>
      </trkpt>
      <trkpt lat="-22.976453276351094" lon="16.438529994338751">
        <ele>1371</ele>
        <time>2024-11-25T14:40:36Z</time>
      </trkpt>
      <trkpt lat="-22.976515386253595" lon="16.438443996012211">
        <ele>1370</ele>
        <time>2024-11-25T14:40:41Z</time>
      </trkpt>
      <trkpt lat="-22.976561738178134" lon="16.438345843926072">
        <ele>1369</ele>
        <time>2024-11-25T14:40:47Z</time>
      </trkpt>
      <trkpt lat="-22.976595517247915" lon="16.43824215978384">
        <ele>1367.8</ele>
        <time>2024-11-25T14:40:53Z</time>
      </trkpt>
      <trkpt lat="-22.976612700149417" lon="16.438132440671325">
        <ele>1367</ele>
        <time>2024-11-25T14:40:58Z</time>
      </trkpt>
      <trkpt lat="-22.976619154214859" lon="16.438015680760145">
        <ele>1366</ele>
        <time>2024-11-25T14:41:04Z</time>
      </trkpt>
      <trkpt lat="-22.976622004061937" lon="16.437891125679016">
        <ele>1365.4000000000001</ele>
        <time>2024-11-25T14:41:09Z</time>
      </trkpt>
      <trkpt lat="-22.976623428985476" lon="16.437761122360826">
        <ele>1364.4000000000001</ele>
        <time>2024-11-25T14:41:15Z</time>
      </trkpt>
      <trkpt lat="-22.976623428985476" lon="16.437631957232952">
        <ele>1363</ele>
        <time>2024-11-25T14:41:20Z</time>
      </trkpt>
      <trkpt lat="-22.976612197235227" lon="16.437501786276698">
        <ele>1362</ele>
        <time>2024-11-25T14:41:26Z</time>
      </trkpt>
      <trkpt lat="-22.97658353112638" lon="16.437374129891396">
        <ele>1360.8</ele>
        <time>2024-11-25T14:41:32Z</time>
      </trkpt>
      <trkpt lat="-22.97654589638114" lon="16.437251083552837">
        <ele>1359.4000000000001</ele>
        <time>2024-11-25T14:41:37Z</time>
      </trkpt>
      <trkpt lat="-22.976498287171125" lon="16.437133401632309">
        <ele>1358.4000000000001</ele>
        <time>2024-11-25T14:41:43Z</time>
      </trkpt>
      <trkpt lat="-22.976437518373132" lon="16.437027957290411">
        <ele>1357.4000000000001</ele>
        <time>2024-11-25T14:41:48Z</time>
      </trkpt>
      <trkpt lat="-22.97636803239584" lon="16.436938438564539">
        <ele>1356.2</ele>
        <time>2024-11-25T14:41:54Z</time>
      </trkpt>
      <trkpt lat="-22.976295277476311" lon="16.436863588169217">
        <ele>1355.4000000000001</ele>
        <time>2024-11-25T14:42:00Z</time>
      </trkpt>
      <trkpt lat="-22.976225959137082" lon="16.436791671440005">
        <ele>1354</ele>
        <time>2024-11-25T14:42:05Z</time>
      </trkpt>
      <trkpt lat="-22.976151024922729" lon="16.436706930398941">
        <ele>1352.8</ele>
        <time>2024-11-25T14:42:11Z</time>
      </trkpt>
      <trkpt lat="-22.976087406277657" lon="16.436608107760549">
        <ele>1351.8</ele>
        <time>2024-11-25T14:42:16Z</time>
      </trkpt>
      <trkpt lat="-22.975972825661302" lon="16.436390345916152">
        <ele>1350.2</ele>
        <time>2024-11-25T14:42:22Z</time>
      </trkpt>
      <trkpt lat="-22.97591021284461" lon="16.436284817755222">
        <ele>1348.8</ele>
        <time>2024-11-25T14:42:28Z</time>
      </trkpt>
      <trkpt lat="-22.975846929475665" lon="16.436186078935862">
        <ele>1347.4000000000001</ele>
        <time>2024-11-25T14:42:33Z</time>
      </trkpt>
      <trkpt lat="-22.975790938362479" lon="16.436095973476768">
        <ele>1346.2</ele>
        <time>2024-11-25T14:42:39Z</time>
      </trkpt>
      <trkpt lat="-22.975761014968157" lon="16.436000419780612">
        <ele>1344.5999999999999</ele>
        <time>2024-11-25T14:42:44Z</time>
      </trkpt>
      <trkpt lat="-22.975753387436271" lon="16.435892377048731">
        <ele>1343.5999999999999</ele>
        <time>2024-11-25T14:42:50Z</time>
      </trkpt>
      <trkpt lat="-22.975757997483015" lon="16.435785507783294">
        <ele>1343</ele>
        <time>2024-11-25T14:42:55Z</time>
      </trkpt>
      <trkpt lat="-22.975771324709058" lon="16.435681572183967">
        <ele>1342.8</ele>
        <time>2024-11-25T14:43:01Z</time>
      </trkpt>
      <trkpt lat="-22.97581247985363" lon="16.435597501695156">
        <ele>1342</ele>
        <time>2024-11-25T14:43:07Z</time>
      </trkpt>
      <trkpt lat="-22.975882133468986" lon="16.435538828372955">
        <ele>1341.2</ele>
        <time>2024-11-25T14:43:12Z</time>
      </trkpt>
      <trkpt lat="-22.975957067683339" lon="16.435484765097499">
        <ele>1340.5999999999999</ele>
        <time>2024-11-25T14:43:18Z</time>
      </trkpt>
      <trkpt lat="-22.976048095151782" lon="16.435441514477134">
        <ele>1339.4000000000001</ele>
        <time>2024-11-25T14:43:23Z</time>
      </trkpt>
      <trkpt lat="-22.976151946932077" lon="16.435408070683479">
        <ele>1339</ele>
        <time>2024-11-25T14:43:29Z</time>
      </trkpt>
      <trkpt lat="-22.976260911673307" lon="16.435373621061444">
        <ele>1338</ele>
        <time>2024-11-25T14:43:35Z</time>
      </trkpt>
      <trkpt lat="-22.976376581937075" lon="16.435332633554935">
        <ele>1337.2</ele>
        <time>2024-11-25T14:43:40Z</time>
      </trkpt>
      <trkpt lat="-22.976497281342745" lon="16.435283431783319">
        <ele>1336</ele>
        <time>2024-11-25T14:43:46Z</time>
      </trkpt>
      <trkpt lat="-22.976738093420863" lon="16.435172790661454">
        <ele>1334.2</ele>
        <time>2024-11-25T14:43:51Z</time>
      </trkpt>
      <trkpt lat="-22.976860972121358" lon="16.435111183673143">
        <ele>1332.2</ele>
        <time>2024-11-25T14:43:57Z</time>
      </trkpt>
      <trkpt lat="-22.977088037878275" lon="16.434956705197692">
        <ele>1329.5999999999999</ele>
        <time>2024-11-25T14:44:03Z</time>
      </trkpt>
      <trkpt lat="-22.977182418107986" lon="16.434851931408048">
        <ele>1328.5999999999999</ele>
        <time>2024-11-25T14:44:08Z</time>
      </trkpt>
      <trkpt lat="-22.977274535223842" lon="16.434738775715232">
        <ele>1327.4000000000001</ele>
        <time>2024-11-25T14:44:14Z</time>
      </trkpt>
      <trkpt lat="-22.977370675653219" lon="16.434625620022416">
        <ele>1326</ele>
        <time>2024-11-25T14:44:20Z</time>
      </trkpt>
      <trkpt lat="-22.977562034502625" lon="16.434418754652143">
        <ele>1323.4000000000001</ele>
        <time>2024-11-25T14:44:25Z</time>
      </trkpt>
      <trkpt lat="-22.977660186588764" lon="16.434330325573683">
        <ele>1322</ele>
        <time>2024-11-25T14:44:31Z</time>
      </trkpt>
      <trkpt lat="-22.977759093046188" lon="16.434253044426441">
        <ele>1320</ele>
        <time>2024-11-25T14:44:36Z</time>
      </trkpt>
      <trkpt lat="-22.9778534732759" lon="16.434179954230785">
        <ele>1319</ele>
        <time>2024-11-25T14:44:42Z</time>
      </trkpt>
      <trkpt lat="-22.977940561249852" lon="16.43411323428154">
        <ele>1317.5999999999999</ele>
        <time>2024-11-25T14:44:48Z</time>
      </trkpt>
      <trkpt lat="-22.978017088025808" lon="16.434053052216768">
        <ele>1316.2</ele>
        <time>2024-11-25T14:44:53Z</time>
      </trkpt>
      <trkpt lat="-22.978086322546005" lon="16.434001000598073">
        <ele>1315</ele>
        <time>2024-11-25T14:44:59Z</time>
      </trkpt>
      <trkpt lat="-22.978139631450176" lon="16.433954648673534">
        <ele>1313.8</ele>
        <time>2024-11-25T14:45:04Z</time>
      </trkpt>
      <trkpt lat="-22.978181792423129" lon="16.433908380568027">
        <ele>1312.2</ele>
        <time>2024-11-25T14:45:10Z</time>
      </trkpt>
      <trkpt lat="-22.978216661140323" lon="16.433870829641819">
        <ele>1310.4000000000001</ele>
        <time>2024-11-25T14:45:16Z</time>
      </trkpt>
      <trkpt lat="-22.978254463523626" lon="16.433831183239818">
        <ele>1309.4000000000001</ele>
        <time>2024-11-25T14:45:21Z</time>
      </trkpt>
      <trkpt lat="-22.978294529020786" lon="16.433782987296581">
        <ele>1308.4000000000001</ele>
        <time>2024-11-25T14:45:27Z</time>
      </trkpt>
      <trkpt lat="-22.978329313918948" lon="16.43372381106019">
        <ele>1308</ele>
        <time>2024-11-25T14:45:33Z</time>
      </trkpt>
      <trkpt lat="-22.97840760089457" lon="16.433583162724972">
        <ele>1307.2</ele>
        <time>2024-11-25T14:45:38Z</time>
      </trkpt>
      <trkpt lat="-22.978477003052831" lon="16.433421308174729">
        <ele>1305</ele>
        <time>2024-11-25T14:45:44Z</time>
      </trkpt>
      <trkpt lat="-22.978535424917936" lon="16.433273535221815">
        <ele>1303.2</ele>
        <time>2024-11-25T14:45:49Z</time>
      </trkpt>
      <trkpt lat="-22.978611784055829" lon="16.433098018169403">
        <ele>1302</ele>
        <time>2024-11-25T14:45:55Z</time>
      </trkpt>
      <trkpt lat="-22.978661237284541" lon="16.433007242158055">
        <ele>1301.2</ele>
        <time>2024-11-25T14:46:01Z</time>
      </trkpt>
      <trkpt lat="-22.978713205084205" lon="16.432914454489946">
        <ele>1300.4000000000001</ele>
        <time>2024-11-25T14:46:06Z</time>
      </trkpt>
      <trkpt lat="-22.978832982480526" lon="16.432723430916667">
        <ele>1299.2</ele>
        <time>2024-11-25T14:46:12Z</time>
      </trkpt>
      <trkpt lat="-22.978978827595711" lon="16.432531820610166">
        <ele>1298.2</ele>
        <time>2024-11-25T14:46:17Z</time>
      </trkpt>
      <trkpt lat="-22.979127103462815" lon="16.432330152019858">
        <ele>1296.5999999999999</ele>
        <time>2024-11-25T14:46:23Z</time>
      </trkpt>
      <trkpt lat="-22.979258950799704" lon="16.432127393782139">
        <ele>1294</ele>
        <time>2024-11-25T14:46:29Z</time>
      </trkpt>
      <trkpt lat="-22.979323239997029" lon="16.432028319686651">
        <ele>1293.5999999999999</ele>
        <time>2024-11-25T14:46:34Z</time>
      </trkpt>
      <trkpt lat="-22.979385685175657" lon="16.431923964992166">
        <ele>1291.8</ele>
        <time>2024-11-25T14:46:40Z</time>
      </trkpt>
      <trkpt lat="-22.979440251365304" lon="16.431810138747096">
        <ele>1290.8</ele>
        <time>2024-11-25T14:46:46Z</time>
      </trkpt>
      <trkpt lat="-22.97948551364243" lon="16.431691786274314">
        <ele>1289.5999999999999</ele>
        <time>2024-11-25T14:46:51Z</time>
      </trkpt>
      <trkpt lat="-22.979520969092846" lon="16.431568823754787">
        <ele>1289</ele>
        <time>2024-11-25T14:46:57Z</time>
      </trkpt>
      <trkpt lat="-22.979563632979989" lon="16.4314438495785">
        <ele>1287.8</ele>
        <time>2024-11-25T14:47:03Z</time>
      </trkpt>
      <trkpt lat="-22.979606045410037" lon="16.431314265355468">
        <ele>1286.5999999999999</ele>
        <time>2024-11-25T14:47:08Z</time>
      </trkpt>
      <trkpt lat="-22.979694223031402" lon="16.431071609258652">
        <ele>1284.2</ele>
        <time>2024-11-25T14:47:14Z</time>
      </trkpt>
      <trkpt lat="-22.979732360690832" lon="16.430958118289709">
        <ele>1282.8</ele>
        <time>2024-11-25T14:47:19Z</time>
      </trkpt>
      <trkpt lat="-22.979765636846423" lon="16.430844962596893">
        <ele>1282</ele>
        <time>2024-11-25T14:47:25Z</time>
      </trkpt>
      <trkpt lat="-22.979800254106522" lon="16.430739685893059">
        <ele>1281.2</ele>
        <time>2024-11-25T14:47:31Z</time>
      </trkpt>
      <trkpt lat="-22.979836715385318" lon="16.43064203672111">
        <ele>1280.2</ele>
        <time>2024-11-25T14:47:36Z</time>
      </trkpt>
      <trkpt lat="-22.979875104501843" lon="16.430546315386891">
        <ele>1279</ele>
        <time>2024-11-25T14:47:42Z</time>
      </trkpt>
      <trkpt lat="-22.97990963794291" lon="16.43044707365334">
        <ele>1278.8</ele>
        <time>2024-11-25T14:47:48Z</time>
      </trkpt>
      <trkpt lat="-22.979939393699169" lon="16.430338695645332">
        <ele>1278</ele>
        <time>2024-11-25T14:47:53Z</time>
      </trkpt>
      <trkpt lat="-22.980011478066444" lon="16.430103918537498">
        <ele>1276.4000000000001</ele>
        <time>2024-11-25T14:47:59Z</time>
      </trkpt>
      <trkpt lat="-22.980051208287477" lon="16.429980453103781">
        <ele>1275.5999999999999</ele>
        <time>2024-11-25T14:48:05Z</time>
      </trkpt>
      <trkpt lat="-22.980092447251081" lon="16.429852629080415">
        <ele>1274.8</ele>
        <time>2024-11-25T14:48:10Z</time>
      </trkpt>
      <trkpt lat="-22.980189174413681" lon="16.42958021722734">
        <ele>1273.4000000000001</ele>
        <time>2024-11-25T14:48:16Z</time>
      </trkpt>
      <trkpt lat="-22.980240974575281" lon="16.429433701559901">
        <ele>1272.2</ele>
        <time>2024-11-25T14:48:22Z</time>
      </trkpt>
      <trkpt lat="-22.980293445289135" lon="16.429282827302814">
        <ele>1271.8</ele>
        <time>2024-11-25T14:48:27Z</time>
      </trkpt>
      <trkpt lat="-22.980400733649731" lon="16.428976552560925">
        <ele>1270.4000000000001</ele>
        <time>2024-11-25T14:48:33Z</time>
      </trkpt>
      <trkpt lat="-22.980503914877772" lon="16.428666254505515">
        <ele>1269</ele>
        <time>2024-11-25T14:48:38Z</time>
      </trkpt>
      <trkpt lat="-22.980559905990958" lon="16.428512781858444">
        <ele>1268</ele>
        <time>2024-11-25T14:48:44Z</time>
      </trkpt>
      <trkpt lat="-22.980719329789281" lon="16.428051441907883">
        <ele>1266.2</ele>
        <time>2024-11-25T14:48:50Z</time>
      </trkpt>
      <trkpt lat="-22.980810021981597" lon="16.427738545462489">
        <ele>1265</ele>
        <time>2024-11-25T14:48:55Z</time>
      </trkpt>
      <trkpt lat="-22.980902474373579" lon="16.427459511905909">
        <ele>1264</ele>
        <time>2024-11-25T14:49:01Z</time>
      </trkpt>
      <trkpt lat="-22.980954106897116" lon="16.427334286272526">
        <ele>1262.2</ele>
        <time>2024-11-25T14:49:07Z</time>
      </trkpt>
      <trkpt lat="-22.981014288961887" lon="16.427207887172699">
        <ele>1261.5999999999999</ele>
        <time>2024-11-25T14:49:12Z</time>
      </trkpt>
      <trkpt lat="-22.981085199862719" lon="16.427070926874876">
        <ele>1261</ele>
        <time>2024-11-25T14:49:18Z</time>
      </trkpt>
      <trkpt lat="-22.981231212615967" lon="16.42678041011095">
        <ele>1259</ele>
        <time>2024-11-25T14:49:24Z</time>
      </trkpt>
      <trkpt lat="-22.981344787403941" lon="16.426497269421816">
        <ele>1258</ele>
        <time>2024-11-25T14:49:29Z</time>
      </trkpt>
      <trkpt lat="-22.981419302523136" lon="16.426373971626163">
        <ele>1257.5999999999999</ele>
        <time>2024-11-25T14:49:35Z</time>
      </trkpt>
      <trkpt lat="-22.981510581448674" lon="16.426260648295283">
        <ele>1257.4000000000001</ele>
        <time>2024-11-25T14:49:41Z</time>
      </trkpt>
      <trkpt lat="-22.981619127094746" lon="16.426167776808143">
        <ele>1257.4000000000001</ele>
        <time>2024-11-25T14:49:46Z</time>
      </trkpt>
      <trkpt lat="-22.981736473739147" lon="16.426088316366076">
        <ele>1257.4000000000001</ele>
        <time>2024-11-25T14:49:52Z</time>
      </trkpt>
      <trkpt lat="-22.981866896152496" lon="16.42601665109396">
        <ele>1257.2</ele>
        <time>2024-11-25T14:49:58Z</time>
      </trkpt>
      <trkpt lat="-22.981996815651655" lon="16.425942303612828">
        <ele>1256.8</ele>
        <time>2024-11-25T14:50:03Z</time>
      </trkpt>
      <trkpt lat="-22.982114246115088" lon="16.425850186496973">
        <ele>1256.5999999999999</ele>
        <time>2024-11-25T14:50:09Z</time>
      </trkpt>
      <trkpt lat="-22.9822051897645" lon="16.425736946985126">
        <ele>1256.4000000000001</ele>
        <time>2024-11-25T14:50:15Z</time>
      </trkpt>
      <trkpt lat="-22.982278531417251" lon="16.425611050799489">
        <ele>1256.4000000000001</ele>
        <time>2024-11-25T14:50:20Z</time>
      </trkpt>
      <trkpt lat="-22.982343072071671" lon="16.425500325858593">
        <ele>1256.4000000000001</ele>
        <time>2024-11-25T14:50:26Z</time>
      </trkpt>
      <trkpt lat="-22.982411971315742" lon="16.425410052761436">
        <ele>1256.4000000000001</ele>
        <time>2024-11-25T14:50:32Z</time>
      </trkpt>
      <trkpt lat="-22.982489923015237" lon="16.425347523763776">
        <ele>1257.4000000000001</ele>
        <time>2024-11-25T14:50:38Z</time>
      </trkpt>
      <trkpt lat="-22.982576927170157" lon="16.425314918160439">
        <ele>1258.4000000000001</ele>
        <time>2024-11-25T14:50:43Z</time>
      </trkpt>
      <trkpt lat="-22.982671810314059" lon="16.425304524600506">
        <ele>1259</ele>
        <time>2024-11-25T14:50:49Z</time>
      </trkpt>
      <trkpt lat="-22.982773063704371" lon="16.425307206809521">
        <ele>1259</ele>
        <time>2024-11-25T14:50:55Z</time>
      </trkpt>
      <trkpt lat="-22.982882782816887" lon="16.425304776057601">
        <ele>1259</ele>
        <time>2024-11-25T14:51:00Z</time>
      </trkpt>
      <trkpt lat="-22.982994429767132" lon="16.425292957574129">
        <ele>1259</ele>
        <time>2024-11-25T14:51:06Z</time>
      </trkpt>
      <trkpt lat="-22.983324844390154" lon="16.425205701962113">
        <ele>1256.8</ele>
        <time>2024-11-25T14:51:12Z</time>
      </trkpt>
      <trkpt lat="-22.983439760282636" lon="16.425156584009528">
        <ele>1256</ele>
        <time>2024-11-25T14:51:17Z</time>
      </trkpt>
      <trkpt lat="-22.9836505651474" lon="16.425006967037916">
        <ele>1255.2</ele>
        <time>2024-11-25T14:51:23Z</time>
      </trkpt>
      <trkpt lat="-22.98374243080616" lon="16.424913173541427">
        <ele>1254.8</ele>
        <time>2024-11-25T14:51:29Z</time>
      </trkpt>
      <trkpt lat="-22.983827590942383" lon="16.424808399751782">
        <ele>1253.8</ele>
        <time>2024-11-25T14:51:34Z</time>
      </trkpt>
      <trkpt lat="-22.983981985598803" lon="16.42458694986999">
        <ele>1253</ele>
        <time>2024-11-25T14:51:40Z</time>
      </trkpt>
      <trkpt lat="-22.984047867357731" lon="16.424483601003885">
        <ele>1252.5999999999999</ele>
        <time>2024-11-25T14:51:46Z</time>
      </trkpt>
      <trkpt lat="-22.984103355556726" lon="16.42439391463995">
        <ele>1250.8</ele>
        <time>2024-11-25T14:51:51Z</time>
      </trkpt>
      <trkpt lat="-22.98414702527225" lon="16.424321578815579">
        <ele>1249.4000000000001</ele>
        <time>2024-11-25T14:51:57Z</time>
      </trkpt>
      <trkpt lat="-22.984199412167072" lon="16.424243459478021">
        <ele>1248</ele>
        <time>2024-11-25T14:52:03Z</time>
      </trkpt>
      <trkpt lat="-22.984251715242863" lon="16.424166597425938">
        <ele>1247.4000000000001</ele>
        <time>2024-11-25T14:52:08Z</time>
      </trkpt>
      <trkpt lat="-22.984305527061224" lon="16.424086131155491">
        <ele>1247.2</ele>
        <time>2024-11-25T14:52:14Z</time>
      </trkpt>
      <trkpt lat="-22.984358668327332" lon="16.424001390114427">
        <ele>1246.2</ele>
        <time>2024-11-25T14:52:20Z</time>
      </trkpt>
      <trkpt lat="-22.984416671097279" lon="16.423913296312094">
        <ele>1245.8</ele>
        <time>2024-11-25T14:52:26Z</time>
      </trkpt>
      <trkpt lat="-22.984549440443516" lon="16.423710789531469">
        <ele>1245</ele>
        <time>2024-11-25T14:52:31Z</time>
      </trkpt>
      <trkpt lat="-22.984695537015796" lon="16.423488836735487">
        <ele>1244</ele>
        <time>2024-11-25T14:52:37Z</time>
      </trkpt>
      <trkpt lat="-22.984856888651848" lon="16.42325690947473">
        <ele>1242.8</ele>
        <time>2024-11-25T14:52:43Z</time>
      </trkpt>
      <trkpt lat="-22.985035171732306" lon="16.423008386045694">
        <ele>1241.4000000000001</ele>
        <time>2024-11-25T14:52:48Z</time>
      </trkpt>
      <trkpt lat="-22.985131144523621" lon="16.422878718003631">
        <ele>1240.4000000000001</ele>
        <time>2024-11-25T14:52:54Z</time>
      </trkpt>
      <trkpt lat="-22.98532853834331" lon="16.422614855691791">
        <ele>1238.4000000000001</ele>
        <time>2024-11-25T14:53:00Z</time>
      </trkpt>
      <trkpt lat="-22.98553473316133" lon="16.422339091077447">
        <ele>1236.5999999999999</ele>
        <time>2024-11-25T14:53:06Z</time>
      </trkpt>
      <trkpt lat="-22.985639339312911" lon="16.42219802364707">
        <ele>1235.4000000000001</ele>
        <time>2024-11-25T14:53:11Z</time>
      </trkpt>
      <trkpt lat="-22.985857771709561" lon="16.421923348680139">
        <ele>1232.5999999999999</ele>
        <time>2024-11-25T14:53:17Z</time>
      </trkpt>
      <trkpt lat="-22.986073270440102" lon="16.421649092808366">
        <ele>1230.5999999999999</ele>
        <time>2024-11-25T14:53:23Z</time>
      </trkpt>
      <trkpt lat="-22.986290194094181" lon="16.421403670683503">
        <ele>1228.4000000000001</ele>
        <time>2024-11-25T14:53:28Z</time>
      </trkpt>
      <trkpt lat="-22.986393459141254" lon="16.421297220513225">
        <ele>1226.8</ele>
        <time>2024-11-25T14:53:34Z</time>
      </trkpt>
      <trkpt lat="-22.986487084999681" lon="16.421195967122912">
        <ele>1225.4000000000001</ele>
        <time>2024-11-25T14:53:40Z</time>
      </trkpt>
      <trkpt lat="-22.986566461622715" lon="16.421089600771666">
        <ele>1223.8</ele>
        <time>2024-11-25T14:53:46Z</time>
      </trkpt>
      <trkpt lat="-22.986632594838738" lon="16.420986335724592">
        <ele>1223</ele>
        <time>2024-11-25T14:53:51Z</time>
      </trkpt>
      <trkpt lat="-22.986685903742909" lon="16.420886674895883">
        <ele>1221.4000000000001</ele>
        <time>2024-11-25T14:53:57Z</time>
      </trkpt>
      <trkpt lat="-22.986740050837398" lon="16.420789025723934">
        <ele>1219.5999999999999</ele>
        <time>2024-11-25T14:54:03Z</time>
      </trkpt>
      <trkpt lat="-22.986792186275125" lon="16.420683246105909">
        <ele>1218.5999999999999</ele>
        <time>2024-11-25T14:54:08Z</time>
      </trkpt>
      <trkpt lat="-22.986837029457092" lon="16.420563720166683">
        <ele>1217.4000000000001</ele>
        <time>2024-11-25T14:54:14Z</time>
      </trkpt>
      <trkpt lat="-22.98687407746911" lon="16.420440506190062">
        <ele>1216.2</ele>
        <time>2024-11-25T14:54:20Z</time>
      </trkpt>
      <trkpt lat="-22.986888578161597" lon="16.420316956937313">
        <ele>1214.4000000000001</ele>
        <time>2024-11-25T14:54:26Z</time>
      </trkpt>
      <trkpt lat="-22.986881285905838" lon="16.420200280845165">
        <ele>1213</ele>
        <time>2024-11-25T14:54:31Z</time>
      </trkpt>
      <trkpt lat="-22.986850691959262" lon="16.420100787654519">
        <ele>1212.2</ele>
        <time>2024-11-25T14:54:37Z</time>
      </trkpt>
      <trkpt lat="-22.98682370223105" lon="16.420020321384072">
        <ele>1211.2</ele>
        <time>2024-11-25T14:54:43Z</time>
      </trkpt>
      <trkpt lat="-22.98679880797863" lon="16.419952092692256">
        <ele>1210.4000000000001</ele>
        <time>2024-11-25T14:54:48Z</time>
      </trkpt>
      <trkpt lat="-22.986762011423707" lon="16.419890988618135">
        <ele>1209.8</ele>
        <time>2024-11-25T14:54:54Z</time>
      </trkpt>
      <trkpt lat="-22.986714150756598" lon="16.419837512075901">
        <ele>1209</ele>
        <time>2024-11-25T14:55:00Z</time>
      </trkpt>
      <trkpt lat="-22.986661847680807" lon="16.419786550104618">
        <ele>1208.2</ele>
        <time>2024-11-25T14:55:06Z</time>
      </trkpt>
      <trkpt lat="-22.9865344427526" lon="16.419670376926661">
        <ele>1206.8</ele>
        <time>2024-11-25T14:55:11Z</time>
      </trkpt>
      <trkpt lat="-22.986473087221384" lon="16.419596867635846">
        <ele>1206</ele>
        <time>2024-11-25T14:55:17Z</time>
      </trkpt>
      <trkpt lat="-22.986421287059784" lon="16.419504834339023">
        <ele>1205</ele>
        <time>2024-11-25T14:55:23Z</time>
      </trkpt>
      <trkpt lat="-22.986385161057115" lon="16.419396959245205">
        <ele>1203.5999999999999</ele>
        <time>2024-11-25T14:55:29Z</time>
      </trkpt>
      <trkpt lat="-22.986360099166632" lon="16.419282462447882">
        <ele>1202.2</ele>
        <time>2024-11-25T14:55:34Z</time>
      </trkpt>
      <trkpt lat="-22.986347274854779" lon="16.419162098318338">
        <ele>1201.2</ele>
        <time>2024-11-25T14:55:40Z</time>
      </trkpt>
      <trkpt lat="-22.986339731141925" lon="16.419031759724021">
        <ele>1199.8</ele>
        <time>2024-11-25T14:55:46Z</time>
      </trkpt>
      <trkpt lat="-22.9863341152668" lon="16.41889194957912">
        <ele>1199</ele>
        <time>2024-11-25T14:55:51Z</time>
      </trkpt>
      <trkpt lat="-22.986336210742593" lon="16.418752474710345">
        <ele>1196.8</ele>
        <time>2024-11-25T14:55:57Z</time>
      </trkpt>
      <trkpt lat="-22.986345263198018" lon="16.418609647080302">
        <ele>1195.2</ele>
        <time>2024-11-25T14:56:03Z</time>
      </trkpt>
      <trkpt lat="-22.986340904608369" lon="16.418479392305017">
        <ele>1194.5999999999999</ele>
        <time>2024-11-25T14:56:09Z</time>
      </trkpt>
      <trkpt lat="-22.98634048551321" lon="16.418364644050598">
        <ele>1194.5999999999999</ele>
        <time>2024-11-25T14:56:14Z</time>
      </trkpt>
      <trkpt lat="-22.986356075853109" lon="16.418263223022223">
        <ele>1194.8</ele>
        <time>2024-11-25T14:56:20Z</time>
      </trkpt>
      <trkpt lat="-22.986390190199018" lon="16.418184349313378">
        <ele>1194.8</ele>
        <time>2024-11-25T14:56:26Z</time>
      </trkpt>
      <trkpt lat="-22.98642891459167" lon="16.418121736496687">
        <ele>1195.4000000000001</ele>
        <time>2024-11-25T14:56:32Z</time>
      </trkpt>
      <trkpt lat="-22.986474931240082" lon="16.41806666739285">
        <ele>1196.5999999999999</ele>
        <time>2024-11-25T14:56:37Z</time>
      </trkpt>
      <trkpt lat="-22.986528240144253" lon="16.418014531955123">
        <ele>1198</ele>
        <time>2024-11-25T14:56:43Z</time>
      </trkpt>
      <trkpt lat="-22.986583728343248" lon="16.41796356998384">
        <ele>1199.2</ele>
        <time>2024-11-25T14:56:49Z</time>
      </trkpt>
      <trkpt lat="-22.986650951206684" lon="16.417911853641272">
        <ele>1200</ele>
        <time>2024-11-25T14:56:55Z</time>
      </trkpt>
      <trkpt lat="-22.986724711954594" lon="16.41786633990705">
        <ele>1200.8</ele>
        <time>2024-11-25T14:57:00Z</time>
      </trkpt>
      <trkpt lat="-22.986792856827378" lon="16.417830800637603">
        <ele>1201.4000000000001</ele>
        <time>2024-11-25T14:57:06Z</time>
      </trkpt>
      <trkpt lat="-22.986846584826708" lon="16.417791238054633">
        <ele>1202</ele>
        <time>2024-11-25T14:57:12Z</time>
      </trkpt>
      <trkpt lat="-22.986892769113183" lon="16.41774857416749">
        <ele>1202.8</ele>
        <time>2024-11-25T14:57:18Z</time>
      </trkpt>
      <trkpt lat="-22.986945575103164" lon="16.417717644944787">
        <ele>1203.2</ele>
        <time>2024-11-25T14:57:23Z</time>
      </trkpt>
      <trkpt lat="-22.987003996968269" lon="16.417691325768828">
        <ele>1203.8</ele>
        <time>2024-11-25T14:57:29Z</time>
      </trkpt>
      <trkpt lat="-22.987066190689802" lon="16.417668610811234">
        <ele>1205</ele>
        <time>2024-11-25T14:57:35Z</time>
      </trkpt>
      <trkpt lat="-22.987266685813665" lon="16.417594766244292">
        <ele>1206.8</ele>
        <time>2024-11-25T14:57:41Z</time>
      </trkpt>
      <trkpt lat="-22.987382439896464" lon="16.417543552815914">
        <ele>1208.2</ele>
        <time>2024-11-25T14:57:46Z</time>
      </trkpt>
      <trkpt lat="-22.987444382160902" lon="16.417523352429271">
        <ele>1208.5999999999999</ele>
        <time>2024-11-25T14:57:52Z</time>
      </trkpt>
      <trkpt lat="-22.987509677186608" lon="16.417501224204898">
        <ele>1209.2</ele>
        <time>2024-11-25T14:57:58Z</time>
      </trkpt>
      <trkpt lat="-22.987584611400962" lon="16.417480269446969">
        <ele>1209.5999999999999</ele>
        <time>2024-11-25T14:58:04Z</time>
      </trkpt>
      <trkpt lat="-22.987670274451375" lon="16.417465852573514">
        <ele>1210.2</ele>
        <time>2024-11-25T14:58:09Z</time>
      </trkpt>
      <trkpt lat="-22.987764989957213" lon="16.417457470670342">
        <ele>1210.5999999999999</ele>
        <time>2024-11-25T14:58:15Z</time>
      </trkpt>
      <trkpt lat="-22.987869009375572" lon="16.41744171269238">
        <ele>1211</ele>
        <time>2024-11-25T14:58:21Z</time>
      </trkpt>
      <trkpt lat="-22.987975208088756" lon="16.41741095110774">
        <ele>1211.5999999999999</ele>
        <time>2024-11-25T14:58:27Z</time>
      </trkpt>
      <trkpt lat="-22.988084843382239" lon="16.417362755164504">
        <ele>1212</ele>
        <time>2024-11-25T14:58:32Z</time>
      </trkpt>
      <trkpt lat="-22.988191209733486" lon="16.417306093499064">
        <ele>1212</ele>
        <time>2024-11-25T14:58:38Z</time>
      </trkpt>
      <trkpt lat="-22.988299084827304" lon="16.417240630835295">
        <ele>1212.5999999999999</ele>
        <time>2024-11-25T14:58:44Z</time>
      </trkpt>
      <trkpt lat="-22.988401176407933" lon="16.417161421850324">
        <ele>1213.2</ele>
        <time>2024-11-25T14:58:50Z</time>
      </trkpt>
      <trkpt lat="-22.988499496132135" lon="16.417071484029293">
        <ele>1214</ele>
        <time>2024-11-25T14:58:55Z</time>
      </trkpt>
      <trkpt lat="-22.988592367619276" lon="16.41697509214282">
        <ele>1214.4000000000001</ele>
        <time>2024-11-25T14:59:01Z</time>
      </trkpt>
      <trkpt lat="-22.988680712878704" lon="16.416874090209603">
        <ele>1215.5999999999999</ele>
        <time>2024-11-25T14:59:07Z</time>
      </trkpt>
      <trkpt lat="-22.988765453919768" lon="16.416769735515118">
        <ele>1216.8</ele>
        <time>2024-11-25T14:59:13Z</time>
      </trkpt>
      <trkpt lat="-22.988847931846976" lon="16.416664626449347">
        <ele>1218.2</ele>
        <time>2024-11-25T14:59:18Z</time>
      </trkpt>
      <trkpt lat="-22.988917669281363" lon="16.416561445221305">
        <ele>1219.2</ele>
        <time>2024-11-25T14:59:24Z</time>
      </trkpt>
      <trkpt lat="-22.988987155258656" lon="16.416464550420642">
        <ele>1221</ele>
        <time>2024-11-25T14:59:30Z</time>
      </trkpt>
      <trkpt lat="-22.989054629579186" lon="16.416377127170563">
        <ele>1222</ele>
        <time>2024-11-25T14:59:36Z</time>
      </trkpt>
      <trkpt lat="-22.98912369646132" lon="16.416298253461719">
        <ele>1222.4000000000001</ele>
        <time>2024-11-25T14:59:41Z</time>
      </trkpt>
      <trkpt lat="-22.989194272086024" lon="16.416233628988266">
        <ele>1223</ele>
        <time>2024-11-25T14:59:47Z</time>
      </trkpt>
      <trkpt lat="-22.98925856128335" lon="16.416178978979588">
        <ele>1223.4000000000001</ele>
        <time>2024-11-25T14:59:53Z</time>
      </trkpt>
      <trkpt lat="-22.989314720034599" lon="16.416132291778922">
        <ele>1223.5999999999999</ele>
        <time>2024-11-25T14:59:59Z</time>
      </trkpt>
      <trkpt lat="-22.989369537681341" lon="16.416087029501796">
        <ele>1223.5999999999999</ele>
        <time>2024-11-25T15:00:04Z</time>
      </trkpt>
      <trkpt lat="-22.989426115527749" lon="16.416036067530513">
        <ele>1223.5999999999999</ele>
        <time>2024-11-25T15:00:10Z</time>
      </trkpt>
      <trkpt lat="-22.989490237087011" lon="16.415978567674756">
        <ele>1223.5999999999999</ele>
        <time>2024-11-25T15:00:16Z</time>
      </trkpt>
      <trkpt lat="-22.989558884873986" lon="16.415913356468081">
        <ele>1223.5999999999999</ele>
        <time>2024-11-25T15:00:22Z</time>
      </trkpt>
      <trkpt lat="-22.989631723612547" lon="16.415845882147551">
        <ele>1223.4000000000001</ele>
        <time>2024-11-25T15:00:28Z</time>
      </trkpt>
      <trkpt lat="-22.989709340035915" lon="16.415775390341878">
        <ele>1223.2</ele>
        <time>2024-11-25T15:00:33Z</time>
      </trkpt>
      <trkpt lat="-22.989788465201855" lon="16.415703305974603">
        <ele>1223</ele>
        <time>2024-11-25T15:00:39Z</time>
      </trkpt>
      <trkpt lat="-22.989862812682986" lon="16.415626527741551">
        <ele>1222.2</ele>
        <time>2024-11-25T15:00:45Z</time>
      </trkpt>
      <trkpt lat="-22.989936573430896" lon="16.415543546900153">
        <ele>1221</ele>
        <time>2024-11-25T15:00:51Z</time>
      </trkpt>
      <trkpt lat="-22.990022487938404" lon="16.415458805859089">
        <ele>1219.4000000000001</ele>
        <time>2024-11-25T15:00:56Z</time>
      </trkpt>
      <trkpt lat="-22.990112509578466" lon="16.415370795875788">
        <ele>1218.5999999999999</ele>
        <time>2024-11-25T15:01:02Z</time>
      </trkpt>
      <trkpt lat="-22.990209152922034" lon="16.415275745093822">
        <ele>1217.2</ele>
        <time>2024-11-25T15:01:08Z</time>
      </trkpt>
      <trkpt lat="-22.990311831235886" lon="16.41517398878932">
        <ele>1216.2</ele>
        <time>2024-11-25T15:01:14Z</time>
      </trkpt>
      <trkpt lat="-22.990419790148735" lon="16.415063934400678">
        <ele>1214.4000000000001</ele>
        <time>2024-11-25T15:01:19Z</time>
      </trkpt>
      <trkpt lat="-22.990538813173771" lon="16.414945162832737">
        <ele>1213.4000000000001</ele>
        <time>2024-11-25T15:01:25Z</time>
      </trkpt>
      <trkpt lat="-22.990663200616837" lon="16.414818679913878">
        <ele>1211</ele>
        <time>2024-11-25T15:01:31Z</time>
      </trkpt>
      <trkpt lat="-22.990792281925678" lon="16.414691274985671">
        <ele>1210.4000000000001</ele>
        <time>2024-11-25T15:01:37Z</time>
      </trkpt>
      <trkpt lat="-22.991173323243856" lon="16.414312496781349">
        <ele>1210.4000000000001</ele>
        <time>2024-11-25T15:01:43Z</time>
      </trkpt>
      <trkpt lat="-22.991291088983417" lon="16.41419573687017">
        <ele>1211</ele>
        <time>2024-11-25T15:01:48Z</time>
      </trkpt>
      <trkpt lat="-22.991395359858871" lon="16.414086269214749">
        <ele>1211.8</ele>
        <time>2024-11-25T15:01:54Z</time>
      </trkpt>
      <trkpt lat="-22.991497032344341" lon="16.413986105471849">
        <ele>1213.2</ele>
        <time>2024-11-25T15:02:00Z</time>
      </trkpt>
      <trkpt lat="-22.991588143631816" lon="16.41388988122344">
        <ele>1214.5999999999999</ele>
        <time>2024-11-25T15:02:06Z</time>
      </trkpt>
      <trkpt lat="-22.991684451699257" lon="16.413803128525615">
        <ele>1217.2</ele>
        <time>2024-11-25T15:02:11Z</time>
      </trkpt>
      <trkpt lat="-22.991782436147332" lon="16.413715118542314">
        <ele>1218.2</ele>
        <time>2024-11-25T15:02:17Z</time>
      </trkpt>
      <trkpt lat="-22.991880252957344" lon="16.413634484633803">
        <ele>1219.5999999999999</ele>
        <time>2024-11-25T15:02:23Z</time>
      </trkpt>
      <trkpt lat="-22.991979410871863" lon="16.413559634238482">
        <ele>1220</ele>
        <time>2024-11-25T15:02:29Z</time>
      </trkpt>
      <trkpt lat="-22.992081167176366" lon="16.413488304242492">
        <ele>1220.2</ele>
        <time>2024-11-25T15:02:35Z</time>
      </trkpt>
      <trkpt lat="-22.992185773327947" lon="16.413422087207437">
        <ele>1220.2</ele>
        <time>2024-11-25T15:02:40Z</time>
      </trkpt>
      <trkpt lat="-22.992297085002065" lon="16.413360983133316">
        <ele>1220.2</ele>
        <time>2024-11-25T15:02:46Z</time>
      </trkpt>
      <trkpt lat="-22.99251870252192" lon="16.413248330354691">
        <ele>1218.8</ele>
        <time>2024-11-25T15:02:52Z</time>
      </trkpt>
      <trkpt lat="-22.992614842951298" lon="16.413198290392756">
        <ele>1217.2</ele>
        <time>2024-11-25T15:02:58Z</time>
      </trkpt>
      <trkpt lat="-22.992707965895534" lon="16.41315545886755">
        <ele>1214.8</ele>
        <time>2024-11-25T15:03:04Z</time>
      </trkpt>
      <trkpt lat="-22.992802681401372" lon="16.413115561008453">
        <ele>1212.4000000000001</ele>
        <time>2024-11-25T15:03:09Z</time>
      </trkpt>
      <trkpt lat="-22.992904186248779" lon="16.413081111386418">
        <ele>1211.5999999999999</ele>
        <time>2024-11-25T15:03:15Z</time>
      </trkpt>
      <trkpt lat="-22.99302002415061" lon="16.413039956241846">
        <ele>1209.4000000000001</ele>
        <time>2024-11-25T15:03:21Z</time>
      </trkpt>
      <trkpt lat="-22.993140891194344" lon="16.412993017584085">
        <ele>1207.8</ele>
        <time>2024-11-25T15:03:27Z</time>
      </trkpt>
      <trkpt lat="-22.993267793208361" lon="16.412944570183754">
        <ele>1206.4000000000001</ele>
        <time>2024-11-25T15:03:33Z</time>
      </trkpt>
      <trkpt lat="-22.993627209216356" lon="16.412798725068569">
        <ele>1206.8</ele>
        <time>2024-11-25T15:03:38Z</time>
      </trkpt>
      <trkpt lat="-22.99374614842236" lon="16.412746589630842">
        <ele>1208</ele>
        <time>2024-11-25T15:03:44Z</time>
      </trkpt>
      <trkpt lat="-22.993865925818682" lon="16.412692023441195">
        <ele>1209.8</ele>
        <time>2024-11-25T15:03:50Z</time>
      </trkpt>
      <trkpt lat="-22.99410137347877" lon="16.412583058699965">
        <ele>1212.5999999999999</ele>
        <time>2024-11-25T15:03:56Z</time>
      </trkpt>
      <trkpt lat="-22.994334390386939" lon="16.412469651550055">
        <ele>1213.8</ele>
        <time>2024-11-25T15:04:02Z</time>
      </trkpt>
      <trkpt lat="-22.99444436095655" lon="16.412415001541376">
        <ele>1215.8</ele>
        <time>2024-11-25T15:04:07Z</time>
      </trkpt>
      <trkpt lat="-22.994552068412304" lon="16.412358339875937">
        <ele>1217</ele>
        <time>2024-11-25T15:04:13Z</time>
      </trkpt>
      <trkpt lat="-22.994651896879077" lon="16.412297654896975">
        <ele>1218.2</ele>
        <time>2024-11-25T15:04:19Z</time>
      </trkpt>
      <trkpt lat="-22.994748456403613" lon="16.412236131727695">
        <ele>1219.8</ele>
        <time>2024-11-25T15:04:25Z</time>
      </trkpt>
      <trkpt lat="-22.99484845250845" lon="16.412167567759752">
        <ele>1220.5999999999999</ele>
        <time>2024-11-25T15:04:31Z</time>
      </trkpt>
      <trkpt lat="-22.995148943737149" lon="16.4119285158813">
        <ele>1220.8</ele>
        <time>2024-11-25T15:04:36Z</time>
      </trkpt>
      <trkpt lat="-22.995239635929465" lon="16.411843188107014">
        <ele>1220.8</ele>
        <time>2024-11-25T15:04:42Z</time>
      </trkpt>
      <trkpt lat="-22.995334099978209" lon="16.411755764856935">
        <ele>1220.5999999999999</ele>
        <time>2024-11-25T15:04:48Z</time>
      </trkpt>
      <trkpt lat="-22.995436610653996" lon="16.41166465356946">
        <ele>1220.4000000000001</ele>
        <time>2024-11-25T15:04:54Z</time>
      </trkpt>
      <trkpt lat="-22.995548006147146" lon="16.411575051024556">
        <ele>1220.4000000000001</ele>
        <time>2024-11-25T15:05:00Z</time>
      </trkpt>
      <trkpt lat="-22.995668621733785" lon="16.411489304155111">
        <ele>1219.8</ele>
        <time>2024-11-25T15:05:05Z</time>
      </trkpt>
      <trkpt lat="-22.99579594284296" lon="16.41141009517014">
        <ele>1219</ele>
        <time>2024-11-25T15:05:11Z</time>
      </trkpt>
      <trkpt lat="-22.995922174304724" lon="16.411333316937089">
        <ele>1217.5999999999999</ele>
        <time>2024-11-25T15:05:17Z</time>
      </trkpt>
      <trkpt lat="-22.996043376624584" lon="16.411261400207877">
        <ele>1216.5999999999999</ele>
        <time>2024-11-25T15:05:23Z</time>
      </trkpt>
      <trkpt lat="-22.996152509003878" lon="16.41119996085763">
        <ele>1215.4000000000001</ele>
        <time>2024-11-25T15:05:29Z</time>
      </trkpt>
      <trkpt lat="-22.996248314157128" lon="16.411146735772491">
        <ele>1213.8</ele>
        <time>2024-11-25T15:05:35Z</time>
      </trkpt>
      <trkpt lat="-22.99632852897048" lon="16.411104071885347">
        <ele>1212.4000000000001</ele>
        <time>2024-11-25T15:05:40Z</time>
      </trkpt>
      <trkpt lat="-22.996390219777822" lon="16.411081776022911">
        <ele>1211.4000000000001</ele>
        <time>2024-11-25T15:05:46Z</time>
      </trkpt>
      <trkpt lat="-22.996450401842594" lon="16.411063671112061">
        <ele>1210</ele>
        <time>2024-11-25T15:05:52Z</time>
      </trkpt>
      <trkpt lat="-22.996518881991506" lon="16.411043051630259">
        <ele>1209</ele>
        <time>2024-11-25T15:05:58Z</time>
      </trkpt>
      <trkpt lat="-22.996678473427892" lon="16.411008769646287">
        <ele>1207.4000000000001</ele>
        <time>2024-11-25T15:06:04Z</time>
      </trkpt>
      <trkpt lat="-22.996770590543747" lon="16.41099477186799">
        <ele>1205.4000000000001</ele>
        <time>2024-11-25T15:06:09Z</time>
      </trkpt>
      <trkpt lat="-22.996973684057593" lon="16.410944731906056">
        <ele>1203.8</ele>
        <time>2024-11-25T15:06:15Z</time>
      </trkpt>
      <trkpt lat="-22.997067226096988" lon="16.410915143787861">
        <ele>1203.8</ele>
        <time>2024-11-25T15:06:21Z</time>
      </trkpt>
      <trkpt lat="-22.997150626033545" lon="16.410898379981518">
        <ele>1203.8</ele>
        <time>2024-11-25T15:06:27Z</time>
      </trkpt>
      <trkpt lat="-22.997216340154409" lon="16.4108941052109">
        <ele>1203.8</ele>
        <time>2024-11-25T15:06:33Z</time>
      </trkpt>
      <trkpt lat="-22.997261686250567" lon="16.410887148231268">
        <ele>1204.4000000000001</ele>
        <time>2024-11-25T15:06:39Z</time>
      </trkpt>
      <trkpt lat="-22.997295968234539" lon="16.410881699994206">
        <ele>1205.5999999999999</ele>
        <time>2024-11-25T15:06:44Z</time>
      </trkpt>
      <trkpt lat="-22.997317258268595" lon="16.410875665023923">
        <ele>1206.5999999999999</ele>
        <time>2024-11-25T15:06:50Z</time>
      </trkpt>
      <trkpt lat="-22.997349109500647" lon="16.410869210958481">
        <ele>1207.4000000000001</ele>
        <time>2024-11-25T15:06:56Z</time>
      </trkpt>
      <trkpt lat="-22.997392946854234" lon="16.410857392475009">
        <ele>1207.8</ele>
        <time>2024-11-25T15:07:02Z</time>
      </trkpt>
      <trkpt lat="-22.997437454760075" lon="16.410844149067998">
        <ele>1209</ele>
        <time>2024-11-25T15:07:08Z</time>
      </trkpt>
      <trkpt lat="-22.99752663820982" lon="16.410818165168166">
        <ele>1210.4000000000001</ele>
        <time>2024-11-25T15:07:14Z</time>
      </trkpt>
      <trkpt lat="-22.997615486383438" lon="16.410799557343125">
        <ele>1211.8</ele>
        <time>2024-11-25T15:07:19Z</time>
      </trkpt>
      <trkpt lat="-22.997667789459229" lon="16.41078757122159">
        <ele>1212.2</ele>
        <time>2024-11-25T15:07:25Z</time>
      </trkpt>
      <trkpt lat="-22.997718835249543" lon="16.410773741081357">
        <ele>1212.8</ele>
        <time>2024-11-25T15:07:31Z</time>
      </trkpt>
      <trkpt lat="-22.997827464714646" lon="16.410740464925766">
        <ele>1214.2</ele>
        <time>2024-11-25T15:07:37Z</time>
      </trkpt>
      <trkpt lat="-22.997892592102289" lon="16.410721438005567">
        <ele>1215.2</ele>
        <time>2024-11-25T15:07:43Z</time>
      </trkpt>
      <trkpt lat="-22.997963586822152" lon="16.410700650885701">
        <ele>1215.5999999999999</ele>
        <time>2024-11-25T15:07:49Z</time>
      </trkpt>
      <trkpt lat="-22.998039275407791" lon="16.410684222355485">
        <ele>1216</ele>
        <time>2024-11-25T15:07:54Z</time>
      </trkpt>
      <trkpt lat="-22.998124100267887" lon="16.410669554024935">
        <ele>1216.4000000000001</ele>
        <time>2024-11-25T15:08:00Z</time>
      </trkpt>
      <trkpt lat="-22.998212110251188" lon="16.41065027564764">
        <ele>1217.4000000000001</ele>
        <time>2024-11-25T15:08:06Z</time>
      </trkpt>
      <trkpt lat="-22.998296264559031" lon="16.41062730923295">
        <ele>1218</ele>
        <time>2024-11-25T15:08:12Z</time>
      </trkpt>
      <trkpt lat="-22.998386118561029" lon="16.410602247342467">
        <ele>1219</ele>
        <time>2024-11-25T15:08:18Z</time>
      </trkpt>
      <trkpt lat="-22.998476140201092" lon="16.410578275099397">
        <ele>1219.4000000000001</ele>
        <time>2024-11-25T15:08:24Z</time>
      </trkpt>
      <trkpt lat="-22.9985620547086" lon="16.410553213208914">
        <ele>1220.4000000000001</ele>
        <time>2024-11-25T15:08:29Z</time>
      </trkpt>
      <trkpt lat="-22.998644700273871" lon="16.410521445795894">
        <ele>1221.2</ele>
        <time>2024-11-25T15:08:35Z</time>
      </trkpt>
      <trkpt lat="-22.998721059411764" lon="16.410483894869685">
        <ele>1222</ele>
        <time>2024-11-25T15:08:41Z</time>
      </trkpt>
      <trkpt lat="-22.99879121594131" lon="16.410443661734462">
        <ele>1222.4000000000001</ele>
        <time>2024-11-25T15:08:47Z</time>
      </trkpt>
      <trkpt lat="-22.998854499310255" lon="16.410398567095399">
        <ele>1222.8</ele>
        <time>2024-11-25T15:08:53Z</time>
      </trkpt>
      <trkpt lat="-22.998912082985044" lon="16.410348694771528">
        <ele>1223.2</ele>
        <time>2024-11-25T15:08:59Z</time>
      </trkpt>
      <trkpt lat="-22.9989627096802" lon="16.410293877124786">
        <ele>1223.2</ele>
        <time>2024-11-25T15:09:04Z</time>
      </trkpt>
      <trkpt lat="-22.999007636681199" lon="16.410236628726125">
        <ele>1223.2</ele>
        <time>2024-11-25T15:09:10Z</time>
      </trkpt>
      <trkpt lat="-22.999046025797725" lon="16.410170160233974">
        <ele>1223.2</ele>
        <time>2024-11-25T15:09:16Z</time>
      </trkpt>
      <trkpt lat="-22.999082067981362" lon="16.410100925713778">
        <ele>1222.5999999999999</ele>
        <time>2024-11-25T15:09:22Z</time>
      </trkpt>
      <trkpt lat="-22.999123558402061" lon="16.410034541040659">
        <ele>1221.2</ele>
        <time>2024-11-25T15:09:28Z</time>
      </trkpt>
      <trkpt lat="-22.999170999974012" lon="16.409973269328475">
        <ele>1220.5999999999999</ele>
        <time>2024-11-25T15:09:34Z</time>
      </trkpt>
      <trkpt lat="-22.999220872297883" lon="16.409905375912786">
        <ele>1219.8</ele>
        <time>2024-11-25T15:09:40Z</time>
      </trkpt>
      <trkpt lat="-22.999277366325259" lon="16.409829100593925">
        <ele>1219.2</ele>
        <time>2024-11-25T15:09:45Z</time>
      </trkpt>
      <trkpt lat="-22.999341152608395" lon="16.409744108095765">
        <ele>1218</ele>
        <time>2024-11-25T15:09:51Z</time>
      </trkpt>
      <trkpt lat="-22.999417092651129" lon="16.409651236608624">
        <ele>1217.2</ele>
        <time>2024-11-25T15:09:57Z</time>
      </trkpt>
      <trkpt lat="-22.99948750063777" lon="16.409557024016976">
        <ele>1217.2</ele>
        <time>2024-11-25T15:10:03Z</time>
      </trkpt>
      <trkpt lat="-22.999546676874161" lon="16.409464403986931">
        <ele>1217.2</ele>
        <time>2024-11-25T15:10:09Z</time>
      </trkpt>
      <trkpt lat="-22.999621359631419" lon="16.4093744661659">
        <ele>1217.2</ele>
        <time>2024-11-25T15:10:15Z</time>
      </trkpt>
      <trkpt lat="-22.99969956278801" lon="16.409290647134185">
        <ele>1218</ele>
        <time>2024-11-25T15:10:20Z</time>
      </trkpt>
      <trkpt lat="-22.999770473688841" lon="16.409205151721835">
        <ele>1219.5999999999999</ele>
        <time>2024-11-25T15:10:26Z</time>
      </trkpt>
      <trkpt lat="-22.999840546399355" lon="16.409112280234694">
        <ele>1221.2</ele>
        <time>2024-11-25T15:10:32Z</time>
      </trkpt>
      <trkpt lat="-22.999983625486493" lon="16.408922262489796">
        <ele>1223.4000000000001</ele>
        <time>2024-11-25T15:10:38Z</time>
      </trkpt>
      <trkpt lat="-23.000056045129895" lon="16.408833749592304">
        <ele>1224.5999999999999</ele>
        <time>2024-11-25T15:10:44Z</time>
      </trkpt>
      <trkpt lat="-23.000129805877805" lon="16.40874607488513">
        <ele>1225.5999999999999</ele>
        <time>2024-11-25T15:10:50Z</time>
      </trkpt>
      <trkpt lat="-23.000202225521207" lon="16.408654795959592">
        <ele>1226.4000000000001</ele>
        <time>2024-11-25T15:10:56Z</time>
      </trkpt>
      <trkpt lat="-23.000273890793324" lon="16.408562930300832">
        <ele>1227.2</ele>
        <time>2024-11-25T15:11:01Z</time>
      </trkpt>
      <trkpt lat="-23.000345639884472" lon="16.408471567556262">
        <ele>1228.8</ele>
        <time>2024-11-25T15:11:07Z</time>
      </trkpt>
      <trkpt lat="-23.000416047871113" lon="16.408375427126884">
        <ele>1229.4000000000001</ele>
        <time>2024-11-25T15:11:13Z</time>
      </trkpt>
      <trkpt lat="-23.000488635152578" lon="16.408277945592999">
        <ele>1230.4000000000001</ele>
        <time>2024-11-25T15:11:19Z</time>
      </trkpt>
      <trkpt lat="-23.000563820824027" lon="16.408179206773639">
        <ele>1231.2</ele>
        <time>2024-11-25T15:11:25Z</time>
      </trkpt>
      <trkpt lat="-23.000639257952571" lon="16.408076277002692">
        <ele>1231.8</ele>
        <time>2024-11-25T15:11:31Z</time>
      </trkpt>
      <trkpt lat="-23.000718215480447" lon="16.407968318089843">
        <ele>1231.8</ele>
        <time>2024-11-25T15:11:37Z</time>
      </trkpt>
      <trkpt lat="-23.000801028683782" lon="16.407856671139598">
        <ele>1232</ele>
        <time>2024-11-25T15:11:42Z</time>
      </trkpt>
      <trkpt lat="-23.00088794901967" lon="16.407742593437433">
        <ele>1232</ele>
        <time>2024-11-25T15:11:48Z</time>
      </trkpt>
      <trkpt lat="-23.00097880885005" lon="16.407625162974">
        <ele>1231.8</ele>
        <time>2024-11-25T15:11:54Z</time>
      </trkpt>
      <trkpt lat="-23.001081822440028" lon="16.40750982798636">
        <ele>1231</ele>
        <time>2024-11-25T15:12:00Z</time>
      </trkpt>
      <trkpt lat="-23.001181986182928" lon="16.407389463856816">
        <ele>1230.8</ele>
        <time>2024-11-25T15:12:06Z</time>
      </trkpt>
      <trkpt lat="-23.001283742487431" lon="16.407263735309243">
        <ele>1230</ele>
        <time>2024-11-25T15:12:12Z</time>
      </trkpt>
      <trkpt lat="-23.001384409144521" lon="16.407136246562004">
        <ele>1229.5999999999999</ele>
        <time>2024-11-25T15:12:18Z</time>
      </trkpt>
      <trkpt lat="-23.001478957012296" lon="16.407012781128287">
        <ele>1229.5999999999999</ele>
        <time>2024-11-25T15:12:23Z</time>
      </trkpt>
      <trkpt lat="-23.001570906490088" lon="16.406891411170363">
        <ele>1229.8</ele>
        <time>2024-11-25T15:12:29Z</time>
      </trkpt>
      <trkpt lat="-23.001662436872721" lon="16.406761826947331">
        <ele>1229.5999999999999</ele>
        <time>2024-11-25T15:12:35Z</time>
      </trkpt>
      <trkpt lat="-23.001752709969878" lon="16.406624782830477">
        <ele>1229.5999999999999</ele>
        <time>2024-11-25T15:12:41Z</time>
      </trkpt>
      <trkpt lat="-23.001837031915784" lon="16.406477764248848">
        <ele>1229.5999999999999</ele>
        <time>2024-11-25T15:12:47Z</time>
      </trkpt>
      <trkpt lat="-23.00191992893815" lon="16.406321106478572">
        <ele>1229.5999999999999</ele>
        <time>2024-11-25T15:12:53Z</time>
      </trkpt>
      <trkpt lat="-23.001998132094741" lon="16.406161766499281">
        <ele>1228.8</ele>
        <time>2024-11-25T15:12:59Z</time>
      </trkpt>
      <trkpt lat="-23.002070216462016" lon="16.406001839786768">
        <ele>1228.8</ele>
        <time>2024-11-25T15:13:05Z</time>
      </trkpt>
      <trkpt lat="-23.002138948068023" lon="16.405843589454889">
        <ele>1228.8</ele>
        <time>2024-11-25T15:13:10Z</time>
      </trkpt>
      <trkpt lat="-23.002202566713095" lon="16.405693804845214">
        <ele>1228.8</ele>
        <time>2024-11-25T15:13:16Z</time>
      </trkpt>
      <trkpt lat="-23.002267358824611" lon="16.405551480129361">
        <ele>1229.5999999999999</ele>
        <time>2024-11-25T15:13:22Z</time>
      </trkpt>
      <trkpt lat="-23.002334916964173" lon="16.405413849279284">
        <ele>1230</ele>
        <time>2024-11-25T15:13:28Z</time>
      </trkpt>
      <trkpt lat="-23.002408426254988" lon="16.405281834304333">
        <ele>1230</ele>
        <time>2024-11-25T15:13:34Z</time>
      </trkpt>
      <trkpt lat="-23.002489730715752" lon="16.405150992795825">
        <ele>1230</ele>
        <time>2024-11-25T15:13:40Z</time>
      </trkpt>
      <trkpt lat="-23.002574890851974" lon="16.405014619231224">
        <ele>1230</ele>
        <time>2024-11-25T15:13:46Z</time>
      </trkpt>
      <trkpt lat="-23.002657368779182" lon="16.4048707857728">
        <ele>1228.8</ele>
        <time>2024-11-25T15:13:52Z</time>
      </trkpt>
      <trkpt lat="-23.002745630219579" lon="16.404721084982157">
        <ele>1227</ele>
        <time>2024-11-25T15:13:57Z</time>
      </trkpt>
      <trkpt lat="-23.002836741507053" lon="16.404569204896688">
        <ele>1225.4000000000001</ele>
        <time>2024-11-25T15:14:03Z</time>
      </trkpt>
      <trkpt lat="-23.002931540831923" lon="16.404412966221571">
        <ele>1223</ele>
        <time>2024-11-25T15:14:09Z</time>
      </trkpt>
      <trkpt lat="-23.003020891919732" lon="16.404253039509058">
        <ele>1220.8</ele>
        <time>2024-11-25T15:14:15Z</time>
      </trkpt>
      <trkpt lat="-23.003105968236923" lon="16.404096381738782">
        <ele>1219</ele>
        <time>2024-11-25T15:14:21Z</time>
      </trkpt>
      <trkpt lat="-23.003182578831911" lon="16.403939556330442">
        <ele>1217</ele>
        <time>2024-11-25T15:14:27Z</time>
      </trkpt>
      <trkpt lat="-23.003249801695347" lon="16.40378893353045">
        <ele>1217</ele>
        <time>2024-11-25T15:14:33Z</time>
      </trkpt>
      <trkpt lat="-23.00332423299551" lon="16.403652057051659">
        <ele>1217</ele>
        <time>2024-11-25T15:14:39Z</time>
      </trkpt>
      <trkpt lat="-23.003404699265957" lon="16.403523478657007">
        <ele>1217</ele>
        <time>2024-11-25T15:14:45Z</time>
      </trkpt>
      <trkpt lat="-23.003487680107355" lon="16.403397247195244">
        <ele>1217.8</ele>
        <time>2024-11-25T15:14:50Z</time>
      </trkpt>
      <trkpt lat="-23.003572672605515" lon="16.403268920257688">
        <ele>1219.4000000000001</ele>
        <time>2024-11-25T15:14:56Z</time>
      </trkpt>
      <trkpt lat="-23.003654647618532" lon="16.403139168396592">
        <ele>1219.8</ele>
        <time>2024-11-25T15:15:02Z</time>
      </trkpt>
      <trkpt lat="-23.003732766956091" lon="16.403013858944178">
        <ele>1220.5999999999999</ele>
        <time>2024-11-25T15:15:08Z</time>
      </trkpt>
      <trkpt lat="-23.003801750019193" lon="16.402895841747522">
        <ele>1221.2</ele>
        <time>2024-11-25T15:15:14Z</time>
      </trkpt>
      <trkpt lat="-23.003868469968438" lon="16.402785619720817">
        <ele>1222.8</ele>
        <time>2024-11-25T15:15:20Z</time>
      </trkpt>
      <trkpt lat="-23.003938039764762" lon="16.402681432664394">
        <ele>1223.5999999999999</ele>
        <time>2024-11-25T15:15:26Z</time>
      </trkpt>
      <trkpt lat="-23.004010794684291" lon="16.402584873139858">
        <ele>1225.5999999999999</ele>
        <time>2024-11-25T15:15:32Z</time>
      </trkpt>
      <trkpt lat="-23.004091596230865" lon="16.402493845671415">
        <ele>1226.4000000000001</ele>
        <time>2024-11-25T15:15:38Z</time>
      </trkpt>
      <trkpt lat="-23.00417541526258" lon="16.402402566745877">
        <ele>1226.4000000000001</ele>
        <time>2024-11-25T15:15:44Z</time>
      </trkpt>
      <trkpt lat="-23.004264514893293" lon="16.402306845411658">
        <ele>1226.4000000000001</ele>
        <time>2024-11-25T15:15:49Z</time>
      </trkpt>
      <trkpt lat="-23.00457070581615" lon="16.401984309777617">
        <ele>1224.4000000000001</ele>
        <time>2024-11-25T15:15:55Z</time>
      </trkpt>
      <trkpt lat="-23.004684615880251" lon="16.401862856000662">
        <ele>1223.2</ele>
        <time>2024-11-25T15:16:01Z</time>
      </trkpt>
      <trkpt lat="-23.00480330362916" lon="16.401733355596662">
        <ele>1221.4000000000001</ele>
        <time>2024-11-25T15:16:07Z</time>
      </trkpt>
      <trkpt lat="-23.004924086853862" lon="16.401598658412695">
        <ele>1219.8</ele>
        <time>2024-11-25T15:16:13Z</time>
      </trkpt>
      <trkpt lat="-23.005046462640166" lon="16.401462452486157">
        <ele>1217.8</ele>
        <time>2024-11-25T15:16:19Z</time>
      </trkpt>
      <trkpt lat="-23.005166994407773" lon="16.401324570178986">
        <ele>1216.8</ele>
        <time>2024-11-25T15:16:25Z</time>
      </trkpt>
      <trkpt lat="-23.005284760147333" lon="16.401186436414719">
        <ele>1216.4000000000001</ele>
        <time>2024-11-25T15:16:31Z</time>
      </trkpt>
      <trkpt lat="-23.005404956638813" lon="16.40104629099369">
        <ele>1215.2</ele>
        <time>2024-11-25T15:16:37Z</time>
      </trkpt>
      <trkpt lat="-23.005524063482881" lon="16.400905726477504">
        <ele>1214</ele>
        <time>2024-11-25T15:16:43Z</time>
      </trkpt>
      <trkpt lat="-23.005639566108584" lon="16.400763066485524">
        <ele>1212.8</ele>
        <time>2024-11-25T15:16:49Z</time>
      </trkpt>
      <trkpt lat="-23.005876690149307" lon="16.40047799795866">
        <ele>1211.2</ele>
        <time>2024-11-25T15:16:54Z</time>
      </trkpt>
      <trkpt lat="-23.005994204431772" lon="16.400345731526613">
        <ele>1210.2</ele>
        <time>2024-11-25T15:17:00Z</time>
      </trkpt>
      <trkpt lat="-23.006112892180681" lon="16.400224529206753">
        <ele>1209.2</ele>
        <time>2024-11-25T15:17:06Z</time>
      </trkpt>
      <trkpt lat="-23.006238872185349" lon="16.400109529495239">
        <ele>1208.8</ele>
        <time>2024-11-25T15:17:12Z</time>
      </trkpt>
      <trkpt lat="-23.006376838311553" lon="16.399999894201756">
        <ele>1208.5999999999999</ele>
        <time>2024-11-25T15:17:18Z</time>
      </trkpt>
      <trkpt lat="-23.006519498303533" lon="16.39989017508924">
        <ele>1208.4000000000001</ele>
        <time>2024-11-25T15:17:24Z</time>
      </trkpt>
      <trkpt lat="-23.007071111351252" lon="16.3994259852916">
        <ele>1209</ele>
        <time>2024-11-25T15:17:30Z</time>
      </trkpt>
      <trkpt lat="-23.007202539592981" lon="16.399314003065228">
        <ele>1209.8</ele>
        <time>2024-11-25T15:17:36Z</time>
      </trkpt>
      <trkpt lat="-23.007327513769269" lon="16.399203278124332">
        <ele>1211.8</ele>
        <time>2024-11-25T15:17:42Z</time>
      </trkpt>
      <trkpt lat="-23.007449302822351" lon="16.39910152181983">
        <ele>1212.8</ele>
        <time>2024-11-25T15:17:48Z</time>
      </trkpt>
      <trkpt lat="-23.007567236199975" lon="16.399012757465243">
        <ele>1214.4000000000001</ele>
        <time>2024-11-25T15:17:54Z</time>
      </trkpt>
      <trkpt lat="-23.007679972797632" lon="16.398931536823511">
        <ele>1216.5999999999999</ele>
        <time>2024-11-25T15:18:00Z</time>
      </trkpt>
      <trkpt lat="-23.007790194824338" lon="16.398849142715335">
        <ele>1216.8</ele>
        <time>2024-11-25T15:18:06Z</time>
      </trkpt>
      <trkpt lat="-23.007896142080426" lon="16.398762222379446">
        <ele>1216.8</ele>
        <time>2024-11-25T15:18:11Z</time>
      </trkpt>
      <trkpt lat="-23.00799697637558" lon="16.398676810786128">
        <ele>1216.8</ele>
        <time>2024-11-25T15:18:17Z</time>
      </trkpt>
      <trkpt lat="-23.008090518414974" lon="16.398593578487635">
        <ele>1216.8</ele>
        <time>2024-11-25T15:18:23Z</time>
      </trkpt>
      <trkpt lat="-23.008172577247024" lon="16.398515878245234">
        <ele>1215.5999999999999</ele>
        <time>2024-11-25T15:18:29Z</time>
      </trkpt>
      <trkpt lat="-23.008242901414633" lon="16.398443877696991">
        <ele>1214.8</ele>
        <time>2024-11-25T15:18:35Z</time>
      </trkpt>
      <trkpt lat="-23.008297802880406" lon="16.398379169404507">
        <ele>1214</ele>
        <time>2024-11-25T15:18:41Z</time>
      </trkpt>
      <trkpt lat="-23.008340550586581" lon="16.398323262110353">
        <ele>1213</ele>
        <time>2024-11-25T15:18:47Z</time>
      </trkpt>
      <trkpt lat="-23.008390422910452" lon="16.398265929892659">
        <ele>1212</ele>
        <time>2024-11-25T15:18:53Z</time>
      </trkpt>
      <trkpt lat="-23.008444905281067" lon="16.398204741999507">
        <ele>1211.5999999999999</ele>
        <time>2024-11-25T15:18:59Z</time>
      </trkpt>
      <trkpt lat="-23.008573902770877" lon="16.398057052865624">
        <ele>1210.4000000000001</ele>
        <time>2024-11-25T15:19:05Z</time>
      </trkpt>
      <trkpt lat="-23.008652022108436" lon="16.397968707606196">
        <ele>1209.8</ele>
        <time>2024-11-25T15:19:11Z</time>
      </trkpt>
      <trkpt lat="-23.008743468672037" lon="16.397874411195517">
        <ele>1208.8</ele>
        <time>2024-11-25T15:19:17Z</time>
      </trkpt>
      <trkpt lat="-23.008964750915766" lon="16.397683974355459">
        <ele>1206.5999999999999</ele>
        <time>2024-11-25T15:19:23Z</time>
      </trkpt>
      <trkpt lat="-23.009087042883039" lon="16.397592443972826">
        <ele>1205.2</ele>
        <time>2024-11-25T15:19:29Z</time>
      </trkpt>
      <trkpt lat="-23.009217716753483" lon="16.397521030157804">
        <ele>1205.2</ele>
        <time>2024-11-25T15:19:35Z</time>
      </trkpt>
      <trkpt lat="-23.0093480553478" lon="16.397474510595202">
        <ele>1205.2</ele>
        <time>2024-11-25T15:19:41Z</time>
      </trkpt>
      <trkpt lat="-23.009472275152802" lon="16.397451125085354">
        <ele>1205.2</ele>
        <time>2024-11-25T15:19:47Z</time>
      </trkpt>
      <trkpt lat="-23.009586688131094" lon="16.397439558058977">
        <ele>1206.5999999999999</ele>
        <time>2024-11-25T15:19:53Z</time>
      </trkpt>
      <trkpt lat="-23.009692383930087" lon="16.39743628911674">
        <ele>1208.8</ele>
        <time>2024-11-25T15:19:58Z</time>
      </trkpt>
      <trkpt lat="-23.009802270680666" lon="16.397450119256973">
        <ele>1210.4000000000001</ele>
        <time>2024-11-25T15:20:04Z</time>
      </trkpt>
      <trkpt lat="-23.009913414716721" lon="16.397467637434602">
        <ele>1212.8</ele>
        <time>2024-11-25T15:20:10Z</time>
      </trkpt>
      <trkpt lat="-23.01002724096179" lon="16.397479875013232">
        <ele>1215.4000000000001</ele>
        <time>2024-11-25T15:20:16Z</time>
      </trkpt>
      <trkpt lat="-23.010145928710699" lon="16.397489430382848">
        <ele>1216.5999999999999</ele>
        <time>2024-11-25T15:20:22Z</time>
      </trkpt>
      <trkpt lat="-23.010370144620538" lon="16.397497477009892">
        <ele>1219</ele>
        <time>2024-11-25T15:20:28Z</time>
      </trkpt>
      <trkpt lat="-23.010475924238563" lon="16.397500494495034">
        <ele>1219.5999999999999</ele>
        <time>2024-11-25T15:20:34Z</time>
      </trkpt>
      <trkpt lat="-23.010583715513349" lon="16.39750468544662">
        <ele>1219.8</ele>
        <time>2024-11-25T15:20:40Z</time>
      </trkpt>
      <trkpt lat="-23.010692177340388" lon="16.397511139512062">
        <ele>1219.8</ele>
        <time>2024-11-25T15:20:46Z</time>
      </trkpt>
      <trkpt lat="-23.010809943079948" lon="16.397523041814566">
        <ele>1219.8</ele>
        <time>2024-11-25T15:20:52Z</time>
      </trkpt>
      <trkpt lat="-23.010938856750727" lon="16.397539051249623">
        <ele>1219.2</ele>
        <time>2024-11-25T15:20:58Z</time>
      </trkpt>
      <trkpt lat="-23.011078163981438" lon="16.397546343505383">
        <ele>1217.2</ele>
        <time>2024-11-25T15:21:04Z</time>
      </trkpt>
      <trkpt lat="-23.011224763467908" lon="16.397542487829924">
        <ele>1216.2</ele>
        <time>2024-11-25T15:21:10Z</time>
      </trkpt>
      <trkpt lat="-23.011369686573744" lon="16.397529412060976">
        <ele>1215.4000000000001</ele>
        <time>2024-11-25T15:21:16Z</time>
      </trkpt>
      <trkpt lat="-23.01150731742382" lon="16.397500494495034">
        <ele>1215.5999999999999</ele>
        <time>2024-11-25T15:21:22Z</time>
      </trkpt>
      <trkpt lat="-23.011642349883914" lon="16.397463614121079">
        <ele>1215.5999999999999</ele>
        <time>2024-11-25T15:21:28Z</time>
      </trkpt>
      <trkpt lat="-23.0117726046592" lon="16.397425979375839">
        <ele>1216.2</ele>
        <time>2024-11-25T15:21:34Z</time>
      </trkpt>
      <trkpt lat="-23.011904284358025" lon="16.397389099001884">
        <ele>1217.8</ele>
        <time>2024-11-25T15:21:40Z</time>
      </trkpt>
      <trkpt lat="-23.012035461142659" lon="16.397354481741786">
        <ele>1218.4000000000001</ele>
        <time>2024-11-25T15:21:46Z</time>
      </trkpt>
      <trkpt lat="-23.012167140841484" lon="16.397322043776512">
        <ele>1219.2</ele>
        <time>2024-11-25T15:21:52Z</time>
      </trkpt>
      <trkpt lat="-23.012302424758673" lon="16.397287761792541">
        <ele>1219.5999999999999</ele>
        <time>2024-11-25T15:21:58Z</time>
      </trkpt>
      <trkpt lat="-23.012444162741303" lon="16.397248534485698">
        <ele>1221.2</ele>
        <time>2024-11-25T15:22:04Z</time>
      </trkpt>
      <trkpt lat="-23.012592857703567" lon="16.397211737930775">
        <ele>1221.5999999999999</ele>
        <time>2024-11-25T15:22:10Z</time>
      </trkpt>
      <trkpt lat="-23.01274448633194" lon="16.397169325500727">
        <ele>1222</ele>
        <time>2024-11-25T15:22:16Z</time>
      </trkpt>
      <trkpt lat="-23.012897958979011" lon="16.397108053788543">
        <ele>1222.5999999999999</ele>
        <time>2024-11-25T15:22:22Z</time>
      </trkpt>
      <trkpt lat="-23.013049671426415" lon="16.397033035755157">
        <ele>1222.8</ele>
        <time>2024-11-25T15:22:28Z</time>
      </trkpt>
      <trkpt lat="-23.013198198750615" lon="16.396948378533125">
        <ele>1223.2</ele>
        <time>2024-11-25T15:22:33Z</time>
      </trkpt>
      <trkpt lat="-23.013346726074815" lon="16.396855004131794">
        <ele>1223.2</ele>
        <time>2024-11-25T15:22:39Z</time>
      </trkpt>
      <trkpt lat="-23.01348770968616" lon="16.396752241998911">
        <ele>1223.2</ele>
        <time>2024-11-25T15:22:45Z</time>
      </trkpt>
      <trkpt lat="-23.013617545366287" lon="16.396644115447998">
        <ele>1223.4000000000001</ele>
        <time>2024-11-25T15:22:51Z</time>
      </trkpt>
      <trkpt lat="-23.013733718544245" lon="16.396545711904764">
        <ele>1223.5999999999999</ele>
        <time>2024-11-25T15:22:57Z</time>
      </trkpt>
      <trkpt lat="-23.01384293474257" lon="16.396450325846672">
        <ele>1223.5999999999999</ele>
        <time>2024-11-25T15:23:03Z</time>
      </trkpt>
      <trkpt lat="-23.013950977474451" lon="16.396353682503104">
        <ele>1223.5999999999999</ele>
        <time>2024-11-25T15:23:09Z</time>
      </trkpt>
      <trkpt lat="-23.014064384624362" lon="16.396251926198602">
        <ele>1223.2</ele>
        <time>2024-11-25T15:23:15Z</time>
      </trkpt>
      <trkpt lat="-23.0141781270504" lon="16.396149666979909">
        <ele>1223.4000000000001</ele>
        <time>2024-11-25T15:23:21Z</time>
      </trkpt>
      <trkpt lat="-23.01429538987577" lon="16.396043049171567">
        <ele>1223</ele>
        <time>2024-11-25T15:23:27Z</time>
      </trkpt>
      <trkpt lat="-23.014412904158235" lon="16.395927295088768">
        <ele>1222</ele>
        <time>2024-11-25T15:23:33Z</time>
      </trkpt>
      <trkpt lat="-23.014530502259731" lon="16.395809277892113">
        <ele>1219.5999999999999</ele>
        <time>2024-11-25T15:23:39Z</time>
      </trkpt>
      <trkpt lat="-23.014647178351879" lon="16.39568748883903">
        <ele>1219.2</ele>
        <time>2024-11-25T15:23:45Z</time>
      </trkpt>
      <trkpt lat="-23.0147600825876" lon="16.395567208528519">
        <ele>1219.2</ele>
        <time>2024-11-25T15:23:51Z</time>
      </trkpt>
      <trkpt lat="-23.01486955024302" lon="16.395456567406654">
        <ele>1219.2</ele>
        <time>2024-11-25T15:23:57Z</time>
      </trkpt>
      <trkpt lat="-23.014981700107455" lon="16.395359840244055">
        <ele>1220</ele>
        <time>2024-11-25T15:24:03Z</time>
      </trkpt>
      <trkpt lat="-23.015105249360204" lon="16.395286498591304">
        <ele>1220.4000000000001</ele>
        <time>2024-11-25T15:24:09Z</time>
      </trkpt>
      <trkpt lat="-23.015241120010614" lon="16.395244840532541">
        <ele>1220.4000000000001</ele>
        <time>2024-11-25T15:24:15Z</time>
      </trkpt>
      <trkpt lat="-23.015385372564197" lon="16.395231010392308">
        <ele>1220.4000000000001</ele>
        <time>2024-11-25T15:24:21Z</time>
      </trkpt>
      <trkpt lat="-23.01554094068706" lon="16.395233608782291">
        <ele>1220.2</ele>
        <time>2024-11-25T15:24:27Z</time>
      </trkpt>
      <trkpt lat="-23.015704471617937" lon="16.395238302648067">
        <ele>1219.4000000000001</ele>
        <time>2024-11-25T15:24:33Z</time>
      </trkpt>
      <trkpt lat="-23.015871020033956" lon="16.395243918523192">
        <ele>1218.5999999999999</ele>
        <time>2024-11-25T15:24:39Z</time>
      </trkpt>
      <trkpt lat="-23.016199255362153" lon="16.395288845524192">
        <ele>1217.4000000000001</ele>
        <time>2024-11-25T15:24:45Z</time>
      </trkpt>
      <trkpt lat="-23.016534196212888" lon="16.395355733111501">
        <ele>1216</ele>
        <time>2024-11-25T15:24:51Z</time>
      </trkpt>
      <trkpt lat="-23.01703467965126" lon="16.395441647619009">
        <ele>1215</ele>
        <time>2024-11-25T15:24:57Z</time>
      </trkpt>
      <trkpt lat="-23.017200138419867" lon="16.395460925996304">
        <ele>1215</ele>
        <time>2024-11-25T15:25:03Z</time>
      </trkpt>
      <trkpt lat="-23.017527535557747" lon="16.395497974008322">
        <ele>1217</ele>
        <time>2024-11-25T15:25:09Z</time>
      </trkpt>
      <trkpt lat="-23.017691904678941" lon="16.395517252385616">
        <ele>1218</ele>
        <time>2024-11-25T15:25:15Z</time>
      </trkpt>
      <trkpt lat="-23.017852166667581" lon="16.395538039505482">
        <ele>1219</ele>
        <time>2024-11-25T15:25:21Z</time>
      </trkpt>
      <trkpt lat="-23.018008405342698" lon="16.395553462207317">
        <ele>1220</ele>
        <time>2024-11-25T15:25:27Z</time>
      </trkpt>
      <trkpt lat="-23.018165398389101" lon="16.395555725321174">
        <ele>1220.4000000000001</ele>
        <time>2024-11-25T15:25:33Z</time>
      </trkpt>
      <trkpt lat="-23.01832658238709" lon="16.395546924322844">
        <ele>1220.5999999999999</ele>
        <time>2024-11-25T15:25:39Z</time>
      </trkpt>
      <trkpt lat="-23.018654566258192" lon="16.395492274314165">
        <ele>1220.5999999999999</ele>
        <time>2024-11-25T15:25:45Z</time>
      </trkpt>
      <trkpt lat="-23.018816839903593" lon="16.395449861884117">
        <ele>1221</ele>
        <time>2024-11-25T15:25:51Z</time>
      </trkpt>
      <trkpt lat="-23.019123198464513" lon="16.395342908799648">
        <ele>1221.2</ele>
        <time>2024-11-25T15:25:57Z</time>
      </trkpt>
      <trkpt lat="-23.019261248409748" lon="16.395284738391638">
        <ele>1221.5999999999999</ele>
        <time>2024-11-25T15:26:03Z</time>
      </trkpt>
      <trkpt lat="-23.019385049119592" lon="16.395227070897818">
        <ele>1223</ele>
        <time>2024-11-25T15:26:09Z</time>
      </trkpt>
      <trkpt lat="-23.019499545916915" lon="16.395165463909507">
        <ele>1225</ele>
        <time>2024-11-25T15:26:15Z</time>
      </trkpt>
      <trkpt lat="-23.019614880904555" lon="16.395097319036722">
        <ele>1225.2</ele>
        <time>2024-11-25T15:26:21Z</time>
      </trkpt>
      <trkpt lat="-23.019732562825084" lon="16.395017690956593">
        <ele>1225.2</ele>
        <time>2024-11-25T15:26:27Z</time>
      </trkpt>
      <trkpt lat="-23.019857872277498" lon="16.394932614639401">
        <ele>1225.2</ele>
        <time>2024-11-25T15:26:33Z</time>
      </trkpt>
      <trkpt lat="-23.019988881424069" lon="16.394844353199005">
        <ele>1225.2</ele>
        <time>2024-11-25T15:26:40Z</time>
      </trkpt>
      <trkpt lat="-23.020125841721892" lon="16.39475173316896">
        <ele>1224</ele>
        <time>2024-11-25T15:26:46Z</time>
      </trkpt>
      <trkpt lat="-23.020268669351935" lon="16.394653245806694">
        <ele>1222.5999999999999</ele>
        <time>2024-11-25T15:26:52Z</time>
      </trkpt>
      <trkpt lat="-23.020415771752596" lon="16.394550316035748">
        <ele>1221.2</ele>
        <time>2024-11-25T15:26:58Z</time>
      </trkpt>
      <trkpt lat="-23.020565388724208" lon="16.394442021846771">
        <ele>1220.4000000000001</ele>
        <time>2024-11-25T15:27:04Z</time>
      </trkpt>
      <trkpt lat="-23.020720453932881" lon="16.394327189773321">
        <ele>1219.2</ele>
        <time>2024-11-25T15:27:10Z</time>
      </trkpt>
      <trkpt lat="-23.020876022055745" lon="16.39420548453927">
        <ele>1218.4000000000001</ele>
        <time>2024-11-25T15:27:16Z</time>
      </trkpt>
      <trkpt lat="-23.021031925454736" lon="16.394080929458141">
        <ele>1218</ele>
        <time>2024-11-25T15:27:22Z</time>
      </trkpt>
      <trkpt lat="-23.021187242120504" lon="16.393957966938615">
        <ele>1217.4000000000001</ele>
        <time>2024-11-25T15:27:28Z</time>
      </trkpt>
      <trkpt lat="-23.021342558786273" lon="16.393835172057152">
        <ele>1216</ele>
        <time>2024-11-25T15:27:34Z</time>
      </trkpt>
      <trkpt lat="-23.021644810214639" lon="16.393587905913591">
        <ele>1215.8</ele>
        <time>2024-11-25T15:27:40Z</time>
      </trkpt>
      <trkpt lat="-23.021786129102111" lon="16.393468715250492">
        <ele>1215.8</ele>
        <time>2024-11-25T15:27:46Z</time>
      </trkpt>
      <trkpt lat="-23.021920155733824" lon="16.393350195139647">
        <ele>1215.8</ele>
        <time>2024-11-25T15:27:52Z</time>
      </trkpt>
      <trkpt lat="-23.022047560662031" lon="16.393223879858851">
        <ele>1217.2</ele>
        <time>2024-11-25T15:27:58Z</time>
      </trkpt>
      <trkpt lat="-23.022175384685397" lon="16.393093289807439">
        <ele>1218.8</ele>
        <time>2024-11-25T15:28:04Z</time>
      </trkpt>
      <trkpt lat="-23.022301364690065" lon="16.392961945384741">
        <ele>1219.5999999999999</ele>
        <time>2024-11-25T15:28:10Z</time>
      </trkpt>
      <trkpt lat="-23.022425165399909" lon="16.392831690609455">
        <ele>1220.4000000000001</ele>
        <time>2024-11-25T15:28:16Z</time>
      </trkpt>
      <trkpt lat="-23.02254494279623" lon="16.392697915434837">
        <ele>1220.8</ele>
        <time>2024-11-25T15:28:22Z</time>
      </trkpt>
      <trkpt lat="-23.023049952462316" lon="16.392136830836535">
        <ele>1221</ele>
        <time>2024-11-25T15:28:28Z</time>
      </trkpt>
      <trkpt lat="-23.023290177807212" lon="16.391829298809171">
        <ele>1220.4000000000001</ele>
        <time>2024-11-25T15:28:34Z</time>
      </trkpt>
      <trkpt lat="-23.023409536108375" lon="16.391680939123034">
        <ele>1220.4000000000001</ele>
        <time>2024-11-25T15:28:40Z</time>
      </trkpt>
      <trkpt lat="-23.023635512217879" lon="16.391393858939409">
        <ele>1220.8</ele>
        <time>2024-11-25T15:28:46Z</time>
      </trkpt>
      <trkpt lat="-23.023730479180813" lon="16.391264693811536">
        <ele>1221.8</ele>
        <time>2024-11-25T15:28:52Z</time>
      </trkpt>
      <trkpt lat="-23.023829972371459" lon="16.391130667179823">
        <ele>1222.5999999999999</ele>
        <time>2024-11-25T15:28:58Z</time>
      </trkpt>
      <trkpt lat="-23.023935249075294" lon="16.391003513708711">
        <ele>1223.2</ele>
        <time>2024-11-25T15:29:05Z</time>
      </trkpt>
      <trkpt lat="-23.024044800549746" lon="16.390868313610554">
        <ele>1223.2</ele>
        <time>2024-11-25T15:29:11Z</time>
      </trkpt>
      <trkpt lat="-23.024265496060252" lon="16.390590034425259">
        <ele>1222.8</ele>
        <time>2024-11-25T15:29:17Z</time>
      </trkpt>
      <trkpt lat="-23.02437680773437" lon="16.390445278957486">
        <ele>1222</ele>
        <time>2024-11-25T15:29:23Z</time>
      </trkpt>
      <trkpt lat="-23.024489628151059" lon="16.390296751633286">
        <ele>1221</ele>
        <time>2024-11-25T15:29:29Z</time>
      </trkpt>
      <trkpt lat="-23.024601023644209" lon="16.390145206823945">
        <ele>1219.4000000000001</ele>
        <time>2024-11-25T15:29:35Z</time>
      </trkpt>
      <trkpt lat="-23.024708312004805" lon="16.389997852966189">
        <ele>1218</ele>
        <time>2024-11-25T15:29:41Z</time>
      </trkpt>
      <trkpt lat="-23.024818617850542" lon="16.389853684231639">
        <ele>1216.5999999999999</ele>
        <time>2024-11-25T15:29:47Z</time>
      </trkpt>
      <trkpt lat="-23.024924397468567" lon="16.389720998704433">
        <ele>1216.4000000000001</ele>
        <time>2024-11-25T15:29:53Z</time>
      </trkpt>
      <trkpt lat="-23.025041576474905" lon="16.389608178287745">
        <ele>1216.4000000000001</ele>
        <time>2024-11-25T15:29:59Z</time>
      </trkpt>
      <trkpt lat="-23.025165628641844" lon="16.389500135555863">
        <ele>1216.4000000000001</ele>
        <time>2024-11-25T15:30:05Z</time>
      </trkpt>
      <trkpt lat="-23.025294877588749" lon="16.389391757547855">
        <ele>1216.5999999999999</ele>
        <time>2024-11-25T15:30:11Z</time>
      </trkpt>
      <trkpt lat="-23.025560332462192" lon="16.389163602143526">
        <ele>1217.2</ele>
        <time>2024-11-25T15:30:17Z</time>
      </trkpt>
      <trkpt lat="-23.026105323806405" lon="16.388703770935535">
        <ele>1217.2</ele>
        <time>2024-11-25T15:30:23Z</time>
      </trkpt>
      <trkpt lat="-23.026362229138613" lon="16.388471089303493">
        <ele>1217</ele>
        <time>2024-11-25T15:30:30Z</time>
      </trkpt>
      <trkpt lat="-23.026486532762647" lon="16.388364303857088">
        <ele>1217</ele>
        <time>2024-11-25T15:30:36Z</time>
      </trkpt>
      <trkpt lat="-23.026604549959302" lon="16.388261457905173">
        <ele>1218.2</ele>
        <time>2024-11-25T15:30:42Z</time>
      </trkpt>
      <trkpt lat="-23.026721058413386" lon="16.388159533962607">
        <ele>1220</ele>
        <time>2024-11-25T15:30:48Z</time>
      </trkpt>
      <trkpt lat="-23.02683413028717" lon="16.388058951124549">
        <ele>1222.2</ele>
        <time>2024-11-25T15:30:54Z</time>
      </trkpt>
      <trkpt lat="-23.026948124170303" lon="16.387962475419044">
        <ele>1223.4000000000001</ele>
        <time>2024-11-25T15:31:00Z</time>
      </trkpt>
      <trkpt lat="-23.027062704786658" lon="16.387872202321887">
        <ele>1225.2</ele>
        <time>2024-11-25T15:31:06Z</time>
      </trkpt>
      <trkpt lat="-23.027176782488823" lon="16.387783270329237">
        <ele>1226.5999999999999</ele>
        <time>2024-11-25T15:31:12Z</time>
      </trkpt>
      <trkpt lat="-23.027286836877465" lon="16.387692661955953">
        <ele>1228.2</ele>
        <time>2024-11-25T15:31:18Z</time>
      </trkpt>
      <trkpt lat="-23.027393035590649" lon="16.387598533183336">
        <ele>1229.4000000000001</ele>
        <time>2024-11-25T15:31:24Z</time>
      </trkpt>
      <trkpt lat="-23.027489762753248" lon="16.387509014457464">
        <ele>1230.5999999999999</ele>
        <time>2024-11-25T15:31:30Z</time>
      </trkpt>
      <trkpt lat="-23.027575928717852" lon="16.387421591207385">
        <ele>1231.8</ele>
        <time>2024-11-25T15:31:37Z</time>
      </trkpt>
      <trkpt lat="-23.027649102732539" lon="16.387327630072832">
        <ele>1233.4000000000001</ele>
        <time>2024-11-25T15:31:43Z</time>
      </trkpt>
      <trkpt lat="-23.027708781883121" lon="16.387221179902554">
        <ele>1234.8</ele>
        <time>2024-11-25T15:31:49Z</time>
      </trkpt>
      <trkpt lat="-23.027757983654737" lon="16.387105342000723">
        <ele>1235.5999999999999</ele>
        <time>2024-11-25T15:31:55Z</time>
      </trkpt>
      <trkpt lat="-23.027808191254735" lon="16.386981708928943">
        <ele>1236.2</ele>
        <time>2024-11-25T15:32:01Z</time>
      </trkpt>
      <trkpt lat="-23.027866194024682" lon="16.386847430840135">
        <ele>1236.4000000000001</ele>
        <time>2024-11-25T15:32:07Z</time>
      </trkpt>
      <trkpt lat="-23.027915228158236" lon="16.386712063103914">
        <ele>1236.5999999999999</ele>
        <time>2024-11-25T15:32:13Z</time>
      </trkpt>
      <trkpt lat="-23.027969542890787" lon="16.386570911854506">
        <ele>1237</ele>
        <time>2024-11-25T15:32:19Z</time>
      </trkpt>
      <trkpt lat="-23.028031066060066" lon="16.386430766433477">
        <ele>1237.8</ele>
        <time>2024-11-25T15:32:25Z</time>
      </trkpt>
      <trkpt lat="-23.028091164305806" lon="16.386291291564703">
        <ele>1238.5999999999999</ele>
        <time>2024-11-25T15:32:31Z</time>
      </trkpt>
      <trkpt lat="-23.028155034407973" lon="16.386149050667882">
        <ele>1239</ele>
        <time>2024-11-25T15:32:38Z</time>
      </trkpt>
      <trkpt lat="-23.028221167623997" lon="16.386009743437171">
        <ele>1239.4000000000001</ele>
        <time>2024-11-25T15:32:44Z</time>
      </trkpt>
      <trkpt lat="-23.028286630287766" lon="16.385874208062887">
        <ele>1240</ele>
        <time>2024-11-25T15:32:50Z</time>
      </trkpt>
      <trkpt lat="-23.028353853151202" lon="16.38573213480413">
        <ele>1240.2</ele>
        <time>2024-11-25T15:32:56Z</time>
      </trkpt>
      <trkpt lat="-23.02841923199594" lon="16.385589810088277">
        <ele>1240.4000000000001</ele>
        <time>2024-11-25T15:33:02Z</time>
      </trkpt>
      <trkpt lat="-23.028482431545854" lon="16.385447653010488">
        <ele>1240.5999999999999</ele>
        <time>2024-11-25T15:33:08Z</time>
      </trkpt>
      <trkpt lat="-23.028543787077069" lon="16.385305831208825">
        <ele>1240.8</ele>
        <time>2024-11-25T15:33:14Z</time>
      </trkpt>
      <trkpt lat="-23.028603130951524" lon="16.385162500664592">
        <ele>1240.8</ele>
        <time>2024-11-25T15:33:20Z</time>
      </trkpt>
      <trkpt lat="-23.02865912206471" lon="16.385020511224866">
        <ele>1240.8</ele>
        <time>2024-11-25T15:33:26Z</time>
      </trkpt>
      <trkpt lat="-23.028710000216961" lon="16.384881036356091">
        <ele>1241</ele>
        <time>2024-11-25T15:33:33Z</time>
      </trkpt>
      <trkpt lat="-23.028763392940164" lon="16.38474122621119">
        <ele>1242.5999999999999</ele>
        <time>2024-11-25T15:33:39Z</time>
      </trkpt>
      <trkpt lat="-23.028823742642999" lon="16.384613150730729">
        <ele>1244.2</ele>
        <time>2024-11-25T15:33:45Z</time>
      </trkpt>
      <trkpt lat="-23.028885936364532" lon="16.384493540972471">
        <ele>1245.5999999999999</ele>
        <time>2024-11-25T15:33:51Z</time>
      </trkpt>
      <trkpt lat="-23.028951063752174" lon="16.384375691413879">
        <ele>1245.5999999999999</ele>
        <time>2024-11-25T15:33:57Z</time>
      </trkpt>
      <trkpt lat="-23.029007390141487" lon="16.384246861562133">
        <ele>1245.8</ele>
        <time>2024-11-25T15:34:03Z</time>
      </trkpt>
      <trkpt lat="-23.029033541679382" lon="16.384106548503041">
        <ele>1245.8</ele>
        <time>2024-11-25T15:34:09Z</time>
      </trkpt>
      <trkpt lat="-23.029033960774541" lon="16.383967911824584">
        <ele>1246.2</ele>
        <time>2024-11-25T15:34:15Z</time>
      </trkpt>
      <trkpt lat="-23.029028680175543" lon="16.383831622079015">
        <ele>1246.2</ele>
        <time>2024-11-25T15:34:22Z</time>
      </trkpt>
      <trkpt lat="-23.02902021445334" lon="16.383699020370841">
        <ele>1246.2</ele>
        <time>2024-11-25T15:34:28Z</time>
      </trkpt>
      <trkpt lat="-23.029017867520452" lon="16.383561305701733">
        <ele>1247.5999999999999</ele>
        <time>2024-11-25T15:34:34Z</time>
      </trkpt>
      <trkpt lat="-23.029024321585894" lon="16.383428452536464">
        <ele>1249.2</ele>
        <time>2024-11-25T15:34:40Z</time>
      </trkpt>
      <trkpt lat="-23.02903831936419" lon="16.383305490016937">
        <ele>1250.5999999999999</ele>
        <time>2024-11-25T15:34:46Z</time>
      </trkpt>
      <trkpt lat="-23.029059944674373" lon="16.383192082867026">
        <ele>1251.2</ele>
        <time>2024-11-25T15:34:52Z</time>
      </trkpt>
      <trkpt lat="-23.029085509479046" lon="16.383093930780888">
        <ele>1252</ele>
        <time>2024-11-25T15:34:58Z</time>
      </trkpt>
      <trkpt lat="-23.029107134789228" lon="16.383009273558855">
        <ele>1252</ele>
        <time>2024-11-25T15:35:04Z</time>
      </trkpt>
      <trkpt lat="-23.029128257185221" lon="16.382933249697089">
        <ele>1252</ele>
        <time>2024-11-25T15:35:11Z</time>
      </trkpt>
      <trkpt lat="-23.029150469228625" lon="16.382855381816626">
        <ele>1252</ele>
        <time>2024-11-25T15:35:17Z</time>
      </trkpt>
      <trkpt lat="-23.029179554432631" lon="16.382762175053358">
        <ele>1251.5999999999999</ele>
        <time>2024-11-25T15:35:23Z</time>
      </trkpt>
      <trkpt lat="-23.029210567474365" lon="16.382655473425984">
        <ele>1251.2</ele>
        <time>2024-11-25T15:35:29Z</time>
      </trkpt>
      <trkpt lat="-23.029246190562844" lon="16.382537204772234">
        <ele>1251</ele>
        <time>2024-11-25T15:35:35Z</time>
      </trkpt>
      <trkpt lat="-23.029289105907083" lon="16.38240116648376">
        <ele>1250.4000000000001</ele>
        <time>2024-11-25T15:35:41Z</time>
      </trkpt>
      <trkpt lat="-23.029336296021938" lon="16.382248615846038">
        <ele>1250</ele>
        <time>2024-11-25T15:35:47Z</time>
      </trkpt>
      <trkpt lat="-23.029389185830951" lon="16.382087431848049">
        <ele>1248.5999999999999</ele>
        <time>2024-11-25T15:35:53Z</time>
      </trkpt>
      <trkpt lat="-23.02944727241993" lon="16.381918620318174">
        <ele>1247.8</ele>
        <time>2024-11-25T15:36:00Z</time>
      </trkpt>
      <trkpt lat="-23.029514076188207" lon="16.381750563159585">
        <ele>1246.4000000000001</ele>
        <time>2024-11-25T15:36:06Z</time>
      </trkpt>
      <trkpt lat="-23.02958264015615" lon="16.381588457152247">
        <ele>1245</ele>
        <time>2024-11-25T15:36:12Z</time>
      </trkpt>
      <trkpt lat="-23.029647516086698" lon="16.381433643400669">
        <ele>1245</ele>
        <time>2024-11-25T15:36:18Z</time>
      </trkpt>
      <trkpt lat="-23.029700657352805" lon="16.38128025457263">
        <ele>1245</ele>
        <time>2024-11-25T15:36:24Z</time>
      </trkpt>
      <trkpt lat="-23.029738124459982" lon="16.38113365508616">
        <ele>1245</ele>
        <time>2024-11-25T15:36:30Z</time>
      </trkpt>
      <trkpt lat="-23.029753211885691" lon="16.380991162732244">
        <ele>1245</ele>
        <time>2024-11-25T15:36:36Z</time>
      </trkpt>
      <trkpt lat="-23.029743824154139" lon="16.380853615701199">
        <ele>1245</ele>
        <time>2024-11-25T15:36:43Z</time>
      </trkpt>
      <trkpt lat="-23.029708033427596" lon="16.380720678716898">
        <ele>1245</ele>
        <time>2024-11-25T15:36:49Z</time>
      </trkpt>
      <trkpt lat="-23.029664028435946" lon="16.380587574094534">
        <ele>1245</ele>
        <time>2024-11-25T15:36:55Z</time>
      </trkpt>
      <trkpt lat="-23.029621616005898" lon="16.380448685958982">
        <ele>1244.4000000000001</ele>
        <time>2024-11-25T15:37:01Z</time>
      </trkpt>
      <trkpt lat="-23.029578868299723" lon="16.380304014310241">
        <ele>1243</ele>
        <time>2024-11-25T15:37:07Z</time>
      </trkpt>
      <trkpt lat="-23.029477531090379" lon="16.379975695163012">
        <ele>1240.5999999999999</ele>
        <time>2024-11-25T15:37:13Z</time>
      </trkpt>
      <trkpt lat="-23.029422210529447" lon="16.379792634397745">
        <ele>1239</ele>
        <time>2024-11-25T15:37:19Z</time>
      </trkpt>
      <trkpt lat="-23.029364878311753" lon="16.379604795947671">
        <ele>1236.4000000000001</ele>
        <time>2024-11-25T15:37:26Z</time>
      </trkpt>
      <trkpt lat="-23.029307126998901" lon="16.379414778202772">
        <ele>1235</ele>
        <time>2024-11-25T15:37:32Z</time>
      </trkpt>
      <trkpt lat="-23.029246106743813" lon="16.379219982773066">
        <ele>1232.8</ele>
        <time>2024-11-25T15:37:38Z</time>
      </trkpt>
      <trkpt lat="-23.029189109802246" lon="16.379025522619486">
        <ele>1231.5999999999999</ele>
        <time>2024-11-25T15:37:44Z</time>
      </trkpt>
      <trkpt lat="-23.029092382639647" lon="16.378637859597802">
        <ele>1230</ele>
        <time>2024-11-25T15:37:50Z</time>
      </trkpt>
      <trkpt lat="-23.029044857248664" lon="16.378462091088295">
        <ele>1229</ele>
        <time>2024-11-25T15:37:56Z</time>
      </trkpt>
      <trkpt lat="-23.028988530859351" lon="16.378296967595816">
        <ele>1228.8</ele>
        <time>2024-11-25T15:38:02Z</time>
      </trkpt>
      <trkpt lat="-23.02891711704433" lon="16.378147434443235">
        <ele>1228.8</ele>
        <time>2024-11-25T15:38:09Z</time>
      </trkpt>
      <trkpt lat="-23.028835309669375" lon="16.378006702288985">
        <ele>1228.5999999999999</ele>
        <time>2024-11-25T15:38:15Z</time>
      </trkpt>
      <trkpt lat="-23.028750568628311" lon="16.377872591838241">
        <ele>1228.4000000000001</ele>
        <time>2024-11-25T15:38:21Z</time>
      </trkpt>
      <trkpt lat="-23.028663480654359" lon="16.377738816663623">
        <ele>1228.4000000000001</ele>
        <time>2024-11-25T15:38:27Z</time>
      </trkpt>
      <trkpt lat="-23.02848712541163" lon="16.377443689852953">
        <ele>1227.2</ele>
        <time>2024-11-25T15:38:33Z</time>
      </trkpt>
      <trkpt lat="-23.028399031609297" lon="16.377287618815899">
        <ele>1225.8</ele>
        <time>2024-11-25T15:38:39Z</time>
      </trkpt>
      <trkpt lat="-23.028308590874076" lon="16.377137834206223">
        <ele>1224.4000000000001</ele>
        <time>2024-11-25T15:38:46Z</time>
      </trkpt>
      <trkpt lat="-23.028020421043038" lon="16.376650258898735">
        <ele>1223</ele>
        <time>2024-11-25T15:38:52Z</time>
      </trkpt>
      <trkpt lat="-23.027811711654067" lon="16.376293608918786">
        <ele>1221.2</ele>
        <time>2024-11-25T15:38:58Z</time>
      </trkpt>
      <trkpt lat="-23.027522535994649" lon="16.375755239278078">
        <ele>1220.2</ele>
        <time>2024-11-25T15:39:04Z</time>
      </trkpt>
      <trkpt lat="-23.027418432757258" lon="16.375601012259722">
        <ele>1220.2</ele>
        <time>2024-11-25T15:39:10Z</time>
      </trkpt>
      <trkpt lat="-23.027301672846079" lon="16.375470506027341">
        <ele>1220.2</ele>
        <time>2024-11-25T15:39:16Z</time>
      </trkpt>
      <trkpt lat="-23.027173262089491" lon="16.375370509922504">
        <ele>1220.2</ele>
        <time>2024-11-25T15:39:23Z</time>
      </trkpt>
      <trkpt lat="-23.027039654552937" lon="16.375295743346214">
        <ele>1220.4000000000001</ele>
        <time>2024-11-25T15:39:29Z</time>
      </trkpt>
      <trkpt lat="-23.026898922398686" lon="16.375229610130191">
        <ele>1221</ele>
        <time>2024-11-25T15:39:35Z</time>
      </trkpt>
      <trkpt lat="-23.026749389246106" lon="16.375157944858074">
        <ele>1222.2</ele>
        <time>2024-11-25T15:39:41Z</time>
      </trkpt>
      <trkpt lat="-23.02659566514194" lon="16.375074964016676">
        <ele>1222.2</ele>
        <time>2024-11-25T15:39:47Z</time>
      </trkpt>
      <trkpt lat="-23.026283690705895" lon="16.374879498034716">
        <ele>1222.5999999999999</ele>
        <time>2024-11-25T15:39:54Z</time>
      </trkpt>
      <trkpt lat="-23.025828721001744" lon="16.374549670144916">
        <ele>1222.4000000000001</ele>
        <time>2024-11-25T15:40:00Z</time>
      </trkpt>
      <trkpt lat="-23.025699891149998" lon="16.374432910233736">
        <ele>1222.4000000000001</ele>
        <time>2024-11-25T15:40:06Z</time>
      </trkpt>
      <trkpt lat="-23.025587908923626" lon="16.374326460063457">
        <ele>1222.5999999999999</ele>
        <time>2024-11-25T15:40:12Z</time>
      </trkpt>
      <trkpt lat="-23.025484895333648" lon="16.37423031963408">
        <ele>1222.8</ele>
        <time>2024-11-25T15:40:18Z</time>
      </trkpt>
      <trkpt lat="-23.025390347465873" lon="16.374137280508876">
        <ele>1224</ele>
        <time>2024-11-25T15:40:25Z</time>
      </trkpt>
      <trkpt lat="-23.025298314169049" lon="16.374038374051452">
        <ele>1225</ele>
        <time>2024-11-25T15:40:31Z</time>
      </trkpt>
      <trkpt lat="-23.025199910625815" lon="16.373936282470822">
        <ele>1225</ele>
        <time>2024-11-25T15:40:37Z</time>
      </trkpt>
      <trkpt lat="-23.024993883445859" lon="16.373709971085191">
        <ele>1225</ele>
        <time>2024-11-25T15:40:43Z</time>
      </trkpt>
      <trkpt lat="-23.024650057777762" lon="16.373368324711919">
        <ele>1222.5999999999999</ele>
        <time>2024-11-25T15:40:49Z</time>
      </trkpt>
      <trkpt lat="-23.024527933448553" lon="16.373260365799069">
        <ele>1222.4000000000001</ele>
        <time>2024-11-25T15:40:55Z</time>
      </trkpt>
      <trkpt lat="-23.024006998166442" lon="16.372799947857857">
        <ele>1222.2</ele>
        <time>2024-11-25T15:41:02Z</time>
      </trkpt>
      <trkpt lat="-23.023865176364779" lon="16.37267648242414">
        <ele>1222.2</ele>
        <time>2024-11-25T15:41:08Z</time>
      </trkpt>
      <trkpt lat="-23.023582370951772" lon="16.37242385186255">
        <ele>1221.4000000000001</ele>
        <time>2024-11-25T15:41:14Z</time>
      </trkpt>
      <trkpt lat="-23.023161264136434" lon="16.372019005939364">
        <ele>1219.8</ele>
        <time>2024-11-25T15:41:20Z</time>
      </trkpt>
      <trkpt lat="-23.02302966825664" lon="16.371880704537034">
        <ele>1219</ele>
        <time>2024-11-25T15:41:27Z</time>
      </trkpt>
      <trkpt lat="-23.022910142317414" lon="16.371731841936707">
        <ele>1218.2</ele>
        <time>2024-11-25T15:41:33Z</time>
      </trkpt>
      <trkpt lat="-23.022806709632277" lon="16.37157216668129">
        <ele>1217.5999999999999</ele>
        <time>2024-11-25T15:41:39Z</time>
      </trkpt>
      <trkpt lat="-23.022720962762833" lon="16.371412491425872">
        <ele>1216.4000000000001</ele>
        <time>2024-11-25T15:41:45Z</time>
      </trkpt>
      <trkpt lat="-23.022650806233287" lon="16.37125164270401">
        <ele>1215.8</ele>
        <time>2024-11-25T15:41:51Z</time>
      </trkpt>
      <trkpt lat="-23.022593893110752" lon="16.371085178107023">
        <ele>1215.5999999999999</ele>
        <time>2024-11-25T15:41:58Z</time>
      </trkpt>
      <trkpt lat="-23.02254200913012" lon="16.370910666882992">
        <ele>1215.5999999999999</ele>
        <time>2024-11-25T15:42:04Z</time>
      </trkpt>
      <trkpt lat="-23.022498171776533" lon="16.370729701593518">
        <ele>1215.2</ele>
        <time>2024-11-25T15:42:10Z</time>
      </trkpt>
      <trkpt lat="-23.022437989711761" lon="16.370347738265991">
        <ele>1213.2</ele>
        <time>2024-11-25T15:42:16Z</time>
      </trkpt>
      <trkpt lat="-23.022424830123782" lon="16.370152356103063">
        <ele>1211.4000000000001</ele>
        <time>2024-11-25T15:42:23Z</time>
      </trkpt>
      <trkpt lat="-23.0224100779742" lon="16.369969798251987">
        <ele>1209.5999999999999</ele>
        <time>2024-11-25T15:42:29Z</time>
      </trkpt>
      <trkpt lat="-23.022389793768525" lon="16.36980039998889">
        <ele>1208.5999999999999</ele>
        <time>2024-11-25T15:42:35Z</time>
      </trkpt>
      <trkpt lat="-23.022364899516106" lon="16.369624547660351">
        <ele>1207.8</ele>
        <time>2024-11-25T15:42:41Z</time>
      </trkpt>
      <trkpt lat="-23.022335730493069" lon="16.369448443874717">
        <ele>1206.2</ele>
        <time>2024-11-25T15:42:47Z</time>
      </trkpt>
      <trkpt lat="-23.022300358861685" lon="16.369275022298098">
        <ele>1205.2</ele>
        <time>2024-11-25T15:42:54Z</time>
      </trkpt>
      <trkpt lat="-23.022259538993239" lon="16.369113083928823">
        <ele>1204</ele>
        <time>2024-11-25T15:43:00Z</time>
      </trkpt>
      <trkpt lat="-23.022205727174878" lon="16.36896874755621">
        <ele>1202.2</ele>
        <time>2024-11-25T15:43:06Z</time>
      </trkpt>
      <trkpt lat="-23.022131798788905" lon="16.368832038715482">
        <ele>1201</ele>
        <time>2024-11-25T15:43:12Z</time>
      </trkpt>
      <trkpt lat="-23.022040016949177" lon="16.368715530261397">
        <ele>1200</ele>
        <time>2024-11-25T15:43:19Z</time>
      </trkpt>
      <trkpt lat="-23.02194437943399" lon="16.368609163910151">
        <ele>1199.8</ele>
        <time>2024-11-25T15:43:25Z</time>
      </trkpt>
      <trkpt lat="-23.021853100508451" lon="16.368503384292126">
        <ele>1199.8</ele>
        <time>2024-11-25T15:43:31Z</time>
      </trkpt>
      <trkpt lat="-23.021768108010292" lon="16.368392072618008">
        <ele>1199.8</ele>
        <time>2024-11-25T15:43:37Z</time>
      </trkpt>
      <trkpt lat="-23.021682696416974" lon="16.368273720145226">
        <ele>1199.5999999999999</ele>
        <time>2024-11-25T15:43:44Z</time>
      </trkpt>
      <trkpt lat="-23.021596698090434" lon="16.368146985769272">
        <ele>1199.5999999999999</ele>
        <time>2024-11-25T15:43:50Z</time>
      </trkpt>
      <trkpt lat="-23.021405674517155" lon="16.36789184063673">
        <ele>1199.4000000000001</ele>
        <time>2024-11-25T15:43:56Z</time>
      </trkpt>
      <trkpt lat="-23.021312383934855" lon="16.367757311090827">
        <ele>1198.5999999999999</ele>
        <time>2024-11-25T15:44:02Z</time>
      </trkpt>
      <trkpt lat="-23.021231750026345" lon="16.367611298337579">
        <ele>1197.4000000000001</ele>
        <time>2024-11-25T15:44:09Z</time>
      </trkpt>
      <trkpt lat="-23.021157821640372" lon="16.367298569530249">
        <ele>1196.4000000000001</ele>
        <time>2024-11-25T15:44:15Z</time>
      </trkpt>
      <trkpt lat="-23.02112546749413" lon="16.367162363603711">
        <ele>1196.4000000000001</ele>
        <time>2024-11-25T15:44:21Z</time>
      </trkpt>
      <trkpt lat="-23.021087916567922" lon="16.36703185737133">
        <ele>1196.4000000000001</ele>
        <time>2024-11-25T15:44:27Z</time>
      </trkpt>
      <trkpt lat="-23.021048605442047" lon="16.366903278976679">
        <ele>1197.4000000000001</ele>
        <time>2024-11-25T15:44:34Z</time>
      </trkpt>
      <trkpt lat="-23.021004097536206" lon="16.366766402497888">
        <ele>1199</ele>
        <time>2024-11-25T15:44:40Z</time>
      </trkpt>
      <trkpt lat="-23.020955650135875" lon="16.366616785526276">
        <ele>1200.2</ele>
        <time>2024-11-25T15:44:46Z</time>
      </trkpt>
      <trkpt lat="-23.020904436707497" lon="16.366460127756">
        <ele>1201.4000000000001</ele>
        <time>2024-11-25T15:44:52Z</time>
      </trkpt>
      <trkpt lat="-23.020851463079453" lon="16.366294166073203">
        <ele>1201.5999999999999</ele>
        <time>2024-11-25T15:44:59Z</time>
      </trkpt>
      <trkpt lat="-23.020716430619359" lon="16.365602072328329">
        <ele>1202</ele>
        <time>2024-11-25T15:45:05Z</time>
      </trkpt>
      <trkpt lat="-23.020731434226036" lon="16.365428986027837">
        <ele>1202</ele>
        <time>2024-11-25T15:45:11Z</time>
      </trkpt>
      <trkpt lat="-23.020767644047737" lon="16.365263191983104">
        <ele>1201</ele>
        <time>2024-11-25T15:45:17Z</time>
      </trkpt>
      <trkpt lat="-23.020818689838052" lon="16.365101337432861">
        <ele>1199.8</ele>
        <time>2024-11-25T15:45:24Z</time>
      </trkpt>
      <trkpt lat="-23.020890103653073" lon="16.364934118464589">
        <ele>1199.2</ele>
        <time>2024-11-25T15:45:30Z</time>
      </trkpt>
      <trkpt lat="-23.020970737561584" lon="16.364767486229539">
        <ele>1199</ele>
        <time>2024-11-25T15:45:36Z</time>
      </trkpt>
      <trkpt lat="-23.021148601546884" lon="16.364437658339739">
        <ele>1196.5999999999999</ele>
        <time>2024-11-25T15:45:42Z</time>
      </trkpt>
      <trkpt lat="-23.021240551024675" lon="16.364281419664621">
        <ele>1195</ele>
        <time>2024-11-25T15:45:49Z</time>
      </trkpt>
      <trkpt lat="-23.021336188539863" lon="16.36412987485528">
        <ele>1193.2</ele>
        <time>2024-11-25T15:45:55Z</time>
      </trkpt>
      <trkpt lat="-23.021435178816319" lon="16.363975647836924">
        <ele>1191</ele>
        <time>2024-11-25T15:46:01Z</time>
      </trkpt>
      <trkpt lat="-23.021541377529502" lon="16.3638283777982">
        <ele>1189.5999999999999</ele>
        <time>2024-11-25T15:46:07Z</time>
      </trkpt>
      <trkpt lat="-23.021646570414305" lon="16.363682197406888">
        <ele>1187.2</ele>
        <time>2024-11-25T15:46:14Z</time>
      </trkpt>
      <trkpt lat="-23.021746566519141" lon="16.363540207967162">
        <ele>1183.5999999999999</ele>
        <time>2024-11-25T15:46:20Z</time>
      </trkpt>
      <trkpt lat="-23.021841114386916" lon="16.36340819299221">
        <ele>1181</ele>
        <time>2024-11-25T15:46:26Z</time>
      </trkpt>
      <trkpt lat="-23.021934069693089" lon="16.363277351483703">
        <ele>1179.2</ele>
        <time>2024-11-25T15:46:33Z</time>
      </trkpt>
      <trkpt lat="-23.022025180980563" lon="16.363147096708417">
        <ele>1177.2</ele>
        <time>2024-11-25T15:46:39Z</time>
      </trkpt>
      <trkpt lat="-23.022107155993581" lon="16.363016255199909">
        <ele>1176</ele>
        <time>2024-11-25T15:46:45Z</time>
      </trkpt>
      <trkpt lat="-23.022178402170539" lon="16.362877953797579">
        <ele>1174.8</ele>
        <time>2024-11-25T15:46:51Z</time>
      </trkpt>
      <trkpt lat="-23.022232381626964" lon="16.362733785063028">
        <ele>1172.2</ele>
        <time>2024-11-25T15:46:58Z</time>
      </trkpt>
      <trkpt lat="-23.022275129333138" lon="16.362582910805941">
        <ele>1170.8</ele>
        <time>2024-11-25T15:47:04Z</time>
      </trkpt>
      <trkpt lat="-23.022307232022285" lon="16.362433545291424">
        <ele>1169.8</ele>
        <time>2024-11-25T15:47:10Z</time>
      </trkpt>
      <trkpt lat="-23.02232701331377" lon="16.362289879471064">
        <ele>1168</ele>
        <time>2024-11-25T15:47:17Z</time>
      </trkpt>
      <trkpt lat="-23.022340340539813" lon="16.362136825919151">
        <ele>1166.2</ele>
        <time>2024-11-25T15:47:23Z</time>
      </trkpt>
      <trkpt lat="-23.022346626967192" lon="16.36198285035789">
        <ele>1164.5999999999999</ele>
        <time>2024-11-25T15:47:29Z</time>
      </trkpt>
      <trkpt lat="-23.022362301126122" lon="16.36181864887476">
        <ele>1163.4000000000001</ele>
        <time>2024-11-25T15:47:35Z</time>
      </trkpt>
      <trkpt lat="-23.022396666929126" lon="16.361662494018674">
        <ele>1161.2</ele>
        <time>2024-11-25T15:47:42Z</time>
      </trkpt>
      <trkpt lat="-23.022433128207922" lon="16.36151178739965">
        <ele>1159.8</ele>
        <time>2024-11-25T15:47:48Z</time>
      </trkpt>
      <trkpt lat="-23.022473696619272" lon="16.361369462683797">
        <ele>1158.8</ele>
        <time>2024-11-25T15:47:54Z</time>
      </trkpt>
      <trkpt lat="-23.02252734079957" lon="16.361237280070782">
        <ele>1157.5999999999999</ele>
        <time>2024-11-25T15:48:01Z</time>
      </trkpt>
      <trkpt lat="-23.02259037271142" lon="16.361115574836731">
        <ele>1157.4000000000001</ele>
        <time>2024-11-25T15:48:07Z</time>
      </trkpt>
      <trkpt lat="-23.022665474563837" lon="16.361003089696169">
        <ele>1157.4000000000001</ele>
        <time>2024-11-25T15:48:13Z</time>
      </trkpt>
      <trkpt lat="-23.022758010774851" lon="16.360903847962618">
        <ele>1157.4000000000001</ele>
        <time>2024-11-25T15:48:19Z</time>
      </trkpt>
      <trkpt lat="-23.022864628583193" lon="16.360809467732906">
        <ele>1157.8</ele>
        <time>2024-11-25T15:48:26Z</time>
      </trkpt>
      <trkpt lat="-23.022981220856309" lon="16.360716596245766">
        <ele>1158.2</ele>
        <time>2024-11-25T15:48:32Z</time>
      </trkpt>
      <trkpt lat="-23.023102506995201" lon="16.360621461644769">
        <ele>1158.5999999999999</ele>
        <time>2024-11-25T15:48:38Z</time>
      </trkpt>
      <trkpt lat="-23.023365112021565" lon="16.360418032854795">
        <ele>1159.4000000000001</ele>
        <time>2024-11-25T15:48:45Z</time>
      </trkpt>
      <trkpt lat="-23.023501317948103" lon="16.360311415046453">
        <ele>1159.5999999999999</ele>
        <time>2024-11-25T15:48:51Z</time>
      </trkpt>
      <trkpt lat="-23.023759983479977" lon="16.36010111309588">
        <ele>1160.5999999999999</ele>
        <time>2024-11-25T15:48:57Z</time>
      </trkpt>
      <trkpt lat="-23.023872133344412" lon="16.359993824735284">
        <ele>1161</ele>
        <time>2024-11-25T15:49:04Z</time>
      </trkpt>
      <trkpt lat="-23.023967770859599" lon="16.359879747033119">
        <ele>1161.4000000000001</ele>
        <time>2024-11-25T15:49:10Z</time>
      </trkpt>
      <trkpt lat="-23.024046393111348" lon="16.359757371246815">
        <ele>1162</ele>
        <time>2024-11-25T15:49:16Z</time>
      </trkpt>
      <trkpt lat="-23.024114957079291" lon="16.35962912812829">
        <ele>1162.5999999999999</ele>
        <time>2024-11-25T15:49:22Z</time>
      </trkpt>
      <trkpt lat="-23.024177988991141" lon="16.359504824504256">
        <ele>1163</ele>
        <time>2024-11-25T15:49:29Z</time>
      </trkpt>
      <trkpt lat="-23.024243535473943" lon="16.359379682689905">
        <ele>1163.2</ele>
        <time>2024-11-25T15:49:35Z</time>
      </trkpt>
      <trkpt lat="-23.024310758337379" lon="16.359252613037825">
        <ele>1163.2</ele>
        <time>2024-11-25T15:49:41Z</time>
      </trkpt>
      <trkpt lat="-23.024515360593796" lon="16.358856484293938">
        <ele>1163.5999999999999</ele>
        <time>2024-11-25T15:49:48Z</time>
      </trkpt>
      <trkpt lat="-23.0246567633003" lon="16.35857610963285">
        <ele>1164</ele>
        <time>2024-11-25T15:49:54Z</time>
      </trkpt>
      <trkpt lat="-23.02478140220046" lon="16.358268577605486">
        <ele>1164.5999999999999</ele>
        <time>2024-11-25T15:50:00Z</time>
      </trkpt>
      <trkpt lat="-23.024884248152375" lon="16.357944281771779">
        <ele>1165</ele>
        <time>2024-11-25T15:50:07Z</time>
      </trkpt>
      <trkpt lat="-23.024942083284259" lon="16.357616381719708">
        <ele>1166</ele>
        <time>2024-11-25T15:50:13Z</time>
      </trkpt>
      <trkpt lat="-23.024957338348031" lon="16.35745226405561">
        <ele>1166.8</ele>
        <time>2024-11-25T15:50:19Z</time>
      </trkpt>
      <trkpt lat="-23.024969911202788" lon="16.357294097542763">
        <ele>1168.2</ele>
        <time>2024-11-25T15:50:26Z</time>
      </trkpt>
      <trkpt lat="-23.024974605068564" lon="16.357141882181168">
        <ele>1168.8</ele>
        <time>2024-11-25T15:50:32Z</time>
      </trkpt>
      <trkpt lat="-23.024979634210467" lon="16.356988409534097">
        <ele>1169.8</ele>
        <time>2024-11-25T15:50:38Z</time>
      </trkpt>
      <trkpt lat="-23.024988854303956" lon="16.356832338497043">
        <ele>1171.8</ele>
        <time>2024-11-25T15:50:45Z</time>
      </trkpt>
      <trkpt lat="-23.025000588968396" lon="16.356675932183862">
        <ele>1173.4000000000001</ele>
        <time>2024-11-25T15:50:51Z</time>
      </trkpt>
      <trkpt lat="-23.025007713586092" lon="16.356521202251315">
        <ele>1174.2</ele>
        <time>2024-11-25T15:50:57Z</time>
      </trkpt>
      <trkpt lat="-23.025008132681251" lon="16.356367059051991">
        <ele>1175.4000000000001</ele>
        <time>2024-11-25T15:51:03Z</time>
      </trkpt>
      <trkpt lat="-23.025013664737344" lon="16.356212412938476">
        <ele>1176.5999999999999</ele>
        <time>2024-11-25T15:51:10Z</time>
      </trkpt>
      <trkpt lat="-23.025030847638845" lon="16.356061454862356">
        <ele>1178</ele>
        <time>2024-11-25T15:51:16Z</time>
      </trkpt>
      <trkpt lat="-23.025061106309295" lon="16.355910580605268">
        <ele>1179.5999999999999</ele>
        <time>2024-11-25T15:51:22Z</time>
      </trkpt>
      <trkpt lat="-23.02510729059577" lon="16.355761382728815">
        <ele>1180.4000000000001</ele>
        <time>2024-11-25T15:51:29Z</time>
      </trkpt>
      <trkpt lat="-23.025145176798105" lon="16.35561453178525">
        <ele>1181.2</ele>
        <time>2024-11-25T15:51:35Z</time>
      </trkpt>
      <trkpt lat="-23.025165125727654" lon="16.355460807681084">
        <ele>1182.2</ele>
        <time>2024-11-25T15:51:41Z</time>
      </trkpt>
      <trkpt lat="-23.025169484317303" lon="16.355309933423996">
        <ele>1183.5999999999999</ele>
        <time>2024-11-25T15:51:48Z</time>
      </trkpt>
      <trkpt lat="-23.025160431861877" lon="16.355172302573919">
        <ele>1184.5999999999999</ele>
        <time>2024-11-25T15:51:54Z</time>
      </trkpt>
      <trkpt lat="-23.025146936997771" lon="16.355048250406981">
        <ele>1186.2</ele>
        <time>2024-11-25T15:52:00Z</time>
      </trkpt>
      <trkpt lat="-23.025131765753031" lon="16.354937944561243">
        <ele>1187.8</ele>
        <time>2024-11-25T15:52:07Z</time>
      </trkpt>
      <trkpt lat="-23.025116175413132" lon="16.354831326752901">
        <ele>1189.4000000000001</ele>
        <time>2024-11-25T15:52:13Z</time>
      </trkpt>
      <trkpt lat="-23.02511022426188" lon="16.354721607640386">
        <ele>1190</ele>
        <time>2024-11-25T15:52:19Z</time>
      </trkpt>
      <trkpt lat="-23.025108883157372" lon="16.354601159691811">
        <ele>1190</ele>
        <time>2024-11-25T15:52:26Z</time>
      </trkpt>
      <trkpt lat="-23.025115337222815" lon="16.354471407830715">
        <ele>1190</ele>
        <time>2024-11-25T15:52:32Z</time>
      </trkpt>
      <trkpt lat="-23.025127239525318" lon="16.354331178590655">
        <ele>1190</ele>
        <time>2024-11-25T15:52:39Z</time>
      </trkpt>
      <trkpt lat="-23.025143165141344" lon="16.354187848046422">
        <ele>1188.5999999999999</ele>
        <time>2024-11-25T15:52:45Z</time>
      </trkpt>
      <trkpt lat="-23.025163616985083" lon="16.354038901627064">
        <ele>1187.2</ele>
        <time>2024-11-25T15:52:51Z</time>
      </trkpt>
      <trkpt lat="-23.025183817371726" lon="16.353891044855118">
        <ele>1186</ele>
        <time>2024-11-25T15:52:58Z</time>
      </trkpt>
      <trkpt lat="-23.025196557864547" lon="16.353739835321903">
        <ele>1185.2</ele>
        <time>2024-11-25T15:53:04Z</time>
      </trkpt>
      <trkpt lat="-23.025197731330991" lon="16.35358183644712">
        <ele>1183.5999999999999</ele>
        <time>2024-11-25T15:53:10Z</time>
      </trkpt>
      <trkpt lat="-23.025188595056534" lon="16.353414617478848">
        <ele>1182.5999999999999</ele>
        <time>2024-11-25T15:53:17Z</time>
      </trkpt>
      <trkpt lat="-23.025168310850859" lon="16.353241195902228">
        <ele>1181</ele>
        <time>2024-11-25T15:53:23Z</time>
      </trkpt>
      <trkpt lat="-23.02513905800879" lon="16.353063583374023">
        <ele>1179.2</ele>
        <time>2024-11-25T15:53:29Z</time>
      </trkpt>
      <trkpt lat="-23.02510485984385" lon="16.352883707731962">
        <ele>1177.8</ele>
        <time>2024-11-25T15:53:36Z</time>
      </trkpt>
      <trkpt lat="-23.025068566203117" lon="16.35270575992763">
        <ele>1176.4000000000001</ele>
        <time>2024-11-25T15:53:42Z</time>
      </trkpt>
      <trkpt lat="-23.025031350553036" lon="16.352535439655185">
        <ele>1175</ele>
        <time>2024-11-25T15:53:48Z</time>
      </trkpt>
      <trkpt lat="-23.024995140731335" lon="16.352364784106612">
        <ele>1174</ele>
        <time>2024-11-25T15:53:55Z</time>
      </trkpt>
      <trkpt lat="-23.024965384975076" lon="16.352193122729659">
        <ele>1172.5999999999999</ele>
        <time>2024-11-25T15:54:01Z</time>
      </trkpt>
      <trkpt lat="-23.024940323084593" lon="16.352016432210803">
        <ele>1171</ele>
        <time>2024-11-25T15:54:07Z</time>
      </trkpt>
      <trkpt lat="-23.024926744401455" lon="16.351835299283266">
        <ele>1170.2</ele>
        <time>2024-11-25T15:54:14Z</time>
      </trkpt>
      <trkpt lat="-23.02492406219244" lon="16.351656261831522">
        <ele>1168.8</ele>
        <time>2024-11-25T15:54:20Z</time>
      </trkpt>
      <trkpt lat="-23.024927834048867" lon="16.351477811113">
        <ele>1168.4000000000001</ele>
        <time>2024-11-25T15:54:26Z</time>
      </trkpt>
      <trkpt lat="-23.024937137961388" lon="16.351304389536381">
        <ele>1167.8</ele>
        <time>2024-11-25T15:54:33Z</time>
      </trkpt>
      <trkpt lat="-23.024946609511971" lon="16.351137002930045">
        <ele>1167</ele>
        <time>2024-11-25T15:54:39Z</time>
      </trkpt>
      <trkpt lat="-23.024947112426162" lon="16.350971041247249">
        <ele>1166.4000000000001</ele>
        <time>2024-11-25T15:54:46Z</time>
      </trkpt>
      <trkpt lat="-23.024933198466897" lon="16.350806336849928">
        <ele>1165.5999999999999</ele>
        <time>2024-11-25T15:54:52Z</time>
      </trkpt>
      <trkpt lat="-23.024908723309636" lon="16.350643476471305">
        <ele>1164.5999999999999</ele>
        <time>2024-11-25T15:54:58Z</time>
      </trkpt>
      <trkpt lat="-23.024871842935681" lon="16.350484974682331">
        <ele>1164.4000000000001</ele>
        <time>2024-11-25T15:55:05Z</time>
      </trkpt>
      <trkpt lat="-23.024818114936352" lon="16.350339967757463">
        <ele>1163.5999999999999</ele>
        <time>2024-11-25T15:55:11Z</time>
      </trkpt>
      <trkpt lat="-23.024767739698291" lon="16.350192278623581">
        <ele>1162.8</ele>
        <time>2024-11-25T15:55:17Z</time>
      </trkpt>
      <trkpt lat="-23.024720549583435" lon="16.350043080747128">
        <ele>1162.5999999999999</ele>
        <time>2024-11-25T15:55:24Z</time>
      </trkpt>
      <trkpt lat="-23.024685010313988" lon="16.349886506795883">
        <ele>1162.4000000000001</ele>
        <time>2024-11-25T15:55:30Z</time>
      </trkpt>
      <trkpt lat="-23.024653242900968" lon="16.349562127143145">
        <ele>1161.8</ele>
        <time>2024-11-25T15:55:36Z</time>
      </trkpt>
      <trkpt lat="-23.024648046121001" lon="16.349404631182551">
        <ele>1161</ele>
        <time>2024-11-25T15:55:43Z</time>
      </trkpt>
      <trkpt lat="-23.024641843512654" lon="16.349252415820956">
        <ele>1160.5999999999999</ele>
        <time>2024-11-25T15:55:49Z</time>
      </trkpt>
      <trkpt lat="-23.024618458002806" lon="16.349110761657357">
        <ele>1159.8</ele>
        <time>2024-11-25T15:55:56Z</time>
      </trkpt>
      <trkpt lat="-23.024570094421506" lon="16.348977573215961">
        <ele>1159.2</ele>
        <time>2024-11-25T15:56:02Z</time>
      </trkpt>
      <trkpt lat="-23.024490717798471" lon="16.348857041448355">
        <ele>1158.2</ele>
        <time>2024-11-25T15:56:08Z</time>
      </trkpt>
      <trkpt lat="-23.024389883503318" lon="16.348748747259378">
        <ele>1158</ele>
        <time>2024-11-25T15:56:15Z</time>
      </trkpt>
      <trkpt lat="-23.024277985095978" lon="16.348657971248031">
        <ele>1157.5999999999999</ele>
        <time>2024-11-25T15:56:21Z</time>
      </trkpt>
      <trkpt lat="-23.024167763069272" lon="16.348569793626666">
        <ele>1157.5999999999999</ele>
        <time>2024-11-25T15:56:27Z</time>
      </trkpt>
      <trkpt lat="-23.024074975401163" lon="16.348468791693449">
        <ele>1157.5999999999999</ele>
        <time>2024-11-25T15:56:34Z</time>
      </trkpt>
      <trkpt lat="-23.024004399776459" lon="16.348362760618329">
        <ele>1157.4000000000001</ele>
        <time>2024-11-25T15:56:40Z</time>
      </trkpt>
      <trkpt lat="-23.02397221326828" lon="16.348255472257733">
        <ele>1157.4000000000001</ele>
        <time>2024-11-25T15:56:47Z</time>
      </trkpt>
      <trkpt lat="-23.023956874385476" lon="16.348144914954901">
        <ele>1157.4000000000001</ele>
        <time>2024-11-25T15:56:53Z</time>
      </trkpt>
      <trkpt lat="-23.023963328450918" lon="16.348030753433704">
        <ele>1157.4000000000001</ele>
        <time>2024-11-25T15:56:59Z</time>
      </trkpt>
      <trkpt lat="-23.02399761043489" lon="16.347903180867434">
        <ele>1157.2</ele>
        <time>2024-11-25T15:57:06Z</time>
      </trkpt>
      <trkpt lat="-23.02405184134841" lon="16.347786085680127">
        <ele>1156.8</ele>
        <time>2024-11-25T15:57:12Z</time>
      </trkpt>
      <trkpt lat="-23.024128200486302" lon="16.347663709893823">
        <ele>1155.8</ele>
        <time>2024-11-25T15:57:18Z</time>
      </trkpt>
      <trkpt lat="-23.024207996204495" lon="16.347540328279138">
        <ele>1155.2</ele>
        <time>2024-11-25T15:57:25Z</time>
      </trkpt>
      <trkpt lat="-23.024279493838549" lon="16.347419964149594">
        <ele>1154</ele>
        <time>2024-11-25T15:57:31Z</time>
      </trkpt>
      <trkpt lat="-23.024337748065591" lon="16.347297839820385">
        <ele>1153.8</ele>
        <time>2024-11-25T15:57:38Z</time>
      </trkpt>
      <trkpt lat="-23.024382507428527" lon="16.347176050767303">
        <ele>1153.8</ele>
        <time>2024-11-25T15:57:44Z</time>
      </trkpt>
      <trkpt lat="-23.024410167708993" lon="16.347051411867142">
        <ele>1153.8</ele>
        <time>2024-11-25T15:57:50Z</time>
      </trkpt>
      <trkpt lat="-23.024428272619843" lon="16.346929622814059">
        <ele>1155.2</ele>
        <time>2024-11-25T15:57:57Z</time>
      </trkpt>
      <trkpt lat="-23.024449143558741" lon="16.346811437979341">
        <ele>1155.5999999999999</ele>
        <time>2024-11-25T15:58:03Z</time>
      </trkpt>
      <trkpt lat="-23.024464314803481" lon="16.346708340570331">
        <ele>1155.5999999999999</ele>
        <time>2024-11-25T15:58:10Z</time>
      </trkpt>
      <trkpt lat="-23.02447747439146" lon="16.346623012796044">
        <ele>1155.5999999999999</ele>
        <time>2024-11-25T15:58:16Z</time>
      </trkpt>
      <trkpt lat="-23.024492226541042" lon="16.346544558182359">
        <ele>1155</ele>
        <time>2024-11-25T15:58:22Z</time>
      </trkpt>
      <trkpt lat="-23.02451116964221" lon="16.346480520442128">
        <ele>1154</ele>
        <time>2024-11-25T15:58:29Z</time>
      </trkpt>
      <trkpt lat="-23.024536818265915" lon="16.346431653946638">
        <ele>1153.5999999999999</ele>
        <time>2024-11-25T15:58:35Z</time>
      </trkpt>
      <trkpt lat="-23.024573447182775" lon="16.346403323113918">
        <ele>1153</ele>
        <time>2024-11-25T15:58:42Z</time>
      </trkpt>
      <trkpt lat="-23.024617284536362" lon="16.346380189061165">
        <ele>1152.4000000000001</ele>
        <time>2024-11-25T15:58:48Z</time>
      </trkpt>
      <trkpt lat="-23.024661038070917" lon="16.346345404163003">
        <ele>1152.2</ele>
        <time>2024-11-25T15:58:54Z</time>
      </trkpt>
      <trkpt lat="-23.024702779948711" lon="16.346303410828114">
        <ele>1152</ele>
        <time>2024-11-25T15:59:01Z</time>
      </trkpt>
      <trkpt lat="-23.024738654494286" lon="16.346258986741304">
        <ele>1151.2</ele>
        <time>2024-11-25T15:59:07Z</time>
      </trkpt>
      <trkpt lat="-23.024770841002464" lon="16.346221435815096">
        <ele>1149.8</ele>
        <time>2024-11-25T15:59:13Z</time>
      </trkpt>
      <trkpt lat="-23.024803446605802" lon="16.346192350611091">
        <ele>1148.2</ele>
        <time>2024-11-25T15:59:20Z</time>
      </trkpt>
      <trkpt lat="-23.024828340858221" lon="16.346161505207419">
        <ele>1147.4000000000001</ele>
        <time>2024-11-25T15:59:26Z</time>
      </trkpt>
      <trkpt lat="-23.024850971996784" lon="16.346131917089224">
        <ele>1146.4000000000001</ele>
        <time>2024-11-25T15:59:33Z</time>
      </trkpt>
      <trkpt lat="-23.024861784651875" lon="16.346105765551329">
        <ele>1145.8</ele>
        <time>2024-11-25T15:59:39Z</time>
      </trkpt>
      <trkpt lat="-23.024869412183762" lon="16.346087409183383">
        <ele>1145.4000000000001</ele>
        <time>2024-11-25T15:59:45Z</time>
      </trkpt>
      <trkpt lat="-23.024872932583094" lon="16.346071735024452">
        <ele>1144.8</ele>
        <time>2024-11-25T15:59:52Z</time>
      </trkpt>
      <trkpt lat="-23.024874776601791" lon="16.346062598749995">
        <ele>1144.4000000000001</ele>
        <time>2024-11-25T15:59:58Z</time>
      </trkpt>
      <trkpt lat="-23.024876117706299" lon="16.346052875742316">
        <ele>1144</ele>
        <time>2024-11-25T16:00:05Z</time>
      </trkpt>
      <trkpt lat="-23.024877039715648" lon="16.346042146906257">
        <ele>1144</ele>
        <time>2024-11-25T16:00:11Z</time>
      </trkpt>
      <trkpt lat="-23.024876620620489" lon="16.346042482182384">
        <ele>1143.5999999999999</ele>
        <time>2024-11-25T16:00:17Z</time>
      </trkpt>
      <trkpt lat="-23.024874944239855" lon="16.346034938469529">
        <ele>1143.5999999999999</ele>
        <time>2024-11-25T16:00:24Z</time>
      </trkpt>
      <trkpt lat="-23.024874273687601" lon="16.346033765003085">
        <ele>1143.5999999999999</ele>
        <time>2024-11-25T16:00:30Z</time>
      </trkpt>
      <trkpt lat="-23.024865807965398" lon="16.346001913771033">
        <ele>1143.5999999999999</ele>
        <time>2024-11-25T16:00:37Z</time>
      </trkpt>
      <trkpt lat="-23.024855749681592" lon="16.345974337309599">
        <ele>1143.4000000000001</ele>
        <time>2024-11-25T16:00:43Z</time>
      </trkpt>
      <trkpt lat="-23.024841751903296" lon="16.345944749191403">
        <ele>1143.4000000000001</ele>
        <time>2024-11-25T16:00:49Z</time>
      </trkpt>
      <trkpt lat="-23.024827418848872" lon="16.345917088910937">
        <ele>1143.4000000000001</ele>
        <time>2024-11-25T16:00:56Z</time>
      </trkpt>
      <trkpt lat="-23.024815768003464" lon="16.345885908231139">
        <ele>1143.2</ele>
        <time>2024-11-25T16:01:02Z</time>
      </trkpt>
      <trkpt lat="-23.024808559566736" lon="16.345854811370373">
        <ele>1143</ele>
        <time>2024-11-25T16:01:09Z</time>
      </trkpt>
      <trkpt lat="-23.02480386570096" lon="16.345822541043162">
        <ele>1143</ele>
        <time>2024-11-25T16:01:15Z</time>
      </trkpt>
      <trkpt lat="-23.02479263395071" lon="16.345635121688247">
        <ele>1143.2</ele>
        <time>2024-11-25T16:01:21Z</time>
      </trkpt>
      <trkpt lat="-23.024784671142697" lon="16.345599498599768">
        <ele>1143.4000000000001</ele>
        <time>2024-11-25T16:01:28Z</time>
      </trkpt>
      <trkpt lat="-23.024775953963399" lon="16.345565719529986">
        <ele>1143.8</ele>
        <time>2024-11-25T16:01:34Z</time>
      </trkpt>
      <trkpt lat="-23.024774193763733" lon="16.345534538850188">
        <ele>1144.8</ele>
        <time>2024-11-25T16:01:41Z</time>
      </trkpt>
      <trkpt lat="-23.024778384715319" lon="16.34550679475069">
        <ele>1145</ele>
        <time>2024-11-25T16:01:47Z</time>
      </trkpt>
      <trkpt lat="-23.024794645607471" lon="16.34547938592732">
        <ele>1145.4000000000001</ele>
        <time>2024-11-25T16:01:53Z</time>
      </trkpt>
      <trkpt lat="-23.024890283122659" lon="16.345422305166721">
        <ele>1145.8</ele>
        <time>2024-11-25T16:02:00Z</time>
      </trkpt>
      <trkpt lat="-23.024969156831503" lon="16.345425574108958">
        <ele>1145.8</ele>
        <time>2024-11-25T16:02:06Z</time>
      </trkpt>
      <trkpt lat="-23.025007881224155" lon="16.345433872193098">
        <ele>1145.8</ele>
        <time>2024-11-25T16:02:13Z</time>
      </trkpt>
      <trkpt lat="-23.025047862902284" lon="16.34543395601213">
        <ele>1145.4000000000001</ele>
        <time>2024-11-25T16:02:19Z</time>
      </trkpt>
      <trkpt lat="-23.025084575638175" lon="16.345425825566053">
        <ele>1145.2</ele>
        <time>2024-11-25T16:02:25Z</time>
      </trkpt>
      <trkpt lat="-23.025116510689259" lon="16.345408307388425">
        <ele>1145</ele>
        <time>2024-11-25T16:02:32Z</time>
      </trkpt>
      <trkpt lat="-23.025143165141344" lon="16.345384586602449">
        <ele>1145.2</ele>
        <time>2024-11-25T16:02:38Z</time>
      </trkpt>
      <trkpt lat="-23.025169065222144" lon="16.345353657379746">
        <ele>1145.2</ele>
        <time>2024-11-25T16:02:45Z</time>
      </trkpt>
      <trkpt lat="-23.025188259780407" lon="16.34531912393868">
        <ele>1145.2</ele>
        <time>2024-11-25T16:02:51Z</time>
      </trkpt>
      <trkpt lat="-23.025202341377735" lon="16.345287607982755">
        <ele>1145.2</ele>
        <time>2024-11-25T16:02:57Z</time>
      </trkpt>
      <trkpt lat="-23.025212734937668" lon="16.345257852226496">
        <ele>1145.2</ele>
        <time>2024-11-25T16:03:04Z</time>
      </trkpt>
      <trkpt lat="-23.02521918900311" lon="16.345238406211138">
        <ele>1145.4000000000001</ele>
        <time>2024-11-25T16:03:10Z</time>
      </trkpt>
      <trkpt lat="-23.025225978344679" lon="16.345221474766731">
        <ele>1145.2</ele>
        <time>2024-11-25T16:03:17Z</time>
      </trkpt>
      <trkpt lat="-23.025232432410121" lon="16.345202615484595">
        <ele>1145</ele>
        <time>2024-11-25T16:03:23Z</time>
      </trkpt>
      <trkpt lat="-23.025238802656531" lon="16.345189204439521">
        <ele>1144.4000000000001</ele>
        <time>2024-11-25T16:03:29Z</time>
      </trkpt>
      <trkpt lat="-23.025248274207115" lon="16.345174536108971">
        <ele>1144.2</ele>
        <time>2024-11-25T16:03:36Z</time>
      </trkpt>
      <trkpt lat="-23.02528515458107" lon="16.345127848908305">
        <ele>1143.4000000000001</ele>
        <time>2024-11-25T16:03:42Z</time>
      </trkpt>
      <trkpt lat="-23.025307031348348" lon="16.345094656571746">
        <ele>1142.8</ele>
        <time>2024-11-25T16:03:49Z</time>
      </trkpt>
      <trkpt lat="-23.025315497070551" lon="16.34507873095572">
        <ele>1142.8</ele>
        <time>2024-11-25T16:03:55Z</time>
      </trkpt>
      <trkpt lat="-23.025319101288915" lon="16.345068337395787">
        <ele>1142.8</ele>
        <time>2024-11-25T16:04:01Z</time>
      </trkpt>
      <trkpt lat="-23.02532471716404" lon="16.345054423436522">
        <ele>1142.8</ele>
        <time>2024-11-25T16:04:08Z</time>
      </trkpt>
      <trkpt lat="-23.025329494848847" lon="16.345036150887609">
        <ele>1142.8</ele>
        <time>2024-11-25T16:04:14Z</time>
      </trkpt>
      <trkpt lat="-23.025370901450515" lon="16.34494629688561">
        <ele>1144</ele>
        <time>2024-11-25T16:04:21Z</time>
      </trkpt>
      <trkpt lat="-23.02537458948791" lon="16.344934729859233">
        <ele>1144.4000000000001</ele>
        <time>2024-11-25T16:04:27Z</time>
      </trkpt>
      <trkpt lat="-23.02537945099175" lon="16.344924671575427">
        <ele>1144.5999999999999</ele>
        <time>2024-11-25T16:04:33Z</time>
      </trkpt>
      <trkpt lat="-23.025387832894921" lon="16.344912517815828">
        <ele>1145</ele>
        <time>2024-11-25T16:04:40Z</time>
      </trkpt>
      <trkpt lat="-23.025410464033484" lon="16.344868261367083">
        <ele>1145.2</ele>
        <time>2024-11-25T16:04:46Z</time>
      </trkpt>
      <trkpt lat="-23.025414235889912" lon="16.344846552237868">
        <ele>1145.4000000000001</ele>
        <time>2024-11-25T16:04:53Z</time>
      </trkpt>
      <trkpt lat="-23.025411637499928" lon="16.344822663813829">
        <ele>1145.4000000000001</ele>
        <time>2024-11-25T16:04:59Z</time>
      </trkpt>
      <trkpt lat="-23.025398142635822" lon="16.344797937199473">
        <ele>1145.5999999999999</ele>
        <time>2024-11-25T16:05:06Z</time>
      </trkpt>
      <trkpt lat="-23.025380205363035" lon="16.344777904450893">
        <ele>1145.5999999999999</ele>
        <time>2024-11-25T16:05:12Z</time>
      </trkpt>
      <trkpt lat="-23.025360926985741" lon="16.344762062653899">
        <ele>1145.8</ele>
        <time>2024-11-25T16:05:18Z</time>
      </trkpt>
      <trkpt lat="-23.025343073531985" lon="16.344748567789793">
        <ele>1146</ele>
        <time>2024-11-25T16:05:25Z</time>
      </trkpt>
      <trkpt lat="-23.025329997763038" lon="16.34472937323153">
        <ele>1146</ele>
        <time>2024-11-25T16:05:31Z</time>
      </trkpt>
      <trkpt lat="-23.025321867316961" lon="16.344709256663918">
        <ele>1146</ele>
        <time>2024-11-25T16:05:38Z</time>
      </trkpt>
      <trkpt lat="-23.0253164190799" lon="16.344689056277275">
        <ele>1146.2</ele>
        <time>2024-11-25T16:05:44Z</time>
      </trkpt>
      <trkpt lat="-23.025313233956695" lon="16.344661815091968">
        <ele>1146.2</ele>
        <time>2024-11-25T16:05:50Z</time>
      </trkpt>
      <trkpt lat="-23.025314575061202" lon="16.344649661332369">
        <ele>1146.2</ele>
        <time>2024-11-25T16:05:57Z</time>
      </trkpt>
      <trkpt lat="-23.025318346917629" lon="16.344601716846228">
        <ele>1146.4000000000001</ele>
        <time>2024-11-25T16:06:03Z</time>
      </trkpt>
      <trkpt lat="-23.025320190936327" lon="16.344587970525026">
        <ele>1146.4000000000001</ele>
        <time>2024-11-25T16:06:10Z</time>
      </trkpt>
      <trkpt lat="-23.02531398832798" lon="16.344569949433208">
        <ele>1149</ele>
        <time>2024-11-25T16:06:16Z</time>
      </trkpt>
      <trkpt lat="-23.025313569232821" lon="16.34455201216042">
        <ele>1149</ele>
        <time>2024-11-25T16:06:22Z</time>
      </trkpt>
      <trkpt lat="-23.025311473757029" lon="16.344525357708335">
        <ele>1149</ele>
        <time>2024-11-25T16:06:29Z</time>
      </trkpt>
      <trkpt lat="-23.02531348541379" lon="16.344503397122025">
        <ele>1149</ele>
        <time>2024-11-25T16:06:35Z</time>
      </trkpt>
      <trkpt lat="-23.025311725214124" lon="16.344490153715014">
        <ele>1149</ele>
        <time>2024-11-25T16:06:42Z</time>
      </trkpt>
      <trkpt lat="-23.025308456271887" lon="16.344480346888304">
        <ele>1149</ele>
        <time>2024-11-25T16:06:48Z</time>
      </trkpt>
      <trkpt lat="-23.025307366624475" lon="16.344472803175449">
        <ele>1149</ele>
        <time>2024-11-25T16:06:54Z</time>
      </trkpt>
      <trkpt lat="-23.025311641395092" lon="16.344461906701326">
        <ele>1149</ele>
        <time>2024-11-25T16:07:01Z</time>
      </trkpt>
      <trkpt lat="-23.025315497070551" lon="16.344449836760759">
        <ele>1149</ele>
        <time>2024-11-25T16:07:07Z</time>
      </trkpt>
      <trkpt lat="-23.025322118774056" lon="16.344421673566103">
        <ele>1149</ele>
        <time>2024-11-25T16:07:14Z</time>
      </trkpt>
      <trkpt lat="-23.02532035857439" lon="16.344410525634885">
        <ele>1149.2</ele>
        <time>2024-11-25T16:07:20Z</time>
      </trkpt>
      <trkpt lat="-23.02531692199409" lon="16.344398455694318">
        <ele>1149</ele>
        <time>2024-11-25T16:07:26Z</time>
      </trkpt>
      <trkpt lat="-23.025311222299933" lon="16.344391833990812">
        <ele>1149</ele>
        <time>2024-11-25T16:07:33Z</time>
      </trkpt>
      <trkpt lat="-23.025312814861536" lon="16.34438294917345">
        <ele>1149</ele>
        <time>2024-11-25T16:07:39Z</time>
      </trkpt>
      <trkpt lat="-23.025312898680568" lon="16.344371298328042">
        <ele>1149.2</ele>
        <time>2024-11-25T16:07:46Z</time>
      </trkpt>
      <trkpt lat="-23.025312731042504" lon="16.344359312206507">
        <ele>1149.2</ele>
        <time>2024-11-25T16:07:52Z</time>
      </trkpt>
      <trkpt lat="-23.025305522605777" lon="16.344311786815524">
        <ele>1149.2</ele>
        <time>2024-11-25T16:07:59Z</time>
      </trkpt>
      <trkpt lat="-23.025297727435827" lon="16.344301057979465">
        <ele>1149.2</ele>
        <time>2024-11-25T16:08:05Z</time>
      </trkpt>
      <trkpt lat="-23.025297308340669" lon="16.344288317486644">
        <ele>1149.4000000000001</ele>
        <time>2024-11-25T16:08:11Z</time>
      </trkpt>
      <trkpt lat="-23.025295212864876" lon="16.344277840107679">
        <ele>1149.4000000000001</ele>
        <time>2024-11-25T16:08:18Z</time>
      </trkpt>
      <trkpt lat="-23.025289261713624" lon="16.344269206747413">
        <ele>1149.4000000000001</ele>
        <time>2024-11-25T16:08:24Z</time>
      </trkpt>
      <trkpt lat="-23.025280795991421" lon="16.344260908663273">
        <ele>1149.5999999999999</ele>
        <time>2024-11-25T16:08:31Z</time>
      </trkpt>
      <trkpt lat="-23.025272330269217" lon="16.344252023845911">
        <ele>1149.5999999999999</ele>
        <time>2024-11-25T16:08:37Z</time>
      </trkpt>
      <trkpt lat="-23.02525145933032" lon="16.344231991097331">
        <ele>1149.5999999999999</ele>
        <time>2024-11-25T16:08:43Z</time>
      </trkpt>
      <trkpt lat="-23.025239137932658" lon="16.344228973612189">
        <ele>1149.5999999999999</ele>
        <time>2024-11-25T16:08:50Z</time>
      </trkpt>
      <trkpt lat="-23.025226565077901" lon="16.344228973612189">
        <ele>1149.5999999999999</ele>
        <time>2024-11-25T16:08:56Z</time>
      </trkpt>
      <trkpt lat="-23.025215333327651" lon="16.344228386878967">
        <ele>1149.5999999999999</ele>
        <time>2024-11-25T16:09:03Z</time>
      </trkpt>
      <trkpt lat="-23.025209046900272" lon="16.344224447384477">
        <ele>1149.8</ele>
        <time>2024-11-25T16:09:09Z</time>
      </trkpt>
      <trkpt lat="-23.025199323892593" lon="16.344220340251923">
        <ele>1149.8</ele>
        <time>2024-11-25T16:09:15Z</time>
      </trkpt>
      <trkpt lat="-23.025183146819472" lon="16.344210868701339">
        <ele>1150</ele>
        <time>2024-11-25T16:09:22Z</time>
      </trkpt>
      <trkpt lat="-23.025170993059874" lon="16.344205671921372">
        <ele>1150</ele>
        <time>2024-11-25T16:09:28Z</time>
      </trkpt>
      <trkpt lat="-23.025108547881246" lon="16.344188405200839">
        <ele>1150</ele>
        <time>2024-11-25T16:09:35Z</time>
      </trkpt>
      <trkpt lat="-23.025094131007791" lon="16.344190249219537">
        <ele>1150</ele>
        <time>2024-11-25T16:09:41Z</time>
      </trkpt>
      <trkpt lat="-23.02508382126689" lon="16.344185890629888">
        <ele>1150</ele>
        <time>2024-11-25T16:09:47Z</time>
      </trkpt>
      <trkpt lat="-23.025076109915972" lon="16.344184298068285">
        <ele>1150</ele>
        <time>2024-11-25T16:09:54Z</time>
      </trkpt>
      <trkpt lat="-23.025063537061214" lon="16.344187231734395">
        <ele>1150</ele>
        <time>2024-11-25T16:10:00Z</time>
      </trkpt>
      <trkpt lat="-23.025053394958377" lon="16.3441869802773">
        <ele>1150.2</ele>
        <time>2024-11-25T16:10:07Z</time>
      </trkpt>
      <trkpt lat="-23.025030428543687" lon="16.344180945307016">
        <ele>1150.4000000000001</ele>
        <time>2024-11-25T16:10:13Z</time>
      </trkpt>
      <trkpt lat="-23.025016011670232" lon="16.344177341088653">
        <ele>1150.4000000000001</ele>
        <time>2024-11-25T16:10:20Z</time>
      </trkpt>
      <trkpt lat="-23.025004277005792" lon="16.344176335260272">
        <ele>1150.4000000000001</ele>
        <time>2024-11-25T16:10:26Z</time>
      </trkpt>
      <trkpt lat="-23.024995308369398" lon="16.344174407422543">
        <ele>1150.5999999999999</ele>
        <time>2024-11-25T16:10:32Z</time>
      </trkpt>
      <trkpt lat="-23.024982400238514" lon="16.344166528433561">
        <ele>1150.5999999999999</ele>
        <time>2024-11-25T16:10:39Z</time>
      </trkpt>
      <trkpt lat="-23.024968653917313" lon="16.344159906730056">
        <ele>1150.5999999999999</ele>
        <time>2024-11-25T16:10:45Z</time>
      </trkpt>
      <trkpt lat="-23.024929678067565" lon="16.344146747142076">
        <ele>1150.8</ele>
        <time>2024-11-25T16:10:52Z</time>
      </trkpt>
      <trkpt lat="-23.024919871240854" lon="16.344145070761442">
        <ele>1151</ele>
        <time>2024-11-25T16:10:58Z</time>
      </trkpt>
      <trkpt lat="-23.024910315871239" lon="16.344145573675632">
        <ele>1151</ele>
        <time>2024-11-25T16:11:04Z</time>
      </trkpt>
      <trkpt lat="-23.024898497387767" lon="16.344145908951759">
        <ele>1151.2</ele>
        <time>2024-11-25T16:11:11Z</time>
      </trkpt>
      <trkpt lat="-23.024886846542358" lon="16.344142220914364">
        <ele>1151.2</ele>
        <time>2024-11-25T16:11:17Z</time>
      </trkpt>
      <trkpt lat="-23.024882320314646" lon="16.344135515391827">
        <ele>1151.2</ele>
        <time>2024-11-25T16:11:24Z</time>
      </trkpt>
      <trkpt lat="-23.024878883734345" lon="16.344136102125049">
        <ele>1150.8</ele>
        <time>2024-11-25T16:11:30Z</time>
      </trkpt>
      <trkpt lat="-23.024885505437851" lon="16.344139538705349">
        <ele>1150.4000000000001</ele>
        <time>2024-11-25T16:11:37Z</time>
      </trkpt>
      <trkpt lat="-23.024908220395446" lon="16.344136018306017">
        <ele>1150.4000000000001</ele>
        <time>2024-11-25T16:11:43Z</time>
      </trkpt>
      <trkpt lat="-23.024899838492274" lon="16.344120427966118">
        <ele>1150.4000000000001</ele>
        <time>2024-11-25T16:11:49Z</time>
      </trkpt>
      <trkpt lat="-23.024879889562726" lon="16.3440902531147">
        <ele>1150.5999999999999</ele>
        <time>2024-11-25T16:11:56Z</time>
      </trkpt>
      <trkpt lat="-23.02487226203084" lon="16.344080613926053">
        <ele>1150.4000000000001</ele>
        <time>2024-11-25T16:12:02Z</time>
      </trkpt>
      <trkpt lat="-23.024864885956049" lon="16.344058234244585">
        <ele>1150.5999999999999</ele>
        <time>2024-11-25T16:12:09Z</time>
      </trkpt>
      <trkpt lat="-23.024872178211808" lon="16.344012720510364">
        <ele>1150.8</ele>
        <time>2024-11-25T16:12:15Z</time>
      </trkpt>
      <trkpt lat="-23.024877961724997" lon="16.343998638913035">
        <ele>1151</ele>
        <time>2024-11-25T16:12:21Z</time>
      </trkpt>
      <trkpt lat="-23.024880643934011" lon="16.343983551487327">
        <ele>1151.2</ele>
        <time>2024-11-25T16:12:28Z</time>
      </trkpt>
      <trkpt lat="-23.024884583428502" lon="16.343969218432903">
        <ele>1151.2</ele>
        <time>2024-11-25T16:12:34Z</time>
      </trkpt>
      <trkpt lat="-23.02488936111331" lon="16.343955555930734">
        <ele>1151.4000000000001</ele>
        <time>2024-11-25T16:12:41Z</time>
      </trkpt>
      <trkpt lat="-23.024889025837183" lon="16.343945916742086">
        <ele>1151.8</ele>
        <time>2024-11-25T16:12:47Z</time>
      </trkpt>
      <trkpt lat="-23.024889193475246" lon="16.343936277553439">
        <ele>1152</ele>
        <time>2024-11-25T16:12:53Z</time>
      </trkpt>
      <trkpt lat="-23.024893971160054" lon="16.343922447413206">
        <ele>1152.2</ele>
        <time>2024-11-25T16:13:00Z</time>
      </trkpt>
      <trkpt lat="-23.024899503216147" lon="16.343908868730068">
        <ele>1152.4000000000001</ele>
        <time>2024-11-25T16:13:06Z</time>
      </trkpt>
      <trkpt lat="-23.024904616177082" lon="16.343897385522723">
        <ele>1152.5999999999999</ele>
        <time>2024-11-25T16:13:13Z</time>
      </trkpt>
      <trkpt lat="-23.024919116869569" lon="16.343869557604194">
        <ele>1152.8</ele>
        <time>2024-11-25T16:13:19Z</time>
      </trkpt>
      <trkpt lat="-23.024923475459218" lon="16.343842316418886">
        <ele>1153</ele>
        <time>2024-11-25T16:13:26Z</time>
      </trkpt>
      <trkpt lat="-23.024925906211138" lon="16.343831671401858">
        <ele>1153.2</ele>
        <time>2024-11-25T16:13:32Z</time>
      </trkpt>
      <trkpt lat="-23.024930683895946" lon="16.343818930909038">
        <ele>1153.4000000000001</ele>
        <time>2024-11-25T16:13:38Z</time>
      </trkpt>
      <trkpt lat="-23.024934958666563" lon="16.343808034434915">
        <ele>1153.5999999999999</ele>
        <time>2024-11-25T16:13:45Z</time>
      </trkpt>
      <trkpt lat="-23.024939820170403" lon="16.343796215951443">
        <ele>1154</ele>
        <time>2024-11-25T16:13:51Z</time>
      </trkpt>
      <trkpt lat="-23.024944178760052" lon="16.343786660581827">
        <ele>1154</ele>
        <time>2024-11-25T16:13:58Z</time>
      </trkpt>
      <trkpt lat="-23.024947699159384" lon="16.343775847926736">
        <ele>1154.2</ele>
        <time>2024-11-25T16:14:04Z</time>
      </trkpt>
      <trkpt lat="-23.024953985586762" lon="16.343758329749107">
        <ele>1154.2</ele>
        <time>2024-11-25T16:14:10Z</time>
      </trkpt>
      <trkpt lat="-23.024957673624158" lon="16.343749696388841">
        <ele>1154.5999999999999</ele>
        <time>2024-11-25T16:14:17Z</time>
      </trkpt>
      <trkpt lat="-23.024958847090602" lon="16.343746092170477">
        <ele>1154.8</ele>
        <time>2024-11-25T16:14:23Z</time>
      </trkpt>
      <trkpt lat="-23.024963289499283" lon="16.34373402222991">
        <ele>1155</ele>
        <time>2024-11-25T16:14:30Z</time>
      </trkpt>
      <trkpt lat="-23.0249675642699" lon="16.343722119927406">
        <ele>1155.2</ele>
        <time>2024-11-25T16:14:36Z</time>
      </trkpt>
      <trkpt lat="-23.024971755221486" lon="16.343711307272315">
        <ele>1155.2</ele>
        <time>2024-11-25T16:14:43Z</time>
      </trkpt>
      <trkpt lat="-23.024975443258882" lon="16.343702170997858">
        <ele>1155.2</ele>
        <time>2024-11-25T16:14:49Z</time>
      </trkpt>
      <trkpt lat="-23.024978628382087" lon="16.343691945075989">
        <ele>1155.2</ele>
        <time>2024-11-25T16:14:55Z</time>
      </trkpt>
      <trkpt lat="-23.024980220943689" lon="16.343678198754787">
        <ele>1155.4000000000001</ele>
        <time>2024-11-25T16:15:02Z</time>
      </trkpt>
      <trkpt lat="-23.024985669180751" lon="16.343665961176157">
        <ele>1155.4000000000001</ele>
        <time>2024-11-25T16:15:08Z</time>
      </trkpt>
      <trkpt lat="-23.024991452693939" lon="16.343655148521066">
        <ele>1155.4000000000001</ele>
        <time>2024-11-25T16:15:15Z</time>
      </trkpt>
      <trkpt lat="-23.02499639801681" lon="16.343644922599196">
        <ele>1155.5999999999999</ele>
        <time>2024-11-25T16:15:21Z</time>
      </trkpt>
      <trkpt lat="-23.025001091882586" lon="16.34363922290504">
        <ele>1155.5999999999999</ele>
        <time>2024-11-25T16:15:27Z</time>
      </trkpt>
      <trkpt lat="-23.025006707757711" lon="16.34363042190671">
        <ele>1155.8</ele>
        <time>2024-11-25T16:15:34Z</time>
      </trkpt>
      <trkpt lat="-23.025011401623487" lon="16.343617429956794">
        <ele>1155.8</ele>
        <time>2024-11-25T16:15:40Z</time>
      </trkpt>
      </trkseg></trk></gpx>