<?xml version='1.0' encoding='utf-8'?>
<gpx xmlns="http://www.topografix.com/GPX/1/1" version="1.1" creator="DesertDash stage split"><trk><name>Stage 3: CP2 - Hollard to CP3 - Bloedkoppe</name><trkseg><trkpt lat="-23.057718006893992" lon="15.716736484318972">
        <ele>1029.2</ele>
        <time>2024-11-26T00:26:33Z</time>
      </trkpt>
      <trkpt lat="-23.057680455967784" lon="15.716694323346019">
        <ele>1029</ele>
        <time>2024-11-26T00:26:44Z</time>
      </trkpt>
      <trkpt lat="-23.057640641927719" lon="15.716665321961045">
        <ele>1028.8</ele>
        <time>2024-11-26T00:26:55Z</time>
      </trkpt>
      <trkpt lat="-23.057604264467955" lon="15.71665283292532">
        <ele>1028.8</ele>
        <time>2024-11-26T00:27:06Z</time>
      </trkpt>
      <trkpt lat="-23.057568557560444" lon="15.716647803783417">
        <ele>1028.8</ele>
        <time>2024-11-26T00:27:18Z</time>
      </trkpt>
      <trkpt lat="-23.057534443214536" lon="15.716643445193768">
        <ele>1029</ele>
        <time>2024-11-26T00:27:29Z</time>
      </trkpt>
      <trkpt lat="-23.057503430172801" lon="15.716643696650863">
        <ele>1029.2</ele>
        <time>2024-11-26T00:27:40Z</time>
      </trkpt>
      <trkpt lat="-23.057470573112369" lon="15.716639757156372">
        <ele>1029.4000000000001</ele>
        <time>2024-11-26T00:27:51Z</time>
      </trkpt>
      <trkpt lat="-23.05744081735611" lon="15.716636488214135">
        <ele>1029.5999999999999</ele>
        <time>2024-11-26T00:28:02Z</time>
      </trkpt>
      <trkpt lat="-23.057413911446929" lon="15.716631961986423">
        <ele>1029.8</ele>
        <time>2024-11-26T00:28:13Z</time>
      </trkpt>
      <trkpt lat="-23.05739488452673" lon="15.716627519577742">
        <ele>1029.8</ele>
        <time>2024-11-26T00:28:24Z</time>
      </trkpt>
      <trkpt lat="-23.05738122202456" lon="15.716625927016139">
        <ele>1029.8</ele>
        <time>2024-11-26T00:28:35Z</time>
      </trkpt>
      <trkpt lat="-23.057368230074644" lon="15.716624082997441">
        <ele>1029.8</ele>
        <time>2024-11-26T00:28:46Z</time>
      </trkpt>
      <trkpt lat="-23.057360853999853" lon="15.716622909530997">
        <ele>1029.8</ele>
        <time>2024-11-26T00:28:58Z</time>
      </trkpt>
      <trkpt lat="-23.057353729382157" lon="15.716622490435839">
        <ele>1029.8</ele>
        <time>2024-11-26T00:29:09Z</time>
      </trkpt>
      <trkpt lat="-23.057345934212208" lon="15.71662207134068">
        <ele>1030</ele>
        <time>2024-11-26T00:29:20Z</time>
      </trkpt>
      <trkpt lat="-23.05733528919518" lon="15.716616287827492">
        <ele>1030</ele>
        <time>2024-11-26T00:29:31Z</time>
      </trkpt>
      <trkpt lat="-23.057326320558786" lon="15.716617628931999">
        <ele>1030.2</ele>
        <time>2024-11-26T00:29:42Z</time>
      </trkpt>
      <trkpt lat="-23.057312909513712" lon="15.716616455465555">
        <ele>1030.2</ele>
        <time>2024-11-26T00:29:53Z</time>
      </trkpt>
      <trkpt lat="-23.057289104908705" lon="15.716615114361048">
        <ele>1030.4000000000001</ele>
        <time>2024-11-26T00:30:04Z</time>
      </trkpt>
      <trkpt lat="-23.057226492092013" lon="15.716607067734003">
        <ele>1030.5999999999999</ele>
        <time>2024-11-26T00:30:15Z</time>
      </trkpt>
      <trkpt lat="-23.056967742741108" lon="15.716584268957376">
        <ele>1031.5999999999999</ele>
        <time>2024-11-26T00:30:26Z</time>
      </trkpt>
      <trkpt lat="-23.056933544576168" lon="15.716578736901283">
        <ele>1031.8</ele>
        <time>2024-11-26T00:30:37Z</time>
      </trkpt>
      <trkpt lat="-23.056906219571829" lon="15.716568343341351">
        <ele>1031.8</ele>
        <time>2024-11-26T00:30:49Z</time>
      </trkpt>
      <trkpt lat="-23.056884426623583" lon="15.71655509993434">
        <ele>1032</ele>
        <time>2024-11-26T00:31:00Z</time>
      </trkpt>
      <trkpt lat="-23.056869087740779" lon="15.716543616726995">
        <ele>1032.2</ele>
        <time>2024-11-26T00:31:11Z</time>
      </trkpt>
      <trkpt lat="-23.056858107447624" lon="15.716534145176411">
        <ele>1032.2</ele>
        <time>2024-11-26T00:31:22Z</time>
      </trkpt>
      <trkpt lat="-23.056847965344787" lon="15.716521488502622">
        <ele>1032.5999999999999</ele>
        <time>2024-11-26T00:31:33Z</time>
      </trkpt>
      <trkpt lat="-23.056831117719412" lon="15.716507826000452">
        <ele>1032.5999999999999</ele>
        <time>2024-11-26T00:31:44Z</time>
      </trkpt>
      <trkpt lat="-23.056797590106726" lon="15.71649550460279">
        <ele>1032.5999999999999</ele>
        <time>2024-11-26T00:31:55Z</time>
      </trkpt>
      <trkpt lat="-23.056791806593537" lon="15.716495085507631">
        <ele>1032.5999999999999</ele>
        <time>2024-11-26T00:32:06Z</time>
      </trkpt>
      <trkpt lat="-23.056750819087029" lon="15.716531379148364">
        <ele>1033</ele>
        <time>2024-11-26T00:32:18Z</time>
      </trkpt>
      <trkpt lat="-23.056742521002889" lon="15.716545963659883">
        <ele>1033</ele>
        <time>2024-11-26T00:32:29Z</time>
      </trkpt>
      <trkpt lat="-23.056738497689366" lon="15.716563398018479">
        <ele>1033</ele>
        <time>2024-11-26T00:32:40Z</time>
      </trkpt>
      <trkpt lat="-23.056739335879683" lon="15.716584268957376">
        <ele>1033</ele>
        <time>2024-11-26T00:32:51Z</time>
      </trkpt>
      <trkpt lat="-23.056768588721752" lon="15.71662550792098">
        <ele>1033.2</ele>
        <time>2024-11-26T00:33:02Z</time>
      </trkpt>
      <trkpt lat="-23.056875457987189" lon="15.716640846803784">
        <ele>1033.2</ele>
        <time>2024-11-26T00:33:13Z</time>
      </trkpt>
      <trkpt lat="-23.056893143802881" lon="15.716642439365387">
        <ele>1033</ele>
        <time>2024-11-26T00:33:24Z</time>
      </trkpt>
      <trkpt lat="-23.056902280077338" lon="15.716644870117307">
        <ele>1032.8</ele>
        <time>2024-11-26T00:33:35Z</time>
      </trkpt>
      <trkpt lat="-23.056904878467321" lon="15.716644115746021">
        <ele>1032.5999999999999</ele>
        <time>2024-11-26T00:33:46Z</time>
      </trkpt>
      <trkpt lat="-23.056912841275334" lon="15.716643026098609">
        <ele>1032.2</ele>
        <time>2024-11-26T00:33:58Z</time>
      </trkpt>
      <trkpt lat="-23.0569111648947" lon="15.716645875945687">
        <ele>1032</ele>
        <time>2024-11-26T00:34:09Z</time>
      </trkpt>
      <trkpt lat="-23.056925749406219" lon="15.716649647802114">
        <ele>1032</ele>
        <time>2024-11-26T00:34:20Z</time>
      </trkpt>
      <trkpt lat="-23.056992301717401" lon="15.716657442972064">
        <ele>1031.8</ele>
        <time>2024-11-26T00:34:31Z</time>
      </trkpt>
      <trkpt lat="-23.057007137686014" lon="15.716658951714635">
        <ele>1031.5999999999999</ele>
        <time>2024-11-26T00:34:42Z</time>
      </trkpt>
      <trkpt lat="-23.057042760774493" lon="15.716662304475904">
        <ele>1031.5999999999999</ele>
        <time>2024-11-26T00:34:53Z</time>
      </trkpt>
      <trkpt lat="-23.057088777422905" lon="15.716669848188758">
        <ele>1031.4000000000001</ele>
        <time>2024-11-26T00:35:04Z</time>
      </trkpt>
      <trkpt lat="-23.057150300592184" lon="15.716676218435168">
        <ele>1031.5999999999999</ele>
        <time>2024-11-26T00:35:15Z</time>
      </trkpt>
      <trkpt lat="-23.057186342775822" lon="15.71668166667223">
        <ele>1031.5999999999999</ele>
        <time>2024-11-26T00:35:26Z</time>
      </trkpt>
      <trkpt lat="-23.057222804054618" lon="15.716686360538006">
        <ele>1031.4000000000001</ele>
        <time>2024-11-26T00:35:38Z</time>
      </trkpt>
      <trkpt lat="-23.057256750762463" lon="15.71669097058475">
        <ele>1031.4000000000001</ele>
        <time>2024-11-26T00:35:49Z</time>
      </trkpt>
      <trkpt lat="-23.057415252551436" lon="15.716711925342679">
        <ele>1030.4000000000001</ele>
        <time>2024-11-26T00:36:00Z</time>
      </trkpt>
      <trkpt lat="-23.057486414909363" lon="15.716722570359707">
        <ele>1030.2</ele>
        <time>2024-11-26T00:36:11Z</time>
      </trkpt>
      <trkpt lat="-23.057524301111698" lon="15.716729611158371">
        <ele>1030</ele>
        <time>2024-11-26T00:36:22Z</time>
      </trkpt>
      <trkpt lat="-23.057609377428889" lon="15.716732041910291">
        <ele>1029.4000000000001</ele>
        <time>2024-11-26T00:36:33Z</time>
      </trkpt>
      <trkpt lat="-23.057658663019538" lon="15.71671930141747">
        <ele>1029.4000000000001</ele>
        <time>2024-11-26T00:36:44Z</time>
      </trkpt>
      <trkpt lat="-23.057710211724043" lon="15.71669097058475">
        <ele>1029.4000000000001</ele>
        <time>2024-11-26T00:36:55Z</time>
      </trkpt>
      <trkpt lat="-23.057757653295994" lon="15.716645373031497">
        <ele>1029.2</ele>
        <time>2024-11-26T00:37:07Z</time>
      </trkpt>
      <trkpt lat="-23.057795120403171" lon="15.716583263128996">
        <ele>1028.8</ele>
        <time>2024-11-26T00:37:18Z</time>
      </trkpt>
      <trkpt lat="-23.0578195117414" lon="15.716506903991103">
        <ele>1028.5999999999999</ele>
        <time>2024-11-26T00:37:29Z</time>
      </trkpt>
      <trkpt lat="-23.057833844795823" lon="15.716423168778419">
        <ele>1028.4000000000001</ele>
        <time>2024-11-26T00:37:40Z</time>
      </trkpt>
      <trkpt lat="-23.057851530611515" lon="15.716332141309977">
        <ele>1028.2</ele>
        <time>2024-11-26T00:37:51Z</time>
      </trkpt>
      <trkpt lat="-23.057868294417858" lon="15.716235330328345">
        <ele>1028.2</ele>
        <time>2024-11-26T00:38:02Z</time>
      </trkpt>
      <trkpt lat="-23.057890338823199" lon="15.71613097563386">
        <ele>1028.2</ele>
        <time>2024-11-26T00:38:13Z</time>
      </trkpt>
      <trkpt lat="-23.058011122047901" lon="15.715579194948077">
        <ele>1030</ele>
        <time>2024-11-26T00:38:24Z</time>
      </trkpt>
      <trkpt lat="-23.058030316606164" lon="15.715463608503342">
        <ele>1031.4000000000001</ele>
        <time>2024-11-26T00:38:36Z</time>
      </trkpt>
      <trkpt lat="-23.058141209185123" lon="15.71482784114778">
        <ele>1032.2</ele>
        <time>2024-11-26T00:38:47Z</time>
      </trkpt>
      <trkpt lat="-23.058199463412166" lon="15.71452097967267">
        <ele>1030.8</ele>
        <time>2024-11-26T00:38:58Z</time>
      </trkpt>
      <trkpt lat="-23.058227710425854" lon="15.714355520904064">
        <ele>1029.5999999999999</ele>
        <time>2024-11-26T00:39:09Z</time>
      </trkpt>
      <trkpt lat="-23.058254197239876" lon="15.714183608070016">
        <ele>1029.5999999999999</ele>
        <time>2024-11-26T00:39:20Z</time>
      </trkpt>
      <trkpt lat="-23.058380009606481" lon="15.713498387485743">
        <ele>1029.8</ele>
        <time>2024-11-26T00:39:31Z</time>
      </trkpt>
      <trkpt lat="-23.058478496968746" lon="15.712990444153547">
        <ele>1031</ele>
        <time>2024-11-26T00:39:42Z</time>
      </trkpt>
      <trkpt lat="-23.058533482253551" lon="15.712660783901811">
        <ele>1032.2</ele>
        <time>2024-11-26T00:39:53Z</time>
      </trkpt>
      <trkpt lat="-23.058560639619827" lon="15.712497839704156">
        <ele>1033.5999999999999</ele>
        <time>2024-11-26T00:40:05Z</time>
      </trkpt>
      <trkpt lat="-23.058589557185769" lon="15.712334476411343">
        <ele>1034.4000000000001</ele>
        <time>2024-11-26T00:40:16Z</time>
      </trkpt>
      <trkpt lat="-23.058620067313313" lon="15.712169772014022">
        <ele>1035.8</ele>
        <time>2024-11-26T00:40:27Z</time>
      </trkpt>
      <trkpt lat="-23.058650996536016" lon="15.712002217769623">
        <ele>1037</ele>
        <time>2024-11-26T00:40:38Z</time>
      </trkpt>
      <trkpt lat="-23.058682512491941" lon="15.711827287450433">
        <ele>1037.5999999999999</ele>
        <time>2024-11-26T00:40:49Z</time>
      </trkpt>
      <trkpt lat="-23.058714615181088" lon="15.71164975874126">
        <ele>1038.2</ele>
        <time>2024-11-26T00:41:00Z</time>
      </trkpt>
      <trkpt lat="-23.05874889716506" lon="15.711467703804374">
        <ele>1038.4000000000001</ele>
        <time>2024-11-26T00:41:12Z</time>
      </trkpt>
      <trkpt lat="-23.058783682063222" lon="15.711285229772329">
        <ele>1038.4000000000001</ele>
        <time>2024-11-26T00:41:23Z</time>
      </trkpt>
      <trkpt lat="-23.058817628771067" lon="15.711101582273841">
        <ele>1038.5999999999999</ele>
        <time>2024-11-26T00:41:34Z</time>
      </trkpt>
      <trkpt lat="-23.058850318193436" lon="15.710918353870511">
        <ele>1038.4000000000001</ele>
        <time>2024-11-26T00:41:45Z</time>
      </trkpt>
      <trkpt lat="-23.058881498873234" lon="15.710733952000737">
        <ele>1038.4000000000001</ele>
        <time>2024-11-26T00:41:56Z</time>
      </trkpt>
      <trkpt lat="-23.058912344276905" lon="15.710544269531965">
        <ele>1038.4000000000001</ele>
        <time>2024-11-26T00:42:07Z</time>
      </trkpt>
      <trkpt lat="-23.058943608775735" lon="15.710348132997751">
        <ele>1038.2</ele>
        <time>2024-11-26T00:42:18Z</time>
      </trkpt>
      <trkpt lat="-23.058976549655199" lon="15.71015459485352">
        <ele>1038</ele>
        <time>2024-11-26T00:42:30Z</time>
      </trkpt>
      <trkpt lat="-23.059018710628152" lon="15.709952088072896">
        <ele>1037.2</ele>
        <time>2024-11-26T00:42:41Z</time>
      </trkpt>
      <trkpt lat="-23.059060703963041" lon="15.709746647626162">
        <ele>1037.2</ele>
        <time>2024-11-26T00:42:52Z</time>
      </trkpt>
      <trkpt lat="-23.059097332879901" lon="15.709546655416489">
        <ele>1037.2</ele>
        <time>2024-11-26T00:43:03Z</time>
      </trkpt>
      <trkpt lat="-23.059134045615792" lon="15.70934884250164">
        <ele>1037.2</ele>
        <time>2024-11-26T00:43:14Z</time>
      </trkpt>
      <trkpt lat="-23.059169668704271" lon="15.709147928282619">
        <ele>1037.5999999999999</ele>
        <time>2024-11-26T00:43:25Z</time>
      </trkpt>
      <trkpt lat="-23.059210404753685" lon="15.708936955779791">
        <ele>1039.4000000000001</ele>
        <time>2024-11-26T00:43:37Z</time>
      </trkpt>
      <trkpt lat="-23.059250637888908" lon="15.70872288197279">
        <ele>1041</ele>
        <time>2024-11-26T00:43:48Z</time>
      </trkpt>
      <trkpt lat="-23.059288775548339" lon="15.708507802337408">
        <ele>1041.2</ele>
        <time>2024-11-26T00:43:59Z</time>
      </trkpt>
      <trkpt lat="-23.059328170493245" lon="15.708290291950107">
        <ele>1041.2</ele>
        <time>2024-11-26T00:44:10Z</time>
      </trkpt>
      <trkpt lat="-23.059369325637817" lon="15.708065321668983">
        <ele>1041.2</ele>
        <time>2024-11-26T00:44:21Z</time>
      </trkpt>
      <trkpt lat="-23.059412073343992" lon="15.707835489884019">
        <ele>1041.2</ele>
        <time>2024-11-26T00:44:33Z</time>
      </trkpt>
      <trkpt lat="-23.059458089992404" lon="15.707604065537453">
        <ele>1040.4000000000001</ele>
        <time>2024-11-26T00:44:44Z</time>
      </trkpt>
      <trkpt lat="-23.059504022821784" lon="15.707373060286045">
        <ele>1038.8</ele>
        <time>2024-11-26T00:44:55Z</time>
      </trkpt>
      <trkpt lat="-23.05954928509891" lon="15.707138115540147">
        <ele>1037</ele>
        <time>2024-11-26T00:45:06Z</time>
      </trkpt>
      <trkpt lat="-23.059591948986053" lon="15.706909457221627">
        <ele>1035.4000000000001</ele>
        <time>2024-11-26T00:45:17Z</time>
      </trkpt>
      <trkpt lat="-23.059636289253831" lon="15.70667065680027">
        <ele>1035.2</ele>
        <time>2024-11-26T00:45:28Z</time>
      </trkpt>
      <trkpt lat="-23.059680629521608" lon="15.706428587436676">
        <ele>1035.2</ele>
        <time>2024-11-26T00:45:40Z</time>
      </trkpt>
      <trkpt lat="-23.059727065265179" lon="15.706186350435019">
        <ele>1035.2</ele>
        <time>2024-11-26T00:45:51Z</time>
      </trkpt>
      <trkpt lat="-23.059773920103908" lon="15.705947047099471">
        <ele>1035.5999999999999</ele>
        <time>2024-11-26T00:46:02Z</time>
      </trkpt>
      <trkpt lat="-23.059820607304573" lon="15.705702379345894">
        <ele>1036.4000000000001</ele>
        <time>2024-11-26T00:46:13Z</time>
      </trkpt>
      <trkpt lat="-23.059914233162999" lon="15.705211702734232">
        <ele>1037.8</ele>
        <time>2024-11-26T00:46:24Z</time>
      </trkpt>
      <trkpt lat="-23.060000902041793" lon="15.704723540693521">
        <ele>1039.2</ele>
        <time>2024-11-26T00:46:36Z</time>
      </trkpt>
      <trkpt lat="-23.06004423648119" lon="15.704480214044452">
        <ele>1040.5999999999999</ele>
        <time>2024-11-26T00:46:47Z</time>
      </trkpt>
      <trkpt lat="-23.060134258121252" lon="15.70398467592895">
        <ele>1041.8</ele>
        <time>2024-11-26T00:46:58Z</time>
      </trkpt>
      <trkpt lat="-23.060272643342614" lon="15.703238435089588">
        <ele>1043.4000000000001</ele>
        <time>2024-11-26T00:47:09Z</time>
      </trkpt>
      <trkpt lat="-23.060317654162645" lon="15.702984798699617">
        <ele>1043.8</ele>
        <time>2024-11-26T00:47:20Z</time>
      </trkpt>
      <trkpt lat="-23.060365095734596" lon="15.702729318290949">
        <ele>1044.2</ele>
        <time>2024-11-26T00:47:32Z</time>
      </trkpt>
      <trkpt lat="-23.060412034392357" lon="15.702475514262915">
        <ele>1044.4000000000001</ele>
        <time>2024-11-26T00:47:43Z</time>
      </trkpt>
      <trkpt lat="-23.06045955978334" lon="15.702224560081959">
        <ele>1044.4000000000001</ele>
        <time>2024-11-26T00:47:54Z</time>
      </trkpt>
      <trkpt lat="-23.060505408793688" lon="15.701975114643574">
        <ele>1044.4000000000001</ele>
        <time>2024-11-26T00:48:05Z</time>
      </trkpt>
      <trkpt lat="-23.060551090165973" lon="15.701723741367459">
        <ele>1044.4000000000001</ele>
        <time>2024-11-26T00:48:16Z</time>
      </trkpt>
      <trkpt lat="-23.06059786118567" lon="15.701471697539091">
        <ele>1044.2</ele>
        <time>2024-11-26T00:48:28Z</time>
      </trkpt>
      <trkpt lat="-23.060643039643764" lon="15.701222335919738">
        <ele>1044</ele>
        <time>2024-11-26T00:48:39Z</time>
      </trkpt>
      <trkpt lat="-23.060687379911542" lon="15.70097423158586">
        <ele>1043.8</ele>
        <time>2024-11-26T00:48:50Z</time>
      </trkpt>
      <trkpt lat="-23.060730127617717" lon="15.700732078403234">
        <ele>1043.5999999999999</ele>
        <time>2024-11-26T00:49:01Z</time>
      </trkpt>
      <trkpt lat="-23.060773462057114" lon="15.700492104515433">
        <ele>1043.4000000000001</ele>
        <time>2024-11-26T00:49:13Z</time>
      </trkpt>
      <trkpt lat="-23.060817467048764" lon="15.700254226103425">
        <ele>1043.4000000000001</ele>
        <time>2024-11-26T00:49:24Z</time>
      </trkpt>
      <trkpt lat="-23.060862142592669" lon="15.700016934424639">
        <ele>1043.2</ele>
        <time>2024-11-26T00:49:35Z</time>
      </trkpt>
      <trkpt lat="-23.060906734317541" lon="15.699779558926821">
        <ele>1042</ele>
        <time>2024-11-26T00:49:46Z</time>
      </trkpt>
      <trkpt lat="-23.060950236395001" lon="15.699544865638018">
        <ele>1040.5999999999999</ele>
        <time>2024-11-26T00:49:57Z</time>
      </trkpt>
      <trkpt lat="-23.060991894453764" lon="15.699315955862403">
        <ele>1039</ele>
        <time>2024-11-26T00:50:09Z</time>
      </trkpt>
      <trkpt lat="-23.061030367389321" lon="15.699088219553232">
        <ele>1037.8</ele>
        <time>2024-11-26T00:50:20Z</time>
      </trkpt>
      <trkpt lat="-23.061069175601006" lon="15.698862662538886">
        <ele>1037.5999999999999</ele>
        <time>2024-11-26T00:50:31Z</time>
      </trkpt>
      <trkpt lat="-23.061107564717531" lon="15.698635261505842">
        <ele>1037.2</ele>
        <time>2024-11-26T00:50:42Z</time>
      </trkpt>
      <trkpt lat="-23.061146289110184" lon="15.698404926806688">
        <ele>1036</ele>
        <time>2024-11-26T00:50:54Z</time>
      </trkpt>
      <trkpt lat="-23.061231365427375" lon="15.697934869676828">
        <ele>1035</ele>
        <time>2024-11-26T00:51:05Z</time>
      </trkpt>
      <trkpt lat="-23.061360446736217" lon="15.697234896942973">
        <ele>1034.4000000000001</ele>
        <time>2024-11-26T00:51:16Z</time>
      </trkpt>
      <trkpt lat="-23.061403278261423" lon="15.697003388777375">
        <ele>1034.4000000000001</ele>
        <time>2024-11-26T00:51:27Z</time>
      </trkpt>
      <trkpt lat="-23.06153210811317" lon="15.69629168137908">
        <ele>1035</ele>
        <time>2024-11-26T00:51:39Z</time>
      </trkpt>
      <trkpt lat="-23.061664458364248" lon="15.695554157719016">
        <ele>1035.8</ele>
        <time>2024-11-26T00:51:50Z</time>
      </trkpt>
      <trkpt lat="-23.061709888279438" lon="15.695307226851583">
        <ele>1036.2</ele>
        <time>2024-11-26T00:52:01Z</time>
      </trkpt>
      <trkpt lat="-23.06180477142334" lon="15.694814538583159">
        <ele>1036.8</ele>
        <time>2024-11-26T00:52:12Z</time>
      </trkpt>
      <trkpt lat="-23.061901833862066" lon="15.694330399855971">
        <ele>1038</ele>
        <time>2024-11-26T00:52:24Z</time>
      </trkpt>
      <trkpt lat="-23.061945419758558" lon="15.694093778729439">
        <ele>1039.4000000000001</ele>
        <time>2024-11-26T00:52:35Z</time>
      </trkpt>
      <trkpt lat="-23.06198850274086" lon="15.693857995793223">
        <ele>1040.2</ele>
        <time>2024-11-26T00:52:46Z</time>
      </trkpt>
      <trkpt lat="-23.062030496075749" lon="15.693617854267359">
        <ele>1041.8</ele>
        <time>2024-11-26T00:52:57Z</time>
      </trkpt>
      <trkpt lat="-23.062162511050701" lon="15.692884689196944">
        <ele>1043.5999999999999</ele>
        <time>2024-11-26T00:53:09Z</time>
      </trkpt>
      <trkpt lat="-23.062253789976239" lon="15.692385798320174">
        <ele>1044.4000000000001</ele>
        <time>2024-11-26T00:53:20Z</time>
      </trkpt>
      <trkpt lat="-23.062297962605953" lon="15.692134844139218">
        <ele>1045</ele>
        <time>2024-11-26T00:53:31Z</time>
      </trkpt>
      <trkpt lat="-23.062342470511794" lon="15.691884979605675">
        <ele>1045</ele>
        <time>2024-11-26T00:53:43Z</time>
      </trkpt>
      <trkpt lat="-23.062386391684413" lon="15.691639054566622">
        <ele>1045.2</ele>
        <time>2024-11-26T00:53:54Z</time>
      </trkpt>
      <trkpt lat="-23.062429139390588" lon="15.691398158669472">
        <ele>1045.2</ele>
        <time>2024-11-26T00:54:05Z</time>
      </trkpt>
      <trkpt lat="-23.062471803277731" lon="15.69115717895329">
        <ele>1045.2</ele>
        <time>2024-11-26T00:54:16Z</time>
      </trkpt>
      <trkpt lat="-23.06251673027873" lon="15.690914606675506">
        <ele>1045</ele>
        <time>2024-11-26T00:54:28Z</time>
      </trkpt>
      <trkpt lat="-23.062561824917793" lon="15.690673626959324">
        <ele>1044</ele>
        <time>2024-11-26T00:54:39Z</time>
      </trkpt>
      <trkpt lat="-23.062608847394586" lon="15.690429294481874">
        <ele>1043.8</ele>
        <time>2024-11-26T00:54:50Z</time>
      </trkpt>
      <trkpt lat="-23.062653355300426" lon="15.690188650041819">
        <ele>1043.5999999999999</ele>
        <time>2024-11-26T00:55:02Z</time>
      </trkpt>
      <trkpt lat="-23.062699623405933" lon="15.689946496859193">
        <ele>1043.5999999999999</ele>
        <time>2024-11-26T00:55:13Z</time>
      </trkpt>
      <trkpt lat="-23.062745053321123" lon="15.689700404182076">
        <ele>1043.4000000000001</ele>
        <time>2024-11-26T00:55:24Z</time>
      </trkpt>
      <trkpt lat="-23.062792159616947" lon="15.689449533820152">
        <ele>1043.4000000000001</ele>
        <time>2024-11-26T00:55:35Z</time>
      </trkpt>
      <trkpt lat="-23.062838260084391" lon="15.689196735620499">
        <ele>1043.5999999999999</ele>
        <time>2024-11-26T00:55:47Z</time>
      </trkpt>
      <trkpt lat="-23.062884109094739" lon="15.688942847773433">
        <ele>1043.8</ele>
        <time>2024-11-26T00:55:58Z</time>
      </trkpt>
      <trkpt lat="-23.062929874286056" lon="15.688689630478621">
        <ele>1044.8</ele>
        <time>2024-11-26T00:56:09Z</time>
      </trkpt>
      <trkpt lat="-23.062976812943816" lon="15.688440352678299">
        <ele>1045.5999999999999</ele>
        <time>2024-11-26T00:56:21Z</time>
      </trkpt>
      <trkpt lat="-23.063023164868355" lon="15.68819266743958">
        <ele>1046</ele>
        <time>2024-11-26T00:56:32Z</time>
      </trkpt>
      <trkpt lat="-23.063072366639972" lon="15.687945652753115">
        <ele>1046</ele>
        <time>2024-11-26T00:56:43Z</time>
      </trkpt>
      <trkpt lat="-23.063122071325779" lon="15.687699811533093">
        <ele>1046</ele>
        <time>2024-11-26T00:56:55Z</time>
      </trkpt>
      <trkpt lat="-23.063169848173857" lon="15.687456233426929">
        <ele>1046</ele>
        <time>2024-11-26T00:57:06Z</time>
      </trkpt>
      <trkpt lat="-23.063216116279364" lon="15.687224557623267">
        <ele>1045.2</ele>
        <time>2024-11-26T00:57:17Z</time>
      </trkpt>
      <trkpt lat="-23.063255846500397" lon="15.686995815485716">
        <ele>1043.5999999999999</ele>
        <time>2024-11-26T00:57:29Z</time>
      </trkpt>
      <trkpt lat="-23.063294403254986" lon="15.686766989529133">
        <ele>1043</ele>
        <time>2024-11-26T00:57:40Z</time>
      </trkpt>
      <trkpt lat="-23.063333462923765" lon="15.686537241563201">
        <ele>1043</ele>
        <time>2024-11-26T00:57:51Z</time>
      </trkpt>
      <trkpt lat="-23.063369672745466" lon="15.686305398121476">
        <ele>1043</ele>
        <time>2024-11-26T00:58:02Z</time>
      </trkpt>
      <trkpt lat="-23.063409235328436" lon="15.686070369556546">
        <ele>1043.2</ele>
        <time>2024-11-26T00:58:14Z</time>
      </trkpt>
      <trkpt lat="-23.063443098217249" lon="15.685826037079096">
        <ele>1043.5999999999999</ele>
        <time>2024-11-26T00:58:25Z</time>
      </trkpt>
      <trkpt lat="-23.063484756276011" lon="15.685578938573599">
        <ele>1045</ele>
        <time>2024-11-26T00:58:36Z</time>
      </trkpt>
      <trkpt lat="-23.063529767096043" lon="15.68532831966877">
        <ele>1045.8</ele>
        <time>2024-11-26T00:58:48Z</time>
      </trkpt>
      <trkpt lat="-23.063669325783849" lon="15.684587946161628">
        <ele>1045.8</ele>
        <time>2024-11-26T00:58:59Z</time>
      </trkpt>
      <trkpt lat="-23.063801759853959" lon="15.683856122195721">
        <ele>1045.4000000000001</ele>
        <time>2024-11-26T00:59:10Z</time>
      </trkpt>
      <trkpt lat="-23.063839813694358" lon="15.683623608201742">
        <ele>1045.4000000000001</ele>
        <time>2024-11-26T00:59:22Z</time>
      </trkpt>
      <trkpt lat="-23.063876442611217" lon="15.683393608778715">
        <ele>1045.4000000000001</ele>
        <time>2024-11-26T00:59:33Z</time>
      </trkpt>
      <trkpt lat="-23.063915334641933" lon="15.683171236887574">
        <ele>1045.5999999999999</ele>
        <time>2024-11-26T00:59:44Z</time>
      </trkpt>
      <trkpt lat="-23.063957830891013" lon="15.682951044291258">
        <ele>1047</ele>
        <time>2024-11-26T00:59:56Z</time>
      </trkpt>
      <trkpt lat="-23.064003260806203" lon="15.682728001847863">
        <ele>1048.5999999999999</ele>
        <time>2024-11-26T01:00:07Z</time>
      </trkpt>
      <trkpt lat="-23.064049361273646" lon="15.682501271367073">
        <ele>1048.8</ele>
        <time>2024-11-26T01:00:18Z</time>
      </trkpt>
      <trkpt lat="-23.064095294103026" lon="15.682271858677268">
        <ele>1048.8</ele>
        <time>2024-11-26T01:00:30Z</time>
      </trkpt>
      <trkpt lat="-23.064139550551772" lon="15.682041775435209">
        <ele>1048.8</ele>
        <time>2024-11-26T01:00:41Z</time>
      </trkpt>
      <trkpt lat="-23.064183387905359" lon="15.68181311711669">
        <ele>1048.8</ele>
        <time>2024-11-26T01:00:52Z</time>
      </trkpt>
      <trkpt lat="-23.064229991286993" lon="15.681580770760775">
        <ele>1048.8</ele>
        <time>2024-11-26T01:01:04Z</time>
      </trkpt>
      <trkpt lat="-23.064279528334737" lon="15.681347167119384">
        <ele>1048.4000000000001</ele>
        <time>2024-11-26T01:01:15Z</time>
      </trkpt>
      <trkpt lat="-23.064324455335736" lon="15.681115072220564">
        <ele>1048.2</ele>
        <time>2024-11-26T01:01:26Z</time>
      </trkpt>
      <trkpt lat="-23.064367286860943" lon="15.680882139131427">
        <ele>1048</ele>
        <time>2024-11-26T01:01:38Z</time>
      </trkpt>
      <trkpt lat="-23.064408609643579" lon="15.680649876594543">
        <ele>1048</ele>
        <time>2024-11-26T01:01:49Z</time>
      </trkpt>
      <trkpt lat="-23.064449764788151" lon="15.680417949333787">
        <ele>1048</ele>
        <time>2024-11-26T01:02:01Z</time>
      </trkpt>
      <trkpt lat="-23.064491339027882" lon="15.680184764787555">
        <ele>1048</ele>
        <time>2024-11-26T01:02:12Z</time>
      </trkpt>
      <trkpt lat="-23.064533583819866" lon="15.679950658231974">
        <ele>1048</ele>
        <time>2024-11-26T01:02:23Z</time>
      </trkpt>
      <trkpt lat="-23.064576163887978" lon="15.679718898609281">
        <ele>1048.2</ele>
        <time>2024-11-26T01:02:35Z</time>
      </trkpt>
      <trkpt lat="-23.064615475013852" lon="15.679487977176905">
        <ele>1048.8</ele>
        <time>2024-11-26T01:02:46Z</time>
      </trkpt>
      <trkpt lat="-23.064657468348742" lon="15.67925663664937">
        <ele>1049.4000000000001</ele>
        <time>2024-11-26T01:02:57Z</time>
      </trkpt>
      <trkpt lat="-23.064699796959758" lon="15.67902403883636">
        <ele>1050.8</ele>
        <time>2024-11-26T01:03:09Z</time>
      </trkpt>
      <trkpt lat="-23.064740868285298" lon="15.678790351375937">
        <ele>1051.2</ele>
        <time>2024-11-26T01:03:20Z</time>
      </trkpt>
      <trkpt lat="-23.064782107248902" lon="15.678557334467769">
        <ele>1051.5999999999999</ele>
        <time>2024-11-26T01:03:31Z</time>
      </trkpt>
      <trkpt lat="-23.064827956259251" lon="15.678323647007346">
        <ele>1052.2</ele>
        <time>2024-11-26T01:03:43Z</time>
      </trkpt>
      <trkpt lat="-23.064872799441218" lon="15.67808979190886">
        <ele>1052.4000000000001</ele>
        <time>2024-11-26T01:03:54Z</time>
      </trkpt>
      <trkpt lat="-23.064917139708996" lon="15.67786012776196">
        <ele>1052.4000000000001</ele>
        <time>2024-11-26T01:04:06Z</time>
      </trkpt>
      <trkpt lat="-23.064961228519678" lon="15.677632307633758">
        <ele>1052.5999999999999</ele>
        <time>2024-11-26T01:04:17Z</time>
      </trkpt>
      <trkpt lat="-23.065004395321012" lon="15.677400967106223">
        <ele>1052.5999999999999</ele>
        <time>2024-11-26T01:04:28Z</time>
      </trkpt>
      <trkpt lat="-23.065051669254899" lon="15.677161412313581">
        <ele>1052.5999999999999</ele>
        <time>2024-11-26T01:04:40Z</time>
      </trkpt>
      <trkpt lat="-23.06509860791266" lon="15.676915403455496">
        <ele>1052.2</ele>
        <time>2024-11-26T01:04:51Z</time>
      </trkpt>
      <trkpt lat="-23.065143115818501" lon="15.676666628569365">
        <ele>1051.4000000000001</ele>
        <time>2024-11-26T01:05:02Z</time>
      </trkpt>
      <trkpt lat="-23.0651880428195" lon="15.676413662731647">
        <ele>1050.4000000000001</ele>
        <time>2024-11-26T01:05:14Z</time>
      </trkpt>
      <trkpt lat="-23.065229617059231" lon="15.676159104332328">
        <ele>1049.5999999999999</ele>
        <time>2024-11-26T01:05:25Z</time>
      </trkpt>
      <trkpt lat="-23.065271442756057" lon="15.675907395780087">
        <ele>1049.2</ele>
        <time>2024-11-26T01:05:37Z</time>
      </trkpt>
      <trkpt lat="-23.06531460955739" lon="15.675653675571084">
        <ele>1048.8</ele>
        <time>2024-11-26T01:05:48Z</time>
      </trkpt>
      <trkpt lat="-23.065357357263565" lon="15.675401128828526">
        <ele>1047.5999999999999</ele>
        <time>2024-11-26T01:05:59Z</time>
      </trkpt>
      <trkpt lat="-23.065401781350374" lon="15.675146738067269">
        <ele>1047</ele>
        <time>2024-11-26T01:06:11Z</time>
      </trkpt>
      <trkpt lat="-23.065447546541691" lon="15.674892095848918">
        <ele>1046.8</ele>
        <time>2024-11-26T01:06:22Z</time>
      </trkpt>
      <trkpt lat="-23.065491300076246" lon="15.674641225486994">
        <ele>1046.5999999999999</ele>
        <time>2024-11-26T01:06:33Z</time>
      </trkpt>
      <trkpt lat="-23.065537149086595" lon="15.674395719543099">
        <ele>1046.2</ele>
        <time>2024-11-26T01:06:45Z</time>
      </trkpt>
      <trkpt lat="-23.06558090262115" lon="15.674150129780173">
        <ele>1046</ele>
        <time>2024-11-26T01:06:56Z</time>
      </trkpt>
      <trkpt lat="-23.065672349184752" lon="15.673666158691049">
        <ele>1045.8</ele>
        <time>2024-11-26T01:07:08Z</time>
      </trkpt>
      <trkpt lat="-23.065719706937671" lon="15.673424005508423">
        <ele>1045.5999999999999</ele>
        <time>2024-11-26T01:07:19Z</time>
      </trkpt>
      <trkpt lat="-23.065855326130986" lon="15.672693019732833">
        <ele>1045.5999999999999</ele>
        <time>2024-11-26T01:07:30Z</time>
      </trkpt>
      <trkpt lat="-23.065989855676889" lon="15.671961111947894">
        <ele>1046</ele>
        <time>2024-11-26T01:07:42Z</time>
      </trkpt>
      <trkpt lat="-23.066118266433477" lon="15.671229539439082">
        <ele>1047.4000000000001</ele>
        <time>2024-11-26T01:07:53Z</time>
      </trkpt>
      <trkpt lat="-23.066162103787065" lon="15.670987302437425">
        <ele>1048.2</ele>
        <time>2024-11-26T01:08:05Z</time>
      </trkpt>
      <trkpt lat="-23.066206192597747" lon="15.670749424025416">
        <ele>1049</ele>
        <time>2024-11-26T01:08:16Z</time>
      </trkpt>
      <trkpt lat="-23.066247263923287" lon="15.670518418774009">
        <ele>1050</ele>
        <time>2024-11-26T01:08:27Z</time>
      </trkpt>
      <trkpt lat="-23.066288335248828" lon="15.670285653322935">
        <ele>1050.5999999999999</ele>
        <time>2024-11-26T01:08:39Z</time>
      </trkpt>
      <trkpt lat="-23.066369891166687" lon="15.669808220118284">
        <ele>1052.4000000000001</ele>
        <time>2024-11-26T01:08:50Z</time>
      </trkpt>
      <trkpt lat="-23.066414231434464" lon="15.669569503515959">
        <ele>1053.4000000000001</ele>
        <time>2024-11-26T01:09:02Z</time>
      </trkpt>
      <trkpt lat="-23.066503498703241" lon="15.66908142529428">
        <ele>1053.4000000000001</ele>
        <time>2024-11-26T01:09:13Z</time>
      </trkpt>
      <trkpt lat="-23.066549766808748" lon="15.668831393122673">
        <ele>1053.4000000000001</ele>
        <time>2024-11-26T01:09:25Z</time>
      </trkpt>
      <trkpt lat="-23.066597124561667" lon="15.668582115322351">
        <ele>1053.4000000000001</ele>
        <time>2024-11-26T01:09:36Z</time>
      </trkpt>
      <trkpt lat="-23.066642386838794" lon="15.668334681540728">
        <ele>1053.4000000000001</ele>
        <time>2024-11-26T01:09:47Z</time>
      </trkpt>
      <trkpt lat="-23.066682871431112" lon="15.66808900795877">
        <ele>1053.4000000000001</ele>
        <time>2024-11-26T01:09:59Z</time>
      </trkpt>
      <trkpt lat="-23.066723188385367" lon="15.667844172567129">
        <ele>1053.4000000000001</ele>
        <time>2024-11-26T01:10:10Z</time>
      </trkpt>
      <trkpt lat="-23.06676484644413" lon="15.667602941393852">
        <ele>1053.4000000000001</ele>
        <time>2024-11-26T01:10:22Z</time>
      </trkpt>
      <trkpt lat="-23.066804576665163" lon="15.667364308610559">
        <ele>1053.8</ele>
        <time>2024-11-26T01:10:33Z</time>
      </trkpt>
      <trkpt lat="-23.066849168390036" lon="15.667118718847632">
        <ele>1054.2</ele>
        <time>2024-11-26T01:10:45Z</time>
      </trkpt>
      <trkpt lat="-23.066894682124257" lon="15.666872793808579">
        <ele>1054.4000000000001</ele>
        <time>2024-11-26T01:10:56Z</time>
      </trkpt>
      <trkpt lat="-23.066938184201717" lon="15.666626952588558">
        <ele>1054.5999999999999</ele>
        <time>2024-11-26T01:11:08Z</time>
      </trkpt>
      <trkpt lat="-23.066981351003051" lon="15.66638320684433">
        <ele>1054.5999999999999</ele>
        <time>2024-11-26T01:11:19Z</time>
      </trkpt>
      <trkpt lat="-23.067024182528257" lon="15.66614180803299">
        <ele>1054.8</ele>
        <time>2024-11-26T01:11:30Z</time>
      </trkpt>
      <trkpt lat="-23.067066008225083" lon="15.665901666507125">
        <ele>1055</ele>
        <time>2024-11-26T01:11:42Z</time>
      </trkpt>
      <trkpt lat="-23.067110180854797" lon="15.665662027895451">
        <ele>1055.8</ele>
        <time>2024-11-26T01:11:53Z</time>
      </trkpt>
      <trkpt lat="-23.067150413990021" lon="15.665424987673759">
        <ele>1057</ele>
        <time>2024-11-26T01:12:05Z</time>
      </trkpt>
      <trkpt lat="-23.067190144211054" lon="15.665193814784288">
        <ele>1058.4000000000001</ele>
        <time>2024-11-26T01:12:16Z</time>
      </trkpt>
      <trkpt lat="-23.067227276042104" lon="15.664970520883799">
        <ele>1059</ele>
        <time>2024-11-26T01:12:28Z</time>
      </trkpt>
      <trkpt lat="-23.067268431186676" lon="15.664743036031723">
        <ele>1059</ele>
        <time>2024-11-26T01:12:39Z</time>
      </trkpt>
      <trkpt lat="-23.067312519997358" lon="15.664509097114205">
        <ele>1059</ele>
        <time>2024-11-26T01:12:51Z</time>
      </trkpt>
      <trkpt lat="-23.067357363179326" lon="15.664272224530578">
        <ele>1058.4000000000001</ele>
        <time>2024-11-26T01:13:02Z</time>
      </trkpt>
      <trkpt lat="-23.067400194704533" lon="15.664032753556967">
        <ele>1056.4000000000001</ele>
        <time>2024-11-26T01:13:13Z</time>
      </trkpt>
      <trkpt lat="-23.067444367334247" lon="15.6637910194695">
        <ele>1056</ele>
        <time>2024-11-26T01:13:25Z</time>
      </trkpt>
      <trkpt lat="-23.067487115040421" lon="15.663549620658159">
        <ele>1056</ele>
        <time>2024-11-26T01:13:36Z</time>
      </trkpt>
      <trkpt lat="-23.067531706765294" lon="15.663309479132295">
        <ele>1056</ele>
        <time>2024-11-26T01:13:48Z</time>
      </trkpt>
      <trkpt lat="-23.067575544118881" lon="15.663065398111939">
        <ele>1056</ele>
        <time>2024-11-26T01:13:59Z</time>
      </trkpt>
      <trkpt lat="-23.067618543282151" lon="15.66282550804317">
        <ele>1056.4000000000001</ele>
        <time>2024-11-26T01:14:11Z</time>
      </trkpt>
      <trkpt lat="-23.067663637921214" lon="15.662589808925986">
        <ele>1057</ele>
        <time>2024-11-26T01:14:22Z</time>
      </trkpt>
      <trkpt lat="-23.067711163312197" lon="15.662352601066232">
        <ele>1057.8</ele>
        <time>2024-11-26T01:14:34Z</time>
      </trkpt>
      <trkpt lat="-23.06775676086545" lon="15.662115225568414">
        <ele>1058.4000000000001</ele>
        <time>2024-11-26T01:14:45Z</time>
      </trkpt>
      <trkpt lat="-23.067802442237735" lon="15.661876676604152">
        <ele>1058.8</ele>
        <time>2024-11-26T01:14:57Z</time>
      </trkpt>
      <trkpt lat="-23.067845357581973" lon="15.661635864526033">
        <ele>1059.4000000000001</ele>
        <time>2024-11-26T01:15:08Z</time>
      </trkpt>
      <trkpt lat="-23.067887099459767" lon="15.66138993948698">
        <ele>1059.8</ele>
        <time>2024-11-26T01:15:20Z</time>
      </trkpt>
      <trkpt lat="-23.067931942641735" lon="15.66114560700953">
        <ele>1060.2</ele>
        <time>2024-11-26T01:15:31Z</time>
      </trkpt>
      <trkpt lat="-23.067980809137225" lon="15.660901693627238">
        <ele>1060.4000000000001</ele>
        <time>2024-11-26T01:15:43Z</time>
      </trkpt>
      <trkpt lat="-23.068028418347239" lon="15.660653756931424">
        <ele>1060.8</ele>
        <time>2024-11-26T01:15:54Z</time>
      </trkpt>
      <trkpt lat="-23.068073764443398" lon="15.660404898226261">
        <ele>1061.2</ele>
        <time>2024-11-26T01:16:06Z</time>
      </trkpt>
      <trkpt lat="-23.068117266520858" lon="15.660158805549145">
        <ele>1061.2</ele>
        <time>2024-11-26T01:16:17Z</time>
      </trkpt>
      <trkpt lat="-23.06816085241735" lon="15.659914137795568">
        <ele>1061.4000000000001</ele>
        <time>2024-11-26T01:16:29Z</time>
      </trkpt>
      <trkpt lat="-23.06820091791451" lon="15.65966947004199">
        <ele>1061.5999999999999</ele>
        <time>2024-11-26T01:16:40Z</time>
      </trkpt>
      <trkpt lat="-23.068244084715843" lon="15.659427903592587">
        <ele>1061.5999999999999</ele>
        <time>2024-11-26T01:16:51Z</time>
      </trkpt>
      <trkpt lat="-23.068288089707494" lon="15.659187007695436">
        <ele>1062</ele>
        <time>2024-11-26T01:17:03Z</time>
      </trkpt>
      <trkpt lat="-23.0683309212327" lon="15.658947955816984">
        <ele>1062.2</ele>
        <time>2024-11-26T01:17:14Z</time>
      </trkpt>
      <trkpt lat="-23.06837291456759" lon="15.658706054091454">
        <ele>1062.4000000000001</ele>
        <time>2024-11-26T01:17:26Z</time>
      </trkpt>
      <trkpt lat="-23.068416332826018" lon="15.658464236184955">
        <ele>1063.4000000000001</ele>
        <time>2024-11-26T01:17:37Z</time>
      </trkpt>
      <trkpt lat="-23.068459583446383" lon="15.658222418278456">
        <ele>1063.8</ele>
        <time>2024-11-26T01:17:49Z</time>
      </trkpt>
      <trkpt lat="-23.068504007533193" lon="15.657980935648084">
        <ele>1063.8</ele>
        <time>2024-11-26T01:18:00Z</time>
      </trkpt>
      <trkpt lat="-23.06854885071516" lon="15.657742973417044">
        <ele>1063.8</ele>
        <time>2024-11-26T01:18:12Z</time>
      </trkpt>
      <trkpt lat="-23.068597633391619" lon="15.657500149682164">
        <ele>1063.8</ele>
        <time>2024-11-26T01:18:23Z</time>
      </trkpt>
      <trkpt lat="-23.068645494058728" lon="15.65725808031857">
        <ele>1063.8</ele>
        <time>2024-11-26T01:18:35Z</time>
      </trkpt>
      <trkpt lat="-23.068690085783601" lon="15.657016430050135">
        <ele>1064</ele>
        <time>2024-11-26T01:18:46Z</time>
      </trkpt>
      <trkpt lat="-23.068734928965569" lon="15.656772768124938">
        <ele>1064</ele>
        <time>2024-11-26T01:18:58Z</time>
      </trkpt>
      <trkpt lat="-23.068780526518822" lon="15.656529106199741">
        <ele>1064</ele>
        <time>2024-11-26T01:19:09Z</time>
      </trkpt>
      <trkpt lat="-23.068825118243694" lon="15.656285863369703">
        <ele>1064.4000000000001</ele>
        <time>2024-11-26T01:19:21Z</time>
      </trkpt>
      <trkpt lat="-23.068870045244694" lon="15.656045638024807">
        <ele>1064.5999999999999</ele>
        <time>2024-11-26T01:19:32Z</time>
      </trkpt>
      <trkpt lat="-23.068915139883757" lon="15.655796611681581">
        <ele>1065.4000000000001</ele>
        <time>2024-11-26T01:19:44Z</time>
      </trkpt>
      <trkpt lat="-23.068961827084422" lon="15.655545322224498">
        <ele>1065.4000000000001</ele>
        <time>2024-11-26T01:19:55Z</time>
      </trkpt>
      <trkpt lat="-23.069003317505121" lon="15.655290763825178">
        <ele>1065.5999999999999</ele>
        <time>2024-11-26T01:20:07Z</time>
      </trkpt>
      <trkpt lat="-23.069044891744852" lon="15.655034612864256">
        <ele>1065.8</ele>
        <time>2024-11-26T01:20:19Z</time>
      </trkpt>
      <trkpt lat="-23.069089315831661" lon="15.654781730845571">
        <ele>1066.5999999999999</ele>
        <time>2024-11-26T01:20:30Z</time>
      </trkpt>
      <trkpt lat="-23.069134829565883" lon="15.654531111940742">
        <ele>1066.8</ele>
        <time>2024-11-26T01:20:42Z</time>
      </trkpt>
      <trkpt lat="-23.069180762395263" lon="15.654282085597515">
        <ele>1066.8</ele>
        <time>2024-11-26T01:20:53Z</time>
      </trkpt>
      <trkpt lat="-23.069223342463374" lon="15.654036914929748">
        <ele>1067</ele>
        <time>2024-11-26T01:21:05Z</time>
      </trkpt>
      <trkpt lat="-23.069265587255359" lon="15.653797276318073">
        <ele>1067.2</ele>
        <time>2024-11-26T01:21:16Z</time>
      </trkpt>
      <trkpt lat="-23.069309424608946" lon="15.653561241924763">
        <ele>1067.2</ele>
        <time>2024-11-26T01:21:28Z</time>
      </trkpt>
      <trkpt lat="-23.069350495934486" lon="15.653321519494057">
        <ele>1067.2</ele>
        <time>2024-11-26T01:21:39Z</time>
      </trkpt>
      <trkpt lat="-23.069392405450344" lon="15.653079450130463">
        <ele>1067.2</ele>
        <time>2024-11-26T01:21:51Z</time>
      </trkpt>
      <trkpt lat="-23.069437248632312" lon="15.652838805690408">
        <ele>1067.2</ele>
        <time>2024-11-26T01:22:02Z</time>
      </trkpt>
      <trkpt lat="-23.06948502548039" lon="15.652597490698099">
        <ele>1067.2</ele>
        <time>2024-11-26T01:22:14Z</time>
      </trkpt>
      <trkpt lat="-23.069532215595245" lon="15.652351481840014">
        <ele>1067.2</ele>
        <time>2024-11-26T01:22:25Z</time>
      </trkpt>
      <trkpt lat="-23.069579070433974" lon="15.652104467153549">
        <ele>1067.2</ele>
        <time>2024-11-26T01:22:37Z</time>
      </trkpt>
      <trkpt lat="-23.069628020748496" lon="15.65185971558094">
        <ele>1067.2</ele>
        <time>2024-11-26T01:22:48Z</time>
      </trkpt>
      <trkpt lat="-23.069676719605923" lon="15.651616137474775">
        <ele>1067.2</ele>
        <time>2024-11-26T01:23:00Z</time>
      </trkpt>
      <trkpt lat="-23.069721395149827" lon="15.651370380073786">
        <ele>1067.5999999999999</ele>
        <time>2024-11-26T01:23:11Z</time>
      </trkpt>
      <trkpt lat="-23.069766573607922" lon="15.651124455034733">
        <ele>1067.8</ele>
        <time>2024-11-26T01:23:23Z</time>
      </trkpt>
      <trkpt lat="-23.069814518094063" lon="15.65087903290987">
        <ele>1069</ele>
        <time>2024-11-26T01:23:35Z</time>
      </trkpt>
      <trkpt lat="-23.069860367104411" lon="15.650633107870817">
        <ele>1070</ele>
        <time>2024-11-26T01:23:46Z</time>
      </trkpt>
      <trkpt lat="-23.069903617724776" lon="15.65038844011724">
        <ele>1070.5999999999999</ele>
        <time>2024-11-26T01:23:58Z</time>
      </trkpt>
      <trkpt lat="-23.069945694878697" lon="15.650146706029773">
        <ele>1071.5999999999999</ele>
        <time>2024-11-26T01:24:09Z</time>
      </trkpt>
      <trkpt lat="-23.06998785585165" lon="15.649907737970352">
        <ele>1072.8</ele>
        <time>2024-11-26T01:24:21Z</time>
      </trkpt>
      <trkpt lat="-23.070029681548476" lon="15.649671368300915">
        <ele>1074.4000000000001</ele>
        <time>2024-11-26T01:24:32Z</time>
      </trkpt>
      <trkpt lat="-23.070074692368507" lon="15.649438016116619">
        <ele>1075.4000000000001</ele>
        <time>2024-11-26T01:24:44Z</time>
      </trkpt>
      <trkpt lat="-23.070117691531777" lon="15.649208016693592">
        <ele>1076.2</ele>
        <time>2024-11-26T01:24:55Z</time>
      </trkpt>
      <trkpt lat="-23.070159181952477" lon="15.648980531841516">
        <ele>1076.8</ele>
        <time>2024-11-26T01:25:07Z</time>
      </trkpt>
      <trkpt lat="-23.070202097296715" lon="15.648753382265568">
        <ele>1076.8</ele>
        <time>2024-11-26T01:25:18Z</time>
      </trkpt>
      <trkpt lat="-23.070250628516078" lon="15.648520952090621">
        <ele>1076.8</ele>
        <time>2024-11-26T01:25:30Z</time>
      </trkpt>
      <trkpt lat="-23.070294884964824" lon="15.648284247145057">
        <ele>1076.8</ele>
        <time>2024-11-26T01:25:42Z</time>
      </trkpt>
      <trkpt lat="-23.070337548851967" lon="15.648044524714351">
        <ele>1075.4000000000001</ele>
        <time>2024-11-26T01:25:53Z</time>
      </trkpt>
      <trkpt lat="-23.070380464196205" lon="15.647806227207184">
        <ele>1073.4000000000001</ele>
        <time>2024-11-26T01:26:05Z</time>
      </trkpt>
      <trkpt lat="-23.070421451702714" lon="15.647579077631235">
        <ele>1073.2</ele>
        <time>2024-11-26T01:26:16Z</time>
      </trkpt>
      <trkpt lat="-23.070460008457303" lon="15.647362740710378">
        <ele>1073.2</ele>
        <time>2024-11-26T01:26:28Z</time>
      </trkpt>
      <trkpt lat="-23.070499068126082" lon="15.647151013836265">
        <ele>1073.2</ele>
        <time>2024-11-26T01:26:39Z</time>
      </trkpt>
      <trkpt lat="-23.070532847195864" lon="15.646941130980849">
        <ele>1073.5999999999999</ele>
        <time>2024-11-26T01:26:51Z</time>
      </trkpt>
      <trkpt lat="-23.070568135008216" lon="15.646726721897721">
        <ele>1075.2</ele>
        <time>2024-11-26T01:27:03Z</time>
      </trkpt>
      <trkpt lat="-23.070604680106044" lon="15.646506110206246">
        <ele>1075.5999999999999</ele>
        <time>2024-11-26T01:27:14Z</time>
      </trkpt>
      <trkpt lat="-23.070639465004206" lon="15.646287761628628">
        <ele>1076.4000000000001</ele>
        <time>2024-11-26T01:27:26Z</time>
      </trkpt>
      <trkpt lat="-23.070676177740097" lon="15.646064635366201">
        <ele>1077.2</ele>
        <time>2024-11-26T01:27:37Z</time>
      </trkpt>
      <trkpt lat="-23.070716997608542" lon="15.645838910713792">
        <ele>1077.5999999999999</ele>
        <time>2024-11-26T01:27:49Z</time>
      </trkpt>
      <trkpt lat="-23.070757063105702" lon="15.645609917119145">
        <ele>1078</ele>
        <time>2024-11-26T01:28:00Z</time>
      </trkpt>
      <trkpt lat="-23.070793859660625" lon="15.645381845533848">
        <ele>1078</ele>
        <time>2024-11-26T01:28:12Z</time>
      </trkpt>
      <trkpt lat="-23.070831745862961" lon="15.645153606310487">
        <ele>1078</ele>
        <time>2024-11-26T01:28:24Z</time>
      </trkpt>
      <trkpt lat="-23.070871643722057" lon="15.644928049296141">
        <ele>1078</ele>
        <time>2024-11-26T01:28:35Z</time>
      </trkpt>
      <trkpt lat="-23.070910787209868" lon="15.644701486453414">
        <ele>1077.8</ele>
        <time>2024-11-26T01:28:47Z</time>
      </trkpt>
      <trkpt lat="-23.07094993069768" lon="15.64447307959199">
        <ele>1077.4000000000001</ele>
        <time>2024-11-26T01:28:58Z</time>
      </trkpt>
      <trkpt lat="-23.070993181318045" lon="15.644237631931901">
        <ele>1077.2</ele>
        <time>2024-11-26T01:29:10Z</time>
      </trkpt>
      <trkpt lat="-23.071038108319044" lon="15.644001010805368">
        <ele>1076.8</ele>
        <time>2024-11-26T01:29:21Z</time>
      </trkpt>
      <trkpt lat="-23.071079263463616" lon="15.643766317516565">
        <ele>1076.8</ele>
        <time>2024-11-26T01:29:33Z</time>
      </trkpt>
      <trkpt lat="-23.07111706584692" lon="15.64353397116065">
        <ele>1076.8</ele>
        <time>2024-11-26T01:29:45Z</time>
      </trkpt>
      <trkpt lat="-23.071153946220875" lon="15.643300618976355">
        <ele>1076.5999999999999</ele>
        <time>2024-11-26T01:29:56Z</time>
      </trkpt>
      <trkpt lat="-23.071195101365447" lon="15.643061986193061">
        <ele>1076.8</ele>
        <time>2024-11-26T01:30:08Z</time>
      </trkpt>
      <trkpt lat="-23.071239776909351" lon="15.642821174114943">
        <ele>1077</ele>
        <time>2024-11-26T01:30:19Z</time>
      </trkpt>
      <trkpt lat="-23.071284703910351" lon="15.642578769475222">
        <ele>1077</ele>
        <time>2024-11-26T01:30:31Z</time>
      </trkpt>
      <trkpt lat="-23.071333570405841" lon="15.642335526645184">
        <ele>1077.2</ele>
        <time>2024-11-26T01:30:43Z</time>
      </trkpt>
      <trkpt lat="-23.071378832682967" lon="15.642094798386097">
        <ele>1077.4000000000001</ele>
        <time>2024-11-26T01:30:54Z</time>
      </trkpt>
      <trkpt lat="-23.071423759683967" lon="15.641855746507645">
        <ele>1077.4000000000001</ele>
        <time>2024-11-26T01:31:06Z</time>
      </trkpt>
      <trkpt lat="-23.0714703630656" lon="15.641611078754067">
        <ele>1077.4000000000001</ele>
        <time>2024-11-26T01:31:17Z</time>
      </trkpt>
      <trkpt lat="-23.0715152900666" lon="15.641363728791475">
        <ele>1077.4000000000001</ele>
        <time>2024-11-26T01:31:29Z</time>
      </trkpt>
      <trkpt lat="-23.071557702496648" lon="15.641114031895995">
        <ele>1077.5999999999999</ele>
        <time>2024-11-26T01:31:41Z</time>
      </trkpt>
      <trkpt lat="-23.071599779650569" lon="15.640864502638578">
        <ele>1077.8</ele>
        <time>2024-11-26T01:31:52Z</time>
      </trkpt>
      <trkpt lat="-23.071731375530362" lon="15.640107952058315">
        <ele>1078.2</ele>
        <time>2024-11-26T01:32:04Z</time>
      </trkpt>
      <trkpt lat="-23.071864396333694" lon="15.63935425132513">
        <ele>1078.2</ele>
        <time>2024-11-26T01:32:15Z</time>
      </trkpt>
      <trkpt lat="-23.071909071877599" lon="15.639100531116128">
        <ele>1078.2</ele>
        <time>2024-11-26T01:32:27Z</time>
      </trkpt>
      <trkpt lat="-23.072040416300297" lon="15.638346495106816">
        <ele>1078.2</ele>
        <time>2024-11-26T01:32:39Z</time>
      </trkpt>
      <trkpt lat="-23.0721231456846" lon="15.637861266732216">
        <ele>1078</ele>
        <time>2024-11-26T01:32:50Z</time>
      </trkpt>
      <trkpt lat="-23.072167234495282" lon="15.637615760788321">
        <ele>1077.5999999999999</ele>
        <time>2024-11-26T01:33:02Z</time>
      </trkpt>
      <trkpt lat="-23.072210820391774" lon="15.637371009215713">
        <ele>1077.4000000000001</ele>
        <time>2024-11-26T01:33:14Z</time>
      </trkpt>
      <trkpt lat="-23.0722560826689" lon="15.637125754728913">
        <ele>1076.2</ele>
        <time>2024-11-26T01:33:25Z</time>
      </trkpt>
      <trkpt lat="-23.072339314967394" lon="15.636640023440123">
        <ele>1075.8</ele>
        <time>2024-11-26T01:33:37Z</time>
      </trkpt>
      <trkpt lat="-23.072380553930998" lon="15.636399211362004">
        <ele>1075.5999999999999</ele>
        <time>2024-11-26T01:33:48Z</time>
      </trkpt>
      <trkpt lat="-23.072422714903951" lon="15.636163679882884">
        <ele>1075.4000000000001</ele>
        <time>2024-11-26T01:34:00Z</time>
      </trkpt>
      <trkpt lat="-23.072466719895601" lon="15.635930160060525">
        <ele>1075.2</ele>
        <time>2024-11-26T01:34:12Z</time>
      </trkpt>
      <trkpt lat="-23.072508964687586" lon="15.63569295220077">
        <ele>1074.4000000000001</ele>
        <time>2024-11-26T01:34:23Z</time>
      </trkpt>
      <trkpt lat="-23.072590604424477" lon="15.635219542309642">
        <ele>1073</ele>
        <time>2024-11-26T01:34:35Z</time>
      </trkpt>
      <trkpt lat="-23.072666628286242" lon="15.634753424674273">
        <ele>1072.8</ele>
        <time>2024-11-26T01:34:47Z</time>
      </trkpt>
      <trkpt lat="-23.072744747623801" lon="15.634278925135732">
        <ele>1073.5999999999999</ele>
        <time>2024-11-26T01:34:58Z</time>
      </trkpt>
      <trkpt lat="-23.072783723473549" lon="15.634046075865626">
        <ele>1074.2</ele>
        <time>2024-11-26T01:35:10Z</time>
      </trkpt>
      <trkpt lat="-23.072852874174714" lon="15.633585741743445">
        <ele>1074.2</ele>
        <time>2024-11-26T01:35:22Z</time>
      </trkpt>
      <trkpt lat="-23.072891933843493" lon="15.63336119055748">
        <ele>1074.2</ele>
        <time>2024-11-26T01:35:33Z</time>
      </trkpt>
      <trkpt lat="-23.072928981855512" lon="15.633138567209244">
        <ele>1072.8</ele>
        <time>2024-11-26T01:35:45Z</time>
      </trkpt>
      <trkpt lat="-23.072970975190401" lon="15.632910495623946">
        <ele>1070.5999999999999</ele>
        <time>2024-11-26T01:35:57Z</time>
      </trkpt>
      <trkpt lat="-23.073013303801417" lon="15.632682843133807">
        <ele>1068.5999999999999</ele>
        <time>2024-11-26T01:36:08Z</time>
      </trkpt>
      <trkpt lat="-23.073053788393736" lon="15.632456112653017">
        <ele>1066</ele>
        <time>2024-11-26T01:36:20Z</time>
      </trkpt>
      <trkpt lat="-23.073138361796737" lon="15.631988067179918">
        <ele>1066</ele>
        <time>2024-11-26T01:36:32Z</time>
      </trkpt>
      <trkpt lat="-23.07321815751493" lon="15.631524045020342">
        <ele>1066.8</ele>
        <time>2024-11-26T01:36:43Z</time>
      </trkpt>
      <trkpt lat="-23.073253612965345" lon="15.63129773363471">
        <ele>1068</ele>
        <time>2024-11-26T01:36:55Z</time>
      </trkpt>
      <trkpt lat="-23.073286302387714" lon="15.631075697019696">
        <ele>1069.4000000000001</ele>
        <time>2024-11-26T01:37:07Z</time>
      </trkpt>
      <trkpt lat="-23.073318488895893" lon="15.630855755880475">
        <ele>1070.5999999999999</ele>
        <time>2024-11-26T01:37:18Z</time>
      </trkpt>
      <trkpt lat="-23.073350004851818" lon="15.630639083683491">
        <ele>1072.2</ele>
        <time>2024-11-26T01:37:30Z</time>
      </trkpt>
      <trkpt lat="-23.073382275179029" lon="15.630424339324236">
        <ele>1073.5999999999999</ele>
        <time>2024-11-26T01:37:42Z</time>
      </trkpt>
      <trkpt lat="-23.073450000956655" lon="15.629979176446795">
        <ele>1075.4000000000001</ele>
        <time>2024-11-26T01:37:53Z</time>
      </trkpt>
      <trkpt lat="-23.073523510247469" lon="15.629517333582044">
        <ele>1076.4000000000001</ele>
        <time>2024-11-26T01:38:05Z</time>
      </trkpt>
      <trkpt lat="-23.073561480268836" lon="15.629281718283892">
        <ele>1076.5999999999999</ele>
        <time>2024-11-26T01:38:17Z</time>
      </trkpt>
      <trkpt lat="-23.073686873540282" lon="15.628552492707968">
        <ele>1077</ele>
        <time>2024-11-26T01:38:28Z</time>
      </trkpt>
      <trkpt lat="-23.073729621246457" lon="15.628305980935693">
        <ele>1077.2</ele>
        <time>2024-11-26T01:38:40Z</time>
      </trkpt>
      <trkpt lat="-23.073772201314569" lon="15.628057038411498">
        <ele>1077.2</ele>
        <time>2024-11-26T01:38:52Z</time>
      </trkpt>
      <trkpt lat="-23.073813021183014" lon="15.627804659307003">
        <ele>1077.2</ele>
        <time>2024-11-26T01:39:03Z</time>
      </trkpt>
      <trkpt lat="-23.07385484687984" lon="15.627550017088652">
        <ele>1077</ele>
        <time>2024-11-26T01:39:15Z</time>
      </trkpt>
      <trkpt lat="-23.073901198804379" lon="15.62729780562222">
        <ele>1076.8</ele>
        <time>2024-11-26T01:39:27Z</time>
      </trkpt>
      <trkpt lat="-23.073948137462139" lon="15.627044755965471">
        <ele>1076.5999999999999</ele>
        <time>2024-11-26T01:39:38Z</time>
      </trkpt>
      <trkpt lat="-23.073992561548948" lon="15.626792879775167">
        <ele>1076.4000000000001</ele>
        <time>2024-11-26T01:39:50Z</time>
      </trkpt>
      <trkpt lat="-23.074037907645106" lon="15.626546368002892">
        <ele>1076.2</ele>
        <time>2024-11-26T01:40:02Z</time>
      </trkpt>
      <trkpt lat="-23.074080487713218" lon="15.626306058838964">
        <ele>1075.8</ele>
        <time>2024-11-26T01:40:14Z</time>
      </trkpt>
      <trkpt lat="-23.074123319238424" lon="15.626072371378541">
        <ele>1075.5999999999999</ele>
        <time>2024-11-26T01:40:25Z</time>
      </trkpt>
      <trkpt lat="-23.074167659506202" lon="15.625828877091408">
        <ele>1075.4000000000001</ele>
        <time>2024-11-26T01:40:37Z</time>
      </trkpt>
      <trkpt lat="-23.074211748316884" lon="15.625582365319133">
        <ele>1074</ele>
        <time>2024-11-26T01:40:49Z</time>
      </trkpt>
      <trkpt lat="-23.074252819642425" lon="15.625335518270731">
        <ele>1072.4000000000001</ele>
        <time>2024-11-26T01:41:00Z</time>
      </trkpt>
      <trkpt lat="-23.074293220415711" lon="15.625086324289441">
        <ele>1071</ele>
        <time>2024-11-26T01:41:12Z</time>
      </trkpt>
      <trkpt lat="-23.074338901787996" lon="15.624835537746549">
        <ele>1069.5999999999999</ele>
        <time>2024-11-26T01:41:24Z</time>
      </trkpt>
      <trkpt lat="-23.074386427178979" lon="15.624585170298815">
        <ele>1068.8</ele>
        <time>2024-11-26T01:41:36Z</time>
      </trkpt>
      <trkpt lat="-23.074471922591329" lon="15.624095918610692">
        <ele>1068.8</ele>
        <time>2024-11-26T01:41:47Z</time>
      </trkpt>
      <trkpt lat="-23.074513413012028" lon="15.623854184523225">
        <ele>1068.8</ele>
        <time>2024-11-26T01:41:59Z</time>
      </trkpt>
      <trkpt lat="-23.074553562328219" lon="15.623622760176659">
        <ele>1069.2</ele>
        <time>2024-11-26T01:42:11Z</time>
      </trkpt>
      <trkpt lat="-23.074588933959603" lon="15.623395023867488">
        <ele>1070.8</ele>
        <time>2024-11-26T01:42:22Z</time>
      </trkpt>
      <trkpt lat="-23.074625479057431" lon="15.623163348063827">
        <ele>1072</ele>
        <time>2024-11-26T01:42:34Z</time>
      </trkpt>
      <trkpt lat="-23.074662694707513" lon="15.622930750250816">
        <ele>1073.8</ele>
        <time>2024-11-26T01:42:46Z</time>
      </trkpt>
      <trkpt lat="-23.074779622256756" lon="15.622205212712288">
        <ele>1074.5999999999999</ele>
        <time>2024-11-26T01:42:58Z</time>
      </trkpt>
      <trkpt lat="-23.07482035830617" lon="15.621955264359713">
        <ele>1074.8</ele>
        <time>2024-11-26T01:43:09Z</time>
      </trkpt>
      <trkpt lat="-23.074957150965929" lon="15.621179603040218">
        <ele>1074.5999999999999</ele>
        <time>2024-11-26T01:43:21Z</time>
      </trkpt>
      <trkpt lat="-23.075101068243384" lon="15.620409389957786">
        <ele>1074.4000000000001</ele>
        <time>2024-11-26T01:43:33Z</time>
      </trkpt>
      <trkpt lat="-23.075145911425352" lon="15.620152149349451">
        <ele>1074</ele>
        <time>2024-11-26T01:43:44Z</time>
      </trkpt>
      <trkpt lat="-23.075188575312495" lon="15.619894741103053">
        <ele>1073.8</ele>
        <time>2024-11-26T01:43:56Z</time>
      </trkpt>
      <trkpt lat="-23.075231155380607" lon="15.619642697274685">
        <ele>1072</ele>
        <time>2024-11-26T01:44:08Z</time>
      </trkpt>
      <trkpt lat="-23.075276836752892" lon="15.619392581284046">
        <ele>1069.5999999999999</ele>
        <time>2024-11-26T01:44:20Z</time>
      </trkpt>
      <trkpt lat="-23.075320087373257" lon="15.619147745892406">
        <ele>1069.5999999999999</ele>
        <time>2024-11-26T01:44:31Z</time>
      </trkpt>
      <trkpt lat="-23.075355459004641" lon="15.618908777832985">
        <ele>1069.5999999999999</ele>
        <time>2024-11-26T01:44:43Z</time>
      </trkpt>
      <trkpt lat="-23.075392171740532" lon="15.618672659620643">
        <ele>1069.5999999999999</ele>
        <time>2024-11-26T01:44:55Z</time>
      </trkpt>
      <trkpt lat="-23.075427375733852" lon="15.61843897216022">
        <ele>1069.5999999999999</ele>
        <time>2024-11-26T01:45:07Z</time>
      </trkpt>
      <trkpt lat="-23.075464759021997" lon="15.618207463994622">
        <ele>1071.2</ele>
        <time>2024-11-26T01:45:18Z</time>
      </trkpt>
      <trkpt lat="-23.075504321604967" lon="15.617970926687121">
        <ele>1071.5999999999999</ele>
        <time>2024-11-26T01:45:30Z</time>
      </trkpt>
      <trkpt lat="-23.075586883351207" lon="15.617492403835058">
        <ele>1071.5999999999999</ele>
        <time>2024-11-26T01:45:42Z</time>
      </trkpt>
      <trkpt lat="-23.075710264965892" lon="15.616741050034761">
        <ele>1070.2</ele>
        <time>2024-11-26T01:45:54Z</time>
      </trkpt>
      <trkpt lat="-23.075751755386591" lon="15.616491101682186">
        <ele>1070</ele>
        <time>2024-11-26T01:46:05Z</time>
      </trkpt>
      <trkpt lat="-23.075873125344515" lon="15.615731030702591">
        <ele>1069.5999999999999</ele>
        <time>2024-11-26T01:46:17Z</time>
      </trkpt>
      <trkpt lat="-23.075996926054358" lon="15.614968445152044">
        <ele>1069.4000000000001</ele>
        <time>2024-11-26T01:46:29Z</time>
      </trkpt>
      <trkpt lat="-23.076036991551518" lon="15.614719837903976">
        <ele>1069.2</ele>
        <time>2024-11-26T01:46:41Z</time>
      </trkpt>
      <trkpt lat="-23.076075213029981" lon="15.614477936178446">
        <ele>1069</ele>
        <time>2024-11-26T01:46:53Z</time>
      </trkpt>
      <trkpt lat="-23.07611477561295" lon="15.614238297566772">
        <ele>1069</ele>
        <time>2024-11-26T01:47:04Z</time>
      </trkpt>
      <trkpt lat="-23.076155930757523" lon="15.61399832367897">
        <ele>1068.4000000000001</ele>
        <time>2024-11-26T01:47:16Z</time>
      </trkpt>
      <trkpt lat="-23.076198259368539" lon="15.613756170496345">
        <ele>1067.4000000000001</ele>
        <time>2024-11-26T01:47:28Z</time>
      </trkpt>
      <trkpt lat="-23.076285179704428" lon="15.61326926574111">
        <ele>1065.4000000000001</ele>
        <time>2024-11-26T01:47:40Z</time>
      </trkpt>
      <trkpt lat="-23.07632583193481" lon="15.613023843616247">
        <ele>1063.5999999999999</ele>
        <time>2024-11-26T01:47:51Z</time>
      </trkpt>
      <trkpt lat="-23.076367322355509" lon="15.612780768424273">
        <ele>1062.2</ele>
        <time>2024-11-26T01:48:03Z</time>
      </trkpt>
      <trkpt lat="-23.076451560482383" lon="15.612303502857685">
        <ele>1060.5999999999999</ele>
        <time>2024-11-26T01:48:15Z</time>
      </trkpt>
      <trkpt lat="-23.076578127220273" lon="15.611580898985267">
        <ele>1060.4000000000001</ele>
        <time>2024-11-26T01:48:27Z</time>
      </trkpt>
      <trkpt lat="-23.076616181060672" lon="15.611340757459402">
        <ele>1060.4000000000001</ele>
        <time>2024-11-26T01:48:39Z</time>
      </trkpt>
      <trkpt lat="-23.076728750020266" lon="15.610621338710189">
        <ele>1060.5999999999999</ele>
        <time>2024-11-26T01:48:50Z</time>
      </trkpt>
      <trkpt lat="-23.076761439442635" lon="15.610389830544591">
        <ele>1060.8</ele>
        <time>2024-11-26T01:49:02Z</time>
      </trkpt>
      <trkpt lat="-23.076795553788543" lon="15.610160920768976">
        <ele>1061</ele>
        <time>2024-11-26T01:49:14Z</time>
      </trkpt>
      <trkpt lat="-23.076831176877022" lon="15.609938465058804">
        <ele>1061.2</ele>
        <time>2024-11-26T01:49:26Z</time>
      </trkpt>
      <trkpt lat="-23.076866883784533" lon="15.609721038490534">
        <ele>1061</ele>
        <time>2024-11-26T01:49:38Z</time>
      </trkpt>
      <trkpt lat="-23.076902842149138" lon="15.609507132321596">
        <ele>1061</ele>
        <time>2024-11-26T01:49:49Z</time>
      </trkpt>
      <trkpt lat="-23.076938968151808" lon="15.609305547550321">
        <ele>1061</ele>
        <time>2024-11-26T01:50:01Z</time>
      </trkpt>
      <trkpt lat="-23.076971238479018" lon="15.609117122367024">
        <ele>1061</ele>
        <time>2024-11-26T01:50:13Z</time>
      </trkpt>
      <trkpt lat="-23.076999820768833" lon="15.608941353857517">
        <ele>1060.8</ele>
        <time>2024-11-26T01:50:25Z</time>
      </trkpt>
      <trkpt lat="-23.077025469392538" lon="15.60877631418407">
        <ele>1060.4000000000001</ele>
        <time>2024-11-26T01:50:37Z</time>
      </trkpt>
      <trkpt lat="-23.077048938721418" lon="15.608622087165713">
        <ele>1059.8</ele>
        <time>2024-11-26T01:50:49Z</time>
      </trkpt>
      <trkpt lat="-23.077073078602552" lon="15.608477666974068">
        <ele>1058.8</ele>
        <time>2024-11-26T01:51:00Z</time>
      </trkpt>
      <trkpt lat="-23.07709788903594" lon="15.608331654220819">
        <ele>1058.2</ele>
        <time>2024-11-26T01:51:12Z</time>
      </trkpt>
      <trkpt lat="-23.077125968411565" lon="15.608180025592446">
        <ele>1058</ele>
        <time>2024-11-26T01:51:24Z</time>
      </trkpt>
      <trkpt lat="-23.077188916504383" lon="15.607848018407822">
        <ele>1057.8</ele>
        <time>2024-11-26T01:51:36Z</time>
      </trkpt>
      <trkpt lat="-23.077259324491024" lon="15.607481226325035">
        <ele>1057.5999999999999</ele>
        <time>2024-11-26T01:51:48Z</time>
      </trkpt>
      <trkpt lat="-23.077371893450618" lon="15.606883009895682">
        <ele>1057</ele>
        <time>2024-11-26T01:51:59Z</time>
      </trkpt>
      <trkpt lat="-23.077408270910382" lon="15.60667522251606">
        <ele>1056.5999999999999</ele>
        <time>2024-11-26T01:52:11Z</time>
      </trkpt>
      <trkpt lat="-23.077442301437259" lon="15.606468776240945">
        <ele>1056.4000000000001</ele>
        <time>2024-11-26T01:52:23Z</time>
      </trkpt>
      <trkpt lat="-23.07750835083425" lon="15.606075413525105">
        <ele>1055.8</ele>
        <time>2024-11-26T01:52:35Z</time>
      </trkpt>
      <trkpt lat="-23.07754254899919" lon="15.605880618095398">
        <ele>1055.8</ele>
        <time>2024-11-26T01:52:47Z</time>
      </trkpt>
      <trkpt lat="-23.077575908973813" lon="15.605686157941818">
        <ele>1055.5999999999999</ele>
        <time>2024-11-26T01:52:59Z</time>
      </trkpt>
      <trkpt lat="-23.077606670558453" lon="15.605494631454349">
        <ele>1055.2</ele>
        <time>2024-11-26T01:53:10Z</time>
      </trkpt>
      <trkpt lat="-23.077637515962124" lon="15.605300674214959">
        <ele>1054.8</ele>
        <time>2024-11-26T01:53:22Z</time>
      </trkpt>
      <trkpt lat="-23.077667439356446" lon="15.605103699490428">
        <ele>1054.5999999999999</ele>
        <time>2024-11-26T01:53:34Z</time>
      </trkpt>
      <trkpt lat="-23.077765759080648" lon="15.604477152228355">
        <ele>1054</ele>
        <time>2024-11-26T01:53:46Z</time>
      </trkpt>
      <trkpt lat="-23.077837005257607" lon="15.60402343980968">
        <ele>1053.5999999999999</ele>
        <time>2024-11-26T01:53:58Z</time>
      </trkpt>
      <trkpt lat="-23.077868605032563" lon="15.603790171444416">
        <ele>1053.5999999999999</ele>
        <time>2024-11-26T01:54:10Z</time>
      </trkpt>
      <trkpt lat="-23.077981593087316" lon="15.603077122941613">
        <ele>1053.4000000000001</ele>
        <time>2024-11-26T01:54:21Z</time>
      </trkpt>
      <trkpt lat="-23.078022999688983" lon="15.602832622826099">
        <ele>1053.4000000000001</ele>
        <time>2024-11-26T01:54:33Z</time>
      </trkpt>
      <trkpt lat="-23.078148812055588" lon="15.602077664807439">
        <ele>1052.8</ele>
        <time>2024-11-26T01:54:45Z</time>
      </trkpt>
      <trkpt lat="-23.07826180011034" lon="15.601331675425172">
        <ele>1052.8</ele>
        <time>2024-11-26T01:54:57Z</time>
      </trkpt>
      <trkpt lat="-23.078293316066265" lon="15.601083403453231">
        <ele>1053.2</ele>
        <time>2024-11-26T01:55:09Z</time>
      </trkpt>
      <trkpt lat="-23.078373782336712" lon="15.600349232554436">
        <ele>1053.2</ele>
        <time>2024-11-26T01:55:21Z</time>
      </trkpt>
      <trkpt lat="-23.078444609418511" lon="15.599594693630934">
        <ele>1051.8</ele>
        <time>2024-11-26T01:55:33Z</time>
      </trkpt>
      <trkpt lat="-23.078465396538377" lon="15.599334686994553">
        <ele>1051</ele>
        <time>2024-11-26T01:55:44Z</time>
      </trkpt>
      <trkpt lat="-23.07848802767694" lon="15.599073423072696">
        <ele>1050</ele>
        <time>2024-11-26T01:55:56Z</time>
      </trkpt>
      <trkpt lat="-23.078542510047555" lon="15.598562210798264">
        <ele>1049</ele>
        <time>2024-11-26T01:56:08Z</time>
      </trkpt>
      <trkpt lat="-23.078593974933028" lon="15.598056949675083">
        <ele>1047.8</ele>
        <time>2024-11-26T01:56:20Z</time>
      </trkpt>
      <trkpt lat="-23.078640243038535" lon="15.597546072676778">
        <ele>1047.5999999999999</ele>
        <time>2024-11-26T01:56:32Z</time>
      </trkpt>
      <trkpt lat="-23.078709729015827" lon="15.596770159900188">
        <ele>1046.8</ele>
        <time>2024-11-26T01:56:44Z</time>
      </trkpt>
      <trkpt lat="-23.078734204173088" lon="15.596509985625744">
        <ele>1046</ele>
        <time>2024-11-26T01:56:56Z</time>
      </trkpt>
      <trkpt lat="-23.078803019598126" lon="15.595723511651158">
        <ele>1045</ele>
        <time>2024-11-26T01:57:08Z</time>
      </trkpt>
      <trkpt lat="-23.078826824203134" lon="15.595469456166029">
        <ele>1044.5999999999999</ele>
        <time>2024-11-26T01:57:20Z</time>
      </trkpt>
      <trkpt lat="-23.078848533332348" lon="15.59521833434701">
        <ele>1043.5999999999999</ele>
        <time>2024-11-26T01:57:31Z</time>
      </trkpt>
      <trkpt lat="-23.07886915281415" lon="15.59496620669961">
        <ele>1042.8</ele>
        <time>2024-11-26T01:57:43Z</time>
      </trkpt>
      <trkpt lat="-23.078888598829508" lon="15.59471650980413">
        <ele>1042.4000000000001</ele>
        <time>2024-11-26T01:57:55Z</time>
      </trkpt>
      <trkpt lat="-23.078906619921327" lon="15.594472764059901">
        <ele>1042</ele>
        <time>2024-11-26T01:58:07Z</time>
      </trkpt>
      <trkpt lat="-23.078923970460892" lon="15.594231532886624">
        <ele>1041.4000000000001</ele>
        <time>2024-11-26T01:58:19Z</time>
      </trkpt>
      <trkpt lat="-23.078941237181425" lon="15.593989295884967">
        <ele>1041.4000000000001</ele>
        <time>2024-11-26T01:58:31Z</time>
      </trkpt>
      <trkpt lat="-23.078959593549371" lon="15.593745298683643">
        <ele>1041.4000000000001</ele>
        <time>2024-11-26T01:58:43Z</time>
      </trkpt>
      <trkpt lat="-23.079024804756045" lon="15.592990508303046">
        <ele>1041.4000000000001</ele>
        <time>2024-11-26T01:58:55Z</time>
      </trkpt>
      <trkpt lat="-23.079067133367062" lon="15.592477116733789">
        <ele>1041.4000000000001</ele>
        <time>2024-11-26T01:59:07Z</time>
      </trkpt>
      <trkpt lat="-23.079085657373071" lon="15.592217026278377">
        <ele>1041.4000000000001</ele>
        <time>2024-11-26T01:59:19Z</time>
      </trkpt>
      <trkpt lat="-23.079107031226158" lon="15.591953918337822">
        <ele>1041.2</ele>
        <time>2024-11-26T01:59:31Z</time>
      </trkpt>
      <trkpt lat="-23.079151371493936" lon="15.591424936428666">
        <ele>1040.2</ele>
        <time>2024-11-26T01:59:42Z</time>
      </trkpt>
      <trkpt lat="-23.079223120585084" lon="15.590638546273112">
        <ele>1039.5999999999999</ele>
        <time>2024-11-26T01:59:54Z</time>
      </trkpt>
      <trkpt lat="-23.079240890219808" lon="15.590380383655429">
        <ele>1039.8</ele>
        <time>2024-11-26T02:00:06Z</time>
      </trkpt>
      <trkpt lat="-23.079259498044848" lon="15.590127166360617">
        <ele>1039.8</ele>
        <time>2024-11-26T02:00:18Z</time>
      </trkpt>
      <trkpt lat="-23.07932747527957" lon="15.589364916086197">
        <ele>1039.8</ele>
        <time>2024-11-26T02:00:30Z</time>
      </trkpt>
      <trkpt lat="-23.079399224370718" lon="15.588584896177053">
        <ele>1039.2</ele>
        <time>2024-11-26T02:00:42Z</time>
      </trkpt>
      <trkpt lat="-23.079450773075223" lon="15.58806044049561">
        <ele>1038.5999999999999</ele>
        <time>2024-11-26T02:00:54Z</time>
      </trkpt>
      <trkpt lat="-23.079500645399094" lon="15.587535230442882">
        <ele>1037.8</ele>
        <time>2024-11-26T02:01:06Z</time>
      </trkpt>
      <trkpt lat="-23.07957180775702" lon="15.586742972955108">
        <ele>1036.8</ele>
        <time>2024-11-26T02:01:18Z</time>
      </trkpt>
      <trkpt lat="-23.079594438895583" lon="15.586478523910046">
        <ele>1036.4000000000001</ele>
        <time>2024-11-26T02:01:30Z</time>
      </trkpt>
      <trkpt lat="-23.079661745578051" lon="15.58567394502461">
        <ele>1035.2</ele>
        <time>2024-11-26T02:01:42Z</time>
      </trkpt>
      <trkpt lat="-23.07968370616436" lon="15.585405556485057">
        <ele>1035.2</ele>
        <time>2024-11-26T02:01:54Z</time>
      </trkpt>
      <trkpt lat="-23.079748665913939" lon="15.584597457200289">
        <ele>1034.5999999999999</ele>
        <time>2024-11-26T02:02:06Z</time>
      </trkpt>
      <trkpt lat="-23.079821672290564" lon="15.583790447562933">
        <ele>1033.8</ele>
        <time>2024-11-26T02:02:18Z</time>
      </trkpt>
      <trkpt lat="-23.079867353662848" lon="15.58325425721705">
        <ele>1033.2</ele>
        <time>2024-11-26T02:02:30Z</time>
      </trkpt>
      <trkpt lat="-23.079888643696904" lon="15.582988634705544">
        <ele>1033</ele>
        <time>2024-11-26T02:02:42Z</time>
      </trkpt>
      <trkpt lat="-23.079909849911928" lon="15.582726700231433">
        <ele>1032.8</ele>
        <time>2024-11-26T02:02:54Z</time>
      </trkpt>
      <trkpt lat="-23.079951507970691" lon="15.582201993092895">
        <ele>1031.4000000000001</ele>
        <time>2024-11-26T02:03:06Z</time>
      </trkpt>
      <trkpt lat="-23.080021161586046" lon="15.581406718119979">
        <ele>1030.5999999999999</ele>
        <time>2024-11-26T02:03:18Z</time>
      </trkpt>
      <trkpt lat="-23.080063322558999" lon="15.580875556915998">
        <ele>1030.2</ele>
        <time>2024-11-26T02:03:30Z</time>
      </trkpt>
      <trkpt lat="-23.080104142427444" lon="15.58034498244524">
        <ele>1029.4000000000001</ele>
        <time>2024-11-26T02:03:42Z</time>
      </trkpt>
      <trkpt lat="-23.080180836841464" lon="15.579547360539436">
        <ele>1029</ele>
        <time>2024-11-26T02:03:54Z</time>
      </trkpt>
      <trkpt lat="-23.080258285626769" lon="15.578744290396571">
        <ele>1027.5999999999999</ele>
        <time>2024-11-26T02:04:06Z</time>
      </trkpt>
      <trkpt lat="-23.080328861251473" lon="15.577939208596945">
        <ele>1026.4000000000001</ele>
        <time>2024-11-26T02:04:18Z</time>
      </trkpt>
      <trkpt lat="-23.080351576209068" lon="15.577670149505138">
        <ele>1026</ele>
        <time>2024-11-26T02:04:30Z</time>
      </trkpt>
      <trkpt lat="-23.080401197075844" lon="15.577133540064096">
        <ele>1024.5999999999999</ele>
        <time>2024-11-26T02:04:42Z</time>
      </trkpt>
      <trkpt lat="-23.080444782972336" lon="15.576601708307862">
        <ele>1024</ele>
        <time>2024-11-26T02:04:54Z</time>
      </trkpt>
      <trkpt lat="-23.080467497929931" lon="15.576335079967976">
        <ele>1023.6</ele>
        <time>2024-11-26T02:05:06Z</time>
      </trkpt>
      <trkpt lat="-23.080540504306555" lon="15.575534021481872">
        <ele>1022.8</ele>
        <time>2024-11-26T02:05:18Z</time>
      </trkpt>
      <trkpt lat="-23.080560369417071" lon="15.575266554951668">
        <ele>1022.6</ele>
        <time>2024-11-26T02:05:30Z</time>
      </trkpt>
      <trkpt lat="-23.080585598945618" lon="15.574994646012783">
        <ele>1022.6</ele>
        <time>2024-11-26T02:05:42Z</time>
      </trkpt>
      <trkpt lat="-23.080609738826752" lon="15.574720641598105">
        <ele>1022</ele>
        <time>2024-11-26T02:05:54Z</time>
      </trkpt>
      <trkpt lat="-23.080688193440437" lon="15.573897287249565">
        <ele>1021.2</ele>
        <time>2024-11-26T02:06:06Z</time>
      </trkpt>
      <trkpt lat="-23.080712417140603" lon="15.573623953387141">
        <ele>1020.8</ele>
        <time>2024-11-26T02:06:18Z</time>
      </trkpt>
      <trkpt lat="-23.080781735479832" lon="15.572800682857633">
        <ele>1020.2</ele>
        <time>2024-11-26T02:06:30Z</time>
      </trkpt>
      <trkpt lat="-23.080802774056792" lon="15.572526259347796">
        <ele>1020</ele>
        <time>2024-11-26T02:06:42Z</time>
      </trkpt>
      <trkpt lat="-23.080825740471482" lon="15.572249488905072">
        <ele>1019.8</ele>
        <time>2024-11-26T02:06:54Z</time>
      </trkpt>
      <trkpt lat="-23.080848790705204" lon="15.571973137557507">
        <ele>1019.6</ele>
        <time>2024-11-26T02:07:06Z</time>
      </trkpt>
      <trkpt lat="-23.080919282510877" lon="15.571134528145194">
        <ele>1019.2</ele>
        <time>2024-11-26T02:07:18Z</time>
      </trkpt>
      <trkpt lat="-23.080945601686835" lon="15.570852980017662">
        <ele>1018.6</ele>
        <time>2024-11-26T02:07:30Z</time>
      </trkpt>
      <trkpt lat="-23.081016847863793" lon="15.570008419454098">
        <ele>1017.4</ele>
        <time>2024-11-26T02:07:42Z</time>
      </trkpt>
      <trkpt lat="-23.081096978858113" lon="15.569161092862487">
        <ele>1016.2</ele>
        <time>2024-11-26T02:07:54Z</time>
      </trkpt>
      <trkpt lat="-23.081121118739247" lon="15.568878790363669">
        <ele>1015.6</ele>
        <time>2024-11-26T02:08:06Z</time>
      </trkpt>
      <trkpt lat="-23.081167973577976" lon="15.568317202851176">
        <ele>1015.2</ele>
        <time>2024-11-26T02:08:18Z</time>
      </trkpt>
      <trkpt lat="-23.081251876428723" lon="15.567468451336026">
        <ele>1014.2</ele>
        <time>2024-11-26T02:08:30Z</time>
      </trkpt>
      <trkpt lat="-23.081280793994665" lon="15.56718522682786">
        <ele>1013.8</ele>
        <time>2024-11-26T02:08:43Z</time>
      </trkpt>
      <trkpt lat="-23.081324128434062" lon="15.566622884944081">
        <ele>1012.8</ele>
        <time>2024-11-26T02:08:55Z</time>
      </trkpt>
      <trkpt lat="-23.081339048221707" lon="15.566343851387501">
        <ele>1012.2</ele>
        <time>2024-11-26T02:09:07Z</time>
      </trkpt>
      <trkpt lat="-23.081366205587983" lon="15.56579215452075">
        <ele>1011.4</ele>
        <time>2024-11-26T02:09:19Z</time>
      </trkpt>
      <trkpt lat="-23.081385148689151" lon="15.56551706045866">
        <ele>1011.2</ele>
        <time>2024-11-26T02:09:31Z</time>
      </trkpt>
      <trkpt lat="-23.081430913880467" lon="15.564972907304764">
        <ele>1010.6</ele>
        <time>2024-11-26T02:09:43Z</time>
      </trkpt>
      <trkpt lat="-23.081453377380967" lon="15.564706781879067">
        <ele>1010.2</ele>
        <time>2024-11-26T02:09:55Z</time>
      </trkpt>
      <trkpt lat="-23.081478355452418" lon="15.564442332834005">
        <ele>1009.8</ele>
        <time>2024-11-26T02:10:07Z</time>
      </trkpt>
      <trkpt lat="-23.08153074234724" lon="15.563912009820342">
        <ele>1009.8</ele>
        <time>2024-11-26T02:10:19Z</time>
      </trkpt>
      <trkpt lat="-23.081556055694818" lon="15.563645046204329">
        <ele>1009.8</ele>
        <time>2024-11-26T02:10:31Z</time>
      </trkpt>
      <trkpt lat="-23.08157810010016" lon="15.563376322388649">
        <ele>1009.8</ele>
        <time>2024-11-26T02:10:43Z</time>
      </trkpt>
      <trkpt lat="-23.081649765372276" lon="15.562556656077504">
        <ele>1010</ele>
        <time>2024-11-26T02:10:55Z</time>
      </trkpt>
      <trkpt lat="-23.0817227717489" lon="15.561719639226794">
        <ele>1009.4</ele>
        <time>2024-11-26T02:11:08Z</time>
      </trkpt>
      <trkpt lat="-23.081745319068432" lon="15.561437755823135">
        <ele>1008.8</ele>
        <time>2024-11-26T02:11:20Z</time>
      </trkpt>
      <trkpt lat="-23.081784378737211" lon="15.560868205502629">
        <ele>1007</ele>
        <time>2024-11-26T02:11:32Z</time>
      </trkpt>
      <trkpt lat="-23.081858055666089" lon="15.560019034892321">
        <ele>1005.4</ele>
        <time>2024-11-26T02:11:44Z</time>
      </trkpt>
      <trkpt lat="-23.081906419247389" lon="15.559455100446939">
        <ele>1003.4</ele>
        <time>2024-11-26T02:11:56Z</time>
      </trkpt>
      <trkpt lat="-23.081932654604316" lon="15.559175312519073">
        <ele>1003.2</ele>
        <time>2024-11-26T02:12:08Z</time>
      </trkpt>
      <trkpt lat="-23.081988980993629" lon="15.558612467721105">
        <ele>1002</ele>
        <time>2024-11-26T02:12:20Z</time>
      </trkpt>
      <trkpt lat="-23.082034410908818" lon="15.558051131665707">
        <ele>1001</ele>
        <time>2024-11-26T02:12:32Z</time>
      </trkpt>
      <trkpt lat="-23.082103058695793" lon="15.557212522253394">
        <ele>999.39999999999998</ele>
        <time>2024-11-26T02:12:45Z</time>
      </trkpt>
      <trkpt lat="-23.08212979696691" lon="15.556928375735879">
        <ele>998.39999999999998</ele>
        <time>2024-11-26T02:12:57Z</time>
      </trkpt>
      <trkpt lat="-23.082182351499796" lon="15.55636209435761">
        <ele>997.39999999999998</ele>
        <time>2024-11-26T02:13:09Z</time>
      </trkpt>
      <trkpt lat="-23.082246640697122" lon="15.555511750280857">
        <ele>996.60000000000002</ele>
        <time>2024-11-26T02:13:21Z</time>
      </trkpt>
      <trkpt lat="-23.082290645688772" lon="15.554936248809099">
        <ele>996.20000000000005</ele>
        <time>2024-11-26T02:13:33Z</time>
      </trkpt>
      <trkpt lat="-23.082314617931843" lon="15.554649336263537">
        <ele>996</ele>
        <time>2024-11-26T02:13:45Z</time>
      </trkpt>
      <trkpt lat="-23.082396006211638" lon="15.553791532292962">
        <ele>995</ele>
        <time>2024-11-26T02:13:57Z</time>
      </trkpt>
      <trkpt lat="-23.082464653998613" lon="15.552943786606193">
        <ele>994</ele>
        <time>2024-11-26T02:14:10Z</time>
      </trkpt>
      <trkpt lat="-23.082484267652035" lon="15.552661819383502">
        <ele>993.60000000000002</ele>
        <time>2024-11-26T02:14:22Z</time>
      </trkpt>
      <trkpt lat="-23.08250555768609" lon="15.552379433065653">
        <ele>993</ele>
        <time>2024-11-26T02:14:34Z</time>
      </trkpt>
      <trkpt lat="-23.082550736144185" lon="15.551813906058669">
        <ele>992.39999999999998</ele>
        <time>2024-11-26T02:14:46Z</time>
      </trkpt>
      <trkpt lat="-23.082624077796936" lon="15.550961215049028">
        <ele>991.79999999999995</ele>
        <time>2024-11-26T02:14:58Z</time>
      </trkpt>
      <trkpt lat="-23.082650396972895" lon="15.550676817074418">
        <ele>991.39999999999998</ele>
        <time>2024-11-26T02:15:11Z</time>
      </trkpt>
      <trkpt lat="-23.082698425278068" lon="15.550110954791307">
        <ele>990.60000000000002</ele>
        <time>2024-11-26T02:15:23Z</time>
      </trkpt>
      <trkpt lat="-23.082721140235662" lon="15.549832759425044">
        <ele>990</ele>
        <time>2024-11-26T02:15:35Z</time>
      </trkpt>
      <trkpt lat="-23.082744190469384" lon="15.549556827172637">
        <ele>989.60000000000002</ele>
        <time>2024-11-26T02:15:47Z</time>
      </trkpt>
      <trkpt lat="-23.082767827436328" lon="15.54928139783442">
        <ele>988.79999999999995</ele>
        <time>2024-11-26T02:15:59Z</time>
      </trkpt>
      <trkpt lat="-23.082836978137493" lon="15.548458714038134">
        <ele>988</ele>
        <time>2024-11-26T02:16:11Z</time>
      </trkpt>
      <trkpt lat="-23.082863045856357" lon="15.548182530328631">
        <ele>987</ele>
        <time>2024-11-26T02:16:24Z</time>
      </trkpt>
      <trkpt lat="-23.08293404057622" lon="15.547344591468573">
        <ele>986.20000000000005</ele>
        <time>2024-11-26T02:16:36Z</time>
      </trkpt>
      <trkpt lat="-23.082958180457354" lon="15.547069413587451">
        <ele>986</ele>
        <time>2024-11-26T02:16:48Z</time>
      </trkpt>
      <trkpt lat="-23.083006963133812" lon="15.54651478305459">
        <ele>985.20000000000005</ele>
        <time>2024-11-26T02:17:00Z</time>
      </trkpt>
      <trkpt lat="-23.083031689748168" lon="15.546239269897342">
        <ele>985</ele>
        <time>2024-11-26T02:17:12Z</time>
      </trkpt>
      <trkpt lat="-23.083056751638651" lon="15.545962499454618">
        <ele>984.79999999999995</ele>
        <time>2024-11-26T02:17:25Z</time>
      </trkpt>
      <trkpt lat="-23.083127411082387" lon="15.545123973861337">
        <ele>984</ele>
        <time>2024-11-26T02:17:37Z</time>
      </trkpt>
      <trkpt lat="-23.08315297588706" lon="15.544842593371868">
        <ele>983.39999999999998</ele>
        <time>2024-11-26T02:17:49Z</time>
      </trkpt>
      <trkpt lat="-23.083178792148829" lon="15.544563224539161">
        <ele>983</ele>
        <time>2024-11-26T02:18:01Z</time>
      </trkpt>
      <trkpt lat="-23.083203602582216" lon="15.544283939525485">
        <ele>982.39999999999998</ele>
        <time>2024-11-26T02:18:14Z</time>
      </trkpt>
      <trkpt lat="-23.083228161558509" lon="15.54400373250246">
        <ele>982.20000000000005</ele>
        <time>2024-11-26T02:18:26Z</time>
      </trkpt>
      <trkpt lat="-23.083276189863682" lon="15.543436026200652">
        <ele>981.39999999999998</ele>
        <time>2024-11-26T02:18:38Z</time>
      </trkpt>
      <trkpt lat="-23.083299743011594" lon="15.543153807520866">
        <ele>981.20000000000005</ele>
        <time>2024-11-26T02:18:50Z</time>
      </trkpt>
      <trkpt lat="-23.083370570093393" lon="15.542293824255466">
        <ele>980.20000000000005</ele>
        <time>2024-11-26T02:19:02Z</time>
      </trkpt>
      <trkpt lat="-23.083397476002574" lon="15.542005989700556">
        <ele>979.79999999999995</ele>
        <time>2024-11-26T02:19:15Z</time>
      </trkpt>
      <trkpt lat="-23.083452712744474" lon="15.541438953951001">
        <ele>978.39999999999998</ele>
        <time>2024-11-26T02:19:27Z</time>
      </trkpt>
      <trkpt lat="-23.083531251177192" lon="15.540604535490274">
        <ele>977.60000000000002</ele>
        <time>2024-11-26T02:19:39Z</time>
      </trkpt>
      <trkpt lat="-23.083554552868009" lon="15.540329441428185">
        <ele>977.20000000000005</ele>
        <time>2024-11-26T02:19:51Z</time>
      </trkpt>
      <trkpt lat="-23.083615573123097" lon="15.539500555023551">
        <ele>976.60000000000002</ele>
        <time>2024-11-26T02:20:04Z</time>
      </trkpt>
      <trkpt lat="-23.083638455718756" lon="15.539228646084666">
        <ele>976</ele>
        <time>2024-11-26T02:20:16Z</time>
      </trkpt>
      <trkpt lat="-23.083580285310745" lon="15.538870235905051">
        <ele>970.60000000000002</ele>
        <time>2024-11-26T02:23:08Z</time>
      </trkpt>
      <trkpt lat="-23.083531418815255" lon="15.538903931155801">
        <ele>970.60000000000002</ele>
        <time>2024-11-26T02:23:20Z</time>
      </trkpt>
      <trkpt lat="-23.083475343883038" lon="15.538940895348787">
        <ele>970.60000000000002</ele>
        <time>2024-11-26T02:23:32Z</time>
      </trkpt>
      <trkpt lat="-23.083410635590553" lon="15.538985906168818">
        <ele>970.60000000000002</ele>
        <time>2024-11-26T02:23:44Z</time>
      </trkpt>
      <trkpt lat="-23.083175690844655" lon="15.539151951670647">
        <ele>971</ele>
        <time>2024-11-26T02:23:57Z</time>
      </trkpt>
      <trkpt lat="-23.083084328100085" lon="15.539219761267304">
        <ele>971</ele>
        <time>2024-11-26T02:24:09Z</time>
      </trkpt>
      <trkpt lat="-23.082900596782565" lon="15.539365103468299">
        <ele>971</ele>
        <time>2024-11-26T02:24:21Z</time>
      </trkpt>
      <trkpt lat="-23.082593902945518" lon="15.53960993885994">
        <ele>971.39999999999998</ele>
        <time>2024-11-26T02:24:33Z</time>
      </trkpt>
      <trkpt lat="-23.082151087000966" lon="15.53994370624423">
        <ele>971.39999999999998</ele>
        <time>2024-11-26T02:24:46Z</time>
      </trkpt>
      <trkpt lat="-23.082030387595296" lon="15.540024172514677">
        <ele>971.60000000000002</ele>
        <time>2024-11-26T02:24:58Z</time>
      </trkpt>
      <trkpt lat="-23.081542979925871" lon="15.540330363437533">
        <ele>971.60000000000002</ele>
        <time>2024-11-26T02:25:10Z</time>
      </trkpt>
      <trkpt lat="-23.081289594992995" lon="15.540491882711649">
        <ele>971.39999999999998</ele>
        <time>2024-11-26T02:25:22Z</time>
      </trkpt>
      <trkpt lat="-23.081032354384661" lon="15.540661197155714">
        <ele>971.39999999999998</ele>
        <time>2024-11-26T02:25:35Z</time>
      </trkpt>
      <trkpt lat="-23.080624155700207" lon="15.540908463299274">
        <ele>971.39999999999998</ele>
        <time>2024-11-26T02:25:47Z</time>
      </trkpt>
      <trkpt lat="-23.080487446859479" lon="15.540975267067552">
        <ele>971.39999999999998</ele>
        <time>2024-11-26T02:25:59Z</time>
      </trkpt>
      <trkpt lat="-23.080347469076514" lon="15.541038801893592">
        <ele>971.60000000000002</ele>
        <time>2024-11-26T02:26:12Z</time>
      </trkpt>
      <trkpt lat="-23.079880429431796" lon="15.541167045012116">
        <ele>972</ele>
        <time>2024-11-26T02:26:24Z</time>
      </trkpt>
      <trkpt lat="-23.07938564568758" lon="15.541258240118623">
        <ele>972.39999999999998</ele>
        <time>2024-11-26T02:26:36Z</time>
      </trkpt>
      <trkpt lat="-23.078892873600125" lon="15.541334180161357">
        <ele>972.60000000000002</ele>
        <time>2024-11-26T02:26:48Z</time>
      </trkpt>
      <trkpt lat="-23.078386774286628" lon="15.541420178487897">
        <ele>973</ele>
        <time>2024-11-26T02:27:01Z</time>
      </trkpt>
      <trkpt lat="-23.077893918380141" lon="15.541583122685552">
        <ele>973.39999999999998</ele>
        <time>2024-11-26T02:27:13Z</time>
      </trkpt>
      <trkpt lat="-23.077242476865649" lon="15.541891744360328">
        <ele>974</ele>
        <time>2024-11-26T02:27:25Z</time>
      </trkpt>
      <trkpt lat="-23.077080957591534" lon="15.541970282793045">
        <ele>973.79999999999995</ele>
        <time>2024-11-26T02:27:38Z</time>
      </trkpt>
      <trkpt lat="-23.076760517433286" lon="15.542121911421418">
        <ele>973.79999999999995</ele>
        <time>2024-11-26T02:27:50Z</time>
      </trkpt>
      <trkpt lat="-23.076610900461674" lon="15.542191229760647">
        <ele>973.60000000000002</ele>
        <time>2024-11-26T02:28:02Z</time>
      </trkpt>
      <trkpt lat="-23.076472263783216" lon="15.54225736297667">
        <ele>973.60000000000002</ele>
        <time>2024-11-26T02:28:15Z</time>
      </trkpt>
      <trkpt lat="-23.076335052028298" lon="15.542327100411057">
        <ele>973.20000000000005</ele>
        <time>2024-11-26T02:28:27Z</time>
      </trkpt>
      <trkpt lat="-23.076198762282729" lon="15.542400106787682">
        <ele>973.20000000000005</ele>
        <time>2024-11-26T02:28:39Z</time>
      </trkpt>
      <trkpt lat="-23.076060125604272" lon="15.542475879192352">
        <ele>973</ele>
        <time>2024-11-26T02:28:52Z</time>
      </trkpt>
      <trkpt lat="-23.075787043198943" lon="15.542632788419724">
        <ele>973.20000000000005</ele>
        <time>2024-11-26T02:29:04Z</time>
      </trkpt>
      <trkpt lat="-23.075518738478422" lon="15.542806293815374">
        <ele>973.39999999999998</ele>
        <time>2024-11-26T02:29:16Z</time>
      </trkpt>
      <trkpt lat="-23.075152449309826" lon="15.543126482516527">
        <ele>973.60000000000002</ele>
        <time>2024-11-26T02:29:29Z</time>
      </trkpt>
      <trkpt lat="-23.075043568387628" lon="15.543230921030045">
        <ele>973.60000000000002</ele>
        <time>2024-11-26T02:29:41Z</time>
      </trkpt>
      <trkpt lat="-23.074939381331205" lon="15.543331922963262">
        <ele>973.39999999999998</ele>
        <time>2024-11-26T02:29:53Z</time>
      </trkpt>
      <trkpt lat="-23.074839217588305" lon="15.543434266000986">
        <ele>973.20000000000005</ele>
        <time>2024-11-26T02:30:05Z</time>
      </trkpt>
      <trkpt lat="-23.074743328616023" lon="15.54353903979063">
        <ele>973.20000000000005</ele>
        <time>2024-11-26T02:30:18Z</time>
      </trkpt>
      <trkpt lat="-23.0746512953192" lon="15.543639957904816">
        <ele>973.20000000000005</ele>
        <time>2024-11-26T02:30:30Z</time>
      </trkpt>
      <trkpt lat="-23.074558759108186" lon="15.54373936727643">
        <ele>973.20000000000005</ele>
        <time>2024-11-26T02:30:42Z</time>
      </trkpt>
      <trkpt lat="-23.074464546516538" lon="15.543840285390615">
        <ele>973.39999999999998</ele>
        <time>2024-11-26T02:30:55Z</time>
      </trkpt>
      <trkpt lat="-23.074144944548607" lon="15.544149409979582">
        <ele>974.60000000000002</ele>
        <time>2024-11-26T02:31:07Z</time>
      </trkpt>
      <trkpt lat="-23.074032375589013" lon="15.544246304780245">
        <ele>974.79999999999995</ele>
        <time>2024-11-26T02:31:19Z</time>
      </trkpt>
      <trkpt lat="-23.073563911020756" lon="15.544615276157856">
        <ele>975.60000000000002</ele>
        <time>2024-11-26T02:31:32Z</time>
      </trkpt>
      <trkpt lat="-23.073326116427779" lon="15.544815184548497">
        <ele>976</ele>
        <time>2024-11-26T02:31:44Z</time>
      </trkpt>
      <trkpt lat="-23.072875337675214" lon="15.545218689367175">
        <ele>976.39999999999998</ele>
        <time>2024-11-26T02:31:56Z</time>
      </trkpt>
      <trkpt lat="-23.07277349755168" lon="15.545307956635952">
        <ele>976.39999999999998</ele>
        <time>2024-11-26T02:32:09Z</time>
      </trkpt>
      <trkpt lat="-23.072677608579397" lon="15.545403845608234">
        <ele>976.39999999999998</ele>
        <time>2024-11-26T02:32:21Z</time>
      </trkpt>
      <trkpt lat="-23.072585240006447" lon="15.545502919703722">
        <ele>976.39999999999998</ele>
        <time>2024-11-26T02:32:34Z</time>
      </trkpt>
      <trkpt lat="-23.072494380176067" lon="15.54560350254178">
        <ele>976.39999999999998</ele>
        <time>2024-11-26T02:32:46Z</time>
      </trkpt>
      <trkpt lat="-23.072403101250529" lon="15.545698469504714">
        <ele>976.39999999999998</ele>
        <time>2024-11-26T02:32:58Z</time>
      </trkpt>
      <trkpt lat="-23.072307044640183" lon="15.545793687924743">
        <ele>976.39999999999998</ele>
        <time>2024-11-26T02:33:11Z</time>
      </trkpt>
      <trkpt lat="-23.072202773764729" lon="15.54588882252574">
        <ele>976.39999999999998</ele>
        <time>2024-11-26T02:33:23Z</time>
      </trkpt>
      <trkpt lat="-23.072094060480595" lon="15.5459875613451">
        <ele>976.60000000000002</ele>
        <time>2024-11-26T02:33:35Z</time>
      </trkpt>
      <trkpt lat="-23.071983335539699" lon="15.546086300164461">
        <ele>977</ele>
        <time>2024-11-26T02:33:48Z</time>
      </trkpt>
      <trkpt lat="-23.07186615653336" lon="15.54618495516479">
        <ele>977.60000000000002</ele>
        <time>2024-11-26T02:34:00Z</time>
      </trkpt>
      <trkpt lat="-23.071747468784451" lon="15.546284951269627">
        <ele>977.79999999999995</ele>
        <time>2024-11-26T02:34:12Z</time>
      </trkpt>
      <trkpt lat="-23.071627439931035" lon="15.546382097527385">
        <ele>978</ele>
        <time>2024-11-26T02:34:25Z</time>
      </trkpt>
      <trkpt lat="-23.071506740525365" lon="15.546478824689984">
        <ele>978.20000000000005</ele>
        <time>2024-11-26T02:34:37Z</time>
      </trkpt>
      <trkpt lat="-23.071385454386473" lon="15.546579072251916">
        <ele>978.39999999999998</ele>
        <time>2024-11-26T02:34:49Z</time>
      </trkpt>
      <trkpt lat="-23.071261150762439" lon="15.546678900718689">
        <ele>978.39999999999998</ele>
        <time>2024-11-26T02:35:02Z</time>
      </trkpt>
      <trkpt lat="-23.071136763319373" lon="15.546778477728367">
        <ele>978.39999999999998</ele>
        <time>2024-11-26T02:35:14Z</time>
      </trkpt>
      <trkpt lat="-23.071014638990164" lon="15.546875623986125">
        <ele>978.60000000000002</ele>
        <time>2024-11-26T02:35:26Z</time>
      </trkpt>
      <trkpt lat="-23.070897208526731" lon="15.546975787729025">
        <ele>978.79999999999995</ele>
        <time>2024-11-26T02:35:39Z</time>
      </trkpt>
      <trkpt lat="-23.070789081975818" lon="15.547078466042876">
        <ele>979</ele>
        <time>2024-11-26T02:35:51Z</time>
      </trkpt>
      <trkpt lat="-23.070683553814888" lon="15.547181982547045">
        <ele>979</ele>
        <time>2024-11-26T02:36:04Z</time>
      </trkpt>
      <trkpt lat="-23.070577858015895" lon="15.547285247594118">
        <ele>979</ele>
        <time>2024-11-26T02:36:16Z</time>
      </trkpt>
      <trkpt lat="-23.070469228550792" lon="15.547386333346367">
        <ele>979</ele>
        <time>2024-11-26T02:36:28Z</time>
      </trkpt>
      <trkpt lat="-23.07036017999053" lon="15.547485910356045">
        <ele>979</ele>
        <time>2024-11-26T02:36:41Z</time>
      </trkpt>
      <trkpt lat="-23.070249287411571" lon="15.547586744651198">
        <ele>979.20000000000005</ele>
        <time>2024-11-26T02:36:53Z</time>
      </trkpt>
      <trkpt lat="-23.070138059556484" lon="15.547679951414466">
        <ele>979.20000000000005</ele>
        <time>2024-11-26T02:37:05Z</time>
      </trkpt>
      <trkpt lat="-23.07002792134881" lon="15.547772822901607">
        <ele>979.39999999999998</ele>
        <time>2024-11-26T02:37:18Z</time>
      </trkpt>
      <trkpt lat="-23.0699213873595" lon="15.54786485619843">
        <ele>979.39999999999998</ele>
        <time>2024-11-26T02:37:30Z</time>
      </trkpt>
      <trkpt lat="-23.069815188646317" lon="15.547955548390746">
        <ele>979.39999999999998</ele>
        <time>2024-11-26T02:37:42Z</time>
      </trkpt>
      <trkpt lat="-23.069708403199911" lon="15.548047665506601">
        <ele>979.60000000000002</ele>
        <time>2024-11-26T02:37:55Z</time>
      </trkpt>
      <trkpt lat="-23.06960036046803" lon="15.548142297193408">
        <ele>979.60000000000002</ele>
        <time>2024-11-26T02:38:07Z</time>
      </trkpt>
      <trkpt lat="-23.069488881155849" lon="15.54823818616569">
        <ele>979.60000000000002</ele>
        <time>2024-11-26T02:38:20Z</time>
      </trkpt>
      <trkpt lat="-23.06937756948173" lon="15.548333656042814">
        <ele>979.60000000000002</ele>
        <time>2024-11-26T02:38:32Z</time>
      </trkpt>
      <trkpt lat="-23.069271454587579" lon="15.548427700996399">
        <ele>979.60000000000002</ele>
        <time>2024-11-26T02:38:44Z</time>
      </trkpt>
      <trkpt lat="-23.069165088236332" lon="15.548526523634791">
        <ele>979.60000000000002</ele>
        <time>2024-11-26T02:38:57Z</time>
      </trkpt>
      <trkpt lat="-23.069056207314134" lon="15.54862517863512">
        <ele>979.79999999999995</ele>
        <time>2024-11-26T02:39:09Z</time>
      </trkpt>
      <trkpt lat="-23.068942548707128" lon="15.548724588006735">
        <ele>979.79999999999995</ele>
        <time>2024-11-26T02:39:21Z</time>
      </trkpt>
      <trkpt lat="-23.068822855129838" lon="15.548826847225428">
        <ele>980.20000000000005</ele>
        <time>2024-11-26T02:39:34Z</time>
      </trkpt>
      <trkpt lat="-23.068578438833356" lon="15.549043016508222">
        <ele>981.20000000000005</ele>
        <time>2024-11-26T02:39:46Z</time>
      </trkpt>
      <trkpt lat="-23.068190105259418" lon="15.549375107511878">
        <ele>981.60000000000002</ele>
        <time>2024-11-26T02:39:59Z</time>
      </trkpt>
      <trkpt lat="-23.068056162446737" lon="15.549484575167298">
        <ele>981.60000000000002</ele>
        <time>2024-11-26T02:40:11Z</time>
      </trkpt>
      <trkpt lat="-23.067922471091151" lon="15.549594294279814">
        <ele>981.60000000000002</ele>
        <time>2024-11-26T02:40:23Z</time>
      </trkpt>
      <trkpt lat="-23.067788695916533" lon="15.549706863239408">
        <ele>981.60000000000002</ele>
        <time>2024-11-26T02:40:36Z</time>
      </trkpt>
      <trkpt lat="-23.067655507475138" lon="15.549819264560938">
        <ele>981.60000000000002</ele>
        <time>2024-11-26T02:40:48Z</time>
      </trkpt>
      <trkpt lat="-23.067525420337915" lon="15.549932168796659">
        <ele>981.79999999999995</ele>
        <time>2024-11-26T02:41:01Z</time>
      </trkpt>
      <trkpt lat="-23.067395417019725" lon="15.550046497955918">
        <ele>982</ele>
        <time>2024-11-26T02:41:13Z</time>
      </trkpt>
      <trkpt lat="-23.067263988777995" lon="15.550163257867098">
        <ele>982.20000000000005</ele>
        <time>2024-11-26T02:41:25Z</time>
      </trkpt>
      <trkpt lat="-23.067129123955965" lon="15.550281945616007">
        <ele>982.20000000000005</ele>
        <time>2024-11-26T02:41:38Z</time>
      </trkpt>
      <trkpt lat="-23.066994175314903" lon="15.550397448241711">
        <ele>982.39999999999998</ele>
        <time>2024-11-26T02:41:50Z</time>
      </trkpt>
      <trkpt lat="-23.066857047379017" lon="15.550512531772256">
        <ele>982.60000000000002</ele>
        <time>2024-11-26T02:42:03Z</time>
      </trkpt>
      <trkpt lat="-23.06671841070056" lon="15.550625519827008">
        <ele>982.79999999999995</ele>
        <time>2024-11-26T02:42:15Z</time>
      </trkpt>
      <trkpt lat="-23.066582288593054" lon="15.550737250596285">
        <ele>983</ele>
        <time>2024-11-26T02:42:27Z</time>
      </trkpt>
      <trkpt lat="-23.066448010504246" lon="15.550848813727498">
        <ele>983.20000000000005</ele>
        <time>2024-11-26T02:42:40Z</time>
      </trkpt>
      <trkpt lat="-23.066316917538643" lon="15.550959035754204">
        <ele>983.20000000000005</ele>
        <time>2024-11-26T02:42:52Z</time>
      </trkpt>
      <trkpt lat="-23.066191775724292" lon="15.551065653562546">
        <ele>983.20000000000005</ele>
        <time>2024-11-26T02:43:05Z</time>
      </trkpt>
      <trkpt lat="-23.066070405766368" lon="15.551169924438">
        <ele>983.20000000000005</ele>
        <time>2024-11-26T02:43:17Z</time>
      </trkpt>
      <trkpt lat="-23.065947191789746" lon="15.551272602751851">
        <ele>983</ele>
        <time>2024-11-26T02:43:29Z</time>
      </trkpt>
      <trkpt lat="-23.065823474898934" lon="15.551374275237322">
        <ele>982.60000000000002</ele>
        <time>2024-11-26T02:43:42Z</time>
      </trkpt>
      <trkpt lat="-23.065699758008122" lon="15.551474103704095">
        <ele>982.39999999999998</ele>
        <time>2024-11-26T02:43:54Z</time>
      </trkpt>
      <trkpt lat="-23.065581237897277" lon="15.551570160314441">
        <ele>982.20000000000005</ele>
        <time>2024-11-26T02:44:07Z</time>
      </trkpt>
      <trkpt lat="-23.065469507128" lon="15.551661606878042">
        <ele>982.20000000000005</ele>
        <time>2024-11-26T02:44:19Z</time>
      </trkpt>
      <trkpt lat="-23.065366242080927" lon="15.551748527213931">
        <ele>982.20000000000005</ele>
        <time>2024-11-26T02:44:31Z</time>
      </trkpt>
      <trkpt lat="-23.065258953720331" lon="15.55183351971209">
        <ele>982.39999999999998</ele>
        <time>2024-11-26T02:44:44Z</time>
      </trkpt>
      <trkpt lat="-23.06514504365623" lon="15.55192194879055">
        <ele>983</ele>
        <time>2024-11-26T02:44:56Z</time>
      </trkpt>
      <trkpt lat="-23.06502828374505" lon="15.552012054249644">
        <ele>983.60000000000002</ele>
        <time>2024-11-26T02:45:09Z</time>
      </trkpt>
      <trkpt lat="-23.064675070345402" lon="15.552292512729764">
        <ele>984.39999999999998</ele>
        <time>2024-11-26T02:45:21Z</time>
      </trkpt>
      <trkpt lat="-23.064435180276632" lon="15.552484290674329">
        <ele>984.39999999999998</ele>
        <time>2024-11-26T02:45:33Z</time>
      </trkpt>
      <trkpt lat="-23.063934026286006" lon="15.552845885977149">
        <ele>984.60000000000002</ele>
        <time>2024-11-26T02:45:46Z</time>
      </trkpt>
      <trkpt lat="-23.063821457326412" lon="15.552926855161786">
        <ele>984.39999999999998</ele>
        <time>2024-11-26T02:45:58Z</time>
      </trkpt>
      <trkpt lat="-23.063716096803546" lon="15.553003968670964">
        <ele>984.39999999999998</ele>
        <time>2024-11-26T02:46:11Z</time>
      </trkpt>
      <trkpt lat="-23.063608137890697" lon="15.553080076351762">
        <ele>984.20000000000005</ele>
        <time>2024-11-26T02:46:23Z</time>
      </trkpt>
      <trkpt lat="-23.063500095158815" lon="15.553155848756433">
        <ele>984.20000000000005</ele>
        <time>2024-11-26T02:46:36Z</time>
      </trkpt>
      <trkpt lat="-23.063390292227268" lon="15.553233046084642">
        <ele>984.20000000000005</ele>
        <time>2024-11-26T02:46:48Z</time>
      </trkpt>
      <trkpt lat="-23.063158029690385" lon="15.55339171551168">
        <ele>984.60000000000002</ele>
        <time>2024-11-26T02:47:00Z</time>
      </trkpt>
      <trkpt lat="-23.062675567343831" lon="15.553704528138041">
        <ele>985.39999999999998</ele>
        <time>2024-11-26T02:47:13Z</time>
      </trkpt>
      <trkpt lat="-23.062445735558867" lon="15.553845595568419">
        <ele>985.39999999999998</ele>
        <time>2024-11-26T02:47:25Z</time>
      </trkpt>
      <trkpt lat="-23.062341380864382" lon="15.55391164496541">
        <ele>985.39999999999998</ele>
        <time>2024-11-26T02:47:38Z</time>
      </trkpt>
      <trkpt lat="-23.062235182151198" lon="15.553976688534021">
        <ele>985.39999999999998</ele>
        <time>2024-11-26T02:47:50Z</time>
      </trkpt>
      <trkpt lat="-23.062127390876412" lon="15.554043743759394">
        <ele>985.39999999999998</ele>
        <time>2024-11-26T02:48:03Z</time>
      </trkpt>
      <trkpt lat="-23.061690023168921" lon="15.554313138127327">
        <ele>985.79999999999995</ele>
        <time>2024-11-26T02:48:15Z</time>
      </trkpt>
      <trkpt lat="-23.061570497229695" lon="15.554384887218475">
        <ele>985.79999999999995</ele>
        <time>2024-11-26T02:48:27Z</time>
      </trkpt>
      <trkpt lat="-23.061075713485479" lon="15.554705578833818">
        <ele>986.39999999999998</ele>
        <time>2024-11-26T02:48:40Z</time>
      </trkpt>
      <trkpt lat="-23.060957109555602" lon="15.55479752831161">
        <ele>986.60000000000002</ele>
        <time>2024-11-26T02:48:52Z</time>
      </trkpt>
      <trkpt lat="-23.060596184805036" lon="15.555099695920944">
        <ele>986.60000000000002</ele>
        <time>2024-11-26T02:49:05Z</time>
      </trkpt>
      <trkpt lat="-23.060478083789349" lon="15.555209163576365">
        <ele>986.60000000000002</ele>
        <time>2024-11-26T02:49:17Z</time>
      </trkpt>
      <trkpt lat="-23.060361156240106" lon="15.555324330925941">
        <ele>986.60000000000002</ele>
        <time>2024-11-26T02:49:30Z</time>
      </trkpt>
      <trkpt lat="-23.060014564543962" lon="15.555675365030766">
        <ele>986.79999999999995</ele>
        <time>2024-11-26T02:49:42Z</time>
      </trkpt>
      <trkpt lat="-23.059773752465844" lon="15.55591894313693">
        <ele>987</ele>
        <time>2024-11-26T02:49:55Z</time>
      </trkpt>
      <trkpt lat="-23.059538640081882" lon="15.556164281442761">
        <ele>987.20000000000005</ele>
        <time>2024-11-26T02:50:07Z</time>
      </trkpt>
      <trkpt lat="-23.059148462489247" lon="15.556476339697838">
        <ele>987</ele>
        <time>2024-11-26T02:50:20Z</time>
      </trkpt>
      <trkpt lat="-23.059008317068219" lon="15.556556135416031">
        <ele>987</ele>
        <time>2024-11-26T02:50:32Z</time>
      </trkpt>
      <trkpt lat="-23.058863980695605" lon="15.556627800688148">
        <ele>986.79999999999995</ele>
        <time>2024-11-26T02:50:44Z</time>
      </trkpt>
      <trkpt lat="-23.058417979627848" lon="15.556828714907169">
        <ele>986.79999999999995</ele>
        <time>2024-11-26T02:50:57Z</time>
      </trkpt>
      <trkpt lat="-23.057810291647911" lon="15.557084698230028">
        <ele>987</ele>
        <time>2024-11-26T02:51:09Z</time>
      </trkpt>
      <trkpt lat="-23.057661429047585" lon="15.55715024471283">
        <ele>987</ele>
        <time>2024-11-26T02:51:22Z</time>
      </trkpt>
      <trkpt lat="-23.05736655369401" lon="15.557304639369249">
        <ele>986.79999999999995</ele>
        <time>2024-11-26T02:51:34Z</time>
      </trkpt>
      <trkpt lat="-23.0570855922997" lon="15.557467499747872">
        <ele>986.60000000000002</ele>
        <time>2024-11-26T02:51:47Z</time>
      </trkpt>
      <trkpt lat="-23.056950559839606" lon="15.557544697076082">
        <ele>986.39999999999998</ele>
        <time>2024-11-26T02:51:59Z</time>
      </trkpt>
      <trkpt lat="-23.056824412196875" lon="15.557617116719484">
        <ele>986.20000000000005</ele>
        <time>2024-11-26T02:52:12Z</time>
      </trkpt>
      <trkpt lat="-23.056697594001889" lon="15.557682830840349">
        <ele>986</ele>
        <time>2024-11-26T02:52:24Z</time>
      </trkpt>
      <trkpt lat="-23.056571194902062" lon="15.557748461142182">
        <ele>985.60000000000002</ele>
        <time>2024-11-26T02:52:37Z</time>
      </trkpt>
      <trkpt lat="-23.056445550173521" lon="15.557815600186586">
        <ele>985.39999999999998</ele>
        <time>2024-11-26T02:52:49Z</time>
      </trkpt>
      <trkpt lat="-23.055926626548171" lon="15.558132184669375">
        <ele>985.79999999999995</ele>
        <time>2024-11-26T02:53:02Z</time>
      </trkpt>
      <trkpt lat="-23.055398147553205" lon="15.558497635647655">
        <ele>985.79999999999995</ele>
        <time>2024-11-26T02:53:14Z</time>
      </trkpt>
      <trkpt lat="-23.055262109264731" lon="15.558582711964846">
        <ele>985.60000000000002</ele>
        <time>2024-11-26T02:53:27Z</time>
      </trkpt>
      <trkpt lat="-23.055126070976257" lon="15.558667788282037">
        <ele>985.39999999999998</ele>
        <time>2024-11-26T02:53:39Z</time>
      </trkpt>
      <trkpt lat="-23.054997241124511" lon="15.558753870427608">
        <ele>985.20000000000005</ele>
        <time>2024-11-26T02:53:52Z</time>
      </trkpt>
      <trkpt lat="-23.054881151765585" lon="15.558837940916419">
        <ele>984.79999999999995</ele>
        <time>2024-11-26T02:54:04Z</time>
      </trkpt>
      <trkpt lat="-23.054783083498478" lon="15.558914132416248">
        <ele>984.39999999999998</ele>
        <time>2024-11-26T02:54:17Z</time>
      </trkpt>
      <trkpt lat="-23.054693648591638" lon="15.558995185419917">
        <ele>984.20000000000005</ele>
        <time>2024-11-26T02:54:29Z</time>
      </trkpt>
      <trkpt lat="-23.054605387151241" lon="15.559080261737108">
        <ele>983.79999999999995</ele>
        <time>2024-11-26T02:54:42Z</time>
      </trkpt>
      <trkpt lat="-23.05451637133956" lon="15.559170031920075">
        <ele>983.60000000000002</ele>
        <time>2024-11-26T02:54:54Z</time>
      </trkpt>
      <trkpt lat="-23.054429199546576" lon="15.559257790446281">
        <ele>983.39999999999998</ele>
        <time>2024-11-26T02:55:07Z</time>
      </trkpt>
      <trkpt lat="-23.054340686649084" lon="15.559337753802538">
        <ele>983.39999999999998</ele>
        <time>2024-11-26T02:55:19Z</time>
      </trkpt>
      <trkpt lat="-23.054243288934231" lon="15.559416962787509">
        <ele>983.39999999999998</ele>
        <time>2024-11-26T02:55:32Z</time>
      </trkpt>
      <trkpt lat="-23.054031562060118" lon="15.559569261968136">
        <ele>983.79999999999995</ele>
        <time>2024-11-26T02:55:44Z</time>
      </trkpt>
      <trkpt lat="-23.053455306217074" lon="15.559938568621874">
        <ele>983.60000000000002</ele>
        <time>2024-11-26T02:55:57Z</time>
      </trkpt>
      <trkpt lat="-23.053361428901553" lon="15.559998331591487">
        <ele>983.39999999999998</ele>
        <time>2024-11-26T02:56:09Z</time>
      </trkpt>
      <trkpt lat="-23.053262857720256" lon="15.560054825618863">
        <ele>983.20000000000005</ele>
        <time>2024-11-26T02:56:22Z</time>
      </trkpt>
      <trkpt lat="-23.053166717290878" lon="15.560109056532383">
        <ele>982.60000000000002</ele>
        <time>2024-11-26T02:56:34Z</time>
      </trkpt>
      <trkpt lat="-23.053057249635458" lon="15.560157420113683">
        <ele>982.20000000000005</ele>
        <time>2024-11-26T02:56:47Z</time>
      </trkpt>
      <trkpt lat="-23.052933532744646" lon="15.560194468125701">
        <ele>982.20000000000005</ele>
        <time>2024-11-26T02:56:59Z</time>
      </trkpt>
      <trkpt lat="-23.052801769226789" lon="15.560217602178454">
        <ele>982.20000000000005</ele>
        <time>2024-11-26T02:57:12Z</time>
      </trkpt>
      <trkpt lat="-23.05253111757338" lon="15.560237802565098">
        <ele>982.39999999999998</ele>
        <time>2024-11-26T02:57:24Z</time>
      </trkpt>
      <trkpt lat="-23.052119566127658" lon="15.560247777029872">
        <ele>982.39999999999998</ele>
        <time>2024-11-26T02:57:37Z</time>
      </trkpt>
      <trkpt lat="-23.051845729351044" lon="15.560272168368101">
        <ele>982.39999999999998</ele>
        <time>2024-11-26T02:57:49Z</time>
      </trkpt>
      <trkpt lat="-23.051726454868913" lon="15.560305276885629">
        <ele>982.39999999999998</ele>
        <time>2024-11-26T02:58:02Z</time>
      </trkpt>
      <trkpt lat="-23.051618998870254" lon="15.560355065390468">
        <ele>982.39999999999998</ele>
        <time>2024-11-26T02:58:14Z</time>
      </trkpt>
      <trkpt lat="-23.051520679146051" lon="15.560434861108661">
        <ele>982.39999999999998</ele>
        <time>2024-11-26T02:58:27Z</time>
      </trkpt>
      <trkpt lat="-23.05143560282886" lon="15.560535192489624">
        <ele>983</ele>
        <time>2024-11-26T02:58:39Z</time>
      </trkpt>
      <trkpt lat="-23.051356058567762" lon="15.560644995421171">
        <ele>983.79999999999995</ele>
        <time>2024-11-26T02:58:52Z</time>
      </trkpt>
      <trkpt lat="-23.051274083554745" lon="15.560755971819162">
        <ele>984</ele>
        <time>2024-11-26T02:59:04Z</time>
      </trkpt>
      <trkpt lat="-23.051194539293647" lon="15.560871725901961">
        <ele>984.39999999999998</ele>
        <time>2024-11-26T02:59:17Z</time>
      </trkpt>
      <trkpt lat="-23.051047772169113" lon="15.561122931540012">
        <ele>985</ele>
        <time>2024-11-26T02:59:29Z</time>
      </trkpt>
      <trkpt lat="-23.050976693630219" lon="15.561253102496266">
        <ele>985.20000000000005</ele>
        <time>2024-11-26T02:59:42Z</time>
      </trkpt>
      <trkpt lat="-23.050906118005514" lon="15.561385788023472">
        <ele>985.39999999999998</ele>
        <time>2024-11-26T02:59:54Z</time>
      </trkpt>
      <trkpt lat="-23.050701934844255" lon="15.56177856400609">
        <ele>986.20000000000005</ele>
        <time>2024-11-26T03:00:07Z</time>
      </trkpt>
      <trkpt lat="-23.050634544342756" lon="15.56190806441009">
        <ele>986.20000000000005</ele>
        <time>2024-11-26T03:00:20Z</time>
      </trkpt>
      <trkpt lat="-23.050562292337418" lon="15.562034044414759">
        <ele>986.39999999999998</ele>
        <time>2024-11-26T03:00:32Z</time>
      </trkpt>
      <trkpt lat="-23.050475120544434" lon="15.562158096581697">
        <ele>986.60000000000002</ele>
        <time>2024-11-26T03:00:45Z</time>
      </trkpt>
      <trkpt lat="-23.050378644838929" lon="15.562268905341625">
        <ele>986.60000000000002</ele>
        <time>2024-11-26T03:00:57Z</time>
      </trkpt>
      <trkpt lat="-23.050273200497031" lon="15.562369907274842">
        <ele>986.60000000000002</ele>
        <time>2024-11-26T03:01:10Z</time>
      </trkpt>
      <trkpt lat="-23.050162056460977" lon="15.562462443485856">
        <ele>986.60000000000002</ele>
        <time>2024-11-26T03:01:22Z</time>
      </trkpt>
      <trkpt lat="-23.050049319863319" lon="15.562549531459808">
        <ele>986.60000000000002</ele>
        <time>2024-11-26T03:01:35Z</time>
      </trkpt>
      <trkpt lat="-23.049931889399886" lon="15.562636787071824">
        <ele>986.39999999999998</ele>
        <time>2024-11-26T03:01:47Z</time>
      </trkpt>
      <trkpt lat="-23.049816302955151" lon="15.562728652730584">
        <ele>986.60000000000002</ele>
        <time>2024-11-26T03:02:00Z</time>
      </trkpt>
      <trkpt lat="-23.049700716510415" lon="15.562818506732583">
        <ele>986.60000000000002</ele>
        <time>2024-11-26T03:02:12Z</time>
      </trkpt>
      <trkpt lat="-23.049581609666348" lon="15.562907103449106">
        <ele>986.79999999999995</ele>
        <time>2024-11-26T03:02:25Z</time>
      </trkpt>
      <trkpt lat="-23.049458479508758" lon="15.562998885288835">
        <ele>987</ele>
        <time>2024-11-26T03:02:37Z</time>
      </trkpt>
      <trkpt lat="-23.049332918599248" lon="15.563093516975641">
        <ele>987.20000000000005</ele>
        <time>2024-11-26T03:02:50Z</time>
      </trkpt>
      <trkpt lat="-23.049207860603929" lon="15.563187226653099">
        <ele>987.60000000000002</ele>
        <time>2024-11-26T03:03:03Z</time>
      </trkpt>
      <trkpt lat="-23.049077102914453" lon="15.563278086483479">
        <ele>987.79999999999995</ele>
        <time>2024-11-26T03:03:15Z</time>
      </trkpt>
      <trkpt lat="-23.048941064625978" lon="15.563365342095494">
        <ele>988</ele>
        <time>2024-11-26T03:03:28Z</time>
      </trkpt>
      <trkpt lat="-23.048802427947521" lon="15.563450250774622">
        <ele>988.20000000000005</ele>
        <time>2024-11-26T03:03:40Z</time>
      </trkpt>
      <trkpt lat="-23.048663036897779" lon="15.563535830006003">
        <ele>988.39999999999998</ele>
        <time>2024-11-26T03:03:53Z</time>
      </trkpt>
      <trkpt lat="-23.048519287258387" lon="15.563622247427702">
        <ele>988.60000000000002</ele>
        <time>2024-11-26T03:04:05Z</time>
      </trkpt>
      <trkpt lat="-23.048374112695456" lon="15.563712185248733">
        <ele>989</ele>
        <time>2024-11-26T03:04:18Z</time>
      </trkpt>
      <trkpt lat="-23.048229608684778" lon="15.56381075643003">
        <ele>989.20000000000005</ele>
        <time>2024-11-26T03:04:30Z</time>
      </trkpt>
      <trkpt lat="-23.048088457435369" lon="15.563913770020008">
        <ele>989.39999999999998</ele>
        <time>2024-11-26T03:04:43Z</time>
      </trkpt>
      <trkpt lat="-23.047945462167263" lon="15.564019046723843">
        <ele>989.39999999999998</ele>
        <time>2024-11-26T03:04:55Z</time>
      </trkpt>
      <trkpt lat="-23.047803305089474" lon="15.564125329256058">
        <ele>989.60000000000002</ele>
        <time>2024-11-26T03:05:08Z</time>
      </trkpt>
      <trkpt lat="-23.047662153840065" lon="15.5642319470644">
        <ele>989.60000000000002</ele>
        <time>2024-11-26T03:05:21Z</time>
      </trkpt>
      <trkpt lat="-23.047517733648419" lon="15.564340241253376">
        <ele>990</ele>
        <time>2024-11-26T03:05:33Z</time>
      </trkpt>
      <trkpt lat="-23.04737314581871" lon="15.564447110518813">
        <ele>990.20000000000005</ele>
        <time>2024-11-26T03:05:46Z</time>
      </trkpt>
      <trkpt lat="-23.047227133065462" lon="15.564554734155536">
        <ele>990.60000000000002</ele>
        <time>2024-11-26T03:05:58Z</time>
      </trkpt>
      <trkpt lat="-23.047081455588341" lon="15.564660513773561">
        <ele>991</ele>
        <time>2024-11-26T03:06:11Z</time>
      </trkpt>
      <trkpt lat="-23.04693628102541" lon="15.564765371382236">
        <ele>991.20000000000005</ele>
        <time>2024-11-26T03:06:23Z</time>
      </trkpt>
      <trkpt lat="-23.046793201938272" lon="15.56487106718123">
        <ele>991.39999999999998</ele>
        <time>2024-11-26T03:06:36Z</time>
      </trkpt>
      <trkpt lat="-23.046656744554639" lon="15.564976008608937">
        <ele>991.60000000000002</ele>
        <time>2024-11-26T03:06:48Z</time>
      </trkpt>
      <trkpt lat="-23.046516180038452" lon="15.565080950036645">
        <ele>991.79999999999995</ele>
        <time>2024-11-26T03:07:01Z</time>
      </trkpt>
      <trkpt lat="-23.046381650492549" lon="15.565184382721782">
        <ele>992.20000000000005</ele>
        <time>2024-11-26T03:07:14Z</time>
      </trkpt>
      <trkpt lat="-23.04625365883112" lon="15.565287061035633">
        <ele>992.39999999999998</ele>
        <time>2024-11-26T03:07:26Z</time>
      </trkpt>
      <trkpt lat="-23.046127008274198" lon="15.565390661358833">
        <ele>992.60000000000002</ele>
        <time>2024-11-26T03:07:39Z</time>
      </trkpt>
      <trkpt lat="-23.045998178422451" lon="15.565495016053319">
        <ele>992.60000000000002</ele>
        <time>2024-11-26T03:07:51Z</time>
      </trkpt>
      <trkpt lat="-23.045872030779719" lon="15.565603980794549">
        <ele>992.79999999999995</ele>
        <time>2024-11-26T03:08:04Z</time>
      </trkpt>
      <trkpt lat="-23.045741524547338" lon="15.565716633573174">
        <ele>993</ele>
        <time>2024-11-26T03:08:16Z</time>
      </trkpt>
      <trkpt lat="-23.045607833191752" lon="15.565829370170832">
        <ele>993.20000000000005</ele>
        <time>2024-11-26T03:08:29Z</time>
      </trkpt>
      <trkpt lat="-23.045475231483579" lon="15.565942106768489">
        <ele>993.60000000000002</ele>
        <time>2024-11-26T03:08:42Z</time>
      </trkpt>
      <trkpt lat="-23.045348161831498" lon="15.566054508090019">
        <ele>993.60000000000002</ele>
        <time>2024-11-26T03:08:54Z</time>
      </trkpt>
      <trkpt lat="-23.045221762731671" lon="15.566160539165139">
        <ele>994</ele>
        <time>2024-11-26T03:09:07Z</time>
      </trkpt>
      <trkpt lat="-23.045089412480593" lon="15.566260619089007">
        <ele>994.20000000000005</ele>
        <time>2024-11-26T03:09:19Z</time>
      </trkpt>
      <trkpt lat="-23.044949937611818" lon="15.566357178613544">
        <ele>994.60000000000002</ele>
        <time>2024-11-26T03:09:32Z</time>
      </trkpt>
      <trkpt lat="-23.044804511591792" lon="15.566446110606194">
        <ele>994.60000000000002</ele>
        <time>2024-11-26T03:09:44Z</time>
      </trkpt>
      <trkpt lat="-23.044662941247225" lon="15.56653537787497">
        <ele>994.79999999999995</ele>
        <time>2024-11-26T03:09:57Z</time>
      </trkpt>
      <trkpt lat="-23.044530590996146" lon="15.566620789468288">
        <ele>994.79999999999995</ele>
        <time>2024-11-26T03:10:10Z</time>
      </trkpt>
      <trkpt lat="-23.044412322342396" lon="15.566702764481306">
        <ele>994.79999999999995</ele>
        <time>2024-11-26T03:10:22Z</time>
      </trkpt>
      <trkpt lat="-23.044298579916358" lon="15.566787337884307">
        <ele>995</ele>
        <time>2024-11-26T03:10:35Z</time>
      </trkpt>
      <trkpt lat="-23.04418676532805" lon="15.566875766962767">
        <ele>995</ele>
        <time>2024-11-26T03:10:47Z</time>
      </trkpt>
      <trkpt lat="-23.044071849435568" lon="15.566965118050575">
        <ele>995.20000000000005</ele>
        <time>2024-11-26T03:11:00Z</time>
      </trkpt>
      <trkpt lat="-23.043951066210866" lon="15.567057821899652">
        <ele>995.20000000000005</ele>
        <time>2024-11-26T03:11:13Z</time>
      </trkpt>
      <trkpt lat="-23.043824834749103" lon="15.567153627052903">
        <ele>995.79999999999995</ele>
        <time>2024-11-26T03:11:25Z</time>
      </trkpt>
      <trkpt lat="-23.043692903593183" lon="15.567246414721012">
        <ele>996.20000000000005</ele>
        <time>2024-11-26T03:11:38Z</time>
      </trkpt>
      <trkpt lat="-23.043554937466979" lon="15.567336017265916">
        <ele>996.39999999999998</ele>
        <time>2024-11-26T03:11:50Z</time>
      </trkpt>
      <trkpt lat="-23.043418060988188" lon="15.567427044734359">
        <ele>996.79999999999995</ele>
        <time>2024-11-26T03:12:03Z</time>
      </trkpt>
      <trkpt lat="-23.043279005214572" lon="15.567517234012485">
        <ele>997</ele>
        <time>2024-11-26T03:12:16Z</time>
      </trkpt>
      <trkpt lat="-23.043137602508068" lon="15.567606166005135">
        <ele>997</ele>
        <time>2024-11-26T03:12:28Z</time>
      </trkpt>
      <trkpt lat="-23.04299695417285" lon="15.567698031663895">
        <ele>997.39999999999998</ele>
        <time>2024-11-26T03:12:41Z</time>
      </trkpt>
      <trkpt lat="-23.042854713276029" lon="15.567794675007463">
        <ele>997.60000000000002</ele>
        <time>2024-11-26T03:12:53Z</time>
      </trkpt>
      <trkpt lat="-23.042713813483715" lon="15.567895006388426">
        <ele>997.79999999999995</ele>
        <time>2024-11-26T03:13:06Z</time>
      </trkpt>
      <trkpt lat="-23.042575679719448" lon="15.567992990836501">
        <ele>998</ele>
        <time>2024-11-26T03:13:18Z</time>
      </trkpt>
      <trkpt lat="-23.042438887059689" lon="15.56808820925653">
        <ele>998.20000000000005</ele>
        <time>2024-11-26T03:13:31Z</time>
      </trkpt>
      <trkpt lat="-23.042307961732149" lon="15.568180494010448">
        <ele>998.39999999999998</ele>
        <time>2024-11-26T03:13:44Z</time>
      </trkpt>
      <trkpt lat="-23.042186675593257" lon="15.568264480680227">
        <ele>998.39999999999998</ele>
        <time>2024-11-26T03:13:56Z</time>
      </trkpt>
      <trkpt lat="-23.042077291756868" lon="15.568342013284564">
        <ele>998.20000000000005</ele>
        <time>2024-11-26T03:14:09Z</time>
      </trkpt>
      <trkpt lat="-23.041966566815972" lon="15.568417115136981">
        <ele>998.39999999999998</ele>
        <time>2024-11-26T03:14:22Z</time>
      </trkpt>
      <trkpt lat="-23.041854416951537" lon="15.568491378799081">
        <ele>998.39999999999998</ele>
        <time>2024-11-26T03:14:34Z</time>
      </trkpt>
      <trkpt lat="-23.041742853820324" lon="15.56857293471694">
        <ele>998.60000000000002</ele>
        <time>2024-11-26T03:14:47Z</time>
      </trkpt>
      <trkpt lat="-23.04162441752851" lon="15.568657089024782">
        <ele>998.79999999999995</ele>
        <time>2024-11-26T03:14:59Z</time>
      </trkpt>
      <trkpt lat="-23.041505059227347" lon="15.568741159513593">
        <ele>999</ele>
        <time>2024-11-26T03:15:12Z</time>
      </trkpt>
      <trkpt lat="-23.041378743946552" lon="15.568829337134957">
        <ele>999.20000000000005</ele>
        <time>2024-11-26T03:15:25Z</time>
      </trkpt>
      <trkpt lat="-23.041252847760916" lon="15.5689203646034">
        <ele>999.79999999999995</ele>
        <time>2024-11-26T03:15:37Z</time>
      </trkpt>
      <trkpt lat="-23.041125861927867" lon="15.569010889157653">
        <ele>1000.2</ele>
        <time>2024-11-26T03:15:50Z</time>
      </trkpt>
      <trkpt lat="-23.040998121723533" lon="15.569103844463825">
        <ele>1000.4</ele>
        <time>2024-11-26T03:16:02Z</time>
      </trkpt>
      <trkpt lat="-23.040874153375626" lon="15.569193111732602">
        <ele>1000.6</ele>
        <time>2024-11-26T03:16:15Z</time>
      </trkpt>
      <trkpt lat="-23.040757561102509" lon="15.56927751749754">
        <ele>1000.6</ele>
        <time>2024-11-26T03:16:28Z</time>
      </trkpt>
      <trkpt lat="-23.040648512542248" lon="15.569356475025415">
        <ele>1000.6</ele>
        <time>2024-11-26T03:16:40Z</time>
      </trkpt>
      <trkpt lat="-23.040537033230066" lon="15.569434175267816">
        <ele>1000.8</ele>
        <time>2024-11-26T03:16:53Z</time>
      </trkpt>
      <trkpt lat="-23.040417423471808" lon="15.569509025663137">
        <ele>1001.2</ele>
        <time>2024-11-26T03:17:05Z</time>
      </trkpt>
      <trkpt lat="-23.040291611105204" lon="15.569582870230079">
        <ele>1001.2</ele>
        <time>2024-11-26T03:17:18Z</time>
      </trkpt>
      <trkpt lat="-23.040160937234759" lon="15.569656463339925">
        <ele>1001.4</ele>
        <time>2024-11-26T03:17:31Z</time>
      </trkpt>
      <trkpt lat="-23.040029006078839" lon="15.569725278764963">
        <ele>1001.6</ele>
        <time>2024-11-26T03:17:43Z</time>
      </trkpt>
      <trkpt lat="-23.039897829294205" lon="15.569785460829735">
        <ele>1001.8</ele>
        <time>2024-11-26T03:17:56Z</time>
      </trkpt>
      <trkpt lat="-23.039769250899553" lon="15.569833153858781">
        <ele>1002</ele>
        <time>2024-11-26T03:18:09Z</time>
      </trkpt>
      <trkpt lat="-23.039644528180361" lon="15.569876739755273">
        <ele>1002</ele>
        <time>2024-11-26T03:18:21Z</time>
      </trkpt>
      <trkpt lat="-23.039517793804407" lon="15.569924768060446">
        <ele>1002</ele>
        <time>2024-11-26T03:18:34Z</time>
      </trkpt>
      <trkpt lat="-23.039394160732627" lon="15.569973550736904">
        <ele>1002</ele>
        <time>2024-11-26T03:18:46Z</time>
      </trkpt>
      <trkpt lat="-23.039273880422115" lon="15.57002954185009">
        <ele>1002.2</ele>
        <time>2024-11-26T03:18:59Z</time>
      </trkpt>
      <trkpt lat="-23.039157120510936" lon="15.570090729743242">
        <ele>1002.4</ele>
        <time>2024-11-26T03:19:12Z</time>
      </trkpt>
      <trkpt lat="-23.039052179083228" lon="15.570163317024708">
        <ele>1002.6</ele>
        <time>2024-11-26T03:19:24Z</time>
      </trkpt>
      <trkpt lat="-23.038953272625804" lon="15.570251578465104">
        <ele>1003</ele>
        <time>2024-11-26T03:19:37Z</time>
      </trkpt>
      <trkpt lat="-23.038864592090249" lon="15.570352161303163">
        <ele>1003</ele>
        <time>2024-11-26T03:19:50Z</time>
      </trkpt>
      <trkpt lat="-23.038783371448517" lon="15.570459868758917">
        <ele>1003.2</ele>
        <time>2024-11-26T03:20:02Z</time>
      </trkpt>
      <trkpt lat="-23.038699049502611" lon="15.570566486567259">
        <ele>1003.6</ele>
        <time>2024-11-26T03:20:15Z</time>
      </trkpt>
      <trkpt lat="-23.038606094196439" lon="15.57065743021667">
        <ele>1003.8</ele>
        <time>2024-11-26T03:20:27Z</time>
      </trkpt>
      <trkpt lat="-23.038500985130668" lon="15.570733956992626">
        <ele>1003.8</ele>
        <time>2024-11-26T03:20:40Z</time>
      </trkpt>
      <trkpt lat="-23.038392942398787" lon="15.570798413828015">
        <ele>1003.8</ele>
        <time>2024-11-26T03:20:53Z</time>
      </trkpt>
      <trkpt lat="-23.038279367610812" lon="15.570850968360901">
        <ele>1003.8</ele>
        <time>2024-11-26T03:21:05Z</time>
      </trkpt>
      <trkpt lat="-23.038165709003806" lon="15.570885417982936">
        <ele>1003.8</ele>
        <time>2024-11-26T03:21:18Z</time>
      </trkpt>
      <trkpt lat="-23.038048697635531" lon="15.570915760472417">
        <ele>1003.8</ele>
        <time>2024-11-26T03:21:31Z</time>
      </trkpt>
      <trkpt lat="-23.037930680438876" lon="15.570954736322165">
        <ele>1004.2</ele>
        <time>2024-11-26T03:21:43Z</time>
      </trkpt>
      <trkpt lat="-23.037813836708665" lon="15.570996394380927">
        <ele>1004.6</ele>
        <time>2024-11-26T03:21:56Z</time>
      </trkpt>
      <trkpt lat="-23.037693975493312" lon="15.571047188714147">
        <ele>1004.8</ele>
        <time>2024-11-26T03:22:08Z</time>
      </trkpt>
      <trkpt lat="-23.037576545029879" lon="15.571104604750872">
        <ele>1005</ele>
        <time>2024-11-26T03:22:21Z</time>
      </trkpt>
      <trkpt lat="-23.037461545318365" lon="15.571165038272738">
        <ele>1005</ele>
        <time>2024-11-26T03:22:34Z</time>
      </trkpt>
      <trkpt lat="-23.037344282492995" lon="15.571220610290766">
        <ele>1005.2</ele>
        <time>2024-11-26T03:22:46Z</time>
      </trkpt>
      <trkpt lat="-23.037226013839245" lon="15.571271823719144">
        <ele>1005.2</ele>
        <time>2024-11-26T03:22:59Z</time>
      </trkpt>
      <trkpt lat="-23.037104811519384" lon="15.571326473727822">
        <ele>1005.4</ele>
        <time>2024-11-26T03:23:12Z</time>
      </trkpt>
      <trkpt lat="-23.036984950304031" lon="15.57138497941196">
        <ele>1005.6</ele>
        <time>2024-11-26T03:23:24Z</time>
      </trkpt>
      <trkpt lat="-23.036864250898361" lon="15.571444155648351">
        <ele>1005.8</ele>
        <time>2024-11-26T03:23:37Z</time>
      </trkpt>
      <trkpt lat="-23.036741707473993" lon="15.571502074599266">
        <ele>1006</ele>
        <time>2024-11-26T03:23:50Z</time>
      </trkpt>
      <trkpt lat="-23.036618242040277" lon="15.571565609425306">
        <ele>1006.2</ele>
        <time>2024-11-26T03:24:02Z</time>
      </trkpt>
      <trkpt lat="-23.036492178216577" lon="15.571634424850345">
        <ele>1006.2</ele>
        <time>2024-11-26T03:24:15Z</time>
      </trkpt>
      <trkpt lat="-23.036366114392877" lon="15.571706593036652">
        <ele>1006.4</ele>
        <time>2024-11-26T03:24:28Z</time>
      </trkpt>
      <trkpt lat="-23.036239799112082" lon="15.571785047650337">
        <ele>1006.4</ele>
        <time>2024-11-26T03:24:40Z</time>
      </trkpt>
      <trkpt lat="-23.036111053079367" lon="15.571870794519782">
        <ele>1006.6</ele>
        <time>2024-11-26T03:24:53Z</time>
      </trkpt>
      <trkpt lat="-23.03598465397954" lon="15.571962827816606">
        <ele>1006.6</ele>
        <time>2024-11-26T03:25:05Z</time>
      </trkpt>
      <trkpt lat="-23.035853812471032" lon="15.57205687277019">
        <ele>1006.8</ele>
        <time>2024-11-26T03:25:18Z</time>
      </trkpt>
      <trkpt lat="-23.035719282925129" lon="15.572153013199568">
        <ele>1007</ele>
        <time>2024-11-26T03:25:31Z</time>
      </trkpt>
      <trkpt lat="-23.035586010664701" lon="15.572252925485373">
        <ele>1007</ele>
        <time>2024-11-26T03:25:43Z</time>
      </trkpt>
      <trkpt lat="-23.035454833880067" lon="15.57235199958086">
        <ele>1007.2</ele>
        <time>2024-11-26T03:25:56Z</time>
      </trkpt>
      <trkpt lat="-23.035321058705449" lon="15.572448894381523">
        <ele>1007.6</ele>
        <time>2024-11-26T03:26:09Z</time>
      </trkpt>
      <trkpt lat="-23.035187870264053" lon="15.572542604058981">
        <ele>1008</ele>
        <time>2024-11-26T03:26:21Z</time>
      </trkpt>
      <trkpt lat="-23.03505334071815" lon="15.572632374241948">
        <ele>1008.4</ele>
        <time>2024-11-26T03:26:34Z</time>
      </trkpt>
      <trkpt lat="-23.034917553886771" lon="15.572722982615232">
        <ele>1008.6</ele>
        <time>2024-11-26T03:26:47Z</time>
      </trkpt>
      <trkpt lat="-23.034781934693456" lon="15.572813926264644">
        <ele>1008.8</ele>
        <time>2024-11-26T03:26:59Z</time>
      </trkpt>
      <trkpt lat="-23.034644220024347" lon="15.572903696447611">
        <ele>1009</ele>
        <time>2024-11-26T03:27:12Z</time>
      </trkpt>
      <trkpt lat="-23.03450558334589" lon="15.572992712259293">
        <ele>1009</ele>
        <time>2024-11-26T03:27:25Z</time>
      </trkpt>
      <trkpt lat="-23.034367617219687" lon="15.573083907365799">
        <ele>1009</ele>
        <time>2024-11-26T03:27:37Z</time>
      </trkpt>
      <trkpt lat="-23.034227890893817" lon="15.57317242026329">
        <ele>1009</ele>
        <time>2024-11-26T03:27:50Z</time>
      </trkpt>
      <trkpt lat="-23.034088667482138" lon="15.573259256780148">
        <ele>1009.2</ele>
        <time>2024-11-26T03:28:03Z</time>
      </trkpt>
      <trkpt lat="-23.033948270604014" lon="15.573347602039576">
        <ele>1009.2</ele>
        <time>2024-11-26T03:28:15Z</time>
      </trkpt>
      <trkpt lat="-23.033807873725891" lon="15.573440138250589">
        <ele>1009.6</ele>
        <time>2024-11-26T03:28:28Z</time>
      </trkpt>
      <trkpt lat="-23.033664375543594" lon="15.573536949232221">
        <ele>1009.8</ele>
        <time>2024-11-26T03:28:41Z</time>
      </trkpt>
      <trkpt lat="-23.033523811027408" lon="15.573641639202833">
        <ele>1010.2</ele>
        <time>2024-11-26T03:28:53Z</time>
      </trkpt>
      <trkpt lat="-23.033382911235094" lon="15.573744401335716">
        <ele>1010.6</ele>
        <time>2024-11-26T03:29:06Z</time>
      </trkpt>
      <trkpt lat="-23.033240335062146" lon="15.573840877041221">
        <ele>1010.8</ele>
        <time>2024-11-26T03:29:19Z</time>
      </trkpt>
      <trkpt lat="-23.033099016174674" lon="15.573941878974438">
        <ele>1011</ele>
        <time>2024-11-26T03:29:31Z</time>
      </trkpt>
      <trkpt lat="-23.032958535477519" lon="15.574044641107321">
        <ele>1011.2</ele>
        <time>2024-11-26T03:29:44Z</time>
      </trkpt>
      <trkpt lat="-23.032819144427776" lon="15.574144385755062">
        <ele>1011.6</ele>
        <time>2024-11-26T03:29:57Z</time>
      </trkpt>
      <trkpt lat="-23.032679921016097" lon="15.574242286384106">
        <ele>1011.8</ele>
        <time>2024-11-26T03:30:09Z</time>
      </trkpt>
      <trkpt lat="-23.032539105042815" lon="15.574341360479593">
        <ele>1012</ele>
        <time>2024-11-26T03:30:22Z</time>
      </trkpt>
      <trkpt lat="-23.032399546355009" lon="15.574443703517318">
        <ele>1012.2</ele>
        <time>2024-11-26T03:30:35Z</time>
      </trkpt>
      <trkpt lat="-23.032258898019791" lon="15.574546717107296">
        <ele>1012.8</ele>
        <time>2024-11-26T03:30:47Z</time>
      </trkpt>
      <trkpt lat="-23.032119004055858" lon="15.574650401249528">
        <ele>1013</ele>
        <time>2024-11-26T03:31:00Z</time>
      </trkpt>
      <trkpt lat="-23.031978104263544" lon="15.574749810621142">
        <ele>1013.2</ele>
        <time>2024-11-26T03:31:13Z</time>
      </trkpt>
      <trkpt lat="-23.031834773719311" lon="15.574849471449852">
        <ele>1013.4</ele>
        <time>2024-11-26T03:31:25Z</time>
      </trkpt>
      <trkpt lat="-23.031691778451204" lon="15.574952568858862">
        <ele>1013.6</ele>
        <time>2024-11-26T03:31:38Z</time>
      </trkpt>
      <trkpt lat="-23.031549789011478" lon="15.575056253001094">
        <ele>1013.6</ele>
        <time>2024-11-26T03:31:51Z</time>
      </trkpt>
      <trkpt lat="-23.031404698267579" lon="15.575161445885897">
        <ele>1014.2</ele>
        <time>2024-11-26T03:32:04Z</time>
      </trkpt>
      <trkpt lat="-23.031258014962077" lon="15.57526764459908">
        <ele>1014.2</ele>
        <time>2024-11-26T03:32:16Z</time>
      </trkpt>
      <trkpt lat="-23.031114935874939" lon="15.575373005121946">
        <ele>1014.4</ele>
        <time>2024-11-26T03:32:29Z</time>
      </trkpt>
      <trkpt lat="-23.030971605330706" lon="15.575481299310923">
        <ele>1014.4</ele>
        <time>2024-11-26T03:32:42Z</time>
      </trkpt>
      <trkpt lat="-23.030829364433885" lon="15.575589006766677">
        <ele>1014.4</ele>
        <time>2024-11-26T03:32:54Z</time>
      </trkpt>
      <trkpt lat="-23.030689051374793" lon="15.575691433623433">
        <ele>1014.6</ele>
        <time>2024-11-26T03:33:07Z</time>
      </trkpt>
      <trkpt lat="-23.030549241229892" lon="15.575791765004396">
        <ele>1014.6</ele>
        <time>2024-11-26T03:33:20Z</time>
      </trkpt>
      <trkpt lat="-23.030409933999181" lon="15.575883127748966">
        <ele>1014.6</ele>
        <time>2024-11-26T03:33:32Z</time>
      </trkpt>
      <trkpt lat="-23.030272386968136" lon="15.575975328683853">
        <ele>1014.4</ele>
        <time>2024-11-26T03:33:45Z</time>
      </trkpt>
      <trkpt lat="-23.030138108879328" lon="15.576068283990026">
        <ele>1014.2</ele>
        <time>2024-11-26T03:33:58Z</time>
      </trkpt>
      <trkpt lat="-23.030007351189852" lon="15.57615889236331">
        <ele>1014</ele>
        <time>2024-11-26T03:34:10Z</time>
      </trkpt>
      <trkpt lat="-23.029875503852963" lon="15.576239274814725">
        <ele>1013.8</ele>
        <time>2024-11-26T03:34:23Z</time>
      </trkpt>
      <trkpt lat="-23.02974390797317" lon="15.576314544305205">
        <ele>1013.8</ele>
        <time>2024-11-26T03:34:36Z</time>
      </trkpt>
      <trkpt lat="-23.029609797522426" lon="15.576392998918891">
        <ele>1013.8</ele>
        <time>2024-11-26T03:34:49Z</time>
      </trkpt>
      <trkpt lat="-23.029472418129444" lon="15.576475728303194">
        <ele>1014</ele>
        <time>2024-11-26T03:35:01Z</time>
      </trkpt>
      <trkpt lat="-23.029333697631955" lon="15.57655711658299">
        <ele>1014</ele>
        <time>2024-11-26T03:35:14Z</time>
      </trkpt>
      <trkpt lat="-23.029192378744483" lon="15.576641857624054">
        <ele>1014.4</ele>
        <time>2024-11-26T03:35:27Z</time>
      </trkpt>
      <trkpt lat="-23.029047790914774" lon="15.576730621978641">
        <ele>1014.8</ele>
        <time>2024-11-26T03:35:39Z</time>
      </trkpt>
      <trkpt lat="-23.028902867808938" lon="15.5768190510571">
        <ele>1015.4</ele>
        <time>2024-11-26T03:35:52Z</time>
      </trkpt>
      <trkpt lat="-23.028756519779563" lon="15.576909240335226">
        <ele>1015.6</ele>
        <time>2024-11-26T03:36:05Z</time>
      </trkpt>
      <trkpt lat="-23.028608746826649" lon="15.577002028003335">
        <ele>1015.6</ele>
        <time>2024-11-26T03:36:17Z</time>
      </trkpt>
      <trkpt lat="-23.028317308053374" lon="15.577187770977616">
        <ele>1016</ele>
        <time>2024-11-26T03:36:30Z</time>
      </trkpt>
      <trkpt lat="-23.028178755193949" lon="15.577280139550567">
        <ele>1016</ele>
        <time>2024-11-26T03:36:43Z</time>
      </trkpt>
      <trkpt lat="-23.028043303638697" lon="15.577369406819344">
        <ele>1016.2</ele>
        <time>2024-11-26T03:36:56Z</time>
      </trkpt>
      <trkpt lat="-23.027906930074096" lon="15.577462110668421">
        <ele>1016.2</ele>
        <time>2024-11-26T03:37:08Z</time>
      </trkpt>
      <trkpt lat="-23.02777131088078" lon="15.577558502554893">
        <ele>1016.2</ele>
        <time>2024-11-26T03:37:21Z</time>
      </trkpt>
      <trkpt lat="-23.027638206258416" lon="15.577657744288445">
        <ele>1016.2</ele>
        <time>2024-11-26T03:37:34Z</time>
      </trkpt>
      <trkpt lat="-23.02750208415091" lon="15.577759081497788">
        <ele>1016.2</ele>
        <time>2024-11-26T03:37:46Z</time>
      </trkpt>
      <trkpt lat="-23.027371913194656" lon="15.577869638800621">
        <ele>1016.2</ele>
        <time>2024-11-26T03:37:59Z</time>
      </trkpt>
      <trkpt lat="-23.027246436104178" lon="15.577993439510465">
        <ele>1016.2</ele>
        <time>2024-11-26T03:38:12Z</time>
      </trkpt>
      <trkpt lat="-23.027124814689159" lon="15.578128388151526">
        <ele>1016.4</ele>
        <time>2024-11-26T03:38:25Z</time>
      </trkpt>
      <trkpt lat="-23.02700461819768" lon="15.578267192468047">
        <ele>1016.6</ele>
        <time>2024-11-26T03:38:37Z</time>
      </trkpt>
      <trkpt lat="-23.026885008439422" lon="15.578399877995253">
        <ele>1017.2</ele>
        <time>2024-11-26T03:38:50Z</time>
      </trkpt>
      <trkpt lat="-23.026764476671815" lon="15.578529462218285">
        <ele>1017.4</ele>
        <time>2024-11-26T03:39:03Z</time>
      </trkpt>
      <trkpt lat="-23.026644447818398" lon="15.578663656488061">
        <ele>1017.8</ele>
        <time>2024-11-26T03:39:16Z</time>
      </trkpt>
      <trkpt lat="-23.026520982384682" lon="15.578797683119774">
        <ele>1018.2</ele>
        <time>2024-11-26T03:39:28Z</time>
      </trkpt>
      <trkpt lat="-23.026394080370665" lon="15.57893137447536">
        <ele>1018.8</ele>
        <time>2024-11-26T03:39:41Z</time>
      </trkpt>
      <trkpt lat="-23.026264412328601" lon="15.579064898192883">
        <ele>1019.2</ele>
        <time>2024-11-26T03:39:54Z</time>
      </trkpt>
      <trkpt lat="-23.026134157553315" lon="15.579197499901056">
        <ele>1019.4</ele>
        <time>2024-11-26T03:40:06Z</time>
      </trkpt>
      <trkpt lat="-23.026002813130617" lon="15.579329682514071">
        <ele>1019.8</ele>
        <time>2024-11-26T03:40:19Z</time>
      </trkpt>
      <trkpt lat="-23.025871384888887" lon="15.57946546934545">
        <ele>1020</ele>
        <time>2024-11-26T03:40:32Z</time>
      </trkpt>
      <trkpt lat="-23.02574347704649" lon="15.579600166529417">
        <ele>1020.2</ele>
        <time>2024-11-26T03:40:45Z</time>
      </trkpt>
      <trkpt lat="-23.025615736842155" lon="15.579734612256289">
        <ele>1020.2</ele>
        <time>2024-11-26T03:40:57Z</time>
      </trkpt>
      <trkpt lat="-23.025485062971711" lon="15.579867633059621">
        <ele>1020.6</ele>
        <time>2024-11-26T03:41:10Z</time>
      </trkpt>
      <trkpt lat="-23.02535648457706" lon="15.580002162605524">
        <ele>1020.8</ele>
        <time>2024-11-26T03:41:23Z</time>
      </trkpt>
      <trkpt lat="-23.025227738544345" lon="15.580135015770793">
        <ele>1020.8</ele>
        <time>2024-11-26T03:41:36Z</time>
      </trkpt>
      <trkpt lat="-23.025099243968725" lon="15.580268958583474">
        <ele>1021</ele>
        <time>2024-11-26T03:41:48Z</time>
      </trkpt>
      <trkpt lat="-23.024963289499283" lon="15.580397956073284">
        <ele>1021.2</ele>
        <time>2024-11-26T03:42:01Z</time>
      </trkpt>
      <trkpt lat="-23.024830520153046" lon="15.580531815066934">
        <ele>1021.2</ele>
        <time>2024-11-26T03:42:14Z</time>
      </trkpt>
      <trkpt lat="-23.024698924273252" lon="15.580669697374105">
        <ele>1021.2</ele>
        <time>2024-11-26T03:42:27Z</time>
      </trkpt>
      <trkpt lat="-23.024565149098635" lon="15.580807328224182">
        <ele>1021.4</ele>
        <time>2024-11-26T03:42:39Z</time>
      </trkpt>
      <trkpt lat="-23.024434894323349" lon="15.580946719273925">
        <ele>1021.6</ele>
        <time>2024-11-26T03:42:52Z</time>
      </trkpt>
      <trkpt lat="-23.02430497482419" lon="15.581081416457891">
        <ele>1021.8</ele>
        <time>2024-11-26T03:43:05Z</time>
      </trkpt>
      <trkpt lat="-23.024171618744731" lon="15.581210749223828">
        <ele>1021.8</ele>
        <time>2024-11-26T03:43:18Z</time>
      </trkpt>
      <trkpt lat="-23.024037340655923" lon="15.581334633752704">
        <ele>1022.2</ele>
        <time>2024-11-26T03:43:30Z</time>
      </trkpt>
      <trkpt lat="-23.023898284882307" lon="15.581452650949359">
        <ele>1022.4</ele>
        <time>2024-11-26T03:43:43Z</time>
      </trkpt>
      <trkpt lat="-23.023761240765452" lon="15.581572595983744">
        <ele>1023.2</ele>
        <time>2024-11-26T03:43:56Z</time>
      </trkpt>
      <trkpt lat="-23.023621262982488" lon="15.581694301217794">
        <ele>1023.8</ele>
        <time>2024-11-26T03:44:09Z</time>
      </trkpt>
      <trkpt lat="-23.023480363190174" lon="15.581814497709274">
        <ele>1024.4000000000001</ele>
        <time>2024-11-26T03:44:21Z</time>
      </trkpt>
      <trkpt lat="-23.023338876664639" lon="15.581935616210103">
        <ele>1024.5999999999999</ele>
        <time>2024-11-26T03:44:34Z</time>
      </trkpt>
      <trkpt lat="-23.023196216672659" lon="15.582060171291232">
        <ele>1024.8</ele>
        <time>2024-11-26T03:44:47Z</time>
      </trkpt>
      <trkpt lat="-23.023053640499711" lon="15.582184474915266">
        <ele>1024.8</ele>
        <time>2024-11-26T03:45:00Z</time>
      </trkpt>
      <trkpt lat="-23.022911231964827" lon="15.582309197634459">
        <ele>1025</ele>
        <time>2024-11-26T03:45:12Z</time>
      </trkpt>
      <trkpt lat="-23.02277066744864" lon="15.582439117133617">
        <ele>1025</ele>
        <time>2024-11-26T03:45:25Z</time>
      </trkpt>
      <trkpt lat="-23.022629180923104" lon="15.582570713013411">
        <ele>1025</ele>
        <time>2024-11-26T03:45:38Z</time>
      </trkpt>
      <trkpt lat="-23.022488867864013" lon="15.58270507492125">
        <ele>1025.2</ele>
        <time>2024-11-26T03:45:51Z</time>
      </trkpt>
      <trkpt lat="-23.022345872595906" lon="15.582837928086519">
        <ele>1025.2</ele>
        <time>2024-11-26T03:46:03Z</time>
      </trkpt>
      <trkpt lat="-23.022199105471373" lon="15.582967763766646">
        <ele>1025.5999999999999</ele>
        <time>2024-11-26T03:46:16Z</time>
      </trkpt>
      <trkpt lat="-23.022051583975554" lon="15.583091815933585">
        <ele>1025.8</ele>
        <time>2024-11-26T03:46:29Z</time>
      </trkpt>
      <trkpt lat="-23.021901212632656" lon="15.583208575844765">
        <ele>1026.5999999999999</ele>
        <time>2024-11-26T03:46:42Z</time>
      </trkpt>
      <trkpt lat="-23.021750086918473" lon="15.583316450938582">
        <ele>1027.5999999999999</ele>
        <time>2024-11-26T03:46:54Z</time>
      </trkpt>
      <trkpt lat="-23.021600302308798" lon="15.583426672965288">
        <ele>1027.8</ele>
        <time>2024-11-26T03:47:07Z</time>
      </trkpt>
      <trkpt lat="-23.021450433880091" lon="15.58354108594358">
        <ele>1028.2</ele>
        <time>2024-11-26T03:47:20Z</time>
      </trkpt>
      <trkpt lat="-23.021301906555891" lon="15.583661366254091">
        <ele>1028.4000000000001</ele>
        <time>2024-11-26T03:47:33Z</time>
      </trkpt>
      <trkpt lat="-23.021157318726182" lon="15.583785334601998">
        <ele>1028.5999999999999</ele>
        <time>2024-11-26T03:47:46Z</time>
      </trkpt>
      <trkpt lat="-23.021014910191298" lon="15.583914164453745">
        <ele>1028.8</ele>
        <time>2024-11-26T03:47:58Z</time>
      </trkpt>
      <trkpt lat="-23.020874597132206" lon="15.58404584415257">
        <ele>1029</ele>
        <time>2024-11-26T03:48:11Z</time>
      </trkpt>
      <trkpt lat="-23.020730512216687" lon="15.584176266565919">
        <ele>1029.4000000000001</ele>
        <time>2024-11-26T03:48:24Z</time>
      </trkpt>
      <trkpt lat="-23.0205865111202" lon="15.58430434204638">
        <ele>1030</ele>
        <time>2024-11-26T03:48:37Z</time>
      </trkpt>
      <trkpt lat="-23.020440917462111" lon="15.584427891299129">
        <ele>1030.2</ele>
        <time>2024-11-26T03:48:49Z</time>
      </trkpt>
      <trkpt lat="-23.020296329632401" lon="15.584549680352211">
        <ele>1031</ele>
        <time>2024-11-26T03:49:02Z</time>
      </trkpt>
      <trkpt lat="-23.020152328535914" lon="15.584670295938849">
        <ele>1031.5999999999999</ele>
        <time>2024-11-26T03:49:15Z</time>
      </trkpt>
      <trkpt lat="-23.020007908344269" lon="15.584792336449027">
        <ele>1032</ele>
        <time>2024-11-26T03:49:28Z</time>
      </trkpt>
      <trkpt lat="-23.019861644133925" lon="15.584919657558203">
        <ele>1032.2</ele>
        <time>2024-11-26T03:49:41Z</time>
      </trkpt>
      <trkpt lat="-23.019720325246453" lon="15.585051672533154">
        <ele>1032.4000000000001</ele>
        <time>2024-11-26T03:49:53Z</time>
      </trkpt>
      <trkpt lat="-23.019581185653806" lon="15.585190812125802">
        <ele>1032.8</ele>
        <time>2024-11-26T03:50:06Z</time>
      </trkpt>
      <trkpt lat="-23.019443303346634" lon="15.585333053022623">
        <ele>1032.8</ele>
        <time>2024-11-26T03:50:19Z</time>
      </trkpt>
      <trkpt lat="-23.01930433139205" lon="15.58547118678689">
        <ele>1032.8</ele>
        <time>2024-11-26T03:50:32Z</time>
      </trkpt>
      <trkpt lat="-23.019168544560671" lon="15.585610410198569">
        <ele>1032.5999999999999</ele>
        <time>2024-11-26T03:50:45Z</time>
      </trkpt>
      <trkpt lat="-23.019036361947656" lon="15.585751561447978">
        <ele>1032.5999999999999</ele>
        <time>2024-11-26T03:50:57Z</time>
      </trkpt>
      <trkpt lat="-23.018903844058514" lon="15.585892125964165">
        <ele>1032.5999999999999</ele>
        <time>2024-11-26T03:51:10Z</time>
      </trkpt>
      <trkpt lat="-23.018768057227135" lon="15.586028331890702">
        <ele>1032.5999999999999</ele>
        <time>2024-11-26T03:51:23Z</time>
      </trkpt>
      <trkpt lat="-23.018626905977726" lon="15.586163364350796">
        <ele>1032.5999999999999</ele>
        <time>2024-11-26T03:51:36Z</time>
      </trkpt>
      <trkpt lat="-23.018489023670554" lon="15.586297055706382">
        <ele>1032.5999999999999</ele>
        <time>2024-11-26T03:51:49Z</time>
      </trkpt>
      <trkpt lat="-23.018348794430494" lon="15.58642940595746">
        <ele>1033</ele>
        <time>2024-11-26T03:52:01Z</time>
      </trkpt>
      <trkpt lat="-23.018207894638181" lon="15.586559241637588">
        <ele>1033.8</ele>
        <time>2024-11-26T03:52:14Z</time>
      </trkpt>
      <trkpt lat="-23.018066491931677" lon="15.586686059832573">
        <ele>1034.5999999999999</ele>
        <time>2024-11-26T03:52:27Z</time>
      </trkpt>
      <trkpt lat="-23.017923831939697" lon="15.58681296184659">
        <ele>1035</ele>
        <time>2024-11-26T03:52:40Z</time>
      </trkpt>
      <trkpt lat="-23.017779495567083" lon="15.586945060640574">
        <ele>1035.4000000000001</ele>
        <time>2024-11-26T03:52:53Z</time>
      </trkpt>
      <trkpt lat="-23.017634153366089" lon="15.587075315415859">
        <ele>1035.8</ele>
        <time>2024-11-26T03:53:05Z</time>
      </trkpt>
      <trkpt lat="-23.017491241917014" lon="15.587201463058591">
        <ele>1036</ele>
        <time>2024-11-26T03:53:18Z</time>
      </trkpt>
      <trkpt lat="-23.017350761219859" lon="15.58732895180583">
        <ele>1036</ele>
        <time>2024-11-26T03:53:31Z</time>
      </trkpt>
      <trkpt lat="-23.017211789265275" lon="15.587455770000815">
        <ele>1036.2</ele>
        <time>2024-11-26T03:53:44Z</time>
      </trkpt>
      <trkpt lat="-23.017072565853596" lon="15.587586192414165">
        <ele>1036.5999999999999</ele>
        <time>2024-11-26T03:53:57Z</time>
      </trkpt>
      <trkpt lat="-23.016932839527726" lon="15.58771644718945">
        <ele>1037.2</ele>
        <time>2024-11-26T03:54:09Z</time>
      </trkpt>
      <trkpt lat="-23.016791520640254" lon="15.587844774127007">
        <ele>1037.5999999999999</ele>
        <time>2024-11-26T03:54:22Z</time>
      </trkpt>
      <trkpt lat="-23.016646346077323" lon="15.587968323379755">
        <ele>1038.2</ele>
        <time>2024-11-26T03:54:35Z</time>
      </trkpt>
      <trkpt lat="-23.016501925885677" lon="15.588093716651201">
        <ele>1038.8</ele>
        <time>2024-11-26T03:54:48Z</time>
      </trkpt>
      <trkpt lat="-23.016363624483347" lon="15.588221959769726">
        <ele>1039</ele>
        <time>2024-11-26T03:55:01Z</time>
      </trkpt>
      <trkpt lat="-23.016225825995207" lon="15.588351879268885">
        <ele>1039.4000000000001</ele>
        <time>2024-11-26T03:55:13Z</time>
      </trkpt>
      <trkpt lat="-23.016086770221591" lon="15.588483139872551">
        <ele>1039.5999999999999</ele>
        <time>2024-11-26T03:55:26Z</time>
      </trkpt>
      <trkpt lat="-23.015944696962833" lon="15.588612305000424">
        <ele>1040</ele>
        <time>2024-11-26T03:55:39Z</time>
      </trkpt>
      <trkpt lat="-23.015800192952156" lon="15.588741302490234">
        <ele>1040.4000000000001</ele>
        <time>2024-11-26T03:55:52Z</time>
      </trkpt>
      <trkpt lat="-23.015657616779208" lon="15.588872730731964">
        <ele>1040.8</ele>
        <time>2024-11-26T03:56:05Z</time>
      </trkpt>
      <trkpt lat="-23.015518141910434" lon="15.589006505906582">
        <ele>1041.2</ele>
        <time>2024-11-26T03:56:18Z</time>
      </trkpt>
      <trkpt lat="-23.015375481918454" lon="15.5891402810812">
        <ele>1041.5999999999999</ele>
        <time>2024-11-26T03:56:30Z</time>
      </trkpt>
      <trkpt lat="-23.015228379517794" lon="15.589272798970342">
        <ele>1042</ele>
        <time>2024-11-26T03:56:43Z</time>
      </trkpt>
      <trkpt lat="-23.015076667070389" lon="15.589403305202723">
        <ele>1042.5999999999999</ele>
        <time>2024-11-26T03:56:56Z</time>
      </trkpt>
      <trkpt lat="-23.014924703165889" lon="15.589533559978008">
        <ele>1043</ele>
        <time>2024-11-26T03:57:09Z</time>
      </trkpt>
      <trkpt lat="-23.014773745089769" lon="15.589665994048119">
        <ele>1043.4000000000001</ele>
        <time>2024-11-26T03:57:22Z</time>
      </trkpt>
      <trkpt lat="-23.014627899974585" lon="15.589802451431751">
        <ele>1044</ele>
        <time>2024-11-26T03:57:35Z</time>
      </trkpt>
      <trkpt lat="-23.0144820548594" lon="15.589943435043097">
        <ele>1044.8</ele>
        <time>2024-11-26T03:57:47Z</time>
      </trkpt>
      <trkpt lat="-23.014338556677103" lon="15.590083748102188">
        <ele>1045</ele>
        <time>2024-11-26T03:58:00Z</time>
      </trkpt>
      <trkpt lat="-23.014194974675775" lon="15.590222887694836">
        <ele>1045.4000000000001</ele>
        <time>2024-11-26T03:58:13Z</time>
      </trkpt>
      <trkpt lat="-23.014051141217351" lon="15.590357249602675">
        <ele>1045.8</ele>
        <time>2024-11-26T03:58:26Z</time>
      </trkpt>
      <trkpt lat="-23.013906637206674" lon="15.590491024777293">
        <ele>1046.2</ele>
        <time>2024-11-26T03:58:39Z</time>
      </trkpt>
      <trkpt lat="-23.013764480128884" lon="15.590621866285801">
        <ele>1046.5999999999999</ele>
        <time>2024-11-26T03:58:52Z</time>
      </trkpt>
      <trkpt lat="-23.013623664155602" lon="15.590754551813006">
        <ele>1047</ele>
        <time>2024-11-26T03:59:04Z</time>
      </trkpt>
      <trkpt lat="-23.013486117124557" lon="15.590882208198309">
        <ele>1047.2</ele>
        <time>2024-11-26T03:59:17Z</time>
      </trkpt>
      <trkpt lat="-23.013346893712878" lon="15.591011373326182">
        <ele>1047.4000000000001</ele>
        <time>2024-11-26T03:59:30Z</time>
      </trkpt>
      <trkpt lat="-23.013209346681833" lon="15.591139029711485">
        <ele>1048.2</ele>
        <time>2024-11-26T03:59:43Z</time>
      </trkpt>
      <trkpt lat="-23.013077918440104" lon="15.591269535943866">
        <ele>1048.5999999999999</ele>
        <time>2024-11-26T03:59:56Z</time>
      </trkpt>
      <trkpt lat="-23.012950848788023" lon="15.591400964185596">
        <ele>1049</ele>
        <time>2024-11-26T04:00:09Z</time>
      </trkpt>
      <trkpt lat="-23.012824952602386" lon="15.591534823179245">
        <ele>1049.4000000000001</ele>
        <time>2024-11-26T04:00:22Z</time>
      </trkpt>
      <trkpt lat="-23.012697212398052" lon="15.591670442372561">
        <ele>1049.8</ele>
        <time>2024-11-26T04:00:34Z</time>
      </trkpt>
      <trkpt lat="-23.012568214908242" lon="15.591811425983906">
        <ele>1050</ele>
        <time>2024-11-26T04:00:47Z</time>
      </trkpt>
      <trkpt lat="-23.012436032295227" lon="15.591948805376887">
        <ele>1050.5999999999999</ele>
        <time>2024-11-26T04:01:00Z</time>
      </trkpt>
      <trkpt lat="-23.012297144159675" lon="15.592079311609268">
        <ele>1050.5999999999999</ele>
        <time>2024-11-26T04:01:13Z</time>
      </trkpt>
      <trkpt lat="-23.01215230487287" lon="15.592201603576541">
        <ele>1050.8</ele>
        <time>2024-11-26T04:01:26Z</time>
      </trkpt>
      <trkpt lat="-23.012005118653178" lon="15.592326745390892">
        <ele>1052</ele>
        <time>2024-11-26T04:01:39Z</time>
      </trkpt>
      <trkpt lat="-23.011861788108945" lon="15.592454150319099">
        <ele>1052.8</ele>
        <time>2024-11-26T04:01:52Z</time>
      </trkpt>
      <trkpt lat="-23.011718457564712" lon="15.592585159465671">
        <ele>1053.2</ele>
        <time>2024-11-26T04:02:04Z</time>
      </trkpt>
      <trkpt lat="-23.011573031544685" lon="15.592715414240956">
        <ele>1053.4000000000001</ele>
        <time>2024-11-26T04:02:17Z</time>
      </trkpt>
      <trkpt lat="-23.011431880295277" lon="15.592848435044289">
        <ele>1053.5999999999999</ele>
        <time>2024-11-26T04:02:30Z</time>
      </trkpt>
      <trkpt lat="-23.011288465932012" lon="15.59297994710505">
        <ele>1054.4000000000001</ele>
        <time>2024-11-26T04:02:43Z</time>
      </trkpt>
      <trkpt lat="-23.011136250570416" lon="15.593103412538767">
        <ele>1054.8</ele>
        <time>2024-11-26T04:02:56Z</time>
      </trkpt>
      <trkpt lat="-23.010979928076267" lon="15.593223022297025">
        <ele>1055.4000000000001</ele>
        <time>2024-11-26T04:03:09Z</time>
      </trkpt>
      <trkpt lat="-23.010820671916008" lon="15.593341290950775">
        <ele>1056</ele>
        <time>2024-11-26T04:03:22Z</time>
      </trkpt>
      <trkpt lat="-23.010661080479622" lon="15.593453859910369">
        <ele>1056.4000000000001</ele>
        <time>2024-11-26T04:03:34Z</time>
      </trkpt>
      <trkpt lat="-23.010497968643904" lon="15.59356383047998">
        <ele>1056.8</ele>
        <time>2024-11-26T04:03:47Z</time>
      </trkpt>
      <trkpt lat="-23.010329157114029" lon="15.593667598441243">
        <ele>1057.4000000000001</ele>
        <time>2024-11-26T04:04:00Z</time>
      </trkpt>
      <trkpt lat="-23.010157663375139" lon="15.593766923993826">
        <ele>1058</ele>
        <time>2024-11-26T04:04:13Z</time>
      </trkpt>
      <trkpt lat="-23.009986085817218" lon="15.59386826120317">
        <ele>1058.2</ele>
        <time>2024-11-26T04:04:26Z</time>
      </trkpt>
      <trkpt lat="-23.00981710664928" lon="15.593970939517021">
        <ele>1058.4000000000001</ele>
        <time>2024-11-26T04:04:39Z</time>
      </trkpt>
      <trkpt lat="-23.009647289291024" lon="15.594071438536048">
        <ele>1059</ele>
        <time>2024-11-26T04:04:52Z</time>
      </trkpt>
      <trkpt lat="-23.009472358971834" lon="15.594172524288297">
        <ele>1059.4000000000001</ele>
        <time>2024-11-26T04:05:05Z</time>
      </trkpt>
      <trkpt lat="-23.009298099204898" lon="15.594275537878275">
        <ele>1060.2</ele>
        <time>2024-11-26T04:05:17Z</time>
      </trkpt>
      <trkpt lat="-23.009122079238296" lon="15.594381652772427">
        <ele>1060.4000000000001</ele>
        <time>2024-11-26T04:05:30Z</time>
      </trkpt>
      <trkpt lat="-23.008943628519773" lon="15.594485001638532">
        <ele>1060.8</ele>
        <time>2024-11-26T04:05:43Z</time>
      </trkpt>
      <trkpt lat="-23.008764171972871" lon="15.594587344676256">
        <ele>1061</ele>
        <time>2024-11-26T04:05:56Z</time>
      </trkpt>
      <trkpt lat="-23.008583877235651" lon="15.594692789018154">
        <ele>1061.2</ele>
        <time>2024-11-26T04:06:09Z</time>
      </trkpt>
      <trkpt lat="-23.008403331041336" lon="15.594803597778082">
        <ele>1061.4000000000001</ele>
        <time>2024-11-26T04:06:22Z</time>
      </trkpt>
      <trkpt lat="-23.00822320394218" lon="15.594916753470898">
        <ele>1061.8</ele>
        <time>2024-11-26T04:06:35Z</time>
      </trkpt>
      <trkpt lat="-23.008047100156546" lon="15.595029154792428">
        <ele>1061.8</ele>
        <time>2024-11-26T04:06:48Z</time>
      </trkpt>
      <trkpt lat="-23.007873427122831" lon="15.595140634104609">
        <ele>1062.2</ele>
        <time>2024-11-26T04:07:01Z</time>
      </trkpt>
      <trkpt lat="-23.007700424641371" lon="15.59525404125452">
        <ele>1062.2</ele>
        <time>2024-11-26T04:07:13Z</time>
      </trkpt>
      <trkpt lat="-23.007528847083449" lon="15.59536837041378">
        <ele>1062.8</ele>
        <time>2024-11-26T04:07:26Z</time>
      </trkpt>
      <trkpt lat="-23.007357688620687" lon="15.595480604097247">
        <ele>1063</ele>
        <time>2024-11-26T04:07:39Z</time>
      </trkpt>
      <trkpt lat="-23.007185105234385" lon="15.595591999590397">
        <ele>1063.4000000000001</ele>
        <time>2024-11-26T04:07:52Z</time>
      </trkpt>
      <trkpt lat="-23.007013611495495" lon="15.595708843320608">
        <ele>1063.5999999999999</ele>
        <time>2024-11-26T04:08:05Z</time>
      </trkpt>
      <trkpt lat="-23.006841111928225" lon="15.595822501927614">
        <ele>1064</ele>
        <time>2024-11-26T04:08:18Z</time>
      </trkpt>
      <trkpt lat="-23.00666743889451" lon="15.595932053402066">
        <ele>1065</ele>
        <time>2024-11-26T04:08:31Z</time>
      </trkpt>
      <trkpt lat="-23.00649150274694" lon="15.596039760857821">
        <ele>1065.2</ele>
        <time>2024-11-26T04:08:44Z</time>
      </trkpt>
      <trkpt lat="-23.006312297657132" lon="15.596149899065495">
        <ele>1065.4000000000001</ele>
        <time>2024-11-26T04:08:57Z</time>
      </trkpt>
      <trkpt lat="-23.006132505834103" lon="15.596260037273169">
        <ele>1065.5999999999999</ele>
        <time>2024-11-26T04:09:09Z</time>
      </trkpt>
      <trkpt lat="-23.005953636020422" lon="15.596370007842779">
        <ele>1065.5999999999999</ele>
        <time>2024-11-26T04:09:22Z</time>
      </trkpt>
      <trkpt lat="-23.00577275454998" lon="15.596479224041104">
        <ele>1066</ele>
        <time>2024-11-26T04:09:35Z</time>
      </trkpt>
      <trkpt lat="-23.00558852031827" lon="15.596587853506207">
        <ele>1066.2</ele>
        <time>2024-11-26T04:09:48Z</time>
      </trkpt>
      <trkpt lat="-23.005406213924289" lon="15.596696231514215">
        <ele>1066.5999999999999</ele>
        <time>2024-11-26T04:10:01Z</time>
      </trkpt>
      <trkpt lat="-23.005223153159022" lon="15.596804022789001">
        <ele>1066.5999999999999</ele>
        <time>2024-11-26T04:10:14Z</time>
      </trkpt>
      <trkpt lat="-23.005034979432821" lon="15.596913238987327">
        <ele>1066.8</ele>
        <time>2024-11-26T04:10:27Z</time>
      </trkpt>
      <trkpt lat="-23.004845632240176" lon="15.597021533176303">
        <ele>1067.2</ele>
        <time>2024-11-26T04:10:40Z</time>
      </trkpt>
      <trkpt lat="-23.004655865952373" lon="15.597127228975296">
        <ele>1067.5999999999999</ele>
        <time>2024-11-26T04:10:53Z</time>
      </trkpt>
      <trkpt lat="-23.004465010017157" lon="15.597230577841401">
        <ele>1067.8</ele>
        <time>2024-11-26T04:11:06Z</time>
      </trkpt>
      <trkpt lat="-23.004274489358068" lon="15.597334429621696">
        <ele>1068.2</ele>
        <time>2024-11-26T04:11:19Z</time>
      </trkpt>
      <trkpt lat="-23.004081454128027" lon="15.597435515373945">
        <ele>1068.2</ele>
        <time>2024-11-26T04:11:32Z</time>
      </trkpt>
      <trkpt lat="-23.003884144127369" lon="15.597532829269767">
        <ele>1068.4000000000001</ele>
        <time>2024-11-26T04:11:44Z</time>
      </trkpt>
      <trkpt lat="-23.003685576841235" lon="15.597630562260747">
        <ele>1068.4000000000001</ele>
        <time>2024-11-26T04:11:57Z</time>
      </trkpt>
      <trkpt lat="-23.003487344831228" lon="15.59773089364171">
        <ele>1068.4000000000001</ele>
        <time>2024-11-26T04:12:10Z</time>
      </trkpt>
      <trkpt lat="-23.003288777545094" lon="15.597834158688784">
        <ele>1068.4000000000001</ele>
        <time>2024-11-26T04:12:23Z</time>
      </trkpt>
      <trkpt lat="-23.003087276592851" lon="15.597940860316157">
        <ele>1068.4000000000001</ele>
        <time>2024-11-26T04:12:36Z</time>
      </trkpt>
      <trkpt lat="-23.002885775640607" lon="15.598049238324165">
        <ele>1068.4000000000001</ele>
        <time>2024-11-26T04:12:49Z</time>
      </trkpt>
      <trkpt lat="-23.002685280516744" lon="15.59816038236022">
        <ele>1068.4000000000001</ele>
        <time>2024-11-26T04:13:02Z</time>
      </trkpt>
      <trkpt lat="-23.0024837795645" lon="15.598274627700448">
        <ele>1068.4000000000001</ele>
        <time>2024-11-26T04:13:15Z</time>
      </trkpt>
      <trkpt lat="-23.002281356602907" lon="15.598389878869057">
        <ele>1068.2</ele>
        <time>2024-11-26T04:13:28Z</time>
      </trkpt>
      <trkpt lat="-23.002082202583551" lon="15.598504459485412">
        <ele>1068</ele>
        <time>2024-11-26T04:13:41Z</time>
      </trkpt>
      <trkpt lat="-23.001884892582893" lon="15.598611496388912">
        <ele>1067.5999999999999</ele>
        <time>2024-11-26T04:13:54Z</time>
      </trkpt>
      <trkpt lat="-23.001692611724138" lon="15.59871987439692">
        <ele>1067.4000000000001</ele>
        <time>2024-11-26T04:14:07Z</time>
      </trkpt>
      <trkpt lat="-23.001506198197603" lon="15.598826324567199">
        <ele>1067.2</ele>
        <time>2024-11-26T04:14:20Z</time>
      </trkpt>
      <trkpt lat="-23.001316264271736" lon="15.598924476653337">
        <ele>1067.4000000000001</ele>
        <time>2024-11-26T04:14:33Z</time>
      </trkpt>
      <trkpt lat="-23.001127168536186" lon="15.599017851054668">
        <ele>1067.5999999999999</ele>
        <time>2024-11-26T04:14:46Z</time>
      </trkpt>
      <trkpt lat="-23.000937486067414" lon="15.599106699228287">
        <ele>1067.8</ele>
        <time>2024-11-26T04:14:58Z</time>
      </trkpt>
      <trkpt lat="-23.000748474150896" lon="15.599190685898066">
        <ele>1068</ele>
        <time>2024-11-26T04:15:11Z</time>
      </trkpt>
      <trkpt lat="-23.000563401728868" lon="15.599275259301066">
        <ele>1068.4000000000001</ele>
        <time>2024-11-26T04:15:24Z</time>
      </trkpt>
      <trkpt lat="-23.0003821849823" lon="15.599364442750812">
        <ele>1068.8</ele>
        <time>2024-11-26T04:15:37Z</time>
      </trkpt>
      <trkpt lat="-23.000204237177968" lon="15.599451614543796">
        <ele>1069.2</ele>
        <time>2024-11-26T04:15:50Z</time>
      </trkpt>
      <trkpt lat="-23.000028971582651" lon="15.599542474374175">
        <ele>1069.8</ele>
        <time>2024-11-26T04:16:03Z</time>
      </trkpt>
      <trkpt lat="-22.999858483672142" lon="15.599638028070331">
        <ele>1070.4000000000001</ele>
        <time>2024-11-26T04:16:16Z</time>
      </trkpt>
      <trkpt lat="-22.999691097065806" lon="15.599734336137772">
        <ele>1070.8</ele>
        <time>2024-11-26T04:16:29Z</time>
      </trkpt>
      <trkpt lat="-22.999523039907217" lon="15.599825866520405">
        <ele>1071.4000000000001</ele>
        <time>2024-11-26T04:16:42Z</time>
      </trkpt>
      <trkpt lat="-22.999350037425756" lon="15.599910020828247">
        <ele>1071.4000000000001</ele>
        <time>2024-11-26T04:16:55Z</time>
      </trkpt>
      <trkpt lat="-22.999172089621425" lon="15.599995516240597">
        <ele>1072</ele>
        <time>2024-11-26T04:17:08Z</time>
      </trkpt>
      <trkpt lat="-22.998992884531617" lon="15.600078999996185">
        <ele>1072.2</ele>
        <time>2024-11-26T04:17:21Z</time>
      </trkpt>
      <trkpt lat="-22.998814098536968" lon="15.600165752694011">
        <ele>1072.8</ele>
        <time>2024-11-26T04:17:34Z</time>
      </trkpt>
      <trkpt lat="-22.998638078570366" lon="15.600262898951769">
        <ele>1073</ele>
        <time>2024-11-26T04:17:47Z</time>
      </trkpt>
      <trkpt lat="-22.998465998098254" lon="15.600369097664952">
        <ele>1073.2</ele>
        <time>2024-11-26T04:18:00Z</time>
      </trkpt>
      <trkpt lat="-22.99829819239676" lon="15.600483594462276">
        <ele>1073.4000000000001</ele>
        <time>2024-11-26T04:18:13Z</time>
      </trkpt>
      <trkpt lat="-22.998127033933997" lon="15.600602198392153">
        <ele>1073.5999999999999</ele>
        <time>2024-11-26T04:18:26Z</time>
      </trkpt>
      <trkpt lat="-22.997957970947027" lon="15.600721640512347">
        <ele>1074</ele>
        <time>2024-11-26T04:18:39Z</time>
      </trkpt>
      <trkpt lat="-22.997786644846201" lon="15.600839154794812">
        <ele>1074.2</ele>
        <time>2024-11-26T04:18:52Z</time>
      </trkpt>
      <trkpt lat="-22.997608361765742" lon="15.600950131192803">
        <ele>1074.4000000000001</ele>
        <time>2024-11-26T04:19:05Z</time>
      </trkpt>
      <trkpt lat="-22.997421361505985" lon="15.601047361269593">
        <ele>1075</ele>
        <time>2024-11-26T04:19:18Z</time>
      </trkpt>
      <trkpt lat="-22.997229667380452" lon="15.601130593568087">
        <ele>1075</ele>
        <time>2024-11-26T04:19:31Z</time>
      </trkpt>
      <trkpt lat="-22.997043170034885" lon="15.601208209991455">
        <ele>1075.2</ele>
        <time>2024-11-26T04:19:44Z</time>
      </trkpt>
      <trkpt lat="-22.99685625359416" lon="15.601286245509982">
        <ele>1075.2</ele>
        <time>2024-11-26T04:19:57Z</time>
      </trkpt>
      <trkpt lat="-22.99666372127831" lon="15.601367130875587">
        <ele>1075.2</ele>
        <time>2024-11-26T04:20:10Z</time>
      </trkpt>
      <trkpt lat="-22.996468590572476" lon="15.601448602974415">
        <ele>1075.2</ele>
        <time>2024-11-26T04:20:22Z</time>
      </trkpt>
      <trkpt lat="-22.996271112933755" lon="15.601533679291606">
        <ele>1075.4000000000001</ele>
        <time>2024-11-26T04:20:35Z</time>
      </trkpt>
      <trkpt lat="-22.996075563132763" lon="15.601616911590099">
        <ele>1075.5999999999999</ele>
        <time>2024-11-26T04:20:48Z</time>
      </trkpt>
      <trkpt lat="-22.995884958654642" lon="15.601699138060212">
        <ele>1075.5999999999999</ele>
        <time>2024-11-26T04:21:01Z</time>
      </trkpt>
      <trkpt lat="-22.995695695281029" lon="15.601782370358706">
        <ele>1075.5999999999999</ele>
        <time>2024-11-26T04:21:14Z</time>
      </trkpt>
      <trkpt lat="-22.995506934821606" lon="15.601864010095596">
        <ele>1075.5999999999999</ele>
        <time>2024-11-26T04:21:27Z</time>
      </trkpt>
      <trkpt lat="-22.995317336171865" lon="15.601943554356694">
        <ele>1075.8</ele>
        <time>2024-11-26T04:21:40Z</time>
      </trkpt>
      <trkpt lat="-22.995123127475381" lon="15.60202594846487">
        <ele>1075.8</ele>
        <time>2024-11-26T04:21:53Z</time>
      </trkpt>
      <trkpt lat="-22.994927493855357" lon="15.602112449705601">
        <ele>1076</ele>
        <time>2024-11-26T04:22:06Z</time>
      </trkpt>
      <trkpt lat="-22.994734039530158" lon="15.602204231545329">
        <ele>1076</ele>
        <time>2024-11-26T04:22:19Z</time>
      </trkpt>
      <trkpt lat="-22.994541088119149" lon="15.602294923737645">
        <ele>1076</ele>
        <time>2024-11-26T04:22:32Z</time>
      </trkpt>
      <trkpt lat="-22.994346292689443" lon="15.602378994226456">
        <ele>1076.4000000000001</ele>
        <time>2024-11-26T04:22:45Z</time>
      </trkpt>
      <trkpt lat="-22.994151664897799" lon="15.602463986724615">
        <ele>1076.5999999999999</ele>
        <time>2024-11-26T04:22:58Z</time>
      </trkpt>
      <trkpt lat="-22.993955779820681" lon="15.602546967566013">
        <ele>1076.5999999999999</ele>
        <time>2024-11-26T04:23:11Z</time>
      </trkpt>
      <trkpt lat="-22.993758972734213" lon="15.602624332532287">
        <ele>1077</ele>
        <time>2024-11-26T04:23:24Z</time>
      </trkpt>
      <trkpt lat="-22.993562081828713" lon="15.602698931470513">
        <ele>1077.2</ele>
        <time>2024-11-26T04:23:37Z</time>
      </trkpt>
      <trkpt lat="-22.993367286399007" lon="15.602778224274516">
        <ele>1077.4000000000001</ele>
        <time>2024-11-26T04:23:50Z</time>
      </trkpt>
      <trkpt lat="-22.99317835830152" lon="15.602872772142291">
        <ele>1077.4000000000001</ele>
        <time>2024-11-26T04:24:03Z</time>
      </trkpt>
      <trkpt lat="-22.992991525679827" lon="15.602970756590366">
        <ele>1077.5999999999999</ele>
        <time>2024-11-26T04:24:16Z</time>
      </trkpt>
      <trkpt lat="-22.992799077183008" lon="15.60306622646749">
        <ele>1077.8</ele>
        <time>2024-11-26T04:24:29Z</time>
      </trkpt>
      <trkpt lat="-22.992609981447458" lon="15.603164546191692">
        <ele>1078.5999999999999</ele>
        <time>2024-11-26T04:24:42Z</time>
      </trkpt>
      <trkpt lat="-22.992424154654145" lon="15.603261021897197">
        <ele>1078.8</ele>
        <time>2024-11-26T04:24:55Z</time>
      </trkpt>
      <trkpt lat="-22.992235980927944" lon="15.603345846757293">
        <ele>1079</ele>
        <time>2024-11-26T04:25:08Z</time>
      </trkpt>
      <trkpt lat="-22.992044873535633" lon="15.603428659960628">
        <ele>1079.2</ele>
        <time>2024-11-26T04:25:21Z</time>
      </trkpt>
      <trkpt lat="-22.991850664839149" lon="15.603505941107869">
        <ele>1079.4000000000001</ele>
        <time>2024-11-26T04:25:34Z</time>
      </trkpt>
      <trkpt lat="-22.991652265191078" lon="15.603583976626396">
        <ele>1080</ele>
        <time>2024-11-26T04:25:47Z</time>
      </trkpt>
      <trkpt lat="-22.991454033181071" lon="15.603664023801684">
        <ele>1080.4000000000001</ele>
        <time>2024-11-26T04:26:00Z</time>
      </trkpt>
      <trkpt lat="-22.99125362187624" lon="15.603743316605687">
        <ele>1080.5999999999999</ele>
        <time>2024-11-26T04:26:13Z</time>
      </trkpt>
      <trkpt lat="-22.991053629666567" lon="15.60381967574358">
        <ele>1080.8</ele>
        <time>2024-11-26T04:26:26Z</time>
      </trkpt>
      <trkpt lat="-22.990850703790784" lon="15.603895531967282">
        <ele>1081.2</ele>
        <time>2024-11-26T04:26:39Z</time>
      </trkpt>
      <trkpt lat="-22.990643503144383" lon="15.603970717638731">
        <ele>1081.4000000000001</ele>
        <time>2024-11-26T04:26:52Z</time>
      </trkpt>
      <trkpt lat="-22.990433787927032" lon="15.604044394567609">
        <ele>1082</ele>
        <time>2024-11-26T04:27:05Z</time>
      </trkpt>
      <trkpt lat="-22.990222396329045" lon="15.604114383459091">
        <ele>1082.4000000000001</ele>
        <time>2024-11-26T04:27:19Z</time>
      </trkpt>
      <trkpt lat="-22.990013184025884" lon="15.604183785617352">
        <ele>1082.8</ele>
        <time>2024-11-26T04:27:32Z</time>
      </trkpt>
      <trkpt lat="-22.989805731922388" lon="15.604252936318517">
        <ele>1082.8</ele>
        <time>2024-11-26T04:27:45Z</time>
      </trkpt>
      <trkpt lat="-22.989598531275988" lon="15.604321835562587">
        <ele>1083.2</ele>
        <time>2024-11-26T04:27:58Z</time>
      </trkpt>
      <trkpt lat="-22.989392755553126" lon="15.604391405358911">
        <ele>1083.5999999999999</ele>
        <time>2024-11-26T04:28:11Z</time>
      </trkpt>
      <trkpt lat="-22.989191925153136" lon="15.604464244097471">
        <ele>1083.5999999999999</ele>
        <time>2024-11-26T04:28:24Z</time>
      </trkpt>
      <trkpt lat="-22.988993274047971" lon="15.604546722024679">
        <ele>1083.8</ele>
        <time>2024-11-26T04:28:37Z</time>
      </trkpt>
      <trkpt lat="-22.98879730515182" lon="15.604634815827012">
        <ele>1083.8</ele>
        <time>2024-11-26T04:28:50Z</time>
      </trkpt>
      <trkpt lat="-22.988603683188558" lon="15.604726681485772">
        <ele>1084</ele>
        <time>2024-11-26T04:29:03Z</time>
      </trkpt>
      <trkpt lat="-22.988411402329803" lon="15.60482332482934">
        <ele>1084.2</ele>
        <time>2024-11-26T04:29:16Z</time>
      </trkpt>
      <trkpt lat="-22.988216103985906" lon="15.604922063648701">
        <ele>1084.5999999999999</ele>
        <time>2024-11-26T04:29:29Z</time>
      </trkpt>
      <trkpt lat="-22.988017033785582" lon="15.605020131915808">
        <ele>1084.8</ele>
        <time>2024-11-26T04:29:42Z</time>
      </trkpt>
      <trkpt lat="-22.987813772633672" lon="15.60511652380228">
        <ele>1085</ele>
        <time>2024-11-26T04:29:55Z</time>
      </trkpt>
      <trkpt lat="-22.987611349672079" lon="15.605210065841675">
        <ele>1085</ele>
        <time>2024-11-26T04:30:08Z</time>
      </trkpt>
      <trkpt lat="-22.987407753244042" lon="15.605296231806278">
        <ele>1085</ele>
        <time>2024-11-26T04:30:21Z</time>
      </trkpt>
      <trkpt lat="-22.987206000834703" lon="15.60538231395185">
        <ele>1085.2</ele>
        <time>2024-11-26T04:30:34Z</time>
      </trkpt>
      <trkpt lat="-22.987008104100823" lon="15.605469234287739">
        <ele>1085.5999999999999</ele>
        <time>2024-11-26T04:30:47Z</time>
      </trkpt>
      <trkpt lat="-22.98680811189115" lon="15.605556657537818">
        <ele>1086</ele>
        <time>2024-11-26T04:31:00Z</time>
      </trkpt>
      <trkpt lat="-22.986608454957604" lon="15.605648187920451">
        <ele>1086.2</ele>
        <time>2024-11-26T04:31:13Z</time>
      </trkpt>
      <trkpt lat="-22.986411564052105" lon="15.605745501816273">
        <ele>1086.5999999999999</ele>
        <time>2024-11-26T04:31:26Z</time>
      </trkpt>
      <trkpt lat="-22.986210314556956" lon="15.605843402445316">
        <ele>1087</ele>
        <time>2024-11-26T04:31:39Z</time>
      </trkpt>
      <trkpt lat="-22.986008897423744" lon="15.605935519561172">
        <ele>1087.2</ele>
        <time>2024-11-26T04:31:52Z</time>
      </trkpt>
      <trkpt lat="-22.985812425613403" lon="15.606022188439965">
        <ele>1087.4000000000001</ele>
        <time>2024-11-26T04:32:05Z</time>
      </trkpt>
      <trkpt lat="-22.985615199431777" lon="15.606109360232949">
        <ele>1087.8</ele>
        <time>2024-11-26T04:32:18Z</time>
      </trkpt>
      <trkpt lat="-22.985417973250151" lon="15.606193849816918">
        <ele>1088</ele>
        <time>2024-11-26T04:32:32Z</time>
      </trkpt>
      <trkpt lat="-22.985219741240144" lon="15.6062794290483">
        <ele>1088.2</ele>
        <time>2024-11-26T04:32:45Z</time>
      </trkpt>
      <trkpt lat="-22.985020084306598" lon="15.60636785812676">
        <ele>1088.5999999999999</ele>
        <time>2024-11-26T04:32:58Z</time>
      </trkpt>
      <trkpt lat="-22.984818918630481" lon="15.606455281376839">
        <ele>1088.8</ele>
        <time>2024-11-26T04:33:11Z</time>
      </trkpt>
      <trkpt lat="-22.984614316374063" lon="15.606542536988854">
        <ele>1089</ele>
        <time>2024-11-26T04:33:24Z</time>
      </trkpt>
      <trkpt lat="-22.984409378841519" lon="15.606629038229585">
        <ele>1089.2</ele>
        <time>2024-11-26T04:33:37Z</time>
      </trkpt>
      <trkpt lat="-22.984205950051546" lon="15.606716210022569">
        <ele>1089.2</ele>
        <time>2024-11-26T04:33:50Z</time>
      </trkpt>
      <trkpt lat="-22.984006041660905" lon="15.606805393472314">
        <ele>1089.2</ele>
        <time>2024-11-26T04:34:03Z</time>
      </trkpt>
      <trkpt lat="-22.983807474374771" lon="15.606894828379154">
        <ele>1089.2</ele>
        <time>2024-11-26T04:34:16Z</time>
      </trkpt>
      <trkpt lat="-22.983610164374113" lon="15.606984263285995">
        <ele>1089.4000000000001</ele>
        <time>2024-11-26T04:34:29Z</time>
      </trkpt>
      <trkpt lat="-22.983411261811852" lon="15.607073530554771">
        <ele>1089.4000000000001</ele>
        <time>2024-11-26T04:34:42Z</time>
      </trkpt>
      <trkpt lat="-22.983210850507021" lon="15.607159193605185">
        <ele>1089.8</ele>
        <time>2024-11-26T04:34:55Z</time>
      </trkpt>
      <trkpt lat="-22.983008679002523" lon="15.607244353741407">
        <ele>1090</ele>
        <time>2024-11-26T04:35:08Z</time>
      </trkpt>
      <trkpt lat="-22.982806758955121" lon="15.607328759506345">
        <ele>1090.4000000000001</ele>
        <time>2024-11-26T04:35:21Z</time>
      </trkpt>
      <trkpt lat="-22.982604587450624" lon="15.60741308145225">
        <ele>1090.4000000000001</ele>
        <time>2024-11-26T04:35:34Z</time>
      </trkpt>
      <trkpt lat="-22.982403673231602" lon="15.607497319579124">
        <ele>1090.5999999999999</ele>
        <time>2024-11-26T04:35:48Z</time>
      </trkpt>
      <trkpt lat="-22.982203094288707" lon="15.607581306248903">
        <ele>1090.5999999999999</ele>
        <time>2024-11-26T04:36:01Z</time>
      </trkpt>
      <trkpt lat="-22.982006119564176" lon="15.607662694528699">
        <ele>1090.5999999999999</ele>
        <time>2024-11-26T04:36:14Z</time>
      </trkpt>
      <trkpt lat="-22.981811575591564" lon="15.607743076980114">
        <ele>1090.5999999999999</ele>
        <time>2024-11-26T04:36:27Z</time>
      </trkpt>
      <trkpt lat="-22.98161837272346" lon="15.607824716717005">
        <ele>1090.4000000000001</ele>
        <time>2024-11-26T04:36:40Z</time>
      </trkpt>
      <trkpt lat="-22.981431540101767" lon="15.607904260978103">
        <ele>1090.2</ele>
        <time>2024-11-26T04:36:53Z</time>
      </trkpt>
      <trkpt lat="-22.981251161545515" lon="15.607987158000469">
        <ele>1090.2</ele>
        <time>2024-11-26T04:37:06Z</time>
      </trkpt>
      <trkpt lat="-22.981074471026659" lon="15.608073323965073">
        <ele>1090.2</ele>
        <time>2024-11-26T04:37:19Z</time>
      </trkpt>
      <trkpt lat="-22.980904066935182" lon="15.60816016048193">
        <ele>1090.2</ele>
        <time>2024-11-26T04:37:32Z</time>
      </trkpt>
      <trkpt lat="-22.980725197121501" lon="15.608247919008136">
        <ele>1090.4000000000001</ele>
        <time>2024-11-26T04:37:45Z</time>
      </trkpt>
      <trkpt lat="-22.980545992031693" lon="15.608338946476579">
        <ele>1091</ele>
        <time>2024-11-26T04:37:58Z</time>
      </trkpt>
      <trkpt lat="-22.980364775285125" lon="15.608429135754704">
        <ele>1091.2</ele>
        <time>2024-11-26T04:38:12Z</time>
      </trkpt>
      <trkpt lat="-22.98017836175859" lon="15.608521504327655">
        <ele>1091.4000000000001</ele>
        <time>2024-11-26T04:38:25Z</time>
      </trkpt>
      <trkpt lat="-22.979991277679801" lon="15.608613789081573">
        <ele>1091.5999999999999</ele>
        <time>2024-11-26T04:38:38Z</time>
      </trkpt>
      <trkpt lat="-22.979804780334234" lon="15.608707666397095">
        <ele>1091.5999999999999</ele>
        <time>2024-11-26T04:38:51Z</time>
      </trkpt>
      <trkpt lat="-22.979617109522223" lon="15.608803974464536">
        <ele>1091.5999999999999</ele>
        <time>2024-11-26T04:39:04Z</time>
      </trkpt>
      <trkpt lat="-22.979428265243769" lon="15.608902629464865">
        <ele>1091.8</ele>
        <time>2024-11-26T04:39:17Z</time>
      </trkpt>
      <trkpt lat="-22.979237241670489" lon="15.609002541750669">
        <ele>1092</ele>
        <time>2024-11-26T04:39:30Z</time>
      </trkpt>
      <trkpt lat="-22.979045379906893" lon="15.609102537855506">
        <ele>1092.2</ele>
        <time>2024-11-26T04:39:43Z</time>
      </trkpt>
      <trkpt lat="-22.978850165382028" lon="15.609203036874533">
        <ele>1093</ele>
        <time>2024-11-26T04:39:56Z</time>
      </trkpt>
      <trkpt lat="-22.978653106838465" lon="15.609302865341306">
        <ele>1093.4000000000001</ele>
        <time>2024-11-26T04:40:09Z</time>
      </trkpt>
      <trkpt lat="-22.978454707190394" lon="15.609401855617762">
        <ele>1093.8</ele>
        <time>2024-11-26T04:40:23Z</time>
      </trkpt>
      <trkpt lat="-22.978252451866865" lon="15.609501097351313">
        <ele>1094</ele>
        <time>2024-11-26T04:40:36Z</time>
      </trkpt>
      <trkpt lat="-22.978048268705606" lon="15.609601847827435">
        <ele>1094.2</ele>
        <time>2024-11-26T04:40:49Z</time>
      </trkpt>
      <trkpt lat="-22.977842409163713" lon="15.609701592475176">
        <ele>1094.2</ele>
        <time>2024-11-26T04:41:02Z</time>
      </trkpt>
      <trkpt lat="-22.977635962888598" lon="15.609800582751632">
        <ele>1094.4000000000001</ele>
        <time>2024-11-26T04:41:15Z</time>
      </trkpt>
      <trkpt lat="-22.977429516613483" lon="15.609898148104548">
        <ele>1094.4000000000001</ele>
        <time>2024-11-26T04:41:28Z</time>
      </trkpt>
      <trkpt lat="-22.977219885215163" lon="15.609995042905211">
        <ele>1094.5999999999999</ele>
        <time>2024-11-26T04:41:41Z</time>
      </trkpt>
      <trkpt lat="-22.977008325979114" lon="15.610088668763638">
        <ele>1094.5999999999999</ele>
        <time>2024-11-26T04:41:54Z</time>
      </trkpt>
      <trkpt lat="-22.976795677095652" lon="15.61017919331789">
        <ele>1095.4000000000001</ele>
        <time>2024-11-26T04:42:08Z</time>
      </trkpt>
      <trkpt lat="-22.976582692936063" lon="15.610269550234079">
        <ele>1095.8</ele>
        <time>2024-11-26T04:42:21Z</time>
      </trkpt>
      <trkpt lat="-22.976367194205523" lon="15.610362170264125">
        <ele>1096.4000000000001</ele>
        <time>2024-11-26T04:42:34Z</time>
      </trkpt>
      <trkpt lat="-22.976146163418889" lon="15.610454874113202">
        <ele>1096.5999999999999</ele>
        <time>2024-11-26T04:42:47Z</time>
      </trkpt>
      <trkpt lat="-22.975926054641604" lon="15.61054808087647">
        <ele>1096.5999999999999</ele>
        <time>2024-11-26T04:43:00Z</time>
      </trkpt>
      <trkpt lat="-22.97570644877851" lon="15.610645394772291">
        <ele>1096.5999999999999</ele>
        <time>2024-11-26T04:43:13Z</time>
      </trkpt>
      <trkpt lat="-22.975487681105733" lon="15.610743714496493">
        <ele>1096.8</ele>
        <time>2024-11-26T04:43:26Z</time>
      </trkpt>
      <trkpt lat="-22.975273942574859" lon="15.610842872411013">
        <ele>1096.8</ele>
        <time>2024-11-26T04:43:39Z</time>
      </trkpt>
      <trkpt lat="-22.975065736100078" lon="15.610939431935549">
        <ele>1096.8</ele>
        <time>2024-11-26T04:43:53Z</time>
      </trkpt>
      <trkpt lat="-22.974858451634645" lon="15.611031297594309">
        <ele>1097</ele>
        <time>2024-11-26T04:44:06Z</time>
      </trkpt>
      <trkpt lat="-22.974656447768211" lon="15.611118385568261">
        <ele>1097.2</ele>
        <time>2024-11-26T04:44:19Z</time>
      </trkpt>
      <trkpt lat="-22.974460227414966" lon="15.611207233741879">
        <ele>1097.4000000000001</ele>
        <time>2024-11-26T04:44:32Z</time>
      </trkpt>
      <trkpt lat="-22.974270796403289" lon="15.611299434676766">
        <ele>1097.4000000000001</ele>
        <time>2024-11-26T04:44:45Z</time>
      </trkpt>
      <trkpt lat="-22.974084047600627" lon="15.611401107162237">
        <ele>1097.5999999999999</ele>
        <time>2024-11-26T04:44:58Z</time>
      </trkpt>
      <trkpt lat="-22.973898304626346" lon="15.611509568989277">
        <ele>1097.5999999999999</ele>
        <time>2024-11-26T04:45:11Z</time>
      </trkpt>
      <trkpt lat="-22.973713399842381" lon="15.611617444083095">
        <ele>1098</ele>
        <time>2024-11-26T04:45:25Z</time>
      </trkpt>
      <trkpt lat="-22.973529500886798" lon="15.611719032749534">
        <ele>1098.2</ele>
        <time>2024-11-26T04:45:38Z</time>
      </trkpt>
      <trkpt lat="-22.973346775397658" lon="15.611822800710797">
        <ele>1098.4000000000001</ele>
        <time>2024-11-26T04:45:51Z</time>
      </trkpt>
      <trkpt lat="-22.973166229203343" lon="15.611934447661042">
        <ele>1098.5999999999999</ele>
        <time>2024-11-26T04:46:04Z</time>
      </trkpt>
      <trkpt lat="-22.972984174266458" lon="15.612051794305444">
        <ele>1098.8</ele>
        <time>2024-11-26T04:46:17Z</time>
      </trkpt>
      <trkpt lat="-22.972797006368637" lon="15.61216939240694">
        <ele>1098.8</ele>
        <time>2024-11-26T04:46:30Z</time>
      </trkpt>
      <trkpt lat="-22.972606318071485" lon="15.612286487594247">
        <ele>1099</ele>
        <time>2024-11-26T04:46:43Z</time>
      </trkpt>
      <trkpt lat="-22.972411690279841" lon="15.612405594438314">
        <ele>1099.4000000000001</ele>
        <time>2024-11-26T04:46:57Z</time>
      </trkpt>
      <trkpt lat="-22.972217733040452" lon="15.612524282187223">
        <ele>1099.5999999999999</ele>
        <time>2024-11-26T04:47:10Z</time>
      </trkpt>
      <trkpt lat="-22.972024949267507" lon="15.612643975764513">
        <ele>1099.5999999999999</ele>
        <time>2024-11-26T04:47:23Z</time>
      </trkpt>
      <trkpt lat="-22.97183065675199" lon="15.612766686826944">
        <ele>1100</ele>
        <time>2024-11-26T04:47:36Z</time>
      </trkpt>
      <trkpt lat="-22.971636448055506" lon="15.612887134775519">
        <ele>1100.2</ele>
        <time>2024-11-26T04:47:49Z</time>
      </trkpt>
      <trkpt lat="-22.971435366198421" lon="15.612997943535447">
        <ele>1100.4000000000001</ele>
        <time>2024-11-26T04:48:02Z</time>
      </trkpt>
      <trkpt lat="-22.971228919923306" lon="15.613107327371836">
        <ele>1101</ele>
        <time>2024-11-26T04:48:16Z</time>
      </trkpt>
      <trkpt lat="-22.971021384000778" lon="15.613216459751129">
        <ele>1101.5999999999999</ele>
        <time>2024-11-26T04:48:29Z</time>
      </trkpt>
      <trkpt lat="-22.970812171697617" lon="15.613326765596867">
        <ele>1101.8</ele>
        <time>2024-11-26T04:48:42Z</time>
      </trkpt>
      <trkpt lat="-22.970605809241533" lon="15.613441430032253">
        <ele>1102.2</ele>
        <time>2024-11-26T04:48:55Z</time>
      </trkpt>
      <trkpt lat="-22.970400955528021" lon="15.61356145888567">
        <ele>1103</ele>
        <time>2024-11-26T04:49:08Z</time>
      </trkpt>
      <trkpt lat="-22.970196604728699" lon="15.61368266120553">
        <ele>1103</ele>
        <time>2024-11-26T04:49:21Z</time>
      </trkpt>
      <trkpt lat="-22.969988649711013" lon="15.613799253478646">
        <ele>1103.2</ele>
        <time>2024-11-26T04:49:35Z</time>
      </trkpt>
      <trkpt lat="-22.969776336103678" lon="15.613904614001513">
        <ele>1103.4000000000001</ele>
        <time>2024-11-26T04:49:48Z</time>
      </trkpt>
      <trkpt lat="-22.969562597572803" lon="15.614002263173461">
        <ele>1103.4000000000001</ele>
        <time>2024-11-26T04:50:01Z</time>
      </trkpt>
      <trkpt lat="-22.969353552907705" lon="15.614099660888314">
        <ele>1103.5999999999999</ele>
        <time>2024-11-26T04:50:14Z</time>
      </trkpt>
      <trkpt lat="-22.96914610080421" lon="15.614204937592149">
        <ele>1103.8</ele>
        <time>2024-11-26T04:50:27Z</time>
      </trkpt>
      <trkpt lat="-22.968939570710063" lon="15.614315662533045">
        <ele>1103.8</ele>
        <time>2024-11-26T04:50:40Z</time>
      </trkpt>
      <trkpt lat="-22.968735136091709" lon="15.614434098824859">
        <ele>1104</ele>
        <time>2024-11-26T04:50:54Z</time>
      </trkpt>
      <trkpt lat="-22.968531874939799" lon="15.61456024646759">
        <ele>1104</ele>
        <time>2024-11-26T04:51:07Z</time>
      </trkpt>
      <trkpt lat="-22.968331882730126" lon="15.61469410546124">
        <ele>1104</ele>
        <time>2024-11-26T04:51:20Z</time>
      </trkpt>
      <trkpt lat="-22.968134572729468" lon="15.614831317216158">
        <ele>1104</ele>
        <time>2024-11-26T04:51:33Z</time>
      </trkpt>
      <trkpt lat="-22.967933155596256" lon="15.614968361333013">
        <ele>1104</ele>
        <time>2024-11-26T04:51:46Z</time>
      </trkpt>
      <trkpt lat="-22.967729475349188" lon="15.615103645250201">
        <ele>1104.2</ele>
        <time>2024-11-26T04:52:00Z</time>
      </trkpt>
      <trkpt lat="-22.967526046559215" lon="15.615239851176739">
        <ele>1104.2</ele>
        <time>2024-11-26T04:52:13Z</time>
      </trkpt>
      <trkpt lat="-22.967326808720827" lon="15.615374632179737">
        <ele>1104.2</ele>
        <time>2024-11-26T04:52:26Z</time>
      </trkpt>
      <trkpt lat="-22.967124050483108" lon="15.615506898611784">
        <ele>1104.2</ele>
        <time>2024-11-26T04:52:39Z</time>
      </trkpt>
      <trkpt lat="-22.966921040788293" lon="15.615635812282562">
        <ele>1104.2</ele>
        <time>2024-11-26T04:52:52Z</time>
      </trkpt>
      <trkpt lat="-22.966720126569271" lon="15.615762462839484">
        <ele>1104.2</ele>
        <time>2024-11-26T04:53:06Z</time>
      </trkpt>
      <trkpt lat="-22.966519547626376" lon="15.615890538319945">
        <ele>1104.2</ele>
        <time>2024-11-26T04:53:19Z</time>
      </trkpt>
      <trkpt lat="-22.966321231797338" lon="15.616017105057836">
        <ele>1104</ele>
        <time>2024-11-26T04:53:32Z</time>
      </trkpt>
      <trkpt lat="-22.966122999787331" lon="15.616145515814424">
        <ele>1104</ele>
        <time>2024-11-26T04:53:45Z</time>
      </trkpt>
      <trkpt lat="-22.965931221842766" lon="15.616278201341629">
        <ele>1103.8</ele>
        <time>2024-11-26T04:53:58Z</time>
      </trkpt>
      <trkpt lat="-22.965746149420738" lon="15.616412395611405">
        <ele>1103.8</ele>
        <time>2024-11-26T04:54:12Z</time>
      </trkpt>
      <trkpt lat="-22.965564178302884" lon="15.616547930985689">
        <ele>1103.8</ele>
        <time>2024-11-26T04:54:25Z</time>
      </trkpt>
      <trkpt lat="-22.965386146679521" lon="15.616677766665816">
        <ele>1103.8</ele>
        <time>2024-11-26T04:54:38Z</time>
      </trkpt>
      <trkpt lat="-22.96521364711225" lon="15.616802992299199">
        <ele>1103.8</ele>
        <time>2024-11-26T04:54:51Z</time>
      </trkpt>
      <trkpt lat="-22.965039471164346" lon="15.61692419461906">
        <ele>1104.2</ele>
        <time>2024-11-26T04:55:04Z</time>
      </trkpt>
      <trkpt lat="-22.964862529188395" lon="15.617042547091842">
        <ele>1104.2</ele>
        <time>2024-11-26T04:55:18Z</time>
      </trkpt>
      <trkpt lat="-22.964493138715625" lon="15.617283526808023">
        <ele>1104.4000000000001</ele>
        <time>2024-11-26T04:55:31Z</time>
      </trkpt>
      <trkpt lat="-22.96392509713769" lon="15.617681248113513">
        <ele>1104.8</ele>
        <time>2024-11-26T04:55:44Z</time>
      </trkpt>
      <trkpt lat="-22.963553862646222" lon="15.61794888228178">
        <ele>1104.8</ele>
        <time>2024-11-26T04:55:57Z</time>
      </trkpt>
      <trkpt lat="-22.962990682572126" lon="15.618364792317152">
        <ele>1104.8</ele>
        <time>2024-11-26T04:56:11Z</time>
      </trkpt>
      <trkpt lat="-22.962435130029917" lon="15.618819091469049">
        <ele>1104.8</ele>
        <time>2024-11-26T04:56:24Z</time>
      </trkpt>
      <trkpt lat="-22.961870608851314" lon="15.619279006496072">
        <ele>1105</ele>
        <time>2024-11-26T04:56:37Z</time>
      </trkpt>
      <trkpt lat="-22.961478000506759" lon="15.619559045881033">
        <ele>1105.4000000000001</ele>
        <time>2024-11-26T04:56:50Z</time>
      </trkpt>
      <trkpt lat="-22.960873832926154" lon="15.619968920946121">
        <ele>1106</ele>
        <time>2024-11-26T04:57:04Z</time>
      </trkpt>
      <trkpt lat="-22.960467897355556" lon="15.620238902047276">
        <ele>1106.5999999999999</ele>
        <time>2024-11-26T04:57:17Z</time>
      </trkpt>
      <trkpt lat="-22.960063302889466" lon="15.620504440739751">
        <ele>1106.5999999999999</ele>
        <time>2024-11-26T04:57:30Z</time>
      </trkpt>
      <trkpt lat="-22.959861131384969" lon="15.620631258934736">
        <ele>1106.5999999999999</ele>
        <time>2024-11-26T04:57:43Z</time>
      </trkpt>
      <trkpt lat="-22.959656193852425" lon="15.620759837329388">
        <ele>1106.4000000000001</ele>
        <time>2024-11-26T04:57:57Z</time>
      </trkpt>
      <trkpt lat="-22.95925528742373" lon="15.621005175635219">
        <ele>1106.4000000000001</ele>
        <time>2024-11-26T04:58:10Z</time>
      </trkpt>
      <trkpt lat="-22.959063341841102" lon="15.621121851727366">
        <ele>1106.2</ele>
        <time>2024-11-26T04:58:23Z</time>
      </trkpt>
      <trkpt lat="-22.958875922486186" lon="15.621239366009831">
        <ele>1106.2</ele>
        <time>2024-11-26T04:58:36Z</time>
      </trkpt>
      <trkpt lat="-22.958694789558649" lon="15.62135805375874">
        <ele>1106</ele>
        <time>2024-11-26T04:58:50Z</time>
      </trkpt>
      <trkpt lat="-22.958517512306571" lon="15.62147531658411">
        <ele>1106</ele>
        <time>2024-11-26T04:59:03Z</time>
      </trkpt>
      <trkpt lat="-22.958344593644142" lon="15.621576653793454">
        <ele>1105.8</ele>
        <time>2024-11-26T04:59:16Z</time>
      </trkpt>
      <trkpt lat="-22.958176536485553" lon="15.621659299358726">
        <ele>1105.8</ele>
        <time>2024-11-26T04:59:29Z</time>
      </trkpt>
      <trkpt lat="-22.958012837916613" lon="15.621721325442195">
        <ele>1105.5999999999999</ele>
        <time>2024-11-26T04:59:43Z</time>
      </trkpt>
      <trkpt lat="-22.957847882062197" lon="15.62175820581615">
        <ele>1105.5999999999999</ele>
        <time>2024-11-26T04:59:56Z</time>
      </trkpt>
      <trkpt lat="-22.957678735256195" lon="15.621762983500957">
        <ele>1105.5999999999999</ele>
        <time>2024-11-26T05:00:09Z</time>
      </trkpt>
      <trkpt lat="-22.957509085536003" lon="15.621740352362394">
        <ele>1105.5999999999999</ele>
        <time>2024-11-26T05:00:22Z</time>
      </trkpt>
      <trkpt lat="-22.957335496321321" lon="15.621714955195785">
        <ele>1105.5999999999999</ele>
        <time>2024-11-26T05:00:36Z</time>
      </trkpt>
      <trkpt lat="-22.957155117765069" lon="15.621690396219492">
        <ele>1105.4000000000001</ele>
        <time>2024-11-26T05:00:49Z</time>
      </trkpt>
      <trkpt lat="-22.956583555787802" lon="15.621627699583769">
        <ele>1105.2</ele>
        <time>2024-11-26T05:01:02Z</time>
      </trkpt>
      <trkpt lat="-22.956203771755099" lon="15.621586544439197">
        <ele>1105</ele>
        <time>2024-11-26T05:01:16Z</time>
      </trkpt>
      <trkpt lat="-22.956019705161452" lon="15.62155737541616">
        <ele>1104.4000000000001</ele>
        <time>2024-11-26T05:01:29Z</time>
      </trkpt>
      <trkpt lat="-22.955839410424232" lon="15.621521919965744">
        <ele>1104.2</ele>
        <time>2024-11-26T05:01:42Z</time>
      </trkpt>
      <trkpt lat="-22.955666659399867" lon="15.621469616889954">
        <ele>1104.2</ele>
        <time>2024-11-26T05:01:55Z</time>
      </trkpt>
      <trkpt lat="-22.955501284450293" lon="15.621400298550725">
        <ele>1103.4000000000001</ele>
        <time>2024-11-26T05:02:09Z</time>
      </trkpt>
      <trkpt lat="-22.955341190099716" lon="15.621322430670261">
        <ele>1103</ele>
        <time>2024-11-26T05:02:22Z</time>
      </trkpt>
      <trkpt lat="-22.955194590613246" lon="15.621253028512001">
        <ele>1102.5999999999999</ele>
        <time>2024-11-26T05:02:35Z</time>
      </trkpt>
      <trkpt lat="-22.955064922571182" lon="15.621199551969767">
        <ele>1102.2</ele>
        <time>2024-11-26T05:02:49Z</time>
      </trkpt>
      <trkpt lat="-22.954951515421271" lon="15.621168455109">
        <ele>1101.2</ele>
        <time>2024-11-26T05:03:02Z</time>
      </trkpt>
      <trkpt lat="-22.954848669469357" lon="15.621160408481956">
        <ele>1100.5999999999999</ele>
        <time>2024-11-26T05:03:15Z</time>
      </trkpt>
      <trkpt lat="-22.954743392765522" lon="15.621180692687631">
        <ele>1100.2</ele>
        <time>2024-11-26T05:03:28Z</time>
      </trkpt>
      <trkpt lat="-22.954633757472038" lon="15.621216064319015">
        <ele>1100.2</ele>
        <time>2024-11-26T05:03:42Z</time>
      </trkpt>
      <trkpt lat="-22.954517332836986" lon="15.621254201978445">
        <ele>1100.2</ele>
        <time>2024-11-26T05:03:55Z</time>
      </trkpt>
      <trkpt lat="-22.954390514642" lon="15.621284125372767">
        <ele>1100.2</ele>
        <time>2024-11-26T05:04:08Z</time>
      </trkpt>
      <trkpt lat="-22.954258164390922" lon="15.621299548074603">
        <ele>1100.4000000000001</ele>
        <time>2024-11-26T05:04:22Z</time>
      </trkpt>
      <trkpt lat="-22.954114582389593" lon="15.621303739026189">
        <ele>1100.5999999999999</ele>
        <time>2024-11-26T05:04:35Z</time>
      </trkpt>
      <trkpt lat="-22.953965971246362" lon="15.621290747076273">
        <ele>1100.5999999999999</ele>
        <time>2024-11-26T05:04:48Z</time>
      </trkpt>
      <trkpt lat="-22.953653074800968" lon="15.621247161179781">
        <ele>1100.8</ele>
        <time>2024-11-26T05:05:02Z</time>
      </trkpt>
      <trkpt lat="-22.95312786474824" lon="15.621182201430202">
        <ele>1100.4000000000001</ele>
        <time>2024-11-26T05:05:15Z</time>
      </trkpt>
      <trkpt lat="-22.952945809811354" lon="15.621160073205829">
        <ele>1100.4000000000001</ele>
        <time>2024-11-26T05:05:28Z</time>
      </trkpt>
      <trkpt lat="-22.952762665227056" lon="15.621135095134377">
        <ele>1100.5999999999999</ele>
        <time>2024-11-26T05:05:41Z</time>
      </trkpt>
      <trkpt lat="-22.952581951394677" lon="15.62110835686326">
        <ele>1100.8</ele>
        <time>2024-11-26T05:05:55Z</time>
      </trkpt>
      <trkpt lat="-22.952406434342265" lon="15.621081199496984">
        <ele>1101.2</ele>
        <time>2024-11-26T05:06:08Z</time>
      </trkpt>
      <trkpt lat="-22.952237790450454" lon="15.621050018817186">
        <ele>1101.5999999999999</ele>
        <time>2024-11-26T05:06:21Z</time>
      </trkpt>
      <trkpt lat="-22.952082306146622" lon="15.621018754318357">
        <ele>1102</ele>
        <time>2024-11-26T05:06:35Z</time>
      </trkpt>
      <trkpt lat="-22.951929336413741" lon="15.620991345494986">
        <ele>1102</ele>
        <time>2024-11-26T05:06:48Z</time>
      </trkpt>
      <trkpt lat="-22.951773265376687" lon="15.620971480384469">
        <ele>1102</ele>
        <time>2024-11-26T05:07:01Z</time>
      </trkpt>
      <trkpt lat="-22.951608477160335" lon="15.620954884216189">
        <ele>1102</ele>
        <time>2024-11-26T05:07:15Z</time>
      </trkpt>
      <trkpt lat="-22.951101372018456" lon="15.620906269177794">
        <ele>1100.4000000000001</ele>
        <time>2024-11-26T05:07:28Z</time>
      </trkpt>
      <trkpt lat="-22.950925184413791" lon="15.620887158438563">
        <ele>1100</ele>
        <time>2024-11-26T05:07:41Z</time>
      </trkpt>
      <trkpt lat="-22.950562248006463" lon="15.620840303599834">
        <ele>1099</ele>
        <time>2024-11-26T05:07:55Z</time>
      </trkpt>
      <trkpt lat="-22.950191432610154" lon="15.620792442932725">
        <ele>1097.5999999999999</ele>
        <time>2024-11-26T05:08:08Z</time>
      </trkpt>
      <trkpt lat="-22.949620541185141" lon="15.620713150128722">
        <ele>1096.2</ele>
        <time>2024-11-26T05:08:21Z</time>
      </trkpt>
      <trkpt lat="-22.949431613087654" lon="15.620686747133732">
        <ele>1096</ele>
        <time>2024-11-26T05:08:35Z</time>
      </trkpt>
      <trkpt lat="-22.949246456846595" lon="15.620658835396171">
        <ele>1095.2</ele>
        <time>2024-11-26T05:08:48Z</time>
      </trkpt>
      <trkpt lat="-22.949066329747438" lon="15.620630085468292">
        <ele>1094.5999999999999</ele>
        <time>2024-11-26T05:09:01Z</time>
      </trkpt>
      <trkpt lat="-22.948892991989851" lon="15.620588595047593">
        <ele>1094.2</ele>
        <time>2024-11-26T05:09:15Z</time>
      </trkpt>
      <trkpt lat="-22.948725102469325" lon="15.620539728552103">
        <ele>1093.8</ele>
        <time>2024-11-26T05:09:28Z</time>
      </trkpt>
      <trkpt lat="-22.94855578802526" lon="15.620502596721053">
        <ele>1093.5999999999999</ele>
        <time>2024-11-26T05:09:41Z</time>
      </trkpt>
      <trkpt lat="-22.948388149961829" lon="15.620496394112706">
        <ele>1093.2</ele>
        <time>2024-11-26T05:09:55Z</time>
      </trkpt>
      <trkpt lat="-22.948218751698732" lon="15.620502177625895">
        <ele>1092.5999999999999</ele>
        <time>2024-11-26T05:10:08Z</time>
      </trkpt>
      <trkpt lat="-22.94804809615016" lon="15.62050586566329">
        <ele>1092.5999999999999</ele>
        <time>2024-11-26T05:10:21Z</time>
      </trkpt>
      <trkpt lat="-22.947508133947849" lon="15.620458675548434">
        <ele>1092.5999999999999</ele>
        <time>2024-11-26T05:10:35Z</time>
      </trkpt>
      <trkpt lat="-22.946902373805642" lon="15.620383741334081">
        <ele>1093.2</ele>
        <time>2024-11-26T05:10:48Z</time>
      </trkpt>
      <trkpt lat="-22.946688216179609" lon="15.620355997234583">
        <ele>1093.2</ele>
        <time>2024-11-26T05:11:01Z</time>
      </trkpt>
      <trkpt lat="-22.946471879258752" lon="15.620328336954117">
        <ele>1093.2</ele>
        <time>2024-11-26T05:11:15Z</time>
      </trkpt>
      <trkpt lat="-22.946254620328546" lon="15.620297659188509">
        <ele>1092.8</ele>
        <time>2024-11-26T05:11:28Z</time>
      </trkpt>
      <trkpt lat="-22.946031913161278" lon="15.620264634490013">
        <ele>1092.2</ele>
        <time>2024-11-26T05:11:41Z</time>
      </trkpt>
      <trkpt lat="-22.945369072258472" lon="15.620177965611219">
        <ele>1091.2</ele>
        <time>2024-11-26T05:11:55Z</time>
      </trkpt>
      <trkpt lat="-22.9451534897089" lon="15.620147120207548">
        <ele>1090.8</ele>
        <time>2024-11-26T05:12:08Z</time>
      </trkpt>
      <trkpt lat="-22.944939499720931" lon="15.620116693899035">
        <ele>1090.8</ele>
        <time>2024-11-26T05:12:21Z</time>
      </trkpt>
      <trkpt lat="-22.944728191941977" lon="15.620087692514062">
        <ele>1090.4000000000001</ele>
        <time>2024-11-26T05:12:35Z</time>
      </trkpt>
      <trkpt lat="-22.94452166184783" lon="15.620057852938771">
        <ele>1090</ele>
        <time>2024-11-26T05:12:48Z</time>
      </trkpt>
      <trkpt lat="-22.944324016571045" lon="15.620028935372829">
        <ele>1089.8</ele>
        <time>2024-11-26T05:13:01Z</time>
      </trkpt>
      <trkpt lat="-22.944135256111622" lon="15.62000161036849">
        <ele>1089.5999999999999</ele>
        <time>2024-11-26T05:13:15Z</time>
      </trkpt>
      <trkpt lat="-22.943960828706622" lon="15.619968920946121">
        <ele>1089.4000000000001</ele>
        <time>2024-11-26T05:13:28Z</time>
      </trkpt>
      <trkpt lat="-22.943807691335678" lon="15.619928268715739">
        <ele>1089.2</ele>
        <time>2024-11-26T05:13:42Z</time>
      </trkpt>
      <trkpt lat="-22.943664863705635" lon="15.619898764416575">
        <ele>1088.8</ele>
        <time>2024-11-26T05:13:55Z</time>
      </trkpt>
      <trkpt lat="-22.943532764911652" lon="15.619876384735107">
        <ele>1088</ele>
        <time>2024-11-26T05:14:08Z</time>
      </trkpt>
      <trkpt lat="-22.943416340276599" lon="15.61985501088202">
        <ele>1088</ele>
        <time>2024-11-26T05:14:22Z</time>
      </trkpt>
      <trkpt lat="-22.943306788802147" lon="15.619842354208231">
        <ele>1088</ele>
        <time>2024-11-26T05:14:35Z</time>
      </trkpt>
      <trkpt lat="-22.94319799169898" lon="15.619844198226929">
        <ele>1088</ele>
        <time>2024-11-26T05:14:48Z</time>
      </trkpt>
      <trkpt lat="-22.943090200424194" lon="15.619859369471669">
        <ele>1088.2</ele>
        <time>2024-11-26T05:15:02Z</time>
      </trkpt>
      <trkpt lat="-22.942992718890309" lon="15.619882754981518">
        <ele>1088.5999999999999</ele>
        <time>2024-11-26T05:15:15Z</time>
      </trkpt>
      <trkpt lat="-22.94290185905993" lon="15.619887784123421">
        <ele>1088.8</ele>
        <time>2024-11-26T05:15:29Z</time>
      </trkpt>
      <trkpt lat="-22.942811083048582" lon="15.619871271774173">
        <ele>1089.4000000000001</ele>
        <time>2024-11-26T05:15:42Z</time>
      </trkpt>
      <trkpt lat="-22.942712847143412" lon="15.619849730283022">
        <ele>1090</ele>
        <time>2024-11-26T05:15:55Z</time>
      </trkpt>
      <trkpt lat="-22.942608660086989" lon="15.619832128286362">
        <ele>1090.8</ele>
        <time>2024-11-26T05:16:09Z</time>
      </trkpt>
      <trkpt lat="-22.942495672032237" lon="15.619811257347465">
        <ele>1091</ele>
        <time>2024-11-26T05:16:22Z</time>
      </trkpt>
      <trkpt lat="-22.942117396742105" lon="15.619752667844296">
        <ele>1092.2</ele>
        <time>2024-11-26T05:16:35Z</time>
      </trkpt>
      <trkpt lat="-22.941972641274333" lon="15.619734060019255">
        <ele>1093.4000000000001</ele>
        <time>2024-11-26T05:16:49Z</time>
      </trkpt>
      <trkpt lat="-22.941815815865993" lon="15.619713189080358">
        <ele>1093.5999999999999</ele>
        <time>2024-11-26T05:17:02Z</time>
      </trkpt>
      <trkpt lat="-22.941489508375525" lon="15.619674548506737">
        <ele>1094.2</ele>
        <time>2024-11-26T05:17:16Z</time>
      </trkpt>
      <trkpt lat="-22.941312985494733" lon="15.619653509929776">
        <ele>1094.4000000000001</ele>
        <time>2024-11-26T05:17:29Z</time>
      </trkpt>
      <trkpt lat="-22.940957676619291" lon="15.619611516594887">
        <ele>1094.5999999999999</ele>
        <time>2024-11-26T05:17:42Z</time>
      </trkpt>
      <trkpt lat="-22.940775454044342" lon="15.619589556008577">
        <ele>1094.8</ele>
        <time>2024-11-26T05:17:56Z</time>
      </trkpt>
      <trkpt lat="-22.940580993890762" lon="15.619558291509748">
        <ele>1094.8</ele>
        <time>2024-11-26T05:18:09Z</time>
      </trkpt>
      <trkpt lat="-22.940395586192608" lon="15.619534905999899">
        <ele>1095</ele>
        <time>2024-11-26T05:18:23Z</time>
      </trkpt>
      <trkpt lat="-22.940207915380597" lon="15.619511101394892">
        <ele>1095.2</ele>
        <time>2024-11-26T05:18:36Z</time>
      </trkpt>
      <trkpt lat="-22.940018232911825" lon="15.619486374780536">
        <ele>1095.2</ele>
        <time>2024-11-26T05:18:49Z</time>
      </trkpt>
      <trkpt lat="-22.939833831042051" lon="15.619457960128784">
        <ele>1095.2</ele>
        <time>2024-11-26T05:19:03Z</time>
      </trkpt>
      <trkpt lat="-22.939653703942895" lon="15.619431473314762">
        <ele>1095.2</ele>
        <time>2024-11-26T05:19:16Z</time>
      </trkpt>
      <trkpt lat="-22.939481204375625" lon="15.619410602375865">
        <ele>1094.5999999999999</ele>
        <time>2024-11-26T05:19:29Z</time>
      </trkpt>
      <trkpt lat="-22.939309794455767" lon="15.61938839033246">
        <ele>1094</ele>
        <time>2024-11-26T05:19:43Z</time>
      </trkpt>
      <trkpt lat="-22.939136121422052" lon="15.619366010650992">
        <ele>1094</ele>
        <time>2024-11-26T05:19:56Z</time>
      </trkpt>
      <trkpt lat="-22.938962196931243" lon="15.619343966245651">
        <ele>1094</ele>
        <time>2024-11-26T05:20:10Z</time>
      </trkpt>
      <trkpt lat="-22.938786931335926" lon="15.619323430582881">
        <ele>1094</ele>
        <time>2024-11-26T05:20:23Z</time>
      </trkpt>
      <trkpt lat="-22.938609821721911" lon="15.619303062558174">
        <ele>1094</ele>
        <time>2024-11-26T05:20:36Z</time>
      </trkpt>
      <trkpt lat="-22.938429694622755" lon="15.619281437247992">
        <ele>1094.8</ele>
        <time>2024-11-26T05:20:50Z</time>
      </trkpt>
      <trkpt lat="-22.938248980790377" lon="15.61925888992846">
        <ele>1095.4000000000001</ele>
        <time>2024-11-26T05:21:03Z</time>
      </trkpt>
      <trkpt lat="-22.93806541711092" lon="15.619233744218946">
        <ele>1096</ele>
        <time>2024-11-26T05:21:17Z</time>
      </trkpt>
      <trkpt lat="-22.937876572832465" lon="15.619209855794907">
        <ele>1096.4000000000001</ele>
        <time>2024-11-26T05:21:30Z</time>
      </trkpt>
      <trkpt lat="-22.937682867050171" lon="15.619184207171202">
        <ele>1096.4000000000001</ele>
        <time>2024-11-26T05:21:44Z</time>
      </trkpt>
      <trkpt lat="-22.93748932890594" lon="15.61915872618556">
        <ele>1096.4000000000001</ele>
        <time>2024-11-26T05:21:57Z</time>
      </trkpt>
      <trkpt lat="-22.93729780241847" lon="15.619131568819284">
        <ele>1096.4000000000001</ele>
        <time>2024-11-26T05:22:10Z</time>
      </trkpt>
      <trkpt lat="-22.937107365578413" lon="15.619108434766531">
        <ele>1096</ele>
        <time>2024-11-26T05:22:24Z</time>
      </trkpt>
      <trkpt lat="-22.936918940395117" lon="15.619086474180222">
        <ele>1095.8</ele>
        <time>2024-11-26T05:22:37Z</time>
      </trkpt>
      <trkpt lat="-22.936729257926345" lon="15.619067782536149">
        <ele>1095.5999999999999</ele>
        <time>2024-11-26T05:22:51Z</time>
      </trkpt>
      <trkpt lat="-22.936541670933366" lon="15.61904733069241">
        <ele>1095.5999999999999</ele>
        <time>2024-11-26T05:23:04Z</time>
      </trkpt>
      <trkpt lat="-22.936357017606497" lon="15.619021262973547">
        <ele>1095.2</ele>
        <time>2024-11-26T05:23:17Z</time>
      </trkpt>
      <trkpt lat="-22.936175046488643" lon="15.618996201083064">
        <ele>1095</ele>
        <time>2024-11-26T05:23:31Z</time>
      </trkpt>
      <trkpt lat="-22.935998942703009" lon="15.618978599086404">
        <ele>1094.8</ele>
        <time>2024-11-26T05:23:44Z</time>
      </trkpt>
      <trkpt lat="-22.935822587460279" lon="15.618955045938492">
        <ele>1094</ele>
        <time>2024-11-26T05:23:58Z</time>
      </trkpt>
      <trkpt lat="-22.935646902769804" lon="15.618932079523802">
        <ele>1093.5999999999999</ele>
        <time>2024-11-26T05:24:11Z</time>
      </trkpt>
      <trkpt lat="-22.935472726821899" lon="15.618903329595923">
        <ele>1093.2</ele>
        <time>2024-11-26T05:24:25Z</time>
      </trkpt>
      <trkpt lat="-22.935298215597868" lon="15.618872987106442">
        <ele>1092.5999999999999</ele>
        <time>2024-11-26T05:24:38Z</time>
      </trkpt>
      <trkpt lat="-22.935122530907393" lon="15.618841219693422">
        <ele>1091.8</ele>
        <time>2024-11-26T05:24:51Z</time>
      </trkpt>
      <trkpt lat="-22.934953300282359" lon="15.618807943537831">
        <ele>1090.4000000000001</ele>
        <time>2024-11-26T05:25:05Z</time>
      </trkpt>
      <trkpt lat="-22.934789014980197" lon="15.618772991001606">
        <ele>1090</ele>
        <time>2024-11-26T05:25:18Z</time>
      </trkpt>
      <trkpt lat="-22.934631938114762" lon="15.618740385398269">
        <ele>1089.8</ele>
        <time>2024-11-26T05:25:32Z</time>
      </trkpt>
      <trkpt lat="-22.934481063857675" lon="15.618713060393929">
        <ele>1089.5999999999999</ele>
        <time>2024-11-26T05:25:45Z</time>
      </trkpt>
      <trkpt lat="-22.934333039447665" lon="15.618698978796601">
        <ele>1089</ele>
        <time>2024-11-26T05:25:59Z</time>
      </trkpt>
      <trkpt lat="-22.934187110513449" lon="15.618701409548521">
        <ele>1089</ele>
        <time>2024-11-26T05:26:12Z</time>
      </trkpt>
      <trkpt lat="-22.934038080275059" lon="15.61870040372014">
        <ele>1088.8</ele>
        <time>2024-11-26T05:26:25Z</time>
      </trkpt>
      <trkpt lat="-22.933884104713798" lon="15.618692273274064">
        <ele>1088.8</ele>
        <time>2024-11-26T05:26:39Z</time>
      </trkpt>
      <trkpt lat="-22.933392757549882" lon="15.618638461455703">
        <ele>1089.8</ele>
        <time>2024-11-26T05:26:52Z</time>
      </trkpt>
      <trkpt lat="-22.933225454762578" lon="15.618619350716472">
        <ele>1090</ele>
        <time>2024-11-26T05:27:06Z</time>
      </trkpt>
      <trkpt lat="-22.932514417916536" lon="15.61852740123868">
        <ele>1091.2</ele>
        <time>2024-11-26T05:27:19Z</time>
      </trkpt>
      <trkpt lat="-22.931957105174661" lon="15.618461854755878">
        <ele>1092.2</ele>
        <time>2024-11-26T05:27:33Z</time>
      </trkpt>
      <trkpt lat="-22.931409934535623" lon="15.618389183655381">
        <ele>1092.4000000000001</ele>
        <time>2024-11-26T05:27:46Z</time>
      </trkpt>
      <trkpt lat="-22.931240117177367" lon="15.618364959955215">
        <ele>1092.2</ele>
        <time>2024-11-26T05:28:00Z</time>
      </trkpt>
      <trkpt lat="-22.931070635095239" lon="15.618342999368906">
        <ele>1092.2</ele>
        <time>2024-11-26T05:28:13Z</time>
      </trkpt>
      <trkpt lat="-22.930895537137985" lon="15.618322463706136">
        <ele>1092</ele>
        <time>2024-11-26T05:28:26Z</time>
      </trkpt>
      <trkpt lat="-22.930348869413137" lon="15.618255324661732">
        <ele>1092.2</ele>
        <time>2024-11-26T05:28:40Z</time>
      </trkpt>
      <trkpt lat="-22.930157845839858" lon="15.618231100961566">
        <ele>1092.4000000000001</ele>
        <time>2024-11-26T05:28:53Z</time>
      </trkpt>
      <trkpt lat="-22.929583350196481" lon="15.618154155090451">
        <ele>1093.2</ele>
        <time>2024-11-26T05:29:07Z</time>
      </trkpt>
      <trkpt lat="-22.929388554766774" lon="15.618129763752222">
        <ele>1093.2</ele>
        <time>2024-11-26T05:29:20Z</time>
      </trkpt>
      <trkpt lat="-22.9289935156703" lon="15.618076622486115">
        <ele>1093.2</ele>
        <time>2024-11-26T05:29:34Z</time>
      </trkpt>
      <trkpt lat="-22.928582550957799" lon="15.618023397400975">
        <ele>1093</ele>
        <time>2024-11-26T05:29:47Z</time>
      </trkpt>
      <trkpt lat="-22.927956422790885" lon="15.617950558662415">
        <ele>1092.8</ele>
        <time>2024-11-26T05:30:01Z</time>
      </trkpt>
      <trkpt lat="-22.927336161956191" lon="15.617877300828695">
        <ele>1093.4000000000001</ele>
        <time>2024-11-26T05:30:14Z</time>
      </trkpt>
      <trkpt lat="-22.927130972966552" lon="15.617851736024022">
        <ele>1093.8</ele>
        <time>2024-11-26T05:30:28Z</time>
      </trkpt>
      <trkpt lat="-22.926928214728832" lon="15.617823405191302">
        <ele>1093.8</ele>
        <time>2024-11-26T05:30:41Z</time>
      </trkpt>
      <trkpt lat="-22.926728390157223" lon="15.617791889235377">
        <ele>1093.8</ele>
        <time>2024-11-26T05:30:55Z</time>
      </trkpt>
      <trkpt lat="-22.926339050754905" lon="15.617741597816348">
        <ele>1093.8</ele>
        <time>2024-11-26T05:31:08Z</time>
      </trkpt>
      <trkpt lat="-22.926152553409338" lon="15.617721397429705">
        <ele>1093.5999999999999</ele>
        <time>2024-11-26T05:31:22Z</time>
      </trkpt>
      <trkpt lat="-22.925971755757928" lon="15.617698431015015">
        <ele>1093.5999999999999</ele>
        <time>2024-11-26T05:31:35Z</time>
      </trkpt>
      <trkpt lat="-22.925790958106518" lon="15.617677560076118">
        <ele>1093.5999999999999</ele>
        <time>2024-11-26T05:31:49Z</time>
      </trkpt>
      <trkpt lat="-22.925611166283488" lon="15.617658197879791">
        <ele>1093.5999999999999</ele>
        <time>2024-11-26T05:32:02Z</time>
      </trkpt>
      <trkpt lat="-22.925434475764632" lon="15.617639757692814">
        <ele>1094</ele>
        <time>2024-11-26T05:32:16Z</time>
      </trkpt>
      <trkpt lat="-22.925263317301869" lon="15.617618635296822">
        <ele>1094</ele>
        <time>2024-11-26T05:32:29Z</time>
      </trkpt>
      <trkpt lat="-22.925091404467821" lon="15.617593405768275">
        <ele>1094.4000000000001</ele>
        <time>2024-11-26T05:32:43Z</time>
      </trkpt>
      <trkpt lat="-22.924919575452805" lon="15.617566248401999">
        <ele>1094.5999999999999</ele>
        <time>2024-11-26T05:32:56Z</time>
      </trkpt>
      <trkpt lat="-22.924748668447137" lon="15.617543281987309">
        <ele>1095.2</ele>
        <time>2024-11-26T05:33:10Z</time>
      </trkpt>
      <trkpt lat="-22.924574492499232" lon="15.617522913962603">
        <ele>1095.5999999999999</ele>
        <time>2024-11-26T05:33:23Z</time>
      </trkpt>
      <trkpt lat="-22.923860773444176" lon="15.617437083274126">
        <ele>1096.4000000000001</ele>
        <time>2024-11-26T05:33:37Z</time>
      </trkpt>
      <trkpt lat="-22.923684837296605" lon="15.617416212335229">
        <ele>1096.5999999999999</ele>
        <time>2024-11-26T05:33:50Z</time>
      </trkpt>
      <trkpt lat="-22.923508817330003" lon="15.617394922301173">
        <ele>1097</ele>
        <time>2024-11-26T05:34:04Z</time>
      </trkpt>
      <trkpt lat="-22.923334473744035" lon="15.617372374981642">
        <ele>1098</ele>
        <time>2024-11-26T05:34:17Z</time>
      </trkpt>
      <trkpt lat="-22.923156945034862" lon="15.617349073290825">
        <ele>1098.4000000000001</ele>
        <time>2024-11-26T05:34:31Z</time>
      </trkpt>
      <trkpt lat="-22.922978578135371" lon="15.617326106876135">
        <ele>1098.8</ele>
        <time>2024-11-26T05:34:44Z</time>
      </trkpt>
      <trkpt lat="-22.92279627174139" lon="15.617302972823381">
        <ele>1099</ele>
        <time>2024-11-26T05:34:58Z</time>
      </trkpt>
      <trkpt lat="-22.922613210976124" lon="15.61727992258966">
        <ele>1099.4000000000001</ele>
        <time>2024-11-26T05:35:11Z</time>
      </trkpt>
      <trkpt lat="-22.922429060563445" lon="15.617253351956606">
        <ele>1099.5999999999999</ele>
        <time>2024-11-26T05:35:25Z</time>
      </trkpt>
      <trkpt lat="-22.922244407236576" lon="15.617227368056774">
        <ele>1099.8</ele>
        <time>2024-11-26T05:35:38Z</time>
      </trkpt>
      <trkpt lat="-22.922056317329407" lon="15.617201467975974">
        <ele>1099.8</ele>
        <time>2024-11-26T05:35:52Z</time>
      </trkpt>
      <trkpt lat="-22.921870239078999" lon="15.617174813523889">
        <ele>1100</ele>
        <time>2024-11-26T05:36:05Z</time>
      </trkpt>
      <trkpt lat="-22.921686423942447" lon="15.61715092509985">
        <ele>1100</ele>
        <time>2024-11-26T05:36:19Z</time>
      </trkpt>
      <trkpt lat="-22.921503530815244" lon="15.617123683914542">
        <ele>1100.4000000000001</ele>
        <time>2024-11-26T05:36:32Z</time>
      </trkpt>
      <trkpt lat="-22.921321894973516" lon="15.617100382223725">
        <ele>1101.2</ele>
        <time>2024-11-26T05:36:46Z</time>
      </trkpt>
      <trkpt lat="-22.921140929684043" lon="15.617075152695179">
        <ele>1101.5999999999999</ele>
        <time>2024-11-26T05:36:59Z</time>
      </trkpt>
      <trkpt lat="-22.920956443995237" lon="15.617051096633077">
        <ele>1102.5999999999999</ele>
        <time>2024-11-26T05:37:13Z</time>
      </trkpt>
      <trkpt lat="-22.920771790668368" lon="15.617030058056116">
        <ele>1103.4000000000001</ele>
        <time>2024-11-26T05:37:26Z</time>
      </trkpt>
      <trkpt lat="-22.920590825378895" lon="15.617010025307536">
        <ele>1104.2</ele>
        <time>2024-11-26T05:37:40Z</time>
      </trkpt>
      <trkpt lat="-22.92041664943099" lon="15.616990830749273">
        <ele>1104.5999999999999</ele>
        <time>2024-11-26T05:37:53Z</time>
      </trkpt>
      <trkpt lat="-22.920244568958879" lon="15.616968618705869">
        <ele>1105</ele>
        <time>2024-11-26T05:38:07Z</time>
      </trkpt>
      <trkpt lat="-22.920075338333845" lon="15.616945819929242">
        <ele>1105.2</ele>
        <time>2024-11-26T05:38:20Z</time>
      </trkpt>
      <trkpt lat="-22.919907029718161" lon="15.616924110800028">
        <ele>1105.2</ele>
        <time>2024-11-26T05:38:34Z</time>
      </trkpt>
      <trkpt lat="-22.919736374169588" lon="15.616901898756623">
        <ele>1105.2</ele>
        <time>2024-11-26T05:38:47Z</time>
      </trkpt>
      <trkpt lat="-22.919562784954906" lon="15.616878177970648">
        <ele>1105.2</ele>
        <time>2024-11-26T05:39:01Z</time>
      </trkpt>
      <trkpt lat="-22.919385759159923" lon="15.616853535175323">
        <ele>1104.8</ele>
        <time>2024-11-26T05:39:15Z</time>
      </trkpt>
      <trkpt lat="-22.91920630261302" lon="15.616831993684173">
        <ele>1104</ele>
        <time>2024-11-26T05:39:28Z</time>
      </trkpt>
      <trkpt lat="-22.919019469991326" lon="15.616811793297529">
        <ele>1102.5999999999999</ele>
        <time>2024-11-26T05:39:42Z</time>
      </trkpt>
      <trkpt lat="-22.918830122798681" lon="15.61678689904511">
        <ele>1102.2</ele>
        <time>2024-11-26T05:39:55Z</time>
      </trkpt>
      <trkpt lat="-22.918636752292514" lon="15.616760579869151">
        <ele>1102</ele>
        <time>2024-11-26T05:40:09Z</time>
      </trkpt>
      <trkpt lat="-22.91844304651022" lon="15.616735769435763">
        <ele>1101.5999999999999</ele>
        <time>2024-11-26T05:40:22Z</time>
      </trkpt>
      <trkpt lat="-22.918248502537608" lon="15.616712216287851">
        <ele>1101.4000000000001</ele>
        <time>2024-11-26T05:40:36Z</time>
      </trkpt>
      <trkpt lat="-22.918060747906566" lon="15.616686064749956">
        <ele>1101</ele>
        <time>2024-11-26T05:40:49Z</time>
      </trkpt>
      <trkpt lat="-22.917889002710581" lon="15.616665948182344">
        <ele>1100.2</ele>
        <time>2024-11-26T05:41:03Z</time>
      </trkpt>
      <trkpt lat="-22.917733266949654" lon="15.616650860756636">
        <ele>1099.4000000000001</ele>
        <time>2024-11-26T05:41:16Z</time>
      </trkpt>
      <trkpt lat="-22.917588511481881" lon="15.616627559065819">
        <ele>1098.8</ele>
        <time>2024-11-26T05:41:30Z</time>
      </trkpt>
      <trkpt lat="-22.917439145967364" lon="15.616605766117573">
        <ele>1098.4000000000001</ele>
        <time>2024-11-26T05:41:44Z</time>
      </trkpt>
      <trkpt lat="-22.917282739654183" lon="15.616587577387691">
        <ele>1098</ele>
        <time>2024-11-26T05:41:57Z</time>
      </trkpt>
      <trkpt lat="-22.91713010519743" lon="15.61657240614295">
        <ele>1097.8</ele>
        <time>2024-11-26T05:42:11Z</time>
      </trkpt>
      <trkpt lat="-22.916976297274232" lon="15.616555977612734">
        <ele>1097.4000000000001</ele>
        <time>2024-11-26T05:42:24Z</time>
      </trkpt>
      <trkpt lat="-22.916674884036183" lon="15.616517420858145">
        <ele>1096.4000000000001</ele>
        <time>2024-11-26T05:42:38Z</time>
      </trkpt>
      <trkpt lat="-22.916530044749379" lon="15.616497220471501">
        <ele>1096.2</ele>
        <time>2024-11-26T05:42:51Z</time>
      </trkpt>
      <trkpt lat="-22.916385708376765" lon="15.616476600989699">
        <ele>1096</ele>
        <time>2024-11-26T05:43:05Z</time>
      </trkpt>
      <trkpt lat="-22.916238019242883" lon="15.616456400603056">
        <ele>1095.2</ele>
        <time>2024-11-26T05:43:18Z</time>
      </trkpt>
      <trkpt lat="-22.916089911013842" lon="15.616436870768666">
        <ele>1094.8</ele>
        <time>2024-11-26T05:43:32Z</time>
      </trkpt>
      <trkpt lat="-22.915939539670944" lon="15.616418514400721">
        <ele>1094.2</ele>
        <time>2024-11-26T05:43:46Z</time>
      </trkpt>
      <trkpt lat="-22.915644915774465" lon="15.616376772522926">
        <ele>1093.5999999999999</ele>
        <time>2024-11-26T05:43:59Z</time>
      </trkpt>
      <trkpt lat="-22.915499992668629" lon="15.616355901584029">
        <ele>1093</ele>
        <time>2024-11-26T05:44:13Z</time>
      </trkpt>
      <trkpt lat="-22.914911415427923" lon="15.616283817216754">
        <ele>1092.2</ele>
        <time>2024-11-26T05:44:26Z</time>
      </trkpt>
      <trkpt lat="-22.914755763486028" lon="15.616263533011079">
        <ele>1092.2</ele>
        <time>2024-11-26T05:44:40Z</time>
      </trkpt>
      <trkpt lat="-22.914434652775526" lon="15.616221707314253">
        <ele>1091.8</ele>
        <time>2024-11-26T05:44:53Z</time>
      </trkpt>
      <trkpt lat="-22.913946574553847" lon="15.616154568269849">
        <ele>1091.5999999999999</ele>
        <time>2024-11-26T05:45:07Z</time>
      </trkpt>
      <trkpt lat="-22.913643904030323" lon="15.616099834442139">
        <ele>1091.4000000000001</ele>
        <time>2024-11-26T05:45:20Z</time>
      </trkpt>
      <trkpt lat="-22.913501495495439" lon="15.616069324314594">
        <ele>1091.4000000000001</ele>
        <time>2024-11-26T05:45:34Z</time>
      </trkpt>
      <trkpt lat="-22.913358164951205" lon="15.616042502224445">
        <ele>1091.4000000000001</ele>
        <time>2024-11-26T05:45:48Z</time>
      </trkpt>
      <trkpt lat="-22.913207625970244" lon="15.616022972390056">
        <ele>1091.2</ele>
        <time>2024-11-26T05:46:01Z</time>
      </trkpt>
      <trkpt lat="-22.912892634049058" lon="15.61599975451827">
        <ele>1091.4000000000001</ele>
        <time>2024-11-26T05:46:15Z</time>
      </trkpt>
      <trkpt lat="-22.912190649658442" lon="15.615941751748323">
        <ele>1092</ele>
        <time>2024-11-26T05:46:28Z</time>
      </trkpt>
      <trkpt lat="-22.912020245566964" lon="15.615921216085553">
        <ele>1092</ele>
        <time>2024-11-26T05:46:42Z</time>
      </trkpt>
      <trkpt lat="-22.911854367703199" lon="15.615900596603751">
        <ele>1092</ele>
        <time>2024-11-26T05:46:56Z</time>
      </trkpt>
      <trkpt lat="-22.91169117204845" lon="15.615878300741315">
        <ele>1092</ele>
        <time>2024-11-26T05:47:09Z</time>
      </trkpt>
      <trkpt lat="-22.911530071869493" lon="15.615857345983386">
        <ele>1091.8</ele>
        <time>2024-11-26T05:47:23Z</time>
      </trkpt>
      <trkpt lat="-22.911370899528265" lon="15.615836977958679">
        <ele>1091.8</ele>
        <time>2024-11-26T05:47:36Z</time>
      </trkpt>
      <trkpt lat="-22.911211978644133" lon="15.615814179182053">
        <ele>1091.8</ele>
        <time>2024-11-26T05:47:50Z</time>
      </trkpt>
      <trkpt lat="-22.911055656149983" lon="15.615794900804758">
        <ele>1091.8</ele>
        <time>2024-11-26T05:48:03Z</time>
      </trkpt>
      <trkpt lat="-22.910898244008422" lon="15.615776460617781">
        <ele>1092</ele>
        <time>2024-11-26T05:48:17Z</time>
      </trkpt>
      <trkpt lat="-22.9107422567904" lon="15.615755673497915">
        <ele>1092.2</ele>
        <time>2024-11-26T05:48:31Z</time>
      </trkpt>
      <trkpt lat="-22.910586940124631" lon="15.615734299644828">
        <ele>1092.4000000000001</ele>
        <time>2024-11-26T05:48:44Z</time>
      </trkpt>
      <trkpt lat="-22.910434808582067" lon="15.615713177248836">
        <ele>1093.2</ele>
        <time>2024-11-26T05:48:58Z</time>
      </trkpt>
      <trkpt lat="-22.910286197438836" lon="15.615692306309938">
        <ele>1093.5999999999999</ele>
        <time>2024-11-26T05:49:11Z</time>
      </trkpt>
      <trkpt lat="-22.910139430314302" lon="15.615672189742327">
        <ele>1094.8</ele>
        <time>2024-11-26T05:49:25Z</time>
      </trkpt>
      <trkpt lat="-22.909995010122657" lon="15.615651151165366">
        <ele>1095.5999999999999</ele>
        <time>2024-11-26T05:49:39Z</time>
      </trkpt>
      <trkpt lat="-22.909849835559726" lon="15.615633800625801">
        <ele>1096.4000000000001</ele>
        <time>2024-11-26T05:49:52Z</time>
      </trkpt>
      <trkpt lat="-22.909703738987446" lon="15.615617958828807">
        <ele>1096.4000000000001</ele>
        <time>2024-11-26T05:50:06Z</time>
      </trkpt>
      <trkpt lat="-22.909406097605824" lon="15.615582754835486">
        <ele>1096.4000000000001</ele>
        <time>2024-11-26T05:50:19Z</time>
      </trkpt>
      <trkpt lat="-22.90925488807261" lon="15.615563979372382">
        <ele>1096.4000000000001</ele>
        <time>2024-11-26T05:50:33Z</time>
      </trkpt>
      <trkpt lat="-22.909097308292985" lon="15.615543695166707">
        <ele>1096.2</ele>
        <time>2024-11-26T05:50:47Z</time>
      </trkpt>
      <trkpt lat="-22.908933777362108" lon="15.615523075684905">
        <ele>1095.8</ele>
        <time>2024-11-26T05:51:00Z</time>
      </trkpt>
      <trkpt lat="-22.90876136161387" lon="15.615505054593086">
        <ele>1095.8</ele>
        <time>2024-11-26T05:51:14Z</time>
      </trkpt>
      <trkpt lat="-22.908589532598853" lon="15.615485357120633">
        <ele>1095.5999999999999</ele>
        <time>2024-11-26T05:51:27Z</time>
      </trkpt>
      <trkpt lat="-22.908419379964471" lon="15.615463647991419">
        <ele>1095.5999999999999</ele>
        <time>2024-11-26T05:51:41Z</time>
      </trkpt>
      <trkpt lat="-22.908250652253628" lon="15.615440346300602">
        <ele>1095.8</ele>
        <time>2024-11-26T05:51:55Z</time>
      </trkpt>
      <trkpt lat="-22.908082762733102" lon="15.615419559180737">
        <ele>1095.8</ele>
        <time>2024-11-26T05:52:08Z</time>
      </trkpt>
      <trkpt lat="-22.907914537936449" lon="15.615400029346347">
        <ele>1096.2</ele>
        <time>2024-11-26T05:52:22Z</time>
      </trkpt>
      <trkpt lat="-22.90774698369205" lon="15.615378823131323">
        <ele>1096.5999999999999</ele>
        <time>2024-11-26T05:52:36Z</time>
      </trkpt>
      <trkpt lat="-22.907582530751824" lon="15.615358203649521">
        <ele>1097</ele>
        <time>2024-11-26T05:52:49Z</time>
      </trkpt>
      <trkpt lat="-22.907419838011265" lon="15.615337751805782">
        <ele>1097.5999999999999</ele>
        <time>2024-11-26T05:53:03Z</time>
      </trkpt>
      <trkpt lat="-22.907259492203593" lon="15.615315707400441">
        <ele>1098</ele>
        <time>2024-11-26T05:53:16Z</time>
      </trkpt>
      <trkpt lat="-22.907096296548843" lon="15.615293914452195">
        <ele>1098.2</ele>
        <time>2024-11-26T05:53:30Z</time>
      </trkpt>
      <trkpt lat="-22.906930921599269" lon="15.615273881703615">
        <ele>1098.2</ele>
        <time>2024-11-26T05:53:44Z</time>
      </trkpt>
      <trkpt lat="-22.906766217201948" lon="15.615252507850528">
        <ele>1098.4000000000001</ele>
        <time>2024-11-26T05:53:57Z</time>
      </trkpt>
      <trkpt lat="-22.906598411500454" lon="15.615231888368726">
        <ele>1098.4000000000001</ele>
        <time>2024-11-26T05:54:11Z</time>
      </trkpt>
      <trkpt lat="-22.906432785093784" lon="15.615210849791765">
        <ele>1098.5999999999999</ele>
        <time>2024-11-26T05:54:24Z</time>
      </trkpt>
      <trkpt lat="-22.906270930543542" lon="15.615188721567392">
        <ele>1098.5999999999999</ele>
        <time>2024-11-26T05:54:38Z</time>
      </trkpt>
      <trkpt lat="-22.906110333278775" lon="15.615160306915641">
        <ele>1098.5999999999999</ele>
        <time>2024-11-26T05:54:52Z</time>
      </trkpt>
      <trkpt lat="-22.905952082946897" lon="15.615120744332671">
        <ele>1098.8</ele>
        <time>2024-11-26T05:55:05Z</time>
      </trkpt>
      <trkpt lat="-22.905793581157923" lon="15.615065675228834">
        <ele>1098.5999999999999</ele>
        <time>2024-11-26T05:55:19Z</time>
      </trkpt>
      <trkpt lat="-22.905633151531219" lon="15.614998620003462">
        <ele>1098.5999999999999</ele>
        <time>2024-11-26T05:55:33Z</time>
      </trkpt>
      <trkpt lat="-22.905473643913865" lon="15.614920416846871">
        <ele>1098.4000000000001</ele>
        <time>2024-11-26T05:55:46Z</time>
      </trkpt>
      <trkpt lat="-22.905316902324557" lon="15.614832574501634">
        <ele>1098.2</ele>
        <time>2024-11-26T05:56:00Z</time>
      </trkpt>
      <trkpt lat="-22.905162423849106" lon="15.614744061604142">
        <ele>1097.8</ele>
        <time>2024-11-26T05:56:14Z</time>
      </trkpt>
      <trkpt lat="-22.905007861554623" lon="15.614656051620841">
        <ele>1097.5999999999999</ele>
        <time>2024-11-26T05:56:27Z</time>
      </trkpt>
      <trkpt lat="-22.904854137450457" lon="15.614569969475269">
        <ele>1097.5999999999999</ele>
        <time>2024-11-26T05:56:41Z</time>
      </trkpt>
      <trkpt lat="-22.904694881290197" lon="15.614482294768095">
        <ele>1097.4000000000001</ele>
        <time>2024-11-26T05:56:54Z</time>
      </trkpt>
      <trkpt lat="-22.904534619301558" lon="15.614393949508667">
        <ele>1097.2</ele>
        <time>2024-11-26T05:57:08Z</time>
      </trkpt>
      <trkpt lat="-22.904375530779362" lon="15.61430811882019">
        <ele>1097.2</ele>
        <time>2024-11-26T05:57:22Z</time>
      </trkpt>
      <trkpt lat="-22.904218621551991" lon="15.61421918682754">
        <ele>1096.8</ele>
        <time>2024-11-26T05:57:35Z</time>
      </trkpt>
      <trkpt lat="-22.90406858548522" lon="15.614119693636894">
        <ele>1096.5999999999999</ele>
        <time>2024-11-26T05:57:49Z</time>
      </trkpt>
      <trkpt lat="-22.903930870816112" lon="15.614008633419871">
        <ele>1096.2</ele>
        <time>2024-11-26T05:58:03Z</time>
      </trkpt>
      <trkpt lat="-22.903812685981393" lon="15.613888269290328">
        <ele>1095.8</ele>
        <time>2024-11-26T05:58:16Z</time>
      </trkpt>
      <trkpt lat="-22.903718641027808" lon="15.613761954009533">
        <ele>1095.4000000000001</ele>
        <time>2024-11-26T05:58:30Z</time>
      </trkpt>
      <trkpt lat="-22.903646724298596" lon="15.613624826073647">
        <ele>1094.5999999999999</ele>
        <time>2024-11-26T05:58:44Z</time>
      </trkpt>
      <trkpt lat="-22.903589559718966" lon="15.613484513014555">
        <ele>1094.2</ele>
        <time>2024-11-26T05:58:57Z</time>
      </trkpt>
      <trkpt lat="-22.903528623282909" lon="15.613351743668318">
        <ele>1093.8</ele>
        <time>2024-11-26T05:59:11Z</time>
      </trkpt>
      <trkpt lat="-22.903466429561377" lon="15.613238671794534">
        <ele>1093.2</ele>
        <time>2024-11-26T05:59:25Z</time>
      </trkpt>
      <trkpt lat="-22.903411611914635" lon="15.613139094784856">
        <ele>1092.5999999999999</ele>
        <time>2024-11-26T05:59:38Z</time>
      </trkpt>
      <trkpt lat="-22.903370624408126" lon="15.613044882193208">
        <ele>1092</ele>
        <time>2024-11-26T05:59:52Z</time>
      </trkpt>
      <trkpt lat="-22.903346735984087" lon="15.612947400659323">
        <ele>1091.8</ele>
        <time>2024-11-26T06:00:05Z</time>
      </trkpt>
      <trkpt lat="-22.90334640070796" lon="15.612838687375188">
        <ele>1091.8</ele>
        <time>2024-11-26T06:00:19Z</time>
      </trkpt>
      <trkpt lat="-22.903359141200781" lon="15.61272201128304">
        <ele>1091.4000000000001</ele>
        <time>2024-11-26T06:00:33Z</time>
      </trkpt>
      <trkpt lat="-22.903377916663885" lon="15.612596869468689">
        <ele>1091.2</ele>
        <time>2024-11-26T06:00:46Z</time>
      </trkpt>
      <trkpt lat="-22.903391076251864" lon="15.612466195598245">
        <ele>1090.8</ele>
        <time>2024-11-26T06:01:00Z</time>
      </trkpt>
      <trkpt lat="-22.903404738754034" lon="15.612324038520455">
        <ele>1090.5999999999999</ele>
        <time>2024-11-26T06:01:14Z</time>
      </trkpt>
      <trkpt lat="-22.903480008244514" lon="15.611676368862391">
        <ele>1090.5999999999999</ele>
        <time>2024-11-26T06:01:27Z</time>
      </trkpt>
      <trkpt lat="-22.903519319370389" lon="15.611372692510486">
        <ele>1090.8</ele>
        <time>2024-11-26T06:01:41Z</time>
      </trkpt>
      <trkpt lat="-22.9035359993577" lon="15.611230116337538">
        <ele>1090.8</ele>
        <time>2024-11-26T06:01:55Z</time>
      </trkpt>
      <trkpt lat="-22.903541447594762" lon="15.611106567084789">
        <ele>1090.8</ele>
        <time>2024-11-26T06:02:08Z</time>
      </trkpt>
      <trkpt lat="-22.903542537242174" lon="15.610995842143893">
        <ele>1090.5999999999999</ele>
        <time>2024-11-26T06:02:22Z</time>
      </trkpt>
      <trkpt lat="-22.903524432331324" lon="15.610894504934549">
        <ele>1090.4000000000001</ele>
        <time>2024-11-26T06:02:36Z</time>
      </trkpt>
      <trkpt lat="-22.903488054871559" lon="15.610801884904504">
        <ele>1090</ele>
        <time>2024-11-26T06:02:49Z</time>
      </trkpt>
      <trkpt lat="-22.903449749574065" lon="15.610716640949249">
        <ele>1089.8</ele>
        <time>2024-11-26T06:03:03Z</time>
      </trkpt>
      <trkpt lat="-22.903408510610461" lon="15.610627373680472">
        <ele>1089.8</ele>
        <time>2024-11-26T06:03:17Z</time>
      </trkpt>
      <trkpt lat="-22.903363415971398" lon="15.610522599890828">
        <ele>1089.8</ele>
        <time>2024-11-26T06:03:30Z</time>
      </trkpt>
      <trkpt lat="-22.90331706404686" lon="15.610419670119882">
        <ele>1089.5999999999999</ele>
        <time>2024-11-26T06:03:44Z</time>
      </trkpt>
      <trkpt lat="-22.90326233021915" lon="15.610326798632741">
        <ele>1089.5999999999999</ele>
        <time>2024-11-26T06:03:58Z</time>
      </trkpt>
      <trkpt lat="-22.90310743264854" lon="15.610181372612715">
        <ele>1089.4000000000001</ele>
        <time>2024-11-26T06:04:11Z</time>
      </trkpt>
      <trkpt lat="-22.903013052418828" lon="15.610154047608376">
        <ele>1089.2</ele>
        <time>2024-11-26T06:04:25Z</time>
      </trkpt>
      <trkpt lat="-22.90291104465723" lon="15.610141139477491">
        <ele>1088.5999999999999</ele>
        <time>2024-11-26T06:04:39Z</time>
      </trkpt>
      <trkpt lat="-22.902820855379105" lon="15.610119597986341">
        <ele>1088.5999999999999</ele>
        <time>2024-11-26T06:04:52Z</time>
      </trkpt>
      <trkpt lat="-22.902725469321012" lon="15.610094033181667">
        <ele>1088.4000000000001</ele>
        <time>2024-11-26T06:05:06Z</time>
      </trkpt>
      <trkpt lat="-22.902629915624857" lon="15.610055727884173">
        <ele>1088.4000000000001</ele>
        <time>2024-11-26T06:05:20Z</time>
      </trkpt>
      <trkpt lat="-22.902540564537048" lon="15.610002586618066">
        <ele>1088.4000000000001</ele>
        <time>2024-11-26T06:05:33Z</time>
      </trkpt>
      <trkpt lat="-22.902457416057587" lon="15.609930250793695">
        <ele>1088.2</ele>
        <time>2024-11-26T06:05:47Z</time>
      </trkpt>
      <trkpt lat="-22.902303524315357" lon="15.609756829217076">
        <ele>1087.8</ele>
        <time>2024-11-26T06:06:01Z</time>
      </trkpt>
      <trkpt lat="-22.902228338643909" lon="15.609660185873508">
        <ele>1087.4000000000001</ele>
        <time>2024-11-26T06:06:14Z</time>
      </trkpt>
      <trkpt lat="-22.901913095265627" lon="15.609210999682546">
        <ele>1086.4000000000001</ele>
        <time>2024-11-26T06:06:28Z</time>
      </trkpt>
      <trkpt lat="-22.901558456942439" lon="15.608685370534658">
        <ele>1085.5999999999999</ele>
        <time>2024-11-26T06:06:42Z</time>
      </trkpt>
      <trkpt lat="-22.901464244350791" lon="15.608547069132328">
        <ele>1085.5999999999999</ele>
        <time>2024-11-26T06:06:55Z</time>
      </trkpt>
      <trkpt lat="-22.901261569932103" lon="15.608282368630171">
        <ele>1085.2</ele>
        <time>2024-11-26T06:07:09Z</time>
      </trkpt>
      <trkpt lat="-22.901024948805571" lon="15.608047088608146">
        <ele>1084.8</ele>
        <time>2024-11-26T06:07:23Z</time>
      </trkpt>
      <trkpt lat="-22.900527650490403" lon="15.607603099197149">
        <ele>1084.2</ele>
        <time>2024-11-26T06:07:36Z</time>
      </trkpt>
      <trkpt lat="-22.900165971368551" lon="15.607280312106013">
        <ele>1084.4000000000001</ele>
        <time>2024-11-26T06:07:50Z</time>
      </trkpt>
      <trkpt lat="-22.900051642209291" lon="15.607177969068289">
        <ele>1084.4000000000001</ele>
        <time>2024-11-26T06:08:04Z</time>
      </trkpt>
      <trkpt lat="-22.89993773214519" lon="15.607074536383152">
        <ele>1084.5999999999999</ele>
        <time>2024-11-26T06:08:18Z</time>
      </trkpt>
      <trkpt lat="-22.899820553138852" lon="15.606968589127064">
        <ele>1084.5999999999999</ele>
        <time>2024-11-26T06:08:31Z</time>
      </trkpt>
      <trkpt lat="-22.899469854310155" lon="15.606650412082672">
        <ele>1084.8</ele>
        <time>2024-11-26T06:08:45Z</time>
      </trkpt>
      <trkpt lat="-22.899238094687462" lon="15.606440445408225">
        <ele>1084</ele>
        <time>2024-11-26T06:08:59Z</time>
      </trkpt>
      <trkpt lat="-22.899017818272114" lon="15.606226036325097">
        <ele>1083.2</ele>
        <time>2024-11-26T06:09:12Z</time>
      </trkpt>
      <trkpt lat="-22.898907847702503" lon="15.606127716600895">
        <ele>1082.8</ele>
        <time>2024-11-26T06:09:26Z</time>
      </trkpt>
      <trkpt lat="-22.89879385381937" lon="15.606032162904739">
        <ele>1082.5999999999999</ele>
        <time>2024-11-26T06:09:40Z</time>
      </trkpt>
      <trkpt lat="-22.898680614307523" lon="15.605936693027616">
        <ele>1082.4000000000001</ele>
        <time>2024-11-26T06:09:54Z</time>
      </trkpt>
      <trkpt lat="-22.89857885800302" lon="15.605835523456335">
        <ele>1082</ele>
        <time>2024-11-26T06:10:07Z</time>
      </trkpt>
      <trkpt lat="-22.898489674553275" lon="15.605729157105088">
        <ele>1081.8</ele>
        <time>2024-11-26T06:10:21Z</time>
      </trkpt>
      <trkpt lat="-22.898400574922562" lon="15.60562564060092">
        <ele>1081.8</ele>
        <time>2024-11-26T06:10:35Z</time>
      </trkpt>
      <trkpt lat="-22.898313654586673" lon="15.605533691123128">
        <ele>1081.4000000000001</ele>
        <time>2024-11-26T06:10:48Z</time>
      </trkpt>
      <trkpt lat="-22.898224052041769" lon="15.605453057214618">
        <ele>1081.2</ele>
        <time>2024-11-26T06:11:02Z</time>
      </trkpt>
      <trkpt lat="-22.898132102563977" lon="15.605384996160865">
        <ele>1080.8</ele>
        <time>2024-11-26T06:11:16Z</time>
      </trkpt>
      <trkpt lat="-22.898039147257805" lon="15.605330429971218">
        <ele>1080.4000000000001</ele>
        <time>2024-11-26T06:11:30Z</time>
      </trkpt>
      <trkpt lat="-22.897942503914237" lon="15.605287346988916">
        <ele>1079.8</ele>
        <time>2024-11-26T06:11:43Z</time>
      </trkpt>
      <trkpt lat="-22.89783856831491" lon="15.605257507413626">
        <ele>1079.2</ele>
        <time>2024-11-26T06:11:57Z</time>
      </trkpt>
      <trkpt lat="-22.897729016840458" lon="15.605242503806949">
        <ele>1078.4000000000001</ele>
        <time>2024-11-26T06:12:11Z</time>
      </trkpt>
      <trkpt lat="-22.89761720225215" lon="15.605225991457701">
        <ele>1078</ele>
        <time>2024-11-26T06:12:24Z</time>
      </trkpt>
      <trkpt lat="-22.897070702165365" lon="15.605199756100774">
        <ele>1077.2</ele>
        <time>2024-11-26T06:12:38Z</time>
      </trkpt>
      <trkpt lat="-22.896971460431814" lon="15.60520101338625">
        <ele>1077.2</ele>
        <time>2024-11-26T06:12:52Z</time>
      </trkpt>
      <trkpt lat="-22.896876996383071" lon="15.605205036699772">
        <ele>1077.2</ele>
        <time>2024-11-26T06:13:06Z</time>
      </trkpt>
      <trkpt lat="-22.896787812933326" lon="15.605209311470389">
        <ele>1077.2</ele>
        <time>2024-11-26T06:13:19Z</time>
      </trkpt>
      <trkpt lat="-22.896702736616135" lon="15.605216939002275">
        <ele>1077</ele>
        <time>2024-11-26T06:13:33Z</time>
      </trkpt>
      <trkpt lat="-22.896623611450195" lon="15.605226745828986">
        <ele>1076.8</ele>
        <time>2024-11-26T06:13:47Z</time>
      </trkpt>
      <trkpt lat="-22.896552281454206" lon="15.605238061398268">
        <ele>1076.5999999999999</ele>
        <time>2024-11-26T06:14:00Z</time>
      </trkpt>
      <trkpt lat="-22.896480532363057" lon="15.605246359482408">
        <ele>1076.5999999999999</ele>
        <time>2024-11-26T06:14:14Z</time>
      </trkpt>
      <trkpt lat="-22.896410375833511" lon="15.60525281354785">
        <ele>1076.4000000000001</ele>
        <time>2024-11-26T06:14:28Z</time>
      </trkpt>
      <trkpt lat="-22.896336195990443" lon="15.60524744912982">
        <ele>1076.4000000000001</ele>
        <time>2024-11-26T06:14:42Z</time>
      </trkpt>
      <trkpt lat="-22.896059928461909" lon="15.60518391430378">
        <ele>1076.2</ele>
        <time>2024-11-26T06:14:55Z</time>
      </trkpt>
      <trkpt lat="-22.895832778885961" lon="15.605214675888419">
        <ele>1076.4000000000001</ele>
        <time>2024-11-26T06:15:09Z</time>
      </trkpt>
      <trkpt lat="-22.895710822194815" lon="15.605251556262374">
        <ele>1076.2</ele>
        <time>2024-11-26T06:15:23Z</time>
      </trkpt>
      <trkpt lat="-22.895178068429232" lon="15.60546487569809">
        <ele>1076</ele>
        <time>2024-11-26T06:15:37Z</time>
      </trkpt>
      <trkpt lat="-22.894911523908377" lon="15.605593705549836">
        <ele>1075.5999999999999</ele>
        <time>2024-11-26T06:15:50Z</time>
      </trkpt>
      <trkpt lat="-22.894791997969151" lon="15.605654809623957">
        <ele>1075.5999999999999</ele>
        <time>2024-11-26T06:16:04Z</time>
      </trkpt>
      <trkpt lat="-22.89468839764595" lon="15.605707112699747">
        <ele>1075.4000000000001</ele>
        <time>2024-11-26T06:16:18Z</time>
      </trkpt>
      <trkpt lat="-22.894594604149461" lon="15.605739634484053">
        <ele>1075.2</ele>
        <time>2024-11-26T06:16:31Z</time>
      </trkpt>
      <trkpt lat="-22.894509192556143" lon="15.605746004730463">
        <ele>1075.2</ele>
        <time>2024-11-26T06:16:45Z</time>
      </trkpt>
      <trkpt lat="-22.894434174522758" lon="15.605717254802585">
        <ele>1075.2</ele>
        <time>2024-11-26T06:16:59Z</time>
      </trkpt>
      <trkpt lat="-22.894378351047635" lon="15.605664029717445">
        <ele>1075</ele>
        <time>2024-11-26T06:17:13Z</time>
      </trkpt>
      <trkpt lat="-22.894338620826602" lon="15.605592364445329">
        <ele>1075</ele>
        <time>2024-11-26T06:17:26Z</time>
      </trkpt>
      <trkpt lat="-22.89425153285265" lon="15.605281563475728">
        <ele>1075.2</ele>
        <time>2024-11-26T06:17:40Z</time>
      </trkpt>
      <trkpt lat="-22.894216496497393" lon="15.60515558347106">
        <ele>1075</ele>
        <time>2024-11-26T06:17:54Z</time>
      </trkpt>
      <trkpt lat="-22.894089426845312" lon="15.604734141379595">
        <ele>1075</ele>
        <time>2024-11-26T06:18:08Z</time>
      </trkpt>
      <trkpt lat="-22.893920531496406" lon="15.604113042354584">
        <ele>1074.4000000000001</ele>
        <time>2024-11-26T06:18:21Z</time>
      </trkpt>
      <trkpt lat="-22.893837215378881" lon="15.603789500892162">
        <ele>1074.2</ele>
        <time>2024-11-26T06:18:35Z</time>
      </trkpt>
      <trkpt lat="-22.893725233152509" lon="15.603297064080834">
        <ele>1073.4000000000001</ele>
        <time>2024-11-26T06:18:49Z</time>
      </trkpt>
      <trkpt lat="-22.89366127923131" lon="15.602974779903889">
        <ele>1073</ele>
        <time>2024-11-26T06:19:03Z</time>
      </trkpt>
      <trkpt lat="-22.893629595637321" lon="15.602817535400391">
        <ele>1072.8</ele>
        <time>2024-11-26T06:19:16Z</time>
      </trkpt>
      <trkpt lat="-22.89359531365335" lon="15.602666325867176">
        <ele>1072.8</ele>
        <time>2024-11-26T06:19:30Z</time>
      </trkpt>
      <trkpt lat="-22.893562372773886" lon="15.602524671703577">
        <ele>1072.8</ele>
        <time>2024-11-26T06:19:44Z</time>
      </trkpt>
      <trkpt lat="-22.89353035390377" lon="15.602382766082883">
        <ele>1072.8</ele>
        <time>2024-11-26T06:19:58Z</time>
      </trkpt>
      <trkpt lat="-22.893496155738831" lon="15.602237172424793">
        <ele>1072.8</ele>
        <time>2024-11-26T06:20:12Z</time>
      </trkpt>
      <trkpt lat="-22.893389537930489" lon="15.60179871506989">
        <ele>1072.8</ele>
        <time>2024-11-26T06:20:25Z</time>
      </trkpt>
      <trkpt lat="-22.893188372254372" lon="15.601211143657565">
        <ele>1072.5999999999999</ele>
        <time>2024-11-26T06:20:39Z</time>
      </trkpt>
      <trkpt lat="-22.89312232285738" lon="15.601062197238207">
        <ele>1072.2</ele>
        <time>2024-11-26T06:20:53Z</time>
      </trkpt>
      <trkpt lat="-22.892926102504134" lon="15.600604293867946">
        <ele>1071.8</ele>
        <time>2024-11-26T06:21:07Z</time>
      </trkpt>
      <trkpt lat="-22.89278763346374" lon="15.600289218127728">
        <ele>1071.4000000000001</ele>
        <time>2024-11-26T06:21:20Z</time>
      </trkpt>
      <trkpt lat="-22.892648661509156" lon="15.599972466006875">
        <ele>1071.2</ele>
        <time>2024-11-26T06:21:34Z</time>
      </trkpt>
      <trkpt lat="-22.892581690102816" lon="15.599813712760806">
        <ele>1071</ele>
        <time>2024-11-26T06:21:48Z</time>
      </trkpt>
      <trkpt lat="-22.892513545230031" lon="15.599654708057642">
        <ele>1070.8</ele>
        <time>2024-11-26T06:22:02Z</time>
      </trkpt>
      <trkpt lat="-22.892365688458085" lon="15.599338375031948">
        <ele>1070</ele>
        <time>2024-11-26T06:22:15Z</time>
      </trkpt>
      <trkpt lat="-22.892202492803335" lon="15.599021622911096">
        <ele>1069.8</ele>
        <time>2024-11-26T06:22:29Z</time>
      </trkpt>
      <trkpt lat="-22.891882304102182" lon="15.598390633240342">
        <ele>1068.5999999999999</ele>
        <time>2024-11-26T06:22:43Z</time>
      </trkpt>
      <trkpt lat="-22.891818266361952" lon="15.598227353766561">
        <ele>1068.4000000000001</ele>
        <time>2024-11-26T06:22:57Z</time>
      </trkpt>
      <trkpt lat="-22.891759425401688" lon="15.598061392083764">
        <ele>1068.2</ele>
        <time>2024-11-26T06:23:11Z</time>
      </trkpt>
      <trkpt lat="-22.891640905290842" lon="15.597730055451393">
        <ele>1067.4000000000001</ele>
        <time>2024-11-26T06:23:24Z</time>
      </trkpt>
      <trkpt lat="-22.891384670510888" lon="15.597086660563946">
        <ele>1066.4000000000001</ele>
        <time>2024-11-26T06:23:38Z</time>
      </trkpt>
      <trkpt lat="-22.891323734074831" lon="15.59692271053791">
        <ele>1065.8</ele>
        <time>2024-11-26T06:23:52Z</time>
      </trkpt>
      <trkpt lat="-22.891194904223084" lon="15.596610652282834">
        <ele>1065.4000000000001</ele>
        <time>2024-11-26T06:24:06Z</time>
      </trkpt>
      <trkpt lat="-22.891133548691869" lon="15.596457766368985">
        <ele>1065.4000000000001</ele>
        <time>2024-11-26T06:24:20Z</time>
      </trkpt>
      <trkpt lat="-22.891064984723926" lon="15.596301276236773">
        <ele>1065</ele>
        <time>2024-11-26T06:24:33Z</time>
      </trkpt>
      <trkpt lat="-22.890786454081535" lon="15.595669699832797">
        <ele>1064.5999999999999</ele>
        <time>2024-11-26T06:24:47Z</time>
      </trkpt>
      <trkpt lat="-22.89058830589056" lon="15.595189165323973">
        <ele>1064</ele>
        <time>2024-11-26T06:25:01Z</time>
      </trkpt>
      <trkpt lat="-22.890526615083218" lon="15.595026724040508">
        <ele>1063.8</ele>
        <time>2024-11-26T06:25:15Z</time>
      </trkpt>
      <trkpt lat="-22.890467187389731" lon="15.594869228079915">
        <ele>1063.5999999999999</ele>
        <time>2024-11-26T06:25:29Z</time>
      </trkpt>
      <trkpt lat="-22.89040457457304" lon="15.594712486490607">
        <ele>1062.8</ele>
        <time>2024-11-26T06:25:43Z</time>
      </trkpt>
      <trkpt lat="-22.89033911190927" lon="15.594555493444204">
        <ele>1062.5999999999999</ele>
        <time>2024-11-26T06:25:56Z</time>
      </trkpt>
      <trkpt lat="-22.890048008412123" lon="15.59392835944891">
        <ele>1061.8</ele>
        <time>2024-11-26T06:26:10Z</time>
      </trkpt>
      <trkpt lat="-22.889964357018471" lon="15.59377103112638">
        <ele>1061.2</ele>
        <time>2024-11-26T06:26:24Z</time>
      </trkpt>
      <trkpt lat="-22.889707703143358" lon="15.593314720317721">
        <ele>1060.2</ele>
        <time>2024-11-26T06:26:38Z</time>
      </trkpt>
      <trkpt lat="-22.889620782807469" lon="15.59315973892808">
        <ele>1060</ele>
        <time>2024-11-26T06:26:52Z</time>
      </trkpt>
      <trkpt lat="-22.889532186090946" lon="15.593005176633596">
        <ele>1060</ele>
        <time>2024-11-26T06:27:05Z</time>
      </trkpt>
      <trkpt lat="-22.889440404251218" lon="15.592850614339113">
        <ele>1059.8</ele>
        <time>2024-11-26T06:27:19Z</time>
      </trkpt>
      <trkpt lat="-22.889351220801473" lon="15.592692196369171">
        <ele>1059.4000000000001</ele>
        <time>2024-11-26T06:27:33Z</time>
      </trkpt>
      <trkpt lat="-22.889263546094298" lon="15.592532772570848">
        <ele>1059.4000000000001</ele>
        <time>2024-11-26T06:27:47Z</time>
      </trkpt>
      <trkpt lat="-22.889176458120346" lon="15.592373264953494">
        <ele>1059.2</ele>
        <time>2024-11-26T06:28:01Z</time>
      </trkpt>
      <trkpt lat="-22.888915864750743" lon="15.591891137883067">
        <ele>1057.8</ele>
        <time>2024-11-26T06:28:15Z</time>
      </trkpt>
      <trkpt lat="-22.888823496177793" lon="15.59173347428441">
        <ele>1057.5999999999999</ele>
        <time>2024-11-26T06:28:28Z</time>
      </trkpt>
      <trkpt lat="-22.888624258339405" lon="15.591438179835677">
        <ele>1057</ele>
        <time>2024-11-26T06:28:42Z</time>
      </trkpt>
      <trkpt lat="-22.888526357710361" lon="15.591299710795283">
        <ele>1056.8</ele>
        <time>2024-11-26T06:28:56Z</time>
      </trkpt>
      <trkpt lat="-22.888434072956443" lon="15.591159649193287">
        <ele>1056.4000000000001</ele>
        <time>2024-11-26T06:29:10Z</time>
      </trkpt>
      <trkpt lat="-22.888351259753108" lon="15.591015899553895">
        <ele>1056.2</ele>
        <time>2024-11-26T06:29:24Z</time>
      </trkpt>
      <trkpt lat="-22.88827464915812" lon="15.590865109115839">
        <ele>1055.4000000000001</ele>
        <time>2024-11-26T06:29:38Z</time>
      </trkpt>
      <trkpt lat="-22.888136096298695" lon="15.590556068345904">
        <ele>1055.2</ele>
        <time>2024-11-26T06:29:51Z</time>
      </trkpt>
      <trkpt lat="-22.88798974826932" lon="15.590245602652431">
        <ele>1054.8</ele>
        <time>2024-11-26T06:30:05Z</time>
      </trkpt>
      <trkpt lat="-22.887761257588863" lon="15.589764732867479">
        <ele>1054.5999999999999</ele>
        <time>2024-11-26T06:30:19Z</time>
      </trkpt>
      <trkpt lat="-22.887590518221259" lon="15.589441359043121">
        <ele>1054.4000000000001</ele>
        <time>2024-11-26T06:30:33Z</time>
      </trkpt>
      <trkpt lat="-22.88721970282495" lon="15.588790336623788">
        <ele>1053.4000000000001</ele>
        <time>2024-11-26T06:30:47Z</time>
      </trkpt>
      <trkpt lat="-22.887123310938478" lon="15.588630074635148">
        <ele>1053</ele>
        <time>2024-11-26T06:31:01Z</time>
      </trkpt>
      <trkpt lat="-22.886926671490073" lon="15.588315669447184">
        <ele>1052</ele>
        <time>2024-11-26T06:31:15Z</time>
      </trkpt>
      <trkpt lat="-22.886824076995254" lon="15.588162615895271">
        <ele>1051.4000000000001</ele>
        <time>2024-11-26T06:31:28Z</time>
      </trkpt>
      <trkpt lat="-22.886722320690751" lon="15.588008556514978">
        <ele>1051.2</ele>
        <time>2024-11-26T06:31:42Z</time>
      </trkpt>
      <trkpt lat="-22.886520735919476" lon="15.587698174640536">
        <ele>1051</ele>
        <time>2024-11-26T06:31:56Z</time>
      </trkpt>
      <trkpt lat="-22.886142125353217" lon="15.587067687883973">
        <ele>1050.4000000000001</ele>
        <time>2024-11-26T06:32:10Z</time>
      </trkpt>
      <trkpt lat="-22.886048248037696" lon="15.586912790313363">
        <ele>1050.2</ele>
        <time>2024-11-26T06:32:24Z</time>
      </trkpt>
      <trkpt lat="-22.885952861979604" lon="15.586760407313704">
        <ele>1050</ele>
        <time>2024-11-26T06:32:38Z</time>
      </trkpt>
      <trkpt lat="-22.885851357132196" lon="15.586609533056617">
        <ele>1049.4000000000001</ele>
        <time>2024-11-26T06:32:52Z</time>
      </trkpt>
      <trkpt lat="-22.885748762637377" lon="15.586460502818227">
        <ele>1049</ele>
        <time>2024-11-26T06:33:06Z</time>
      </trkpt>
      <trkpt lat="-22.885309802368283" lon="15.58586454950273">
        <ele>1048</ele>
        <time>2024-11-26T06:33:19Z</time>
      </trkpt>
      <trkpt lat="-22.884964635595679" lon="15.58539742603898">
        <ele>1047.2</ele>
        <time>2024-11-26T06:33:33Z</time>
      </trkpt>
      <trkpt lat="-22.884850306436419" lon="15.585242360830307">
        <ele>1047</ele>
        <time>2024-11-26T06:33:47Z</time>
      </trkpt>
      <trkpt lat="-22.884488543495536" lon="15.584793509915471">
        <ele>1046.2</ele>
        <time>2024-11-26T06:34:01Z</time>
      </trkpt>
      <trkpt lat="-22.884237337857485" lon="15.584489749744534">
        <ele>1045.5999999999999</ele>
        <time>2024-11-26T06:34:15Z</time>
      </trkpt>
      <trkpt lat="-22.883837353438139" lon="15.584050789475441">
        <ele>1044.8</ele>
        <time>2024-11-26T06:34:29Z</time>
      </trkpt>
      <trkpt lat="-22.883703242987394" lon="15.583913242444396">
        <ele>1044.8</ele>
        <time>2024-11-26T06:34:43Z</time>
      </trkpt>
      <trkpt lat="-22.883565695956349" lon="15.583784328773618">
        <ele>1044.4000000000001</ele>
        <time>2024-11-26T06:34:57Z</time>
      </trkpt>
      <trkpt lat="-22.883435022085905" lon="15.583665641024709">
        <ele>1044.2</ele>
        <time>2024-11-26T06:35:11Z</time>
      </trkpt>
      <trkpt lat="-22.883321782574058" lon="15.583544354885817">
        <ele>1044</ele>
        <time>2024-11-26T06:35:25Z</time>
      </trkpt>
      <trkpt lat="-22.883227737620473" lon="15.583410579711199">
        <ele>1043.8</ele>
        <time>2024-11-26T06:35:38Z</time>
      </trkpt>
      <trkpt lat="-22.883150791749358" lon="15.583273451775312">
        <ele>1042.5999999999999</ele>
        <time>2024-11-26T06:35:52Z</time>
      </trkpt>
      <trkpt lat="-22.883079629391432" lon="15.583125595003366">
        <ele>1041.5999999999999</ele>
        <time>2024-11-26T06:36:06Z</time>
      </trkpt>
      <trkpt lat="-22.883004862815142" lon="15.582974636927247">
        <ele>1041.4000000000001</ele>
        <time>2024-11-26T06:36:20Z</time>
      </trkpt>
      <trkpt lat="-22.882774947211146" lon="15.58252670802176">
        <ele>1040.4000000000001</ele>
        <time>2024-11-26T06:36:34Z</time>
      </trkpt>
      <trkpt lat="-22.882694732397795" lon="15.582380024716258">
        <ele>1040.2</ele>
        <time>2024-11-26T06:36:48Z</time>
      </trkpt>
      <trkpt lat="-22.882613930851221" lon="15.582232000306249">
        <ele>1039.8</ele>
        <time>2024-11-26T06:37:02Z</time>
      </trkpt>
      <trkpt lat="-22.882439168170094" lon="15.581926815211773">
        <ele>1039.4000000000001</ele>
        <time>2024-11-26T06:37:16Z</time>
      </trkpt>
      <trkpt lat="-22.88234755396843" lon="15.581776108592749">
        <ele>1039.2</ele>
        <time>2024-11-26T06:37:30Z</time>
      </trkpt>
      <trkpt lat="-22.882067346945405" lon="15.58133396320045">
        <ele>1037.5999999999999</ele>
        <time>2024-11-26T06:37:44Z</time>
      </trkpt>
      <trkpt lat="-22.881882525980473" lon="15.58103003539145">
        <ele>1037.5999999999999</ele>
        <time>2024-11-26T06:37:58Z</time>
      </trkpt>
      <trkpt lat="-22.881789403036237" lon="15.580870024859905">
        <ele>1037.4000000000001</ele>
        <time>2024-11-26T06:38:11Z</time>
      </trkpt>
      <trkpt lat="-22.881594356149435" lon="15.580550925806165">
        <ele>1037.4000000000001</ele>
        <time>2024-11-26T06:38:25Z</time>
      </trkpt>
      <trkpt lat="-22.881433926522732" lon="15.580234760418534">
        <ele>1037.2</ele>
        <time>2024-11-26T06:38:39Z</time>
      </trkpt>
      <trkpt lat="-22.881380617618561" lon="15.580065781250596">
        <ele>1036.5999999999999</ele>
        <time>2024-11-26T06:38:53Z</time>
      </trkpt>
      <trkpt lat="-22.881330326199532" lon="15.57989445514977">
        <ele>1035.5999999999999</ele>
        <time>2024-11-26T06:39:07Z</time>
      </trkpt>
      <trkpt lat="-22.881277184933424" lon="15.579723548144102">
        <ele>1035</ele>
        <time>2024-11-26T06:39:21Z</time>
      </trkpt>
      <trkpt lat="-22.881162604317069" lon="15.579389613121748">
        <ele>1033.8</ele>
        <time>2024-11-26T06:39:35Z</time>
      </trkpt>
      <trkpt lat="-22.881093788892031" lon="15.57922993786633">
        <ele>1033.2</ele>
        <time>2024-11-26T06:39:49Z</time>
      </trkpt>
      <trkpt lat="-22.881017681211233" lon="15.579073531553149">
        <ele>1032.2</ele>
        <time>2024-11-26T06:40:03Z</time>
      </trkpt>
      <trkpt lat="-22.880777539685369" lon="15.578594002872705">
        <ele>1031.4000000000001</ele>
        <time>2024-11-26T06:40:17Z</time>
      </trkpt>
      <trkpt lat="-22.880701515823603" lon="15.578425191342831">
        <ele>1031.2</ele>
        <time>2024-11-26T06:40:31Z</time>
      </trkpt>
      <trkpt lat="-22.880409071221948" lon="15.577698312699795">
        <ele>1030.2</ele>
        <time>2024-11-26T06:40:45Z</time>
      </trkpt>
      <trkpt lat="-22.880209498107433" lon="15.577154494822025">
        <ele>1029.2</ele>
        <time>2024-11-26T06:40:59Z</time>
      </trkpt>
      <trkpt lat="-22.880138168111444" lon="15.576978139579296">
        <ele>1029.2</ele>
        <time>2024-11-26T06:41:13Z</time>
      </trkpt>
      <trkpt lat="-22.880003051832318" lon="15.576615873724222">
        <ele>1029</ele>
        <time>2024-11-26T06:41:27Z</time>
      </trkpt>
      <trkpt lat="-22.879816303029656" lon="15.576062919571996">
        <ele>1028</ele>
        <time>2024-11-26T06:41:40Z</time>
      </trkpt>
      <trkpt lat="-22.879587644711137" lon="15.575530920177698">
        <ele>1027.2</ele>
        <time>2024-11-26T06:41:54Z</time>
      </trkpt>
      <trkpt lat="-22.879506004974246" lon="15.575356828048825">
        <ele>1026.8</ele>
        <time>2024-11-26T06:42:08Z</time>
      </trkpt>
      <trkpt lat="-22.879334008321166" lon="15.575014343485236">
        <ele>1026.4000000000001</ele>
        <time>2024-11-26T06:42:22Z</time>
      </trkpt>
      <trkpt lat="-22.87924868054688" lon="15.574846202507615">
        <ele>1025.8</ele>
        <time>2024-11-26T06:42:36Z</time>
      </trkpt>
      <trkpt lat="-22.879164442420006" lon="15.574681330472231">
        <ele>1025.5999999999999</ele>
        <time>2024-11-26T06:42:50Z</time>
      </trkpt>
      <trkpt lat="-22.879081126302481" lon="15.57451955974102">
        <ele>1025.2</ele>
        <time>2024-11-26T06:43:04Z</time>
      </trkpt>
      <trkpt lat="-22.87899705581367" lon="15.574359800666571">
        <ele>1025</ele>
        <time>2024-11-26T06:43:18Z</time>
      </trkpt>
      <trkpt lat="-22.87882212549448" lon="15.574039360508323">
        <ele>1024.4000000000001</ele>
        <time>2024-11-26T06:43:32Z</time>
      </trkpt>
      <trkpt lat="-22.878643926233053" lon="15.573702994734049">
        <ele>1023.8</ele>
        <time>2024-11-26T06:43:46Z</time>
      </trkpt>
      <trkpt lat="-22.87846296094358" lon="15.573378782719374">
        <ele>1023.2</ele>
        <time>2024-11-26T06:44:00Z</time>
      </trkpt>
      <trkpt lat="-22.878373945131898" lon="15.573220951482654">
        <ele>1022.4</ele>
        <time>2024-11-26T06:44:14Z</time>
      </trkpt>
      <trkpt lat="-22.878293981775641" lon="15.573063204064965">
        <ele>1022</ele>
        <time>2024-11-26T06:44:28Z</time>
      </trkpt>
      <trkpt lat="-22.878222400322556" lon="15.572898918762803">
        <ele>1021.8</ele>
        <time>2024-11-26T06:44:42Z</time>
      </trkpt>
      <trkpt lat="-22.878155764192343" lon="15.572724491357803">
        <ele>1021.8</ele>
        <time>2024-11-26T06:44:56Z</time>
      </trkpt>
      <trkpt lat="-22.878033639863133" lon="15.572355017066002">
        <ele>1021.8</ele>
        <time>2024-11-26T06:45:10Z</time>
      </trkpt>
      <trkpt lat="-22.87797387689352" lon="15.572169106453657">
        <ele>1021.8</ele>
        <time>2024-11-26T06:45:24Z</time>
      </trkpt>
      <trkpt lat="-22.877862565219402" lon="15.571796782314777">
        <ele>1021.8</ele>
        <time>2024-11-26T06:45:38Z</time>
      </trkpt>
      <trkpt lat="-22.877811351791024" lon="15.571612045168877">
        <ele>1021.6</ele>
        <time>2024-11-26T06:45:52Z</time>
      </trkpt>
      <trkpt lat="-22.877761228010058" lon="15.571443485096097">
        <ele>1020.4</ele>
        <time>2024-11-26T06:46:06Z</time>
      </trkpt>
      <trkpt lat="-22.877704566344619" lon="15.571290599182248">
        <ele>1020.2</ele>
        <time>2024-11-26T06:46:20Z</time>
      </trkpt>
      <trkpt lat="-22.877631140872836" lon="15.571151040494442">
        <ele>1019.6</ele>
        <time>2024-11-26T06:46:34Z</time>
      </trkpt>
      <trkpt lat="-22.877544974908233" lon="15.571024725213647">
        <ele>1018.8</ele>
        <time>2024-11-26T06:46:48Z</time>
      </trkpt>
      <trkpt lat="-22.877468699589372" lon="15.570897236466408">
        <ele>1018.2</ele>
        <time>2024-11-26T06:47:02Z</time>
      </trkpt>
      <trkpt lat="-22.877407260239124" lon="15.570766143500805">
        <ele>1017.4</ele>
        <time>2024-11-26T06:47:16Z</time>
      </trkpt>
      <trkpt lat="-22.877361914142966" lon="15.570629937574267">
        <ele>1016.8</ele>
        <time>2024-11-26T06:47:30Z</time>
      </trkpt>
      <trkpt lat="-22.877334421500564" lon="15.570487780496478">
        <ele>1016.2</ele>
        <time>2024-11-26T06:47:44Z</time>
      </trkpt>
      <trkpt lat="-22.877320926636457" lon="15.570343527942896">
        <ele>1015.8</ele>
        <time>2024-11-26T06:47:58Z</time>
      </trkpt>
      <trkpt lat="-22.877309108152986" lon="15.570202209055424">
        <ele>1015.4</ele>
        <time>2024-11-26T06:48:12Z</time>
      </trkpt>
      <trkpt lat="-22.877288404852152" lon="15.570062566548586">
        <ele>1014.6</ele>
        <time>2024-11-26T06:48:26Z</time>
      </trkpt>
      <trkpt lat="-22.8772565536201" lon="15.56992644444108">
        <ele>1013.8</ele>
        <time>2024-11-26T06:48:40Z</time>
      </trkpt>
      <trkpt lat="-22.877213470637798" lon="15.569793507456779">
        <ele>1013.4</ele>
        <time>2024-11-26T06:48:54Z</time>
      </trkpt>
      <trkpt lat="-22.8771598264575" lon="15.569667527452111">
        <ele>1013</ele>
        <time>2024-11-26T06:49:08Z</time>
      </trkpt>
      <trkpt lat="-22.877101320773363" lon="15.569541798904538">
        <ele>1012</ele>
        <time>2024-11-26T06:49:22Z</time>
      </trkpt>
      <trkpt lat="-22.877044240012765" lon="15.569414729252458">
        <ele>1011.4</ele>
        <time>2024-11-26T06:49:36Z</time>
      </trkpt>
      <trkpt lat="-22.876953966915607" lon="15.569153884425759">
        <ele>1011.2</ele>
        <time>2024-11-26T06:49:50Z</time>
      </trkpt>
      <trkpt lat="-22.876929910853505" lon="15.569017007946968">
        <ele>1011.2</ele>
        <time>2024-11-26T06:50:04Z</time>
      </trkpt>
      <trkpt lat="-22.876919014379382" lon="15.568885495886207">
        <ele>1011.2</ele>
        <time>2024-11-26T06:50:18Z</time>
      </trkpt>
      <trkpt lat="-22.876896718516946" lon="15.568756582215428">
        <ele>1011.4</ele>
        <time>2024-11-26T06:50:32Z</time>
      </trkpt>
      <trkpt lat="-22.8768558986485" lon="15.568639319390059">
        <ele>1011.6</ele>
        <time>2024-11-26T06:50:46Z</time>
      </trkpt>
      <trkpt lat="-22.876792950555682" lon="15.568531611934304">
        <ele>1011.6</ele>
        <time>2024-11-26T06:51:00Z</time>
      </trkpt>
      <trkpt lat="-22.876718938350677" lon="15.568433962762356">
        <ele>1011.6</ele>
        <time>2024-11-26T06:51:14Z</time>
      </trkpt>
      <trkpt lat="-22.87664232775569" lon="15.568338828161359">
        <ele>1011.6</ele>
        <time>2024-11-26T06:51:28Z</time>
      </trkpt>
      <trkpt lat="-22.876580217853189" lon="15.568230617791414">
        <ele>1011.6</ele>
        <time>2024-11-26T06:51:42Z</time>
      </trkpt>
      <trkpt lat="-22.87653487175703" lon="15.568113354966044">
        <ele>1011.6</ele>
        <time>2024-11-26T06:51:56Z</time>
      </trkpt>
      <trkpt lat="-22.876451220363379" lon="15.567857036367059">
        <ele>1012</ele>
        <time>2024-11-26T06:52:10Z</time>
      </trkpt>
      <trkpt lat="-22.876263381913304" lon="15.56730248965323">
        <ele>1012</ele>
        <time>2024-11-26T06:52:24Z</time>
      </trkpt>
      <trkpt lat="-22.876172605901957" lon="15.567015912383795">
        <ele>1011.8</ele>
        <time>2024-11-26T06:52:38Z</time>
      </trkpt>
      <trkpt lat="-22.876068167388439" lon="15.566560691222548">
        <ele>1010.6</ele>
        <time>2024-11-26T06:52:52Z</time>
      </trkpt>
      <trkpt lat="-22.875985438004136" lon="15.566248716786504">
        <ele>1010.4</ele>
        <time>2024-11-26T06:53:06Z</time>
      </trkpt>
      <trkpt lat="-22.875897008925676" lon="15.565932132303715">
        <ele>1009.6</ele>
        <time>2024-11-26T06:53:20Z</time>
      </trkpt>
      <trkpt lat="-22.875790474936366" lon="15.565411280840635">
        <ele>1009.4</ele>
        <time>2024-11-26T06:53:34Z</time>
      </trkpt>
      <trkpt lat="-22.875650748610497" lon="15.56467954069376">
        <ele>1008.6</ele>
        <time>2024-11-26T06:53:48Z</time>
      </trkpt>
      <trkpt lat="-22.875615963712335" lon="15.564494719728827">
        <ele>1008</ele>
        <time>2024-11-26T06:54:02Z</time>
      </trkpt>
      <trkpt lat="-22.875584531575441" lon="15.564314760267735">
        <ele>1007.8</ele>
        <time>2024-11-26T06:54:16Z</time>
      </trkpt>
      <trkpt lat="-22.875554356724024" lon="15.564137985929847">
        <ele>1007.6</ele>
        <time>2024-11-26T06:54:30Z</time>
      </trkpt>
      <trkpt lat="-22.875526780262589" lon="15.56396515108645">
        <ele>1007</ele>
        <time>2024-11-26T06:54:44Z</time>
      </trkpt>
      <trkpt lat="-22.875497695058584" lon="15.563796004280448">
        <ele>1006.4</ele>
        <time>2024-11-26T06:54:58Z</time>
      </trkpt>
      <trkpt lat="-22.875467771664262" lon="15.563624175265431">
        <ele>1005.4</ele>
        <time>2024-11-26T06:55:12Z</time>
      </trkpt>
      <trkpt lat="-22.875445559620857" lon="15.563455615192652">
        <ele>1004.6</ele>
        <time>2024-11-26T06:55:26Z</time>
      </trkpt>
      <trkpt lat="-22.87542225793004" lon="15.563289066776633">
        <ele>1003.8</ele>
        <time>2024-11-26T06:55:40Z</time>
      </trkpt>
      <trkpt lat="-22.875345228239894" lon="15.562954796478152">
        <ele>1003.2</ele>
        <time>2024-11-26T06:55:54Z</time>
      </trkpt>
      <trkpt lat="-22.875286052003503" lon="15.562799815088511">
        <ele>1003.2</ele>
        <time>2024-11-26T06:56:08Z</time>
      </trkpt>
      <trkpt lat="-22.875219499692321" lon="15.562652042135596">
        <ele>1002.6</ele>
        <time>2024-11-26T06:56:23Z</time>
      </trkpt>
      <trkpt lat="-22.875164095312357" lon="15.562498904764652">
        <ele>1002.2</ele>
        <time>2024-11-26T06:56:37Z</time>
      </trkpt>
      <trkpt lat="-22.875110870227218" lon="15.562342079356313">
        <ele>1001.8</ele>
        <time>2024-11-26T06:56:51Z</time>
      </trkpt>
      <trkpt lat="-22.874918002635241" lon="15.561860874295235">
        <ele>1001</ele>
        <time>2024-11-26T06:57:05Z</time>
      </trkpt>
      <trkpt lat="-22.874621450901031" lon="15.561227956786752">
        <ele>999.79999999999995</ele>
        <time>2024-11-26T06:57:19Z</time>
      </trkpt>
      <trkpt lat="-22.874471917748451" lon="15.560918664559722">
        <ele>998.79999999999995</ele>
        <time>2024-11-26T06:57:33Z</time>
      </trkpt>
      <trkpt lat="-22.87440444342792" lon="15.56076318025589">
        <ele>998.39999999999998</ele>
        <time>2024-11-26T06:57:47Z</time>
      </trkpt>
      <trkpt lat="-22.874343171715736" lon="15.560605181381106">
        <ele>998.20000000000005</ele>
        <time>2024-11-26T06:58:01Z</time>
      </trkpt>
      <trkpt lat="-22.874289862811565" lon="15.560440812259912">
        <ele>998.20000000000005</ele>
        <time>2024-11-26T06:58:15Z</time>
      </trkpt>
      <trkpt lat="-22.874194728210568" lon="15.560101931914687">
        <ele>997.60000000000002</ele>
        <time>2024-11-26T06:58:29Z</time>
      </trkpt>
      <trkpt lat="-22.873991383239627" lon="15.559392319992185">
        <ele>996.60000000000002</ele>
        <time>2024-11-26T06:58:43Z</time>
      </trkpt>
      <trkpt lat="-22.873930782079697" lon="15.559214456006885">
        <ele>996.39999999999998</ele>
        <time>2024-11-26T06:58:57Z</time>
      </trkpt>
      <trkpt lat="-22.873807651922107" lon="15.558848334476352">
        <ele>995.39999999999998</ele>
        <time>2024-11-26T06:59:11Z</time>
      </trkpt>
      <trkpt lat="-22.87362358532846" lon="15.558287752792239">
        <ele>994.20000000000005</ele>
        <time>2024-11-26T06:59:25Z</time>
      </trkpt>
      <trkpt lat="-22.873513363301754" lon="15.557908555492759">
        <ele>992.39999999999998</ele>
        <time>2024-11-26T06:59:39Z</time>
      </trkpt>
      <trkpt lat="-22.873466005548835" lon="15.557717112824321">
        <ele>992.20000000000005</ele>
        <time>2024-11-26T06:59:53Z</time>
      </trkpt>
      <trkpt lat="-22.873384281992912" lon="15.557332718744874">
        <ele>991.20000000000005</ele>
        <time>2024-11-26T07:00:08Z</time>
      </trkpt>
      <trkpt lat="-22.87334262393415" lon="15.557137001305819">
        <ele>990.60000000000002</ele>
        <time>2024-11-26T07:00:22Z</time>
      </trkpt>
      <trkpt lat="-22.873255116865039" lon="15.556755037978292">
        <ele>990.20000000000005</ele>
        <time>2024-11-26T07:00:36Z</time>
      </trkpt>
      <trkpt lat="-22.873096195980906" lon="15.556191522628069">
        <ele>989.79999999999995</ele>
        <time>2024-11-26T07:00:50Z</time>
      </trkpt>
      <trkpt lat="-22.872960576787591" lon="15.555820120498538">
        <ele>989.79999999999995</ele>
        <time>2024-11-26T07:01:04Z</time>
      </trkpt>
      <trkpt lat="-22.872738623991609" lon="15.555266328155994">
        <ele>989.79999999999995</ele>
        <time>2024-11-26T07:01:18Z</time>
      </trkpt>
      <trkpt lat="-22.872652458027005" lon="15.554881766438484">
        <ele>989.79999999999995</ele>
        <time>2024-11-26T07:01:32Z</time>
      </trkpt>
      <trkpt lat="-22.872509965673089" lon="15.554327303543687">
        <ele>989</ele>
        <time>2024-11-26T07:01:46Z</time>
      </trkpt>
      <trkpt lat="-22.872471157461405" lon="15.554156815633178">
        <ele>988.60000000000002</ele>
        <time>2024-11-26T07:02:00Z</time>
      </trkpt>
      <trkpt lat="-22.872424051165581" lon="15.554005019366741">
        <ele>988.20000000000005</ele>
        <time>2024-11-26T07:02:14Z</time>
      </trkpt>
      <trkpt lat="-22.872357834130526" lon="15.55386277846992">
        <ele>987</ele>
        <time>2024-11-26T07:02:28Z</time>
      </trkpt>
      <trkpt lat="-22.872277954593301" lon="15.55372690781951">
        <ele>986.60000000000002</ele>
        <time>2024-11-26T07:02:43Z</time>
      </trkpt>
      <trkpt lat="-22.872189525514841" lon="15.553591204807162">
        <ele>986.39999999999998</ele>
        <time>2024-11-26T07:02:57Z</time>
      </trkpt>
      <trkpt lat="-22.872025407850742" lon="15.553301274776459">
        <ele>985.60000000000002</ele>
        <time>2024-11-26T07:03:11Z</time>
      </trkpt>
      <trkpt lat="-22.871960867196321" lon="15.553142772987485">
        <ele>985.20000000000005</ele>
        <time>2024-11-26T07:03:25Z</time>
      </trkpt>
      <trkpt lat="-22.871913593262434" lon="15.552983265370131">
        <ele>985</ele>
        <time>2024-11-26T07:03:39Z</time>
      </trkpt>
      <trkpt lat="-22.871884172782302" lon="15.552817890420556">
        <ele>984.60000000000002</ele>
        <time>2024-11-26T07:03:53Z</time>
      </trkpt>
      <trkpt lat="-22.871862463653088" lon="15.552654191851616">
        <ele>984.39999999999998</ele>
        <time>2024-11-26T07:04:07Z</time>
      </trkpt>
      <trkpt lat="-22.871691808104515" lon="15.551976934075356">
        <ele>983.39999999999998</ele>
        <time>2024-11-26T07:04:21Z</time>
      </trkpt>
      <trkpt lat="-22.871588543057442" lon="15.55163855664432">
        <ele>982.60000000000002</ele>
        <time>2024-11-26T07:04:35Z</time>
      </trkpt>
      <trkpt lat="-22.871535904705524" lon="15.551466643810272">
        <ele>982.39999999999998</ele>
        <time>2024-11-26T07:04:50Z</time>
      </trkpt>
      <trkpt lat="-22.871481254696846" lon="15.551296323537827">
        <ele>982</ele>
        <time>2024-11-26T07:05:04Z</time>
      </trkpt>
      <trkpt lat="-22.87135636433959" lon="15.550961466506124">
        <ele>981.60000000000002</ele>
        <time>2024-11-26T07:05:18Z</time>
      </trkpt>
      <trkpt lat="-22.871234659105539" lon="15.550625519827008">
        <ele>981</ele>
        <time>2024-11-26T07:05:32Z</time>
      </trkpt>
      <trkpt lat="-22.871191240847111" lon="15.550450505688787">
        <ele>980.79999999999995</ele>
        <time>2024-11-26T07:05:46Z</time>
      </trkpt>
      <trkpt lat="-22.871102225035429" lon="15.55008077993989">
        <ele>979.79999999999995</ele>
        <time>2024-11-26T07:06:00Z</time>
      </trkpt>
      <trkpt lat="-22.871057968586683" lon="15.549890678375959">
        <ele>979.20000000000005</ele>
        <time>2024-11-26T07:06:14Z</time>
      </trkpt>
      <trkpt lat="-22.870961744338274" lon="15.549509385600686">
        <ele>978</ele>
        <time>2024-11-26T07:06:28Z</time>
      </trkpt>
      <trkpt lat="-22.870861245319247" lon="15.549118118360639">
        <ele>976.60000000000002</ele>
        <time>2024-11-26T07:06:43Z</time>
      </trkpt>
      <trkpt lat="-22.870809780433774" lon="15.548922065645456">
        <ele>975.79999999999995</ele>
        <time>2024-11-26T07:06:57Z</time>
      </trkpt>
      <trkpt lat="-22.870752364397049" lon="15.548727940768003">
        <ele>975.60000000000002</ele>
        <time>2024-11-26T07:07:11Z</time>
      </trkpt>
      <trkpt lat="-22.870551533997059" lon="15.548154534772038">
        <ele>974.60000000000002</ele>
        <time>2024-11-26T07:07:25Z</time>
      </trkpt>
      <trkpt lat="-22.870482467114925" lon="15.547966361045837">
        <ele>974.20000000000005</ele>
        <time>2024-11-26T07:07:39Z</time>
      </trkpt>
      <trkpt lat="-22.870349194854498" lon="15.547583727166057">
        <ele>973.39999999999998</ele>
        <time>2024-11-26T07:07:53Z</time>
      </trkpt>
      <trkpt lat="-22.870293287560344" lon="15.547387171536684">
        <ele>973.20000000000005</ele>
        <time>2024-11-26T07:08:07Z</time>
      </trkpt>
      <trkpt lat="-22.870240146294236" lon="15.547193884849548">
        <ele>972.79999999999995</ele>
        <time>2024-11-26T07:08:22Z</time>
      </trkpt>
      <trkpt lat="-22.870185915380716" lon="15.546999843791127">
        <ele>972</ele>
        <time>2024-11-26T07:08:36Z</time>
      </trkpt>
      <trkpt lat="-22.870033867657185" lon="15.546425767242908">
        <ele>970.39999999999998</ele>
        <time>2024-11-26T07:08:50Z</time>
      </trkpt>
      <trkpt lat="-22.869921801611781" lon="15.546050006523728">
        <ele>968.79999999999995</ele>
        <time>2024-11-26T07:09:04Z</time>
      </trkpt>
      <trkpt lat="-22.869864469394088" lon="15.545866275206208">
        <ele>968.39999999999998</ele>
        <time>2024-11-26T07:09:18Z</time>
      </trkpt>
      <trkpt lat="-22.869802191853523" lon="15.545680867508054">
        <ele>968.20000000000005</ele>
        <time>2024-11-26T07:09:32Z</time>
      </trkpt>
      <trkpt lat="-22.86973848938942" lon="15.545494621619582">
        <ele>968.20000000000005</ele>
        <time>2024-11-26T07:09:47Z</time>
      </trkpt>
      <trkpt lat="-22.869608234614134" lon="15.545127745717764">
        <ele>967.39999999999998</ele>
        <time>2024-11-26T07:10:01Z</time>
      </trkpt>
      <trkpt lat="-22.869543107226491" lon="15.544947870075703">
        <ele>967.20000000000005</ele>
        <time>2024-11-26T07:10:15Z</time>
      </trkpt>
      <trkpt lat="-22.869385862722993" lon="15.544590717181563">
        <ele>966.60000000000002</ele>
        <time>2024-11-26T07:10:29Z</time>
      </trkpt>
      <trkpt lat="-22.869299193844199" lon="15.544408159330487">
        <ele>966.20000000000005</ele>
        <time>2024-11-26T07:10:43Z</time>
      </trkpt>
      <trkpt lat="-22.86902611143887" lon="15.54386199451983">
        <ele>965.39999999999998</ele>
        <time>2024-11-26T07:10:57Z</time>
      </trkpt>
      <trkpt lat="-22.868940699845552" lon="15.543677425011992">
        <ele>965.20000000000005</ele>
        <time>2024-11-26T07:11:12Z</time>
      </trkpt>
      <trkpt lat="-22.868859730660915" lon="15.543490843847394">
        <ele>964.79999999999995</ele>
        <time>2024-11-26T07:11:26Z</time>
      </trkpt>
      <trkpt lat="-22.868712712079287" lon="15.543106282129884">
        <ele>964</ele>
        <time>2024-11-26T07:11:40Z</time>
      </trkpt>
      <trkpt lat="-22.868509031832218" lon="15.542534803971648">
        <ele>962.79999999999995</ele>
        <time>2024-11-26T07:11:54Z</time>
      </trkpt>
      <trkpt lat="-22.868362767621875" lon="15.542169520631433">
        <ele>960.79999999999995</ele>
        <time>2024-11-26T07:12:08Z</time>
      </trkpt>
      <trkpt lat="-22.868299400433898" lon="15.541993333026767">
        <ele>960.60000000000002</ele>
        <time>2024-11-26T07:12:22Z</time>
      </trkpt>
      <trkpt lat="-22.868251791223884" lon="15.541823850944638">
        <ele>960.39999999999998</ele>
        <time>2024-11-26T07:12:37Z</time>
      </trkpt>
      <trkpt lat="-22.868202505633235" lon="15.541652692481875">
        <ele>960.20000000000005</ele>
        <time>2024-11-26T07:12:51Z</time>
      </trkpt>
      <trkpt lat="-22.868141988292336" lon="15.541482456028461">
        <ele>959.79999999999995</ele>
        <time>2024-11-26T07:13:05Z</time>
      </trkpt>
      <trkpt lat="-22.868078537285328" lon="15.541312219575047">
        <ele>959.20000000000005</ele>
        <time>2024-11-26T07:13:19Z</time>
      </trkpt>
      <trkpt lat="-22.867954652756453" lon="15.540962442755699">
        <ele>957.39999999999998</ele>
        <time>2024-11-26T07:13:33Z</time>
      </trkpt>
      <trkpt lat="-22.867817776277661" lon="15.540611576288939">
        <ele>955.79999999999995</ele>
        <time>2024-11-26T07:13:48Z</time>
      </trkpt>
      <trkpt lat="-22.867678636685014" lon="15.540288621559739">
        <ele>955.20000000000005</ele>
        <time>2024-11-26T07:14:02Z</time>
      </trkpt>
      <trkpt lat="-22.867606468498707" lon="15.540151074528694">
        <ele>954.60000000000002</ele>
        <time>2024-11-26T07:14:16Z</time>
      </trkpt>
      <trkpt lat="-22.867544777691364" lon="15.540019478648901">
        <ele>954.39999999999998</ele>
        <time>2024-11-26T07:14:30Z</time>
      </trkpt>
      <trkpt lat="-22.86750647239387" lon="15.539886206388474">
        <ele>954</ele>
        <time>2024-11-26T07:14:44Z</time>
      </trkpt>
      <trkpt lat="-22.867494653910398" lon="15.5397536046803">
        <ele>953.79999999999995</ele>
        <time>2024-11-26T07:14:59Z</time>
      </trkpt>
      <trkpt lat="-22.867473615333438" lon="15.539621002972126">
        <ele>953.39999999999998</ele>
        <time>2024-11-26T07:15:13Z</time>
      </trkpt>
      <trkpt lat="-22.867449223995209" lon="15.539482198655605">
        <ele>953</ele>
        <time>2024-11-26T07:15:27Z</time>
      </trkpt>
      <trkpt lat="-22.86738334223628" lon="15.539190843701363">
        <ele>952.60000000000002</ele>
        <time>2024-11-26T07:15:41Z</time>
      </trkpt>
      <trkpt lat="-22.867342103272676" lon="15.53904608823359">
        <ele>952.39999999999998</ele>
        <time>2024-11-26T07:15:55Z</time>
      </trkpt>
      <trkpt lat="-22.867161557078362" lon="15.538465641438961">
        <ele>952</ele>
        <time>2024-11-26T07:16:10Z</time>
      </trkpt>
      <trkpt lat="-22.867119731381536" lon="15.538314934819937">
        <ele>952</ele>
        <time>2024-11-26T07:16:24Z</time>
      </trkpt>
      <trkpt lat="-22.866897778585553" lon="15.537693835794926">
        <ele>952</ele>
        <time>2024-11-26T07:16:38Z</time>
      </trkpt>
      <trkpt lat="-22.866748496890068" lon="15.537370042875409">
        <ele>951</ele>
        <time>2024-11-26T07:16:52Z</time>
      </trkpt>
      <trkpt lat="-22.866526292636991" lon="15.536853298544884">
        <ele>949.60000000000002</ele>
        <time>2024-11-26T07:17:06Z</time>
      </trkpt>
      <trkpt lat="-22.866242900490761" lon="15.536171179264784">
        <ele>949</ele>
        <time>2024-11-26T07:17:21Z</time>
      </trkpt>
      <trkpt lat="-22.866169642657042" lon="15.536006474867463">
        <ele>948.60000000000002</ele>
        <time>2024-11-26T07:17:35Z</time>
      </trkpt>
      <trkpt lat="-22.866105940192938" lon="15.535836238414049">
        <ele>948.20000000000005</ele>
        <time>2024-11-26T07:17:49Z</time>
      </trkpt>
      <trkpt lat="-22.865971997380257" lon="15.535489814355969">
        <ele>947.60000000000002</ele>
        <time>2024-11-26T07:18:03Z</time>
      </trkpt>
      <trkpt lat="-22.865908546373248" lon="15.535311782732606">
        <ele>947</ele>
        <time>2024-11-26T07:18:18Z</time>
      </trkpt>
      <trkpt lat="-22.865695143118501" lon="15.534586496651173">
        <ele>945.39999999999998</ele>
        <time>2024-11-26T07:18:32Z</time>
      </trkpt>
      <trkpt lat="-22.865645019337535" lon="15.534399915486574">
        <ele>944.79999999999995</ele>
        <time>2024-11-26T07:18:46Z</time>
      </trkpt>
      <trkpt lat="-22.865494480356574" lon="15.533845871686935">
        <ele>944</ele>
        <time>2024-11-26T07:19:00Z</time>
      </trkpt>
      <trkpt lat="-22.865335140377283" lon="15.533294593915343">
        <ele>942.20000000000005</ele>
        <time>2024-11-26T07:19:14Z</time>
      </trkpt>
      <trkpt lat="-22.865116121247411" lon="15.532558914273977">
        <ele>941</ele>
        <time>2024-11-26T07:19:29Z</time>
      </trkpt>
      <trkpt lat="-22.864965163171291" lon="15.532002439722419">
        <ele>939.79999999999995</ele>
        <time>2024-11-26T07:19:43Z</time>
      </trkpt>
      <trkpt lat="-22.86491378210485" lon="15.531814349815249">
        <ele>939.39999999999998</ele>
        <time>2024-11-26T07:19:57Z</time>
      </trkpt>
      <trkpt lat="-22.864803476259112" lon="15.531444121152163">
        <ele>938.60000000000002</ele>
        <time>2024-11-26T07:20:11Z</time>
      </trkpt>
      <trkpt lat="-22.864628965035081" lon="15.530886724591255">
        <ele>937.60000000000002</ele>
        <time>2024-11-26T07:20:26Z</time>
      </trkpt>
      <trkpt lat="-22.86447549238801" lon="15.530331674963236">
        <ele>936.60000000000002</ele>
        <time>2024-11-26T07:20:40Z</time>
      </trkpt>
      <trkpt lat="-22.864437522366643" lon="15.530145931988955">
        <ele>936.39999999999998</ele>
        <time>2024-11-26T07:20:54Z</time>
      </trkpt>
      <trkpt lat="-22.864413550123572" lon="15.529958512634039">
        <ele>936.20000000000005</ele>
        <time>2024-11-26T07:21:09Z</time>
      </trkpt>
      <trkpt lat="-22.864406676962972" lon="15.529777128249407">
        <ele>935.39999999999998</ele>
        <time>2024-11-26T07:21:23Z</time>
      </trkpt>
      <trkpt lat="-22.864404749125242" lon="15.529597755521536">
        <ele>934.39999999999998</ele>
        <time>2024-11-26T07:21:37Z</time>
      </trkpt>
      <trkpt lat="-22.864401061087847" lon="15.529417628422379">
        <ele>934</ele>
        <time>2024-11-26T07:21:51Z</time>
      </trkpt>
      <trkpt lat="-22.864389913156629" lon="15.529237920418382">
        <ele>933.79999999999995</ele>
        <time>2024-11-26T07:22:06Z</time>
      </trkpt>
      <trkpt lat="-22.864358397200704" lon="15.528885880485177">
        <ele>932.79999999999995</ele>
        <time>2024-11-26T07:22:20Z</time>
      </trkpt>
      <trkpt lat="-22.864344147965312" lon="15.528712207451463">
        <ele>932</ele>
        <time>2024-11-26T07:22:34Z</time>
      </trkpt>
      <trkpt lat="-22.86432302556932" lon="15.528539456427097">
        <ele>931.60000000000002</ele>
        <time>2024-11-26T07:22:48Z</time>
      </trkpt>
      <trkpt lat="-22.864231998100877" lon="15.527832945808768">
        <ele>930.60000000000002</ele>
        <time>2024-11-26T07:23:03Z</time>
      </trkpt>
      <trkpt lat="-22.86420869641006" lon="15.527662374079227">
        <ele>930.20000000000005</ele>
        <time>2024-11-26T07:23:17Z</time>
      </trkpt>
      <trkpt lat="-22.864185813814402" lon="15.527486521750689">
        <ele>929.39999999999998</ele>
        <time>2024-11-26T07:23:31Z</time>
      </trkpt>
      <trkpt lat="-22.864159997552633" lon="15.527307819575071">
        <ele>928.79999999999995</ele>
        <time>2024-11-26T07:23:46Z</time>
      </trkpt>
      <trkpt lat="-22.864083638414741" lon="15.526761738583446">
        <ele>927.60000000000002</ele>
        <time>2024-11-26T07:24:00Z</time>
      </trkpt>
      <trkpt lat="-22.864036783576012" lon="15.526406429708004">
        <ele>926.79999999999995</ele>
        <time>2024-11-26T07:24:14Z</time>
      </trkpt>
      <trkpt lat="-22.864025719463825" lon="15.526237618178129">
        <ele>926.39999999999998</ele>
        <time>2024-11-26T07:24:28Z</time>
      </trkpt>
      <trkpt lat="-22.864012895151973" lon="15.52607542835176">
        <ele>925.60000000000002</ele>
        <time>2024-11-26T07:24:43Z</time>
      </trkpt>
      <trkpt lat="-22.863994874060154" lon="15.525920782238245">
        <ele>925</ele>
        <time>2024-11-26T07:24:57Z</time>
      </trkpt>
      <trkpt lat="-22.863973584026098" lon="15.525764459744096">
        <ele>924.20000000000005</ele>
        <time>2024-11-26T07:25:11Z</time>
      </trkpt>
      <trkpt lat="-22.863948438316584" lon="15.525607885792851">
        <ele>924</ele>
        <time>2024-11-26T07:25:26Z</time>
      </trkpt>
      <trkpt lat="-22.863910971209407" lon="15.525449886918068">
        <ele>923.79999999999995</ele>
        <time>2024-11-26T07:25:40Z</time>
      </trkpt>
      <trkpt lat="-22.863863026723266" lon="15.525289624929428">
        <ele>923.60000000000002</ele>
        <time>2024-11-26T07:25:54Z</time>
      </trkpt>
      <trkpt lat="-22.863759342581034" lon="15.524981003254652">
        <ele>923</ele>
        <time>2024-11-26T07:26:08Z</time>
      </trkpt>
      <trkpt lat="-22.86372447386384" lon="15.524819986894727">
        <ele>923</ele>
        <time>2024-11-26T07:26:23Z</time>
      </trkpt>
      <trkpt lat="-22.863705111667514" lon="15.524651762098074">
        <ele>922.79999999999995</ele>
        <time>2024-11-26T07:26:37Z</time>
      </trkpt>
      <trkpt lat="-22.863647360354662" lon="15.524162761867046">
        <ele>922.20000000000005</ele>
        <time>2024-11-26T07:26:51Z</time>
      </trkpt>
      <trkpt lat="-22.863606372848153" lon="15.524005349725485">
        <ele>921.79999999999995</ele>
        <time>2024-11-26T07:27:06Z</time>
      </trkpt>
      <trkpt lat="-22.863482488319278" lon="15.523502770811319">
        <ele>920.60000000000002</ele>
        <time>2024-11-26T07:27:20Z</time>
      </trkpt>
      <trkpt lat="-22.863393221050501" lon="15.52315391600132">
        <ele>920.20000000000005</ele>
        <time>2024-11-26T07:27:34Z</time>
      </trkpt>
      <trkpt lat="-22.863346030935645" lon="15.522980410605669">
        <ele>919.79999999999995</ele>
        <time>2024-11-26T07:27:49Z</time>
      </trkpt>
      <trkpt lat="-22.863297499716282" lon="15.522804474458098">
        <ele>919.39999999999998</ele>
        <time>2024-11-26T07:28:03Z</time>
      </trkpt>
      <trkpt lat="-22.863120976835489" lon="15.522076925262809">
        <ele>918.20000000000005</ele>
        <time>2024-11-26T07:28:17Z</time>
      </trkpt>
      <trkpt lat="-22.863081078976393" lon="15.521879363805056">
        <ele>918</ele>
        <time>2024-11-26T07:28:31Z</time>
      </trkpt>
      <trkpt lat="-22.863007402047515" lon="15.521510476246476">
        <ele>917.20000000000005</ele>
        <time>2024-11-26T07:28:46Z</time>
      </trkpt>
      <trkpt lat="-22.862962726503611" lon="15.521328086033463">
        <ele>916.79999999999995</ele>
        <time>2024-11-26T07:29:00Z</time>
      </trkpt>
      <trkpt lat="-22.862856946885586" lon="15.520957773551345">
        <ele>916</ele>
        <time>2024-11-26T07:29:14Z</time>
      </trkpt>
      <trkpt lat="-22.86280338652432" lon="15.520770102739334">
        <ele>915.60000000000002</ele>
        <time>2024-11-26T07:29:29Z</time>
      </trkpt>
      <trkpt lat="-22.862640777602792" lon="15.520223267376423">
        <ele>914.39999999999998</ele>
        <time>2024-11-26T07:29:43Z</time>
      </trkpt>
      <trkpt lat="-22.862456040456891" lon="15.519675342366099">
        <ele>913.39999999999998</ele>
        <time>2024-11-26T07:29:57Z</time>
      </trkpt>
      <trkpt lat="-22.862389404326677" lon="15.51949311979115">
        <ele>912.60000000000002</ele>
        <time>2024-11-26T07:30:12Z</time>
      </trkpt>
      <trkpt lat="-22.862318409606814" lon="15.519308298826218">
        <ele>912</ele>
        <time>2024-11-26T07:30:26Z</time>
      </trkpt>
      <trkpt lat="-22.862095283344388" lon="15.518760373815894">
        <ele>911</ele>
        <time>2024-11-26T07:30:40Z</time>
      </trkpt>
      <trkpt lat="-22.862020013853908" lon="15.518573792651296">
        <ele>910.60000000000002</ele>
        <time>2024-11-26T07:30:55Z</time>
      </trkpt>
      <trkpt lat="-22.861871905624866" lon="15.51819727756083">
        <ele>910</ele>
        <time>2024-11-26T07:31:09Z</time>
      </trkpt>
      <trkpt lat="-22.861660262569785" lon="15.51764071919024">
        <ele>909.60000000000002</ele>
        <time>2024-11-26T07:31:23Z</time>
      </trkpt>
      <trkpt lat="-22.861594967544079" lon="15.517461178824306">
        <ele>908.79999999999995</ele>
        <time>2024-11-26T07:31:38Z</time>
      </trkpt>
      <trkpt lat="-22.86152564920485" lon="15.517285410314798">
        <ele>908.60000000000002</ele>
        <time>2024-11-26T07:31:52Z</time>
      </trkpt>
      <trkpt lat="-22.861451553180814" lon="15.517112491652369">
        <ele>907.79999999999995</ele>
        <time>2024-11-26T07:32:06Z</time>
      </trkpt>
      <trkpt lat="-22.861376199871302" lon="15.516941081732512">
        <ele>907.20000000000005</ele>
        <time>2024-11-26T07:32:21Z</time>
      </trkpt>
      <trkpt lat="-22.861303696408868" lon="15.516765983775258">
        <ele>906.39999999999998</ele>
        <time>2024-11-26T07:32:35Z</time>
      </trkpt>
      <trkpt lat="-22.861125245690346" lon="15.51622711122036">
        <ele>905.60000000000002</ele>
        <time>2024-11-26T07:32:50Z</time>
      </trkpt>
      <trkpt lat="-22.861070679500699" lon="15.516047738492489">
        <ele>905.60000000000002</ele>
        <time>2024-11-26T07:33:04Z</time>
      </trkpt>
      <trkpt lat="-22.861014017835259" lon="15.515868533402681">
        <ele>904.60000000000002</ele>
        <time>2024-11-26T07:33:18Z</time>
      </trkpt>
      <trkpt lat="-22.860890300944448" lon="15.515508530661464">
        <ele>903.39999999999998</ele>
        <time>2024-11-26T07:33:33Z</time>
      </trkpt>
      <trkpt lat="-22.860776893794537" lon="15.51513746380806">
        <ele>902.60000000000002</ele>
        <time>2024-11-26T07:33:47Z</time>
      </trkpt>
      <trkpt lat="-22.860688464716077" lon="15.514758015051484">
        <ele>902</ele>
        <time>2024-11-26T07:34:01Z</time>
      </trkpt>
      <trkpt lat="-22.860595928505063" lon="15.514387786388397">
        <ele>901.39999999999998</ele>
        <time>2024-11-26T07:34:16Z</time>
      </trkpt>
      <trkpt lat="-22.86054152995348" lon="15.514212353155017">
        <ele>901.39999999999998</ele>
        <time>2024-11-26T07:34:30Z</time>
      </trkpt>
      <trkpt lat="-22.86048830486834" lon="15.514036836102605">
        <ele>900.60000000000002</ele>
        <time>2024-11-26T07:34:44Z</time>
      </trkpt>
      <trkpt lat="-22.860436085611582" lon="15.513861235231161">
        <ele>900.20000000000005</ele>
        <time>2024-11-26T07:34:59Z</time>
      </trkpt>
      <trkpt lat="-22.860384536907077" lon="15.513683957979083">
        <ele>899.60000000000002</ele>
        <time>2024-11-26T07:35:13Z</time>
      </trkpt>
      <trkpt lat="-22.860335167497396" lon="15.513505088165402">
        <ele>899.20000000000005</ele>
        <time>2024-11-26T07:35:28Z</time>
      </trkpt>
      <trkpt lat="-22.860290156677365" lon="15.513328230008483">
        <ele>899</ele>
        <time>2024-11-26T07:35:42Z</time>
      </trkpt>
      <trkpt lat="-22.860249420627952" lon="15.513152293860912">
        <ele>898.60000000000002</ele>
        <time>2024-11-26T07:35:56Z</time>
      </trkpt>
      <trkpt lat="-22.860206086188555" lon="15.512978956103325">
        <ele>898.20000000000005</ele>
        <time>2024-11-26T07:36:11Z</time>
      </trkpt>
      <trkpt lat="-22.860161578282714" lon="15.512806037440896">
        <ele>897.20000000000005</ele>
        <time>2024-11-26T07:36:25Z</time>
      </trkpt>
      <trkpt lat="-22.860120590776205" lon="15.512624066323042">
        <ele>896.60000000000002</ele>
        <time>2024-11-26T07:36:39Z</time>
      </trkpt>
      <trkpt lat="-22.860047332942486" lon="15.51225895062089">
        <ele>896.20000000000005</ele>
        <time>2024-11-26T07:36:54Z</time>
      </trkpt>
      <trkpt lat="-22.860025623813272" lon="15.512072956189513">
        <ele>896</ele>
        <time>2024-11-26T07:37:08Z</time>
      </trkpt>
      <trkpt lat="-22.86001774482429" lon="15.511888219043612">
        <ele>895.79999999999995</ele>
        <time>2024-11-26T07:37:23Z</time>
      </trkpt>
      <trkpt lat="-22.8600172419101" lon="15.511701051145792">
        <ele>895.39999999999998</ele>
        <time>2024-11-26T07:37:37Z</time>
      </trkpt>
      <trkpt lat="-22.859972314909101" lon="15.511146085336804">
        <ele>894.20000000000005</ele>
        <time>2024-11-26T07:37:51Z</time>
      </trkpt>
      <trkpt lat="-22.859915234148502" lon="15.510781807824969">
        <ele>893.60000000000002</ele>
        <time>2024-11-26T07:38:06Z</time>
      </trkpt>
      <trkpt lat="-22.85987994633615" lon="15.510597992688417">
        <ele>893.20000000000005</ele>
        <time>2024-11-26T07:38:20Z</time>
      </trkpt>
      <trkpt lat="-22.859761342406273" lon="15.51004352979362">
        <ele>892</ele>
        <time>2024-11-26T07:38:35Z</time>
      </trkpt>
      <trkpt lat="-22.859694035723805" lon="15.509660728275776">
        <ele>890.79999999999995</ele>
        <time>2024-11-26T07:38:49Z</time>
      </trkpt>
      <trkpt lat="-22.859654137864709" lon="15.509300390258431">
        <ele>890.20000000000005</ele>
        <time>2024-11-26T07:39:03Z</time>
      </trkpt>
      <trkpt lat="-22.859612731263041" lon="15.509144151583314">
        <ele>889.79999999999995</ele>
        <time>2024-11-26T07:39:18Z</time>
      </trkpt>
      <trkpt lat="-22.859551794826984" lon="15.509004006162286">
        <ele>889.39999999999998</ele>
        <time>2024-11-26T07:39:32Z</time>
      </trkpt>
      <trkpt lat="-22.859479123726487" lon="15.508884731680155">
        <ele>888.20000000000005</ele>
        <time>2024-11-26T07:39:47Z</time>
      </trkpt>
      <trkpt lat="-22.859408212825656" lon="15.508778113871813">
        <ele>887.79999999999995</ele>
        <time>2024-11-26T07:40:01Z</time>
      </trkpt>
      <trkpt lat="-22.859356831759214" lon="15.508662695065141">
        <ele>887.20000000000005</ele>
        <time>2024-11-26T07:40:15Z</time>
      </trkpt>
      <trkpt lat="-22.859322633594275" lon="15.508541241288185">
        <ele>887</ele>
        <time>2024-11-26T07:40:30Z</time>
      </trkpt>
      <trkpt lat="-22.859286591410637" lon="15.508405873551965">
        <ele>886.60000000000002</ele>
        <time>2024-11-26T07:40:44Z</time>
      </trkpt>
      <trkpt lat="-22.859111912548542" lon="15.507796760648489">
        <ele>885.79999999999995</ele>
        <time>2024-11-26T07:40:59Z</time>
      </trkpt>
      <trkpt lat="-22.859074277803302" lon="15.507634319365025">
        <ele>885.60000000000002</ele>
        <time>2024-11-26T07:41:13Z</time>
      </trkpt>
      <trkpt lat="-22.858904963359237" lon="15.506973993033171">
        <ele>884.79999999999995</ele>
        <time>2024-11-26T07:41:27Z</time>
      </trkpt>
      <trkpt lat="-22.858833465725183" lon="15.506645170971751">
        <ele>883.60000000000002</ele>
        <time>2024-11-26T07:41:42Z</time>
      </trkpt>
      <trkpt lat="-22.858734559267759" lon="15.50612960010767">
        <ele>882.39999999999998</ele>
        <time>2024-11-26T07:41:56Z</time>
      </trkpt>
      <trkpt lat="-22.858657445758581" lon="15.505781332030892">
        <ele>882</ele>
        <time>2024-11-26T07:42:11Z</time>
      </trkpt>
      <trkpt lat="-22.858602292835712" lon="15.505433902144432">
        <ele>881.79999999999995</ele>
        <time>2024-11-26T07:42:25Z</time>
      </trkpt>
      <trkpt lat="-22.858547223731875" lon="15.505074989050627">
        <ele>881.20000000000005</ele>
        <time>2024-11-26T07:42:39Z</time>
      </trkpt>
      <trkpt lat="-22.858522245660424" lon="15.50489628687501">
        <ele>881</ele>
        <time>2024-11-26T07:42:54Z</time>
      </trkpt>
      <trkpt lat="-22.858498860150576" lon="15.504715908318758">
        <ele>880.60000000000002</ele>
        <time>2024-11-26T07:43:08Z</time>
      </trkpt>
      <trkpt lat="-22.858472289517522" lon="15.504534272477031">
        <ele>880.39999999999998</ele>
        <time>2024-11-26T07:43:23Z</time>
      </trkpt>
      <trkpt lat="-22.85844823345542" lon="15.50435783341527">
        <ele>880</ele>
        <time>2024-11-26T07:43:37Z</time>
      </trkpt>
      <trkpt lat="-22.858416214585304" lon="15.504186591133475">
        <ele>879.60000000000002</ele>
        <time>2024-11-26T07:43:52Z</time>
      </trkpt>
      <trkpt lat="-22.858376400545239" lon="15.504017444327474">
        <ele>878.60000000000002</ele>
        <time>2024-11-26T07:44:06Z</time>
      </trkpt>
      <trkpt lat="-22.858335496857762" lon="15.503847626969218">
        <ele>878.20000000000005</ele>
        <time>2024-11-26T07:44:20Z</time>
      </trkpt>
      <trkpt lat="-22.858174061402678" lon="15.503167100250721">
        <ele>877</ele>
        <time>2024-11-26T07:44:35Z</time>
      </trkpt>
      <trkpt lat="-22.858137264847755" lon="15.502994600683451">
        <ele>876.60000000000002</ele>
        <time>2024-11-26T07:44:49Z</time>
      </trkpt>
      <trkpt lat="-22.858099211007357" lon="15.502821849659085">
        <ele>875.79999999999995</ele>
        <time>2024-11-26T07:45:04Z</time>
      </trkpt>
      <trkpt lat="-22.858056798577309" lon="15.502651194110513">
        <ele>875</ele>
        <time>2024-11-26T07:45:18Z</time>
      </trkpt>
      <trkpt lat="-22.858000975102186" lon="15.50230803899467">
        <ele>874.60000000000002</ele>
        <time>2024-11-26T07:45:33Z</time>
      </trkpt>
      <trkpt lat="-22.857979601249099" lon="15.502140736207366">
        <ele>874.39999999999998</ele>
        <time>2024-11-26T07:45:47Z</time>
      </trkpt>
      <trkpt lat="-22.857954790815711" lon="15.501976953819394">
        <ele>874.39999999999998</ele>
        <time>2024-11-26T07:46:02Z</time>
      </trkpt>
      <trkpt lat="-22.857918161898851" lon="15.501817865297198">
        <ele>874.20000000000005</ele>
        <time>2024-11-26T07:46:16Z</time>
      </trkpt>
      <trkpt lat="-22.857866026461124" lon="15.501661794260144">
        <ele>873.39999999999998</ele>
        <time>2024-11-26T07:46:30Z</time>
      </trkpt>
      <trkpt lat="-22.857793606817722" lon="15.501514775678515">
        <ele>873.20000000000005</ele>
        <time>2024-11-26T07:46:45Z</time>
      </trkpt>
      <trkpt lat="-22.857541814446449" lon="15.501068020239472">
        <ele>872.60000000000002</ele>
        <time>2024-11-26T07:46:59Z</time>
      </trkpt>
      <trkpt lat="-22.857468640431762" lon="15.500903818756342">
        <ele>872.39999999999998</ele>
        <time>2024-11-26T07:47:14Z</time>
      </trkpt>
      <trkpt lat="-22.857401920482516" lon="15.500736180692911">
        <ele>872.20000000000005</ele>
        <time>2024-11-26T07:47:28Z</time>
      </trkpt>
      <trkpt lat="-22.857230929657817" lon="15.500231757760048">
        <ele>871.39999999999998</ele>
        <time>2024-11-26T07:47:43Z</time>
      </trkpt>
      <trkpt lat="-22.857179716229439" lon="15.500073255971074">
        <ele>870.39999999999998</ele>
        <time>2024-11-26T07:47:57Z</time>
      </trkpt>
      <trkpt lat="-22.857132526114583" lon="15.499918777495623">
        <ele>870</ele>
        <time>2024-11-26T07:48:12Z</time>
      </trkpt>
      <trkpt lat="-22.857087096199393" lon="15.499767567962408">
        <ele>869.60000000000002</ele>
        <time>2024-11-26T07:48:26Z</time>
      </trkpt>
      <trkpt lat="-22.85703026689589" lon="15.499622980132699">
        <ele>869.39999999999998</ele>
        <time>2024-11-26T07:48:41Z</time>
      </trkpt>
      <trkpt lat="-22.856960780918598" lon="15.499483253806829">
        <ele>868.39999999999998</ele>
        <time>2024-11-26T07:48:55Z</time>
      </trkpt>
      <trkpt lat="-22.856892636045814" lon="15.499340677633882">
        <ele>867.60000000000002</ele>
        <time>2024-11-26T07:49:10Z</time>
      </trkpt>
      <trkpt lat="-22.856794148683548" lon="15.499055692926049">
        <ele>867</ele>
        <time>2024-11-26T07:49:24Z</time>
      </trkpt>
      <trkpt lat="-22.856772691011429" lon="15.498914709314704">
        <ele>866.60000000000002</ele>
        <time>2024-11-26T07:49:38Z</time>
      </trkpt>
      <trkpt lat="-22.856761710718274" lon="15.498768528923392">
        <ele>866.60000000000002</ele>
        <time>2024-11-26T07:49:53Z</time>
      </trkpt>
      <trkpt lat="-22.856755675747991" lon="15.498624863103032">
        <ele>866.39999999999998</ele>
        <time>2024-11-26T07:50:07Z</time>
      </trkpt>
      <trkpt lat="-22.856677388772368" lon="15.49797828309238">
        <ele>866.20000000000005</ele>
        <time>2024-11-26T07:50:22Z</time>
      </trkpt>
      <trkpt lat="-22.856591558083892" lon="15.497447373345494">
        <ele>865.39999999999998</ele>
        <time>2024-11-26T07:50:36Z</time>
      </trkpt>
      <trkpt lat="-22.856520395725965" lon="15.497108409181237">
        <ele>864.60000000000002</ele>
        <time>2024-11-26T07:50:51Z</time>
      </trkpt>
      <trkpt lat="-22.856467925012112" lon="15.496946638450027">
        <ele>864.39999999999998</ele>
        <time>2024-11-26T07:51:05Z</time>
      </trkpt>
      <trkpt lat="-22.85641897469759" lon="15.496784700080752">
        <ele>864.20000000000005</ele>
        <time>2024-11-26T07:51:20Z</time>
      </trkpt>
      <trkpt lat="-22.856369437649846" lon="15.496633909642696">
        <ele>864</ele>
        <time>2024-11-26T07:51:34Z</time>
      </trkpt>
      <trkpt lat="-22.856323840096593" lon="15.496495356783271">
        <ele>863.60000000000002</ele>
        <time>2024-11-26T07:51:49Z</time>
      </trkpt>
      <trkpt lat="-22.856296095997095" lon="15.496373903006315">
        <ele>862.39999999999998</ele>
        <time>2024-11-26T07:52:03Z</time>
      </trkpt>
      <trkpt lat="-22.856295006349683" lon="15.496268877759576">
        <ele>861.39999999999998</ele>
        <time>2024-11-26T07:52:18Z</time>
      </trkpt>
      <trkpt lat="-22.856318056583405" lon="15.49618354998529">
        <ele>860.60000000000002</ele>
        <time>2024-11-26T07:52:32Z</time>
      </trkpt>
      <trkpt lat="-22.85635401494801" lon="15.496112974360585">
        <ele>860.20000000000005</ele>
        <time>2024-11-26T07:52:47Z</time>
      </trkpt>
      <trkpt lat="-22.856373880058527" lon="15.496045332401991">
        <ele>859.60000000000002</ele>
        <time>2024-11-26T07:53:01Z</time>
      </trkpt>
      <trkpt lat="-22.856377903372049" lon="15.495975343510509">
        <ele>859.20000000000005</ele>
        <time>2024-11-26T07:53:16Z</time>
      </trkpt>
      <trkpt lat="-22.85636231303215" lon="15.49590359441936">
        <ele>858.39999999999998</ele>
        <time>2024-11-26T07:53:30Z</time>
      </trkpt>
      <trkpt lat="-22.856325265020132" lon="15.495840311050415">
        <ele>858.20000000000005</ele>
        <time>2024-11-26T07:53:45Z</time>
      </trkpt>
      <trkpt lat="-22.856284361332655" lon="15.49578046426177">
        <ele>857.79999999999995</ele>
        <time>2024-11-26T07:53:59Z</time>
      </trkpt>
      <trkpt lat="-22.856258461251855" lon="15.49571206793189">
        <ele>857.79999999999995</ele>
        <time>2024-11-26T07:54:14Z</time>
      </trkpt>
      <trkpt lat="-22.856243290007114" lon="15.495637804269791">
        <ele>857.60000000000002</ele>
        <time>2024-11-26T07:54:28Z</time>
      </trkpt>
      <trkpt lat="-22.856234572827816" lon="15.495558260008693">
        <ele>857.39999999999998</ele>
        <time>2024-11-26T07:54:43Z</time>
      </trkpt>
      <trkpt lat="-22.856218898668885" lon="15.495484583079815">
        <ele>857.39999999999998</ele>
        <time>2024-11-26T07:54:57Z</time>
      </trkpt>
      <trkpt lat="-22.85620054230094" lon="15.495407553389668">
        <ele>857.39999999999998</ele>
        <time>2024-11-26T07:55:12Z</time>
      </trkpt>
      <trkpt lat="-22.856142707169056" lon="15.495143607258797">
        <ele>857.20000000000005</ele>
        <time>2024-11-26T07:55:26Z</time>
      </trkpt>
      <trkpt lat="-22.856043130159378" lon="15.49464974552393">
        <ele>857.20000000000005</ele>
        <time>2024-11-26T07:55:41Z</time>
      </trkpt>
      <trkpt lat="-22.855990659445524" lon="15.494435923174024">
        <ele>856.79999999999995</ele>
        <time>2024-11-26T07:55:55Z</time>
      </trkpt>
      <trkpt lat="-22.855959311127663" lon="15.494210366159678">
        <ele>856.39999999999998</ele>
        <time>2024-11-26T07:56:10Z</time>
      </trkpt>
      <trkpt lat="-22.855946822091937" lon="15.493980618193746">
        <ele>856</ele>
        <time>2024-11-26T07:56:24Z</time>
      </trkpt>
      <trkpt lat="-22.855860404670238" lon="15.493385586887598">
        <ele>855.20000000000005</ele>
        <time>2024-11-26T07:56:39Z</time>
      </trkpt>
      <trkpt lat="-22.855734173208475" lon="15.492865405976772">
        <ele>854.20000000000005</ele>
        <time>2024-11-26T07:56:53Z</time>
      </trkpt>
      <trkpt lat="-22.85569385625422" lon="15.492732049897313">
        <ele>853.79999999999995</ele>
        <time>2024-11-26T07:57:08Z</time>
      </trkpt>
      <trkpt lat="-22.855651443824172" lon="15.492598107084632">
        <ele>853.60000000000002</ele>
        <time>2024-11-26T07:57:22Z</time>
      </trkpt>
      <trkpt lat="-22.855516746640205" lon="15.492195440456271">
        <ele>852.39999999999998</ele>
        <time>2024-11-26T07:57:37Z</time>
      </trkpt>
      <trkpt lat="-22.855411050841212" lon="15.491939289495349">
        <ele>851.20000000000005</ele>
        <time>2024-11-26T07:57:51Z</time>
      </trkpt>
      <trkpt lat="-22.855354892089963" lon="15.491813477128744">
        <ele>851</ele>
        <time>2024-11-26T07:58:06Z</time>
      </trkpt>
      <trkpt lat="-22.855297895148396" lon="15.491685653105378">
        <ele>850.79999999999995</ele>
        <time>2024-11-26T07:58:20Z</time>
      </trkpt>
      <trkpt lat="-22.855210807174444" lon="15.491435537114739">
        <ele>850.20000000000005</ele>
        <time>2024-11-26T07:58:35Z</time>
      </trkpt>
      <trkpt lat="-22.855187589302659" lon="15.491301761940122">
        <ele>850.20000000000005</ele>
        <time>2024-11-26T07:58:49Z</time>
      </trkpt>
      <trkpt lat="-22.855162192136049" lon="15.491178380325437">
        <ele>849.79999999999995</ele>
        <time>2024-11-26T07:59:04Z</time>
      </trkpt>
      <trkpt lat="-22.855115085840225" lon="15.491062207147479">
        <ele>849.39999999999998</ele>
        <time>2024-11-26T07:59:18Z</time>
      </trkpt>
      <trkpt lat="-22.855058591812849" lon="15.490952990949154">
        <ele>849.20000000000005</ele>
        <time>2024-11-26T07:59:33Z</time>
      </trkpt>
      <trkpt lat="-22.855009390041232" lon="15.49084042198956">
        <ele>849</ele>
        <time>2024-11-26T07:59:47Z</time>
      </trkpt>
      <trkpt lat="-22.854963289573789" lon="15.490722488611937">
        <ele>848.79999999999995</ele>
        <time>2024-11-26T08:00:02Z</time>
      </trkpt>
      <trkpt lat="-22.854922972619534" lon="15.490604974329472">
        <ele>848.79999999999995</ele>
        <time>2024-11-26T08:00:16Z</time>
      </trkpt>
      <trkpt lat="-22.854889025911689" lon="15.490485029295087">
        <ele>848.60000000000002</ele>
        <time>2024-11-26T08:00:31Z</time>
      </trkpt>
      <trkpt lat="-22.854860108345747" lon="15.490363156422973">
        <ele>848.39999999999998</ele>
        <time>2024-11-26T08:00:45Z</time>
      </trkpt>
      <trkpt lat="-22.854833789169788" lon="15.490239942446351">
        <ele>848.20000000000005</ele>
        <time>2024-11-26T08:01:00Z</time>
      </trkpt>
      <trkpt lat="-22.854667408391833" lon="15.4897590726614">
        <ele>847.20000000000005</ele>
        <time>2024-11-26T08:01:14Z</time>
      </trkpt>
      <trkpt lat="-22.85451477393508" lon="15.489268815144897">
        <ele>846.20000000000005</ele>
        <time>2024-11-26T08:01:29Z</time>
      </trkpt>
      <trkpt lat="-22.85448694601655" lon="15.489147445186973">
        <ele>846</ele>
        <time>2024-11-26T08:01:43Z</time>
      </trkpt>
      <trkpt lat="-22.854458363726735" lon="15.489026997238398">
        <ele>845.79999999999995</ele>
        <time>2024-11-26T08:01:58Z</time>
      </trkpt>
      <trkpt lat="-22.854423495009542" lon="15.488906465470791">
        <ele>845.60000000000002</ele>
        <time>2024-11-26T08:02:13Z</time>
      </trkpt>
      <trkpt lat="-22.854381334036589" lon="15.488790459930897">
        <ele>845.39999999999998</ele>
        <time>2024-11-26T08:02:27Z</time>
      </trkpt>
      <trkpt lat="-22.854323331266642" lon="15.488681746646762">
        <ele>845.20000000000005</ele>
        <time>2024-11-26T08:02:42Z</time>
      </trkpt>
      <trkpt lat="-22.854266669601202" lon="15.488574123010039">
        <ele>844.79999999999995</ele>
        <time>2024-11-26T08:02:56Z</time>
      </trkpt>
      <trkpt lat="-22.854172037914395" lon="15.488341441377997">
        <ele>843.39999999999998</ele>
        <time>2024-11-26T08:03:11Z</time>
      </trkpt>
      <trkpt lat="-22.854032814502716" lon="15.487986551597714">
        <ele>842</ele>
        <time>2024-11-26T08:03:25Z</time>
      </trkpt>
      <trkpt lat="-22.853928292170167" lon="15.487759234383702">
        <ele>841.20000000000005</ele>
        <time>2024-11-26T08:03:40Z</time>
      </trkpt>
      <trkpt lat="-22.853891663253307" lon="15.487638534978032">
        <ele>840.39999999999998</ele>
        <time>2024-11-26T08:03:54Z</time>
      </trkpt>
      <trkpt lat="-22.853867439553142" lon="15.487514650449157">
        <ele>840</ele>
        <time>2024-11-26T08:04:09Z</time>
      </trkpt>
      <trkpt lat="-22.853768784552813" lon="15.487131010740995">
        <ele>839</ele>
        <time>2024-11-26T08:04:23Z</time>
      </trkpt>
      <trkpt lat="-22.853684211149812" lon="15.486868154257536">
        <ele>838.79999999999995</ele>
        <time>2024-11-26T08:04:38Z</time>
      </trkpt>
      <trkpt lat="-22.853443566709757" lon="15.486324084922671">
        <ele>838.20000000000005</ele>
        <time>2024-11-26T08:04:52Z</time>
      </trkpt>
      <trkpt lat="-22.853373661637306" lon="15.486185280606151">
        <ele>838</ele>
        <time>2024-11-26T08:05:07Z</time>
      </trkpt>
      <trkpt lat="-22.853136034682393" lon="15.485603408887982">
        <ele>836.79999999999995</ele>
        <time>2024-11-26T08:05:22Z</time>
      </trkpt>
      <trkpt lat="-22.853093035519123" lon="15.485449936240911">
        <ele>836.79999999999995</ele>
        <time>2024-11-26T08:05:36Z</time>
      </trkpt>
      <trkpt lat="-22.852932019159198" lon="15.484839398413897">
        <ele>835.60000000000002</ele>
        <time>2024-11-26T08:05:51Z</time>
      </trkpt>
      <trkpt lat="-22.852828418835998" lon="15.484550558030605">
        <ele>834.39999999999998</ele>
        <time>2024-11-26T08:06:05Z</time>
      </trkpt>
      <trkpt lat="-22.852761195972562" lon="15.484412927180529">
        <ele>833.60000000000002</ele>
        <time>2024-11-26T08:06:20Z</time>
      </trkpt>
      <trkpt lat="-22.852688608691096" lon="15.484273619949818">
        <ele>833.20000000000005</ele>
        <time>2024-11-26T08:06:34Z</time>
      </trkpt>
      <trkpt lat="-22.852483000606298" lon="15.483846729621291">
        <ele>831.79999999999995</ele>
        <time>2024-11-26T08:06:49Z</time>
      </trkpt>
      <trkpt lat="-22.852423824369907" lon="15.483713624998927">
        <ele>831</ele>
        <time>2024-11-26T08:07:04Z</time>
      </trkpt>
      <trkpt lat="-22.852365234866738" lon="15.483586639165878">
        <ele>830</ele>
        <time>2024-11-26T08:07:18Z</time>
      </trkpt>
      <trkpt lat="-22.852299604564905" lon="15.483467280864716">
        <ele>829.39999999999998</ele>
        <time>2024-11-26T08:07:33Z</time>
      </trkpt>
      <trkpt lat="-22.852218467742205" lon="15.483365105465055">
        <ele>828.79999999999995</ele>
        <time>2024-11-26T08:07:47Z</time>
      </trkpt>
      <trkpt lat="-22.852131128311157" lon="15.483270389959216">
        <ele>828.39999999999998</ele>
        <time>2024-11-26T08:08:02Z</time>
      </trkpt>
      <trkpt lat="-22.852050075307488" lon="15.483174584805965">
        <ele>828</ele>
        <time>2024-11-26T08:08:16Z</time>
      </trkpt>
      <trkpt lat="-22.85198662430048" lon="15.483067128807306">
        <ele>828</ele>
        <time>2024-11-26T08:08:31Z</time>
      </trkpt>
      <trkpt lat="-22.85193582996726" lon="15.482958415523171">
        <ele>827.79999999999995</ele>
        <time>2024-11-26T08:08:46Z</time>
      </trkpt>
      <trkpt lat="-22.851884784176946" lon="15.482850708067417">
        <ele>827.60000000000002</ele>
        <time>2024-11-26T08:09:00Z</time>
      </trkpt>
      <trkpt lat="-22.851823261007667" lon="15.48275557346642">
        <ele>827.39999999999998</ele>
        <time>2024-11-26T08:09:15Z</time>
      </trkpt>
      <trkpt lat="-22.851757043972611" lon="15.482671251520514">
        <ele>827.20000000000005</ele>
        <time>2024-11-26T08:09:29Z</time>
      </trkpt>
      <trkpt lat="-22.851687474176288" lon="15.482593802735209">
        <ele>826.60000000000002</ele>
        <time>2024-11-26T08:09:44Z</time>
      </trkpt>
      <trkpt lat="-22.851620838046074" lon="15.48251174390316">
        <ele>825.60000000000002</ele>
        <time>2024-11-26T08:09:58Z</time>
      </trkpt>
      <trkpt lat="-22.851557470858097" lon="15.48242574557662">
        <ele>825</ele>
        <time>2024-11-26T08:10:13Z</time>
      </trkpt>
      <trkpt lat="-22.851431658491492" lon="15.482251821085811">
        <ele>824</ele>
        <time>2024-11-26T08:10:28Z</time>
      </trkpt>
      <trkpt lat="-22.851370889693499" lon="15.482162134721875">
        <ele>824</ele>
        <time>2024-11-26T08:10:42Z</time>
      </trkpt>
      <trkpt lat="-22.851069811731577" lon="15.481676822528243">
        <ele>823.39999999999998</ele>
        <time>2024-11-26T08:10:57Z</time>
      </trkpt>
      <trkpt lat="-22.851010551676154" lon="15.481566349044442">
        <ele>823.20000000000005</ele>
        <time>2024-11-26T08:11:11Z</time>
      </trkpt>
      <trkpt lat="-22.850959589704871" lon="15.481449337676167">
        <ele>822.79999999999995</ele>
        <time>2024-11-26T08:11:26Z</time>
      </trkpt>
      <trkpt lat="-22.850830005481839" lon="15.481120767071843">
        <ele>821.79999999999995</ele>
        <time>2024-11-26T08:11:41Z</time>
      </trkpt>
      <trkpt lat="-22.850806787610054" lon="15.481035690754652">
        <ele>821.20000000000005</ele>
        <time>2024-11-26T08:11:55Z</time>
      </trkpt>
      <trkpt lat="-22.850781306624413" lon="15.480955559760332">
        <ele>820.60000000000002</ele>
        <time>2024-11-26T08:12:10Z</time>
      </trkpt>
      <trkpt lat="-22.85075968131423" lon="15.480881547555327">
        <ele>820.39999999999998</ele>
        <time>2024-11-26T08:12:24Z</time>
      </trkpt>
      <trkpt lat="-22.850738642737269" lon="15.48080493696034">
        <ele>820.39999999999998</ele>
        <time>2024-11-26T08:12:39Z</time>
      </trkpt>
      <trkpt lat="-22.850719699636102" lon="15.480728996917605">
        <ele>820.20000000000005</ele>
        <time>2024-11-26T08:12:53Z</time>
      </trkpt>
      <trkpt lat="-22.850679969415069" lon="15.480388440191746">
        <ele>820.20000000000005</ele>
        <time>2024-11-26T08:13:08Z</time>
      </trkpt>
      <trkpt lat="-22.850684160366654" lon="15.480302777141333">
        <ele>820.20000000000005</ele>
        <time>2024-11-26T08:13:23Z</time>
      </trkpt>
      <trkpt lat="-22.850697990506887" lon="15.480022570118308">
        <ele>820.20000000000005</ele>
        <time>2024-11-26T08:13:37Z</time>
      </trkpt>
      <trkpt lat="-22.850695056840777" lon="15.479915114119649">
        <ele>820.20000000000005</ele>
        <time>2024-11-26T08:13:52Z</time>
      </trkpt>
      <trkpt lat="-22.850709138438106" lon="15.479586208239198">
        <ele>820.20000000000005</ele>
        <time>2024-11-26T08:14:06Z</time>
      </trkpt>
      <trkpt lat="-22.850729338824749" lon="15.479484871029854">
        <ele>820.20000000000005</ele>
        <time>2024-11-26T08:14:21Z</time>
      </trkpt>
      <trkpt lat="-22.850749958306551" lon="15.479385294020176">
        <ele>820.20000000000005</ele>
        <time>2024-11-26T08:14:36Z</time>
      </trkpt>
      <trkpt lat="-22.850772673264146" lon="15.479285046458244">
        <ele>820.20000000000005</ele>
        <time>2024-11-26T08:14:50Z</time>
      </trkpt>
      <trkpt lat="-22.850801758468151" lon="15.479189492762089">
        <ele>820</ele>
        <time>2024-11-26T08:15:05Z</time>
      </trkpt>
      <trkpt lat="-22.850830089300871" lon="15.479099219664931">
        <ele>819.79999999999995</ele>
        <time>2024-11-26T08:15:19Z</time>
      </trkpt>
      <trkpt lat="-22.850840985774994" lon="15.479010371491313">
        <ele>819.79999999999995</ele>
        <time>2024-11-26T08:15:34Z</time>
      </trkpt>
      <trkpt lat="-22.850830508396029" lon="15.478917248547077">
        <ele>819.79999999999995</ele>
        <time>2024-11-26T08:15:49Z</time>
      </trkpt>
      <trkpt lat="-22.850803099572659" lon="15.478820437565446">
        <ele>819.79999999999995</ele>
        <time>2024-11-26T08:16:03Z</time>
      </trkpt>
      <trkpt lat="-22.85077728331089" lon="15.478720106184483">
        <ele>819.79999999999995</ele>
        <time>2024-11-26T08:16:18Z</time>
      </trkpt>
      <trkpt lat="-22.850761273875833" lon="15.478617595508695">
        <ele>820</ele>
        <time>2024-11-26T08:16:32Z</time>
      </trkpt>
      <trkpt lat="-22.85075725056231" lon="15.478512989357114">
        <ele>820.20000000000005</ele>
        <time>2024-11-26T08:16:47Z</time>
      </trkpt>
      <trkpt lat="-22.850798992440104" lon="15.478290617465973">
        <ele>820.20000000000005</ele>
        <time>2024-11-26T08:17:02Z</time>
      </trkpt>
      <trkpt lat="-22.850837633013725" lon="15.478187017142773">
        <ele>820.20000000000005</ele>
        <time>2024-11-26T08:17:16Z</time>
      </trkpt>
      <trkpt lat="-22.850875183939934" lon="15.478088445961475">
        <ele>820.20000000000005</ele>
        <time>2024-11-26T08:17:31Z</time>
      </trkpt>
      <trkpt lat="-22.85090577788651" lon="15.477992054075003">
        <ele>820</ele>
        <time>2024-11-26T08:17:45Z</time>
      </trkpt>
      <trkpt lat="-22.850922960788012" lon="15.477895075455308">
        <ele>819.79999999999995</ele>
        <time>2024-11-26T08:18:00Z</time>
      </trkpt>
      <trkpt lat="-22.850924218073487" lon="15.47779306769371">
        <ele>819.60000000000002</ele>
        <time>2024-11-26T08:18:15Z</time>
      </trkpt>
      <trkpt lat="-22.85090678371489" lon="15.477687623351812">
        <ele>819.60000000000002</ele>
        <time>2024-11-26T08:18:29Z</time>
      </trkpt>
      <trkpt lat="-22.85088281147182" lon="15.477578910067677">
        <ele>819.60000000000002</ele>
        <time>2024-11-26T08:18:44Z</time>
      </trkpt>
      <trkpt lat="-22.850861605256796" lon="15.47746617347002">
        <ele>819.39999999999998</ele>
        <time>2024-11-26T08:18:59Z</time>
      </trkpt>
      <trkpt lat="-22.850834531709552" lon="15.477347485721111">
        <ele>819.20000000000005</ele>
        <time>2024-11-26T08:19:13Z</time>
      </trkpt>
      <trkpt lat="-22.850776026025414" lon="15.477096950635314">
        <ele>818.20000000000005</ele>
        <time>2024-11-26T08:19:28Z</time>
      </trkpt>
      <trkpt lat="-22.850744593888521" lon="15.476965103298426">
        <ele>817.39999999999998</ele>
        <time>2024-11-26T08:19:42Z</time>
      </trkpt>
      <trkpt lat="-22.850713497027755" lon="15.476826215162873">
        <ele>817</ele>
        <time>2024-11-26T08:19:57Z</time>
      </trkpt>
      <trkpt lat="-22.850603107362986" lon="15.476265465840697">
        <ele>815.79999999999995</ele>
        <time>2024-11-26T08:20:12Z</time>
      </trkpt>
      <trkpt lat="-22.850607130676508" lon="15.476123057305813">
        <ele>815.79999999999995</ele>
        <time>2024-11-26T08:20:26Z</time>
      </trkpt>
      <trkpt lat="-22.85062582232058" lon="15.475982157513499">
        <ele>815.20000000000005</ele>
        <time>2024-11-26T08:20:41Z</time>
      </trkpt>
      <trkpt lat="-22.85065708681941" lon="15.47584586776793">
        <ele>814.79999999999995</ele>
        <time>2024-11-26T08:20:55Z</time>
      </trkpt>
      <trkpt lat="-22.850738139823079" lon="15.47559273429215">
        <ele>813.20000000000005</ele>
        <time>2024-11-26T08:21:10Z</time>
      </trkpt>
      <trkpt lat="-22.850783988833427" lon="15.475479243323207">
        <ele>813</ele>
        <time>2024-11-26T08:21:25Z</time>
      </trkpt>
      <trkpt lat="-22.850838303565979" lon="15.47538067214191">
        <ele>813</ele>
        <time>2024-11-26T08:21:39Z</time>
      </trkpt>
      <trkpt lat="-22.850901838392019" lon="15.475303558632731">
        <ele>812.79999999999995</ele>
        <time>2024-11-26T08:21:54Z</time>
      </trkpt>
      <trkpt lat="-22.850954728201032" lon="15.475250333547592">
        <ele>812.79999999999995</ele>
        <time>2024-11-26T08:22:09Z</time>
      </trkpt>
      <trkpt lat="-22.850994290784001" lon="15.475194258615375">
        <ele>812.79999999999995</ele>
        <time>2024-11-26T08:22:23Z</time>
      </trkpt>
      <trkpt lat="-22.851032596081495" lon="15.475134579464793">
        <ele>812</ele>
        <time>2024-11-26T08:22:38Z</time>
      </trkpt>
      <trkpt lat="-22.851068051531911" lon="15.475077331066132">
        <ele>811.60000000000002</ele>
        <time>2024-11-26T08:22:53Z</time>
      </trkpt>
      <trkpt lat="-22.851101495325565" lon="15.47503181733191">
        <ele>811.20000000000005</ele>
        <time>2024-11-26T08:23:07Z</time>
      </trkpt>
      <trkpt lat="-22.851128904148936" lon="15.47499418258667">
        <ele>811</ele>
        <time>2024-11-26T08:23:22Z</time>
      </trkpt>
      <trkpt lat="-22.851156229153275" lon="15.474963337182999">
        <ele>811</ele>
        <time>2024-11-26T08:23:36Z</time>
      </trkpt>
      <trkpt lat="-22.851174417883158" lon="15.474935676902533">
        <ele>810.79999999999995</ele>
        <time>2024-11-26T08:23:51Z</time>
      </trkpt>
      <trkpt lat="-22.851184727624059" lon="15.474912375211716">
        <ele>810.39999999999998</ele>
        <time>2024-11-26T08:24:06Z</time>
      </trkpt>
      <trkpt lat="-22.851196294650435" lon="15.474892426282167">
        <ele>810.39999999999998</ele>
        <time>2024-11-26T08:24:20Z</time>
      </trkpt>
      <trkpt lat="-22.851211801171303" lon="15.474877255037427">
        <ele>810.39999999999998</ele>
        <time>2024-11-26T08:24:35Z</time>
      </trkpt>
      <trkpt lat="-22.851233510300517" lon="15.474864766001701">
        <ele>810.20000000000005</ele>
        <time>2024-11-26T08:24:50Z</time>
      </trkpt>
      <trkpt lat="-22.851260080933571" lon="15.474854204803705">
        <ele>810</ele>
        <time>2024-11-26T08:25:04Z</time>
      </trkpt>
      <trkpt lat="-22.851292854174972" lon="15.47484565526247">
        <ele>810</ele>
        <time>2024-11-26T08:25:19Z</time>
      </trkpt>
      <trkpt lat="-22.851334009319544" lon="15.474841967225075">
        <ele>809.79999999999995</ele>
        <time>2024-11-26T08:25:33Z</time>
      </trkpt>
      <trkpt lat="-22.851387988775969" lon="15.474828137084842">
        <ele>809.39999999999998</ele>
        <time>2024-11-26T08:25:48Z</time>
      </trkpt>
      <trkpt lat="-22.851445823907852" lon="15.474810199812055">
        <ele>808.79999999999995</ele>
        <time>2024-11-26T08:26:03Z</time>
      </trkpt>
      <trkpt lat="-22.851505167782307" lon="15.474767368286848">
        <ele>808</ele>
        <time>2024-11-26T08:26:17Z</time>
      </trkpt>
      <trkpt lat="-22.851557638496161" lon="15.474717244505882">
        <ele>807.39999999999998</ele>
        <time>2024-11-26T08:26:32Z</time>
      </trkpt>
      <trkpt lat="-22.851609019562602" lon="15.474654296413064">
        <ele>807</ele>
        <time>2024-11-26T08:26:47Z</time>
      </trkpt>
      <trkpt lat="-22.851660568267107" lon="15.474588414654136">
        <ele>806.60000000000002</ele>
        <time>2024-11-26T08:27:01Z</time>
      </trkpt>
      <trkpt lat="-22.851710859686136" lon="15.474519431591034">
        <ele>806.20000000000005</ele>
        <time>2024-11-26T08:27:16Z</time>
      </trkpt>
      <trkpt lat="-22.851765425875783" lon="15.474452460184693">
        <ele>806.20000000000005</ele>
        <time>2024-11-26T08:27:30Z</time>
      </trkpt>
      <trkpt lat="-22.851818986237049" lon="15.474394289776683">
        <ele>806</ele>
        <time>2024-11-26T08:27:45Z</time>
      </trkpt>
      <trkpt lat="-22.851865002885461" lon="15.474352044984698">
        <ele>805.79999999999995</ele>
        <time>2024-11-26T08:28:00Z</time>
      </trkpt>
      <trkpt lat="-22.851910684257746" lon="15.474319690838456">
        <ele>805.20000000000005</ele>
        <time>2024-11-26T08:28:14Z</time>
      </trkpt>
      <trkpt lat="-22.851961059495807" lon="15.474289683625102">
        <ele>804.79999999999995</ele>
        <time>2024-11-26T08:28:29Z</time>
      </trkpt>
      <trkpt lat="-22.852012608200312" lon="15.474267136305571">
        <ele>804.60000000000002</ele>
        <time>2024-11-26T08:28:44Z</time>
      </trkpt>
      <trkpt lat="-22.852073963731527" lon="15.4742431640625">
        <ele>804</ele>
        <time>2024-11-26T08:28:58Z</time>
      </trkpt>
      <trkpt lat="-22.852136408910155" lon="15.474213240668178">
        <ele>803.39999999999998</ele>
        <time>2024-11-26T08:29:13Z</time>
      </trkpt>
      <trkpt lat="-22.852205140516162" lon="15.474170995876193">
        <ele>802.79999999999995</ele>
        <time>2024-11-26T08:29:28Z</time>
      </trkpt>
      <trkpt lat="-22.852421812713146" lon="15.474018445238471">
        <ele>801.79999999999995</ele>
        <time>2024-11-26T08:29:42Z</time>
      </trkpt>
      <trkpt lat="-22.85249481908977" lon="15.47397050075233">
        <ele>801.79999999999995</ele>
        <time>2024-11-26T08:29:57Z</time>
      </trkpt>
      <trkpt lat="-22.852649297565222" lon="15.473889447748661">
        <ele>801.79999999999995</ele>
        <time>2024-11-26T08:30:12Z</time>
      </trkpt>
      <trkpt lat="-22.852824563160539" lon="15.4738425090909">
        <ele>802</ele>
        <time>2024-11-26T08:30:26Z</time>
      </trkpt>
      <trkpt lat="-22.853171154856682" lon="15.473783081397414">
        <ele>802.20000000000005</ele>
        <time>2024-11-26T08:30:41Z</time>
      </trkpt>
      <trkpt lat="-22.853233935311437" lon="15.473764557391405">
        <ele>802.20000000000005</ele>
        <time>2024-11-26T08:30:55Z</time>
      </trkpt>
      <trkpt lat="-22.853280622512102" lon="15.473751565441489">
        <ele>802.20000000000005</ele>
        <time>2024-11-26T08:31:10Z</time>
      </trkpt>
      <trkpt lat="-22.85331716760993" lon="15.473743015900254">
        <ele>802.20000000000005</ele>
        <time>2024-11-26T08:31:25Z</time>
      </trkpt>
      <trkpt lat="-22.853345163166523" lon="15.473744021728635">
        <ele>802.20000000000005</ele>
        <time>2024-11-26T08:31:39Z</time>
      </trkpt>
      <trkpt lat="-22.853376679122448" lon="15.473747961223125">
        <ele>802.20000000000005</ele>
        <time>2024-11-26T08:31:54Z</time>
      </trkpt>
      <trkpt lat="-22.853405345231295" lon="15.473751733079553">
        <ele>802.39999999999998</ele>
        <time>2024-11-26T08:32:09Z</time>
      </trkpt>
      <trkpt lat="-22.853437699377537" lon="15.473754163831472">
        <ele>802.39999999999998</ele>
        <time>2024-11-26T08:32:23Z</time>
      </trkpt>
      <trkpt lat="-22.853469885885715" lon="15.473754834383726">
        <ele>802.60000000000002</ele>
        <time>2024-11-26T08:32:38Z</time>
      </trkpt>
      <trkpt lat="-22.853549681603909" lon="15.473767658695579">
        <ele>802.79999999999995</ele>
        <time>2024-11-26T08:32:53Z</time>
      </trkpt>
      <trkpt lat="-22.853596117347479" lon="15.473784171044827">
        <ele>803</ele>
        <time>2024-11-26T08:33:07Z</time>
      </trkpt>
      <trkpt lat="-22.853638865053654" lon="15.473809065297246">
        <ele>803</ele>
        <time>2024-11-26T08:33:22Z</time>
      </trkpt>
      <trkpt lat="-22.853722432628274" lon="15.473842592909932">
        <ele>803.20000000000005</ele>
        <time>2024-11-26T08:33:37Z</time>
      </trkpt>
      <trkpt lat="-22.853765431791544" lon="15.473838485777378">
        <ele>803.20000000000005</ele>
        <time>2024-11-26T08:33:51Z</time>
      </trkpt>
      <trkpt lat="-22.853803569450974" lon="15.473817028105259">
        <ele>803.39999999999998</ele>
        <time>2024-11-26T08:34:06Z</time>
      </trkpt>
      <trkpt lat="-22.853842880576849" lon="15.473790960386395">
        <ele>803.39999999999998</ele>
        <time>2024-11-26T08:34:21Z</time>
      </trkpt>
      <trkpt lat="-22.853888813406229" lon="15.473772771656513">
        <ele>803.60000000000002</ele>
        <time>2024-11-26T08:34:35Z</time>
      </trkpt>
      <trkpt lat="-22.853997945785522" lon="15.473768664523959">
        <ele>804.20000000000005</ele>
        <time>2024-11-26T08:34:50Z</time>
      </trkpt>
      <trkpt lat="-22.854060055688024" lon="15.473777465522289">
        <ele>804.39999999999998</ele>
        <time>2024-11-26T08:35:04Z</time>
      </trkpt>
      <trkpt lat="-22.854123590514064" lon="15.473790541291237">
        <ele>804.60000000000002</ele>
        <time>2024-11-26T08:35:19Z</time>
      </trkpt>
      <trkpt lat="-22.854189807549119" lon="15.473810490220785">
        <ele>804.79999999999995</ele>
        <time>2024-11-26T08:35:34Z</time>
      </trkpt>
      <trkpt lat="-22.854246972128749" lon="15.473843263462186">
        <ele>805</ele>
        <time>2024-11-26T08:35:48Z</time>
      </trkpt>
      <trkpt lat="-22.854293491691351" lon="15.47387913800776">
        <ele>805</ele>
        <time>2024-11-26T08:36:03Z</time>
      </trkpt>
      <trkpt lat="-22.854342022910714" lon="15.473914928734303">
        <ele>805.20000000000005</ele>
        <time>2024-11-26T08:36:18Z</time>
      </trkpt>
      <trkpt lat="-22.854394493624568" lon="15.473946360871196">
        <ele>805.39999999999998</ele>
        <time>2024-11-26T08:36:32Z</time>
      </trkpt>
      <trkpt lat="-22.854450568556786" lon="15.47398273833096">
        <ele>805.39999999999998</ele>
        <time>2024-11-26T08:36:47Z</time>
      </trkpt>
      <trkpt lat="-22.854508487507701" lon="15.473983325064182">
        <ele>805.39999999999998</ele>
        <time>2024-11-26T08:37:02Z</time>
      </trkpt>
      <trkpt lat="-22.854566071182489" lon="15.473972847685218">
        <ele>805.39999999999998</ele>
        <time>2024-11-26T08:37:16Z</time>
      </trkpt>
      <trkpt lat="-22.854627259075642" lon="15.473954491317272">
        <ele>805.39999999999998</ele>
        <time>2024-11-26T08:37:31Z</time>
      </trkpt>
      <trkpt lat="-22.854687524959445" lon="15.473934877663851">
        <ele>805.60000000000002</ele>
        <time>2024-11-26T08:37:46Z</time>
      </trkpt>
      <trkpt lat="-22.85474443808198" lon="15.473910989239812">
        <ele>805.60000000000002</ele>
        <time>2024-11-26T08:38:00Z</time>
      </trkpt>
      <trkpt lat="-22.854803949594498" lon="15.473893471062183">
        <ele>805.60000000000002</ele>
        <time>2024-11-26T08:38:15Z</time>
      </trkpt>
      <trkpt lat="-22.85486027598381" lon="15.473873857408762">
        <ele>805.60000000000002</ele>
        <time>2024-11-26T08:38:30Z</time>
      </trkpt>
      <trkpt lat="-22.854917524382472" lon="15.47386254183948">
        <ele>805.60000000000002</ele>
        <time>2024-11-26T08:38:44Z</time>
      </trkpt>
      <trkpt lat="-22.854981226846576" lon="15.473858099430799">
        <ele>805.79999999999995</ele>
        <time>2024-11-26T08:38:59Z</time>
      </trkpt>
      <trkpt lat="-22.855047527700663" lon="15.473860111087561">
        <ele>806.20000000000005</ele>
        <time>2024-11-26T08:39:14Z</time>
      </trkpt>
      <trkpt lat="-22.855122545734048" lon="15.473859524354339">
        <ele>806.39999999999998</ele>
        <time>2024-11-26T08:39:28Z</time>
      </trkpt>
      <trkpt lat="-22.855198653414845" lon="15.473851310089231">
        <ele>806.60000000000002</ele>
        <time>2024-11-26T08:39:43Z</time>
      </trkpt>
      <trkpt lat="-22.855273336172104" lon="15.473838234320283">
        <ele>806.79999999999995</ele>
        <time>2024-11-26T08:39:58Z</time>
      </trkpt>
      <trkpt lat="-22.855343241244555" lon="15.47382440418005">
        <ele>806.79999999999995</ele>
        <time>2024-11-26T08:40:12Z</time>
      </trkpt>
      <trkpt lat="-22.855409039184451" lon="15.473808227106929">
        <ele>806.79999999999995</ele>
        <time>2024-11-26T08:40:27Z</time>
      </trkpt>
      <trkpt lat="-22.855465365573764" lon="15.473790122196078">
        <ele>807</ele>
        <time>2024-11-26T08:40:42Z</time>
      </trkpt>
      <trkpt lat="-22.855522865429521" lon="15.473765060305595">
        <ele>807</ele>
        <time>2024-11-26T08:40:56Z</time>
      </trkpt>
      <trkpt lat="-22.85557902418077" lon="15.473731281235814">
        <ele>807.20000000000005</ele>
        <time>2024-11-26T08:41:11Z</time>
      </trkpt>
      <trkpt lat="-22.855630153790116" lon="15.473697083070874">
        <ele>807.20000000000005</ele>
        <time>2024-11-26T08:41:26Z</time>
      </trkpt>
      <trkpt lat="-22.855684300884604" lon="15.473663220182061">
        <ele>807.20000000000005</ele>
        <time>2024-11-26T08:41:40Z</time>
      </trkpt>
      <trkpt lat="-22.855741297826171" lon="15.473631201311946">
        <ele>807.39999999999998</ele>
        <time>2024-11-26T08:41:55Z</time>
      </trkpt>
      <trkpt lat="-22.855801563709974" lon="15.473603121936321">
        <ele>807.60000000000002</ele>
        <time>2024-11-26T08:42:10Z</time>
      </trkpt>
      <trkpt lat="-22.855864847078919" lon="15.47357814386487">
        <ele>808</ele>
        <time>2024-11-26T08:42:24Z</time>
      </trkpt>
      <trkpt lat="-22.855927292257547" lon="15.473559116944671">
        <ele>808</ele>
        <time>2024-11-26T08:42:39Z</time>
      </trkpt>
      <trkpt lat="-22.855994179844856" lon="15.473543778061867">
        <ele>808.20000000000005</ele>
        <time>2024-11-26T08:42:54Z</time>
      </trkpt>
      <trkpt lat="-22.856044303625822" lon="15.473511423915625">
        <ele>808.20000000000005</ele>
        <time>2024-11-26T08:43:08Z</time>
      </trkpt>
      <trkpt lat="-22.856084788218141" lon="15.473481500521302">
        <ele>808.20000000000005</ele>
        <time>2024-11-26T08:43:23Z</time>
      </trkpt>
      <trkpt lat="-22.856121752411127" lon="15.473448056727648">
        <ele>808.20000000000005</ele>
        <time>2024-11-26T08:43:38Z</time>
      </trkpt>
      <trkpt lat="-22.856165254488587" lon="15.473435316234827">
        <ele>808.20000000000005</ele>
        <time>2024-11-26T08:43:52Z</time>
      </trkpt>
      <trkpt lat="-22.856214623898268" lon="15.473434729501605">
        <ele>808.39999999999998</ele>
        <time>2024-11-26T08:44:07Z</time>
      </trkpt>
      <trkpt lat="-22.856269609183073" lon="15.473446799442172">
        <ele>808.39999999999998</ele>
        <time>2024-11-26T08:44:22Z</time>
      </trkpt>
      <trkpt lat="-22.856328282505274" lon="15.473462305963039">
        <ele>808.79999999999995</ele>
        <time>2024-11-26T08:44:36Z</time>
      </trkpt>
      <trkpt lat="-22.856394750997424" lon="15.473472028970718">
        <ele>809.39999999999998</ele>
        <time>2024-11-26T08:44:51Z</time>
      </trkpt>
      <trkpt lat="-22.856467925012112" lon="15.473468173295259">
        <ele>809.39999999999998</ele>
        <time>2024-11-26T08:45:06Z</time>
      </trkpt>
      <trkpt lat="-22.856536488980055" lon="15.473445542156696">
        <ele>809.60000000000002</ele>
        <time>2024-11-26T08:45:20Z</time>
      </trkpt>
      <trkpt lat="-22.85659734159708" lon="15.473404722288251">
        <ele>809.79999999999995</ele>
        <time>2024-11-26T08:45:35Z</time>
      </trkpt>
      <trkpt lat="-22.856653165072203" lon="15.47334554605186">
        <ele>810.20000000000005</ele>
        <time>2024-11-26T08:45:50Z</time>
      </trkpt>
      <trkpt lat="-22.856692308560014" lon="15.473278323188424">
        <ele>810.39999999999998</ele>
        <time>2024-11-26T08:46:04Z</time>
      </trkpt>
      <trkpt lat="-22.856745282188058" lon="15.473208082839847">
        <ele>811.20000000000005</ele>
        <time>2024-11-26T08:46:19Z</time>
      </trkpt>
      <trkpt lat="-22.85680303350091" lon="15.47314764931798">
        <ele>812</ele>
        <time>2024-11-26T08:46:34Z</time>
      </trkpt>
      <trkpt lat="-22.856873273849487" lon="15.473104733973742">
        <ele>812.39999999999998</ele>
        <time>2024-11-26T08:46:48Z</time>
      </trkpt>
      <trkpt lat="-22.856944687664509" lon="15.473073553293943">
        <ele>812.79999999999995</ele>
        <time>2024-11-26T08:47:03Z</time>
      </trkpt>
      <trkpt lat="-22.857006043195724" lon="15.473046563565731">
        <ele>813</ele>
        <time>2024-11-26T08:47:18Z</time>
      </trkpt>
      <trkpt lat="-22.85705809481442" lon="15.473013035953045">
        <ele>813</ele>
        <time>2024-11-26T08:47:32Z</time>
      </trkpt>
      <trkpt lat="-22.857097238302231" lon="15.472965259104967">
        <ele>813</ele>
        <time>2024-11-26T08:47:47Z</time>
      </trkpt>
      <trkpt lat="-22.857132023200393" lon="15.472910944372416">
        <ele>812.79999999999995</ele>
        <time>2024-11-26T08:48:02Z</time>
      </trkpt>
      <trkpt lat="-22.857162533327937" lon="15.472850259393454">
        <ele>812.79999999999995</ele>
        <time>2024-11-26T08:48:16Z</time>
      </trkpt>
      <trkpt lat="-22.85719052888453" lon="15.472796279937029">
        <ele>812.79999999999995</ele>
        <time>2024-11-26T08:48:31Z</time>
      </trkpt>
      <trkpt lat="-22.857224056497216" lon="15.472743222489953">
        <ele>812.79999999999995</ele>
        <time>2024-11-26T08:48:46Z</time>
      </trkpt>
      <trkpt lat="-22.857265630736947" lon="15.472689745947719">
        <ele>812.79999999999995</ele>
        <time>2024-11-26T08:49:00Z</time>
      </trkpt>
      <trkpt lat="-22.857308546081185" lon="15.472638113424182">
        <ele>813</ele>
        <time>2024-11-26T08:49:15Z</time>
      </trkpt>
      <trkpt lat="-22.857348108664155" lon="15.472588073462248">
        <ele>813.20000000000005</ele>
        <time>2024-11-26T08:49:30Z</time>
      </trkpt>
      <trkpt lat="-22.857384067028761" lon="15.472542811185122">
        <ele>813.20000000000005</ele>
        <time>2024-11-26T08:49:44Z</time>
      </trkpt>
      <trkpt lat="-22.857417175546288" lon="15.472501656040549">
        <ele>813.39999999999998</ele>
        <time>2024-11-26T08:49:59Z</time>
      </trkpt>
      <trkpt lat="-22.857446763664484" lon="15.472457986325026">
        <ele>813.39999999999998</ele>
        <time>2024-11-26T08:50:14Z</time>
      </trkpt>
      <trkpt lat="-22.857475681230426" lon="15.472416328266263">
        <ele>813.39999999999998</ele>
        <time>2024-11-26T08:50:28Z</time>
      </trkpt>
      <trkpt lat="-22.857505269348621" lon="15.472371149808168">
        <ele>813.60000000000002</ele>
        <time>2024-11-26T08:50:43Z</time>
      </trkpt>
      <trkpt lat="-22.85753502510488" lon="15.472319684922695">
        <ele>813.60000000000002</ele>
        <time>2024-11-26T08:50:58Z</time>
      </trkpt>
      <trkpt lat="-22.857565702870488" lon="15.472264029085636">
        <ele>813.79999999999995</ele>
        <time>2024-11-26T08:51:12Z</time>
      </trkpt>
      <trkpt lat="-22.857596715912223" lon="15.472203679382801">
        <ele>814</ele>
        <time>2024-11-26T08:51:27Z</time>
      </trkpt>
      <trkpt lat="-22.85763175226748" lon="15.472143162041903">
        <ele>814.20000000000005</ele>
        <time>2024-11-26T08:51:42Z</time>
      </trkpt>
      <trkpt lat="-22.857663854956627" lon="15.472085997462273">
        <ele>814.20000000000005</ele>
        <time>2024-11-26T08:51:56Z</time>
      </trkpt>
      <trkpt lat="-22.857690341770649" lon="15.472026066854596">
        <ele>814.39999999999998</ele>
        <time>2024-11-26T08:52:11Z</time>
      </trkpt>
      <trkpt lat="-22.857703920453787" lon="15.471963034942746">
        <ele>814.60000000000002</ele>
        <time>2024-11-26T08:52:26Z</time>
      </trkpt>
      <trkpt lat="-22.857706099748611" lon="15.471890112385154">
        <ele>814.79999999999995</ele>
        <time>2024-11-26T08:52:41Z</time>
      </trkpt>
      <trkpt lat="-22.857694951817393" lon="15.471812328323722">
        <ele>815.20000000000005</ele>
        <time>2024-11-26T08:52:55Z</time>
      </trkpt>
      <trkpt lat="-22.857680032029748" lon="15.471729012206197">
        <ele>815.20000000000005</ele>
        <time>2024-11-26T08:53:10Z</time>
      </trkpt>
      <trkpt lat="-22.857662178575993" lon="15.471646785736084">
        <ele>815.39999999999998</ele>
        <time>2024-11-26T08:53:25Z</time>
      </trkpt>
      <trkpt lat="-22.857652036473155" lon="15.471563637256622">
        <ele>815.39999999999998</ele>
        <time>2024-11-26T08:53:39Z</time>
      </trkpt>
      <trkpt lat="-22.857649438083172" lon="15.471475040540099">
        <ele>815.39999999999998</ele>
        <time>2024-11-26T08:53:54Z</time>
      </trkpt>
      <trkpt lat="-22.857661172747612" lon="15.471380660310388">
        <ele>815.60000000000002</ele>
        <time>2024-11-26T08:54:09Z</time>
      </trkpt>
      <trkpt lat="-22.857685228809714" lon="15.471290722489357">
        <ele>815.60000000000002</ele>
        <time>2024-11-26T08:54:23Z</time>
      </trkpt>
      <trkpt lat="-22.8577187564224" lon="15.471207574009895">
        <ele>816</ele>
        <time>2024-11-26T08:54:38Z</time>
      </trkpt>
      <trkpt lat="-22.857755720615387" lon="15.471119144931436">
        <ele>816.39999999999998</ele>
        <time>2024-11-26T08:54:53Z</time>
      </trkpt>
      <trkpt lat="-22.857795869931579" lon="15.471032224595547">
        <ele>816.60000000000002</ele>
        <time>2024-11-26T08:55:07Z</time>
      </trkpt>
      <trkpt lat="-22.857842138037086" lon="15.470947986468673">
        <ele>816.79999999999995</ele>
        <time>2024-11-26T08:55:22Z</time>
      </trkpt>
      <trkpt lat="-22.857891004532576" lon="15.470869783312082">
        <ele>817</ele>
        <time>2024-11-26T08:55:37Z</time>
      </trkpt>
      <trkpt lat="-22.857941128313541" lon="15.470800800248981">
        <ele>817.60000000000002</ele>
        <time>2024-11-26T08:55:51Z</time>
      </trkpt>
      <trkpt lat="-22.857989324256778" lon="15.470736846327782">
        <ele>817.79999999999995</ele>
        <time>2024-11-26T08:56:06Z</time>
      </trkpt>
      <trkpt lat="-22.858034251257777" lon="15.47067959792912">
        <ele>818.39999999999998</ele>
        <time>2024-11-26T08:56:21Z</time>
      </trkpt>
      <trkpt lat="-22.858075825497508" lon="15.470635844394565">
        <ele>818.60000000000002</ele>
        <time>2024-11-26T08:56:35Z</time>
      </trkpt>
      <trkpt lat="-22.858114633709192" lon="15.470599383115768">
        <ele>819</ele>
        <time>2024-11-26T08:56:50Z</time>
      </trkpt>
      <trkpt lat="-22.858147490769625" lon="15.470561161637306">
        <ele>819.39999999999998</ele>
        <time>2024-11-26T08:57:05Z</time>
      </trkpt>
      <trkpt lat="-22.858174396678805" lon="15.470518581569195">
        <ele>819.60000000000002</ele>
        <time>2024-11-26T08:57:20Z</time>
      </trkpt>
      <trkpt lat="-22.858195519074798" lon="15.470465607941151">
        <ele>819.79999999999995</ele>
        <time>2024-11-26T08:57:34Z</time>
      </trkpt>
      <trkpt lat="-22.858224017545581" lon="15.470414729788899">
        <ele>820</ele>
        <time>2024-11-26T08:57:49Z</time>
      </trkpt>
      <trkpt lat="-22.858259808272123" lon="15.470373407006264">
        <ele>820</ele>
        <time>2024-11-26T08:58:04Z</time>
      </trkpt>
      <trkpt lat="-22.858295347541571" lon="15.470339879393578">
        <ele>820</ele>
        <time>2024-11-26T08:58:18Z</time>
      </trkpt>
      <trkpt lat="-22.858331222087145" lon="15.470304759219289">
        <ele>820</ele>
        <time>2024-11-26T08:58:33Z</time>
      </trkpt>
      <trkpt lat="-22.858365336433053" lon="15.470261843875051">
        <ele>819.79999999999995</ele>
        <time>2024-11-26T08:58:48Z</time>
      </trkpt>
      <trkpt lat="-22.858402552083135" lon="15.470221862196922">
        <ele>819.79999999999995</ele>
        <time>2024-11-26T08:59:02Z</time>
      </trkpt>
      <trkpt lat="-22.858439683914185" lon="15.470187915489078">
        <ele>819.39999999999998</ele>
        <time>2024-11-26T08:59:17Z</time>
      </trkpt>
      <trkpt lat="-22.858484694734216" lon="15.470158746466041">
        <ele>819.20000000000005</ele>
        <time>2024-11-26T08:59:32Z</time>
      </trkpt>
      <trkpt lat="-22.858523586764932" lon="15.470123458653688">
        <ele>819</ele>
        <time>2024-11-26T08:59:47Z</time>
      </trkpt>
      <trkpt lat="-22.858562143519521" lon="15.470087500289083">
        <ele>818.79999999999995</ele>
        <time>2024-11-26T09:00:01Z</time>
      </trkpt>
      <trkpt lat="-22.858595084398985" lon="15.470045674592257">
        <ele>818.60000000000002</ele>
        <time>2024-11-26T09:00:16Z</time>
      </trkpt>
      <trkpt lat="-22.858629701659083" lon="15.469999071210623">
        <ele>818.20000000000005</ele>
        <time>2024-11-26T09:00:31Z</time>
      </trkpt>
      <trkpt lat="-22.85866666585207" lon="15.469944421201944">
        <ele>818</ele>
        <time>2024-11-26T09:00:45Z</time>
      </trkpt>
      <trkpt lat="-22.858707820996642" lon="15.469888681545854">
        <ele>818</ele>
        <time>2024-11-26T09:01:00Z</time>
      </trkpt>
      <trkpt lat="-22.858759704977274" lon="15.469832522794604">
        <ele>818.20000000000005</ele>
        <time>2024-11-26T09:01:15Z</time>
      </trkpt>
      <trkpt lat="-22.858820222318172" lon="15.46978197991848">
        <ele>818.39999999999998</ele>
        <time>2024-11-26T09:01:29Z</time>
      </trkpt>
      <trkpt lat="-22.858886355534196" lon="15.469731101766229">
        <ele>818.79999999999995</ele>
        <time>2024-11-26T09:01:44Z</time>
      </trkpt>
      <trkpt lat="-22.858947291970253" lon="15.469672931358218">
        <ele>819.60000000000002</ele>
        <time>2024-11-26T09:01:59Z</time>
      </trkpt>
      <trkpt lat="-22.859003953635693" lon="15.469607133418322">
        <ele>819.79999999999995</ele>
        <time>2024-11-26T09:02:13Z</time>
      </trkpt>
      <trkpt lat="-22.859046701341867" lon="15.469537563621998">
        <ele>820.20000000000005</ele>
        <time>2024-11-26T09:02:28Z</time>
      </trkpt>
      <trkpt lat="-22.859069500118494" lon="15.469477716833353">
        <ele>820.39999999999998</ele>
        <time>2024-11-26T09:02:43Z</time>
      </trkpt>
      <trkpt lat="-22.859083916991949" lon="15.469432286918163">
        <ele>821</ele>
        <time>2024-11-26T09:02:58Z</time>
      </trkpt>
      <trkpt lat="-22.859090454876423" lon="15.469399262219667">
        <ele>821</ele>
        <time>2024-11-26T09:03:12Z</time>
      </trkpt>
      <trkpt lat="-22.859098585322499" lon="15.469378139823675">
        <ele>821.39999999999998</ele>
        <time>2024-11-26T09:03:27Z</time>
      </trkpt>
      <trkpt lat="-22.859103614464402" lon="15.469366069883108">
        <ele>821.79999999999995</ele>
        <time>2024-11-26T09:03:42Z</time>
      </trkpt>
      <trkpt lat="-22.859105709940195" lon="15.46934612095356">
        <ele>822.20000000000005</ele>
        <time>2024-11-26T09:03:56Z</time>
      </trkpt>
      <trkpt lat="-22.859110655263066" lon="15.469331284984946">
        <ele>822.39999999999998</ele>
        <time>2024-11-26T09:04:11Z</time>
      </trkpt>
      <trkpt lat="-22.859115935862064" lon="15.469315694645047">
        <ele>822.79999999999995</ele>
        <time>2024-11-26T09:04:26Z</time>
      </trkpt>
      <trkpt lat="-22.85912498831749" lon="15.469299852848053">
        <ele>823</ele>
        <time>2024-11-26T09:04:41Z</time>
      </trkpt>
      <trkpt lat="-22.85913965664804" lon="15.46927428804338">
        <ele>823</ele>
        <time>2024-11-26T09:04:55Z</time>
      </trkpt>
      <trkpt lat="-22.859155330806971" lon="15.469243358820677">
        <ele>823.39999999999998</ele>
        <time>2024-11-26T09:05:10Z</time>
      </trkpt>
      <trkpt lat="-22.859174776822329" lon="15.469207148998976">
        <ele>823.79999999999995</ele>
        <time>2024-11-26T09:05:25Z</time>
      </trkpt>
      <trkpt lat="-22.859198749065399" lon="15.469170603901148">
        <ele>824</ele>
        <time>2024-11-26T09:05:39Z</time>
      </trkpt>
      <trkpt lat="-22.859227834269404" lon="15.469131963327527">
        <ele>824.39999999999998</ele>
        <time>2024-11-26T09:05:54Z</time>
      </trkpt>
      <trkpt lat="-22.859258931130171" lon="15.469080917537212">
        <ele>824.79999999999995</ele>
        <time>2024-11-26T09:06:09Z</time>
      </trkpt>
      <trkpt lat="-22.859292207285762" lon="15.469017717987299">
        <ele>825.20000000000005</ele>
        <time>2024-11-26T09:06:23Z</time>
      </trkpt>
      <trkpt lat="-22.859324142336845" lon="15.468942364677787">
        <ele>826</ele>
        <time>2024-11-26T09:06:38Z</time>
      </trkpt>
      <trkpt lat="-22.859352389350533" lon="15.468859635293484">
        <ele>826.39999999999998</ele>
        <time>2024-11-26T09:06:53Z</time>
      </trkpt>
      <trkpt lat="-22.859374601393938" lon="15.468772128224373">
        <ele>827.20000000000005</ele>
        <time>2024-11-26T09:07:08Z</time>
      </trkpt>
      <trkpt lat="-22.859386671334505" lon="15.468680849298835">
        <ele>827.39999999999998</ele>
        <time>2024-11-26T09:07:22Z</time>
      </trkpt>
      <trkpt lat="-22.859385330229998" lon="15.468582948669791">
        <ele>827.60000000000002</ele>
        <time>2024-11-26T09:07:37Z</time>
      </trkpt>
      <trkpt lat="-22.859379127621651" lon="15.468485299497843">
        <ele>827.60000000000002</ele>
        <time>2024-11-26T09:07:52Z</time>
      </trkpt>
      <trkpt lat="-22.859372003003955" lon="15.468386225402355">
        <ele>827.60000000000002</ele>
        <time>2024-11-26T09:08:06Z</time>
      </trkpt>
      <trkpt lat="-22.859365129843354" lon="15.468290001153946">
        <ele>827.60000000000002</ele>
        <time>2024-11-26T09:08:21Z</time>
      </trkpt>
      <trkpt lat="-22.859360352158546" lon="15.468195704743266">
        <ele>827.39999999999998</ele>
        <time>2024-11-26T09:08:36Z</time>
      </trkpt>
      <trkpt lat="-22.85936295054853" lon="15.468107108026743">
        <ele>827</ele>
        <time>2024-11-26T09:08:51Z</time>
      </trkpt>
      <trkpt lat="-22.859378876164556" lon="15.46802680939436">
        <ele>826.60000000000002</ele>
        <time>2024-11-26T09:09:05Z</time>
      </trkpt>
      <trkpt lat="-22.859412655234337" lon="15.467955647036433">
        <ele>826.20000000000005</ele>
        <time>2024-11-26T09:09:20Z</time>
      </trkpt>
      <trkpt lat="-22.859446853399277" lon="15.467893620952964">
        <ele>825.60000000000002</ele>
        <time>2024-11-26T09:09:35Z</time>
      </trkpt>
      <trkpt lat="-22.859467724338174" lon="15.467838970944285">
        <ele>825.20000000000005</ele>
        <time>2024-11-26T09:09:49Z</time>
      </trkpt>
      <trkpt lat="-22.859481638297439" lon="15.467792619019747">
        <ele>824.39999999999998</ele>
        <time>2024-11-26T09:10:04Z</time>
      </trkpt>
      <trkpt lat="-22.859493289142847" lon="15.467744339257479">
        <ele>824</ele>
        <time>2024-11-26T09:10:19Z</time>
      </trkpt>
      <trkpt lat="-22.85950074903667" lon="15.467693880200386">
        <ele>824</ele>
        <time>2024-11-26T09:10:33Z</time>
      </trkpt>
      <trkpt lat="-22.859501587226987" lon="15.467637469992042">
        <ele>823.79999999999995</ele>
        <time>2024-11-26T09:10:48Z</time>
      </trkpt>
      <trkpt lat="-22.859498234465718" lon="15.467572845518589">
        <ele>823.60000000000002</ele>
        <time>2024-11-26T09:11:03Z</time>
      </trkpt>
      <trkpt lat="-22.859466131776571" lon="15.467288112267852">
        <ele>824</ele>
        <time>2024-11-26T09:11:18Z</time>
      </trkpt>
      <trkpt lat="-22.859464958310127" lon="15.466936994343996">
        <ele>824.39999999999998</ele>
        <time>2024-11-26T09:11:32Z</time>
      </trkpt>
      <trkpt lat="-22.859482225030661" lon="15.46684144064784">
        <ele>824.39999999999998</ele>
        <time>2024-11-26T09:11:47Z</time>
      </trkpt>
      <trkpt lat="-22.859539724886417" lon="15.46664597466588">
        <ele>824.79999999999995</ele>
        <time>2024-11-26T09:12:02Z</time>
      </trkpt>
      <trkpt lat="-22.859621699899435" lon="15.466468362137675">
        <ele>825</ele>
        <time>2024-11-26T09:12:17Z</time>
      </trkpt>
      <trkpt lat="-22.859656400978565" lon="15.466379933059216">
        <ele>825</ele>
        <time>2024-11-26T09:12:31Z</time>
      </trkpt>
      <trkpt lat="-22.859686156734824" lon="15.466284714639187">
        <ele>825</ele>
        <time>2024-11-26T09:12:46Z</time>
      </trkpt>
      <trkpt lat="-22.859714906662703" lon="15.466196117922664">
        <ele>825</ele>
        <time>2024-11-26T09:13:01Z</time>
      </trkpt>
      <trkpt lat="-22.859731083735824" lon="15.466110287234187">
        <ele>824.79999999999995</ele>
        <time>2024-11-26T09:13:15Z</time>
      </trkpt>
      <trkpt lat="-22.859735861420631" lon="15.466027306392789">
        <ele>824.20000000000005</ele>
        <time>2024-11-26T09:13:30Z</time>
      </trkpt>
      <trkpt lat="-22.859740136191249" lon="15.465945834293962">
        <ele>823.39999999999998</ele>
        <time>2024-11-26T09:13:45Z</time>
      </trkpt>
      <trkpt lat="-22.859733514487743" lon="15.465865200385451">
        <ele>822.60000000000002</ele>
        <time>2024-11-26T09:14:00Z</time>
      </trkpt>
      <trkpt lat="-22.859727060422301" lon="15.465779285877943">
        <ele>821.79999999999995</ele>
        <time>2024-11-26T09:14:14Z</time>
      </trkpt>
      <trkpt lat="-22.859707362949848" lon="15.465623885393143">
        <ele>821.39999999999998</ele>
        <time>2024-11-26T09:14:29Z</time>
      </trkpt>
      <trkpt lat="-22.859685150906444" lon="15.465552303940058">
        <ele>821.20000000000005</ele>
        <time>2024-11-26T09:14:44Z</time>
      </trkpt>
      <trkpt lat="-22.85966251976788" lon="15.465485500171781">
        <ele>821</ele>
        <time>2024-11-26T09:14:58Z</time>
      </trkpt>
      <trkpt lat="-22.859629495069385" lon="15.465436298400164">
        <ele>821</ele>
        <time>2024-11-26T09:15:13Z</time>
      </trkpt>
      <trkpt lat="-22.85958775319159" lon="15.465367902070284">
        <ele>821</ele>
        <time>2024-11-26T09:15:28Z</time>
      </trkpt>
      <trkpt lat="-22.859479291364551" lon="15.46525432728231">
        <ele>821.20000000000005</ele>
        <time>2024-11-26T09:15:43Z</time>
      </trkpt>
      <trkpt lat="-22.859352473169565" lon="15.465110912919044">
        <ele>821.60000000000002</ele>
        <time>2024-11-26T09:15:57Z</time>
      </trkpt>
      <trkpt lat="-22.859219703823328" lon="15.464945118874311">
        <ele>821.39999999999998</ele>
        <time>2024-11-26T09:16:12Z</time>
      </trkpt>
      <trkpt lat="-22.859086934477091" lon="15.464771948754787">
        <ele>821</ele>
        <time>2024-11-26T09:16:27Z</time>
      </trkpt>
      <trkpt lat="-22.858968833461404" lon="15.464595509693027">
        <ele>820.60000000000002</ele>
        <time>2024-11-26T09:16:42Z</time>
      </trkpt>
      <trkpt lat="-22.858909824863076" lon="15.464501297101378">
        <ele>820.60000000000002</ele>
        <time>2024-11-26T09:16:56Z</time>
      </trkpt>
      <trkpt lat="-22.858788957819343" lon="15.464313710108399">
        <ele>820.39999999999998</ele>
        <time>2024-11-26T09:17:11Z</time>
      </trkpt>
      <trkpt lat="-22.858488382771611" lon="15.463792942464352">
        <ele>819.20000000000005</ele>
        <time>2024-11-26T09:17:26Z</time>
      </trkpt>
      <trkpt lat="-22.858326779678464" lon="15.463470742106438">
        <ele>818.20000000000005</ele>
        <time>2024-11-26T09:17:41Z</time>
      </trkpt>
      <trkpt lat="-22.858281685039401" lon="15.463357754051685">
        <ele>818</ele>
        <time>2024-11-26T09:17:55Z</time>
      </trkpt>
      <trkpt lat="-22.858240948989987" lon="15.463247448205948">
        <ele>817.60000000000002</ele>
        <time>2024-11-26T09:18:10Z</time>
      </trkpt>
      <trkpt lat="-22.858203146606684" lon="15.463138399645686">
        <ele>817.39999999999998</ele>
        <time>2024-11-26T09:18:25Z</time>
      </trkpt>
      <trkpt lat="-22.858163835480809" lon="15.463036643341184">
        <ele>817.39999999999998</ele>
        <time>2024-11-26T09:18:40Z</time>
      </trkpt>
      <trkpt lat="-22.858122093603015" lon="15.462930109351873">
        <ele>817</ele>
        <time>2024-11-26T09:18:54Z</time>
      </trkpt>
      <trkpt lat="-22.858076076954603" lon="15.462823743000627">
        <ele>817</ele>
        <time>2024-11-26T09:19:09Z</time>
      </trkpt>
      <trkpt lat="-22.858033664524555" lon="15.462727770209312">
        <ele>816.79999999999995</ele>
        <time>2024-11-26T09:19:24Z</time>
      </trkpt>
      <trkpt lat="-22.857999466359615" lon="15.462652333080769">
        <ele>817</ele>
        <time>2024-11-26T09:19:39Z</time>
      </trkpt>
      <trkpt lat="-22.857963172718883" lon="15.462583182379603">
        <ele>816.79999999999995</ele>
        <time>2024-11-26T09:19:53Z</time>
      </trkpt>
      <trkpt lat="-22.857922269031405" lon="15.462521826848388">
        <ele>816.79999999999995</ele>
        <time>2024-11-26T09:20:08Z</time>
      </trkpt>
      <trkpt lat="-22.857879940420389" lon="15.462461225688457">
        <ele>817</ele>
        <time>2024-11-26T09:20:23Z</time>
      </trkpt>
      <trkpt lat="-22.857667542994022" lon="15.462253103032708">
        <ele>818.20000000000005</ele>
        <time>2024-11-26T09:20:38Z</time>
      </trkpt>
      <trkpt lat="-22.857573330402374" lon="15.462238350883126">
        <ele>818.60000000000002</ele>
        <time>2024-11-26T09:20:52Z</time>
      </trkpt>
      <trkpt lat="-22.85746268928051" lon="15.462244302034378">
        <ele>818.79999999999995</ele>
        <time>2024-11-26T09:21:07Z</time>
      </trkpt>
      <trkpt lat="-22.857366632670164" lon="15.462213456630707">
        <ele>819</ele>
        <time>2024-11-26T09:21:22Z</time>
      </trkpt>
      <trkpt lat="-22.857273509725928" lon="15.462206918746233">
        <ele>819</ele>
        <time>2024-11-26T09:21:37Z</time>
      </trkpt>
      <trkpt lat="-22.857179045677185" lon="15.462209852412343">
        <ele>819</ele>
        <time>2024-11-26T09:21:51Z</time>
      </trkpt>
      <trkpt lat="-22.857092544436455" lon="15.462219826877117">
        <ele>819</ele>
        <time>2024-11-26T09:22:06Z</time>
      </trkpt>
      <trkpt lat="-22.857018783688545" lon="15.462219240143895">
        <ele>818.79999999999995</ele>
        <time>2024-11-26T09:22:21Z</time>
      </trkpt>
      <trkpt lat="-22.856937982141972" lon="15.462209265679121">
        <ele>818.39999999999998</ele>
        <time>2024-11-26T09:22:36Z</time>
      </trkpt>
      <trkpt lat="-22.856856174767017" lon="15.462185125797987">
        <ele>818.39999999999998</ele>
        <time>2024-11-26T09:22:50Z</time>
      </trkpt>
      <trkpt lat="-22.856680992990732" lon="15.462139779701829">
        <ele>818</ele>
        <time>2024-11-26T09:23:05Z</time>
      </trkpt>
      <trkpt lat="-22.856503548100591" lon="15.462094768881798">
        <ele>816.79999999999995</ele>
        <time>2024-11-26T09:23:20Z</time>
      </trkpt>
      <trkpt lat="-22.856323421001434" lon="15.462032491341233">
        <ele>815.60000000000002</ele>
        <time>2024-11-26T09:23:35Z</time>
      </trkpt>
      <trkpt lat="-22.856181431561708" lon="15.461956551298499">
        <ele>815</ele>
        <time>2024-11-26T09:23:49Z</time>
      </trkpt>
      <trkpt lat="-22.856116890907288" lon="15.461926460266113">
        <ele>814.39999999999998</ele>
        <time>2024-11-26T09:24:04Z</time>
      </trkpt>
      <trkpt lat="-22.856056960299611" lon="15.46189796179533">
        <ele>813.79999999999995</ele>
        <time>2024-11-26T09:24:19Z</time>
      </trkpt>
      <trkpt lat="-22.855999125167727" lon="15.461865188553929">
        <ele>813.79999999999995</ele>
        <time>2024-11-26T09:24:34Z</time>
      </trkpt>
      <trkpt lat="-22.855938691645861" lon="15.461833504959941">
        <ele>813.60000000000002</ele>
        <time>2024-11-26T09:24:48Z</time>
      </trkpt>
      <trkpt lat="-22.855874905362725" lon="15.461797965690494">
        <ele>813.60000000000002</ele>
        <time>2024-11-26T09:25:03Z</time>
      </trkpt>
      <trkpt lat="-22.855408955365419" lon="15.46146797016263">
        <ele>813.39999999999998</ele>
        <time>2024-11-26T09:25:18Z</time>
      </trkpt>
      <trkpt lat="-22.855329997837543" lon="15.461415247991681">
        <ele>813.20000000000005</ele>
        <time>2024-11-26T09:25:33Z</time>
      </trkpt>
      <trkpt lat="-22.854987513273954" lon="15.461180554702878">
        <ele>813.39999999999998</ele>
        <time>2024-11-26T09:25:48Z</time>
      </trkpt>
      <trkpt lat="-22.85457537509501" lon="15.460890457034111">
        <ele>813.20000000000005</ele>
        <time>2024-11-26T09:26:02Z</time>
      </trkpt>
      <trkpt lat="-22.854460710659623" lon="15.460825581103563">
        <ele>813.20000000000005</ele>
        <time>2024-11-26T09:26:17Z</time>
      </trkpt>
      <trkpt lat="-22.854074640199542" lon="15.460668923333287">
        <ele>813.20000000000005</ele>
        <time>2024-11-26T09:26:32Z</time>
      </trkpt>
      <trkpt lat="-22.853489750996232" lon="15.460512097924948">
        <ele>813</ele>
        <time>2024-11-26T09:26:47Z</time>
      </trkpt>
      <trkpt lat="-22.853028578683734" lon="15.460396846756339">
        <ele>812</ele>
        <time>2024-11-26T09:27:01Z</time>
      </trkpt>
      <trkpt lat="-22.852731859311461" lon="15.460288552567363">
        <ele>810.79999999999995</ele>
        <time>2024-11-26T09:27:16Z</time>
      </trkpt>
      <trkpt lat="-22.852589199319482" lon="15.460224347189069">
        <ele>810.60000000000002</ele>
        <time>2024-11-26T09:27:31Z</time>
      </trkpt>
      <trkpt lat="-22.85245374776423" lon="15.460153771564364">
        <ele>810.20000000000005</ele>
        <time>2024-11-26T09:27:46Z</time>
      </trkpt>
      <trkpt lat="-22.852326091378927" lon="15.460076071321964">
        <ele>810.20000000000005</ele>
        <time>2024-11-26T09:28:01Z</time>
      </trkpt>
      <trkpt lat="-22.852201871573925" lon="15.459987474605441">
        <ele>809.79999999999995</ele>
        <time>2024-11-26T09:28:15Z</time>
      </trkpt>
      <trkpt lat="-22.852081172168255" lon="15.459896111860871">
        <ele>809.79999999999995</ele>
        <time>2024-11-26T09:28:30Z</time>
      </trkpt>
      <trkpt lat="-22.851840946823359" lon="15.459724282845855">
        <ele>808.60000000000002</ele>
        <time>2024-11-26T09:28:45Z</time>
      </trkpt>
      <trkpt lat="-22.851736173033714" lon="15.459637446328998">
        <ele>808</ele>
        <time>2024-11-26T09:29:00Z</time>
      </trkpt>
      <trkpt lat="-22.851638775318861" lon="15.459555387496948">
        <ele>807.20000000000005</ele>
        <time>2024-11-26T09:29:15Z</time>
      </trkpt>
      <trkpt lat="-22.85154833458364" lon="15.459476932883263">
        <ele>806.60000000000002</ele>
        <time>2024-11-26T09:29:29Z</time>
      </trkpt>
      <trkpt lat="-22.85146183334291" lon="15.459400322288275">
        <ele>806.20000000000005</ele>
        <time>2024-11-26T09:29:44Z</time>
      </trkpt>
      <trkpt lat="-22.851380445063114" lon="15.45932387933135">
        <ele>805.39999999999998</ele>
        <time>2024-11-26T09:29:59Z</time>
      </trkpt>
      <trkpt lat="-22.851308193057775" lon="15.459252716973424">
        <ele>805</ele>
        <time>2024-11-26T09:30:14Z</time>
      </trkpt>
      <trkpt lat="-22.851235438138247" lon="15.459191529080272">
        <ele>804.60000000000002</ele>
        <time>2024-11-26T09:30:29Z</time>
      </trkpt>
      <trkpt lat="-22.851164611056447" lon="15.459141656756401">
        <ele>804.60000000000002</ele>
        <time>2024-11-26T09:30:43Z</time>
      </trkpt>
      <trkpt lat="-22.851097723469138" lon="15.459090443328023">
        <ele>803.79999999999995</ele>
        <time>2024-11-26T09:30:58Z</time>
      </trkpt>
      <trkpt lat="-22.851039050146937" lon="15.459044342860579">
        <ele>803.79999999999995</ele>
        <time>2024-11-26T09:31:13Z</time>
      </trkpt>
      <trkpt lat="-22.850986160337925" lon="15.458998074755073">
        <ele>803.20000000000005</ele>
        <time>2024-11-26T09:31:28Z</time>
      </trkpt>
      <trkpt lat="-22.850945424288511" lon="15.458954405039549">
        <ele>802.60000000000002</ele>
        <time>2024-11-26T09:31:43Z</time>
      </trkpt>
      <trkpt lat="-22.850911812856793" lon="15.458915596827865">
        <ele>802</ele>
        <time>2024-11-26T09:31:57Z</time>
      </trkpt>
      <trkpt lat="-22.850880967453122" lon="15.458880811929703">
        <ele>802</ele>
        <time>2024-11-26T09:32:12Z</time>
      </trkpt>
      <trkpt lat="-22.850849367678165" lon="15.458848122507334">
        <ele>801.79999999999995</ele>
        <time>2024-11-26T09:32:27Z</time>
      </trkpt>
      <trkpt lat="-22.850813493132591" lon="15.45881618745625">
        <ele>801.79999999999995</ele>
        <time>2024-11-26T09:32:42Z</time>
      </trkpt>
      <trkpt lat="-22.850772421807051" lon="15.458786599338055">
        <ele>801.60000000000002</ele>
        <time>2024-11-26T09:32:57Z</time>
      </trkpt>
      <trkpt lat="-22.850569831207395" lon="15.458643939346075">
        <ele>801.39999999999998</ele>
        <time>2024-11-26T09:33:11Z</time>
      </trkpt>
      <trkpt lat="-22.850470338016748" lon="15.458546541631222">
        <ele>801.39999999999998</ele>
        <time>2024-11-26T09:33:26Z</time>
      </trkpt>
      <trkpt lat="-22.850309740751982" lon="15.458375550806522">
        <ele>801</ele>
        <time>2024-11-26T09:33:41Z</time>
      </trkpt>
      <trkpt lat="-22.850168589502573" lon="15.458304891362786">
        <ele>800.79999999999995</ele>
        <time>2024-11-26T09:33:56Z</time>
      </trkpt>
      <trkpt lat="-22.850094074383378" lon="15.458286451175809">
        <ele>800.60000000000002</ele>
        <time>2024-11-26T09:34:11Z</time>
      </trkpt>
      <trkpt lat="-22.850024169310927" lon="15.458277650177479">
        <ele>800.39999999999998</ele>
        <time>2024-11-26T09:34:25Z</time>
      </trkpt>
      <trkpt lat="-22.849958622828126" lon="15.458283266052604">
        <ele>800.20000000000005</ele>
        <time>2024-11-26T09:34:40Z</time>
      </trkpt>
      <trkpt lat="-22.849892992526293" lon="15.458290055394173">
        <ele>800</ele>
        <time>2024-11-26T09:34:55Z</time>
      </trkpt>
      <trkpt lat="-22.849826104938984" lon="15.458283349871635">
        <ele>799.79999999999995</ele>
        <time>2024-11-26T09:35:10Z</time>
      </trkpt>
      <trkpt lat="-22.849760977551341" lon="15.458277063444257">
        <ele>799.60000000000002</ele>
        <time>2024-11-26T09:35:25Z</time>
      </trkpt>
      <trkpt lat="-22.849703477695584" lon="15.458273710682988">
        <ele>799.60000000000002</ele>
        <time>2024-11-26T09:35:39Z</time>
      </trkpt>
      <trkpt lat="-22.849658969789743" lon="15.458275889977813">
        <ele>799.39999999999998</ele>
        <time>2024-11-26T09:35:54Z</time>
      </trkpt>
      <trkpt lat="-22.849624352529645" lon="15.458277901634574">
        <ele>799.39999999999998</ele>
        <time>2024-11-26T09:36:09Z</time>
      </trkpt>
      <trkpt lat="-22.849592585116625" lon="15.458278572186828">
        <ele>799.60000000000002</ele>
        <time>2024-11-26T09:36:24Z</time>
      </trkpt>
      <trkpt lat="-22.849561320617795" lon="15.458277566358447">
        <ele>799.60000000000002</ele>
        <time>2024-11-26T09:36:39Z</time>
      </trkpt>
      <trkpt lat="-22.849524021148682" lon="15.458284607157111">
        <ele>799.60000000000002</ele>
        <time>2024-11-26T09:36:54Z</time>
      </trkpt>
      <trkpt lat="-22.849433496594429" lon="15.458304053172469">
        <ele>800</ele>
        <time>2024-11-26T09:37:08Z</time>
      </trkpt>
      <trkpt lat="-22.849324699491262" lon="15.458313440904021">
        <ele>800.60000000000002</ele>
        <time>2024-11-26T09:37:23Z</time>
      </trkpt>
      <trkpt lat="-22.849195702001452" lon="15.458290809765458">
        <ele>801.79999999999995</ele>
        <time>2024-11-26T09:37:38Z</time>
      </trkpt>
      <trkpt lat="-22.848960254341364" lon="15.458186371251941">
        <ele>802</ele>
        <time>2024-11-26T09:37:53Z</time>
      </trkpt>
      <trkpt lat="-22.84856672398746" lon="15.458048824220896">
        <ele>801.60000000000002</ele>
        <time>2024-11-26T09:38:08Z</time>
      </trkpt>
      <trkpt lat="-22.848463039845228" lon="15.45802510343492">
        <ele>801.39999999999998</ele>
        <time>2024-11-26T09:38:22Z</time>
      </trkpt>
      <trkpt lat="-22.848255587741733" lon="15.457955617457628">
        <ele>801</ele>
        <time>2024-11-26T09:38:37Z</time>
      </trkpt>
      <trkpt lat="-22.848158609122038" lon="15.457895854488015">
        <ele>800.79999999999995</ele>
        <time>2024-11-26T09:38:52Z</time>
      </trkpt>
      <trkpt lat="-22.848060959950089" lon="15.457820752635598">
        <ele>800.20000000000005</ele>
        <time>2024-11-26T09:39:07Z</time>
      </trkpt>
      <trkpt lat="-22.847850741818547" lon="15.457655880600214">
        <ele>799.39999999999998</ele>
        <time>2024-11-26T09:39:22Z</time>
      </trkpt>
      <trkpt lat="-22.847615461796522" lon="15.457507604733109">
        <ele>798.39999999999998</ele>
        <time>2024-11-26T09:39:37Z</time>
      </trkpt>
      <trkpt lat="-22.84724498167634" lon="15.457279281690717">
        <ele>797.39999999999998</ele>
        <time>2024-11-26T09:39:51Z</time>
      </trkpt>
      <trkpt lat="-22.846748353913426" lon="15.456958338618279">
        <ele>796.60000000000002</ele>
        <time>2024-11-26T09:40:06Z</time>
      </trkpt>
      <trkpt lat="-22.84663419239223" lon="15.456890277564526">
        <ele>796.39999999999998</ele>
        <time>2024-11-26T09:40:21Z</time>
      </trkpt>
      <trkpt lat="-22.846534615382552" lon="15.45683135278523">
        <ele>796</ele>
        <time>2024-11-26T09:40:36Z</time>
      </trkpt>
      <trkpt lat="-22.846444258466363" lon="15.456776283681393">
        <ele>795.60000000000002</ele>
        <time>2024-11-26T09:40:51Z</time>
      </trkpt>
      <trkpt lat="-22.846355913206935" lon="15.456719873473048">
        <ele>794.39999999999998</ele>
        <time>2024-11-26T09:41:06Z</time>
      </trkpt>
      <trkpt lat="-22.846270333975554" lon="15.456658266484737">
        <ele>794</ele>
        <time>2024-11-26T09:41:20Z</time>
      </trkpt>
      <trkpt lat="-22.846185425296426" lon="15.456591378897429">
        <ele>794</ele>
        <time>2024-11-26T09:41:35Z</time>
      </trkpt>
      <trkpt lat="-22.846019128337502" lon="15.456450060009956">
        <ele>794.20000000000005</ele>
        <time>2024-11-26T09:41:50Z</time>
      </trkpt>
      <trkpt lat="-22.845593076199293" lon="15.456060133874416">
        <ele>794.60000000000002</ele>
        <time>2024-11-26T09:42:05Z</time>
      </trkpt>
      <trkpt lat="-22.845507832244039" lon="15.455987043678761">
        <ele>794.60000000000002</ele>
        <time>2024-11-26T09:42:20Z</time>
      </trkpt>
      <trkpt lat="-22.845424097031355" lon="15.455914624035358">
        <ele>794.60000000000002</ele>
        <time>2024-11-26T09:42:35Z</time>
      </trkpt>
      <trkpt lat="-22.845343379303813" lon="15.45584580861032">
        <ele>794.79999999999995</ele>
        <time>2024-11-26T09:42:50Z</time>
      </trkpt>
      <trkpt lat="-22.845260314643383" lon="15.455787219107151">
        <ele>794.79999999999995</ele>
        <time>2024-11-26T09:43:04Z</time>
      </trkpt>
      <trkpt lat="-22.845183787867427" lon="15.455728126689792">
        <ele>794.79999999999995</ele>
        <time>2024-11-26T09:43:19Z</time>
      </trkpt>
      <trkpt lat="-22.845117067918181" lon="15.45566744171083">
        <ele>794.79999999999995</ele>
        <time>2024-11-26T09:43:34Z</time>
      </trkpt>
      <trkpt lat="-22.845056969672441" lon="15.455606672912836">
        <ele>794.79999999999995</ele>
        <time>2024-11-26T09:43:49Z</time>
      </trkpt>
      <trkpt lat="-22.844994608312845" lon="15.455556632950902">
        <ele>794.79999999999995</ele>
        <time>2024-11-26T09:44:04Z</time>
      </trkpt>
      <trkpt lat="-22.844934845343232" lon="15.455511454492807">
        <ele>794.60000000000002</ele>
        <time>2024-11-26T09:44:19Z</time>
      </trkpt>
      <trkpt lat="-22.844880530610681" lon="15.455466443672776">
        <ele>794.39999999999998</ele>
        <time>2024-11-26T09:44:33Z</time>
      </trkpt>
      <trkpt lat="-22.844824120402336" lon="15.455426126718521">
        <ele>794.39999999999998</ele>
        <time>2024-11-26T09:44:48Z</time>
      </trkpt>
      <trkpt lat="-22.844772320240736" lon="15.455389749258757">
        <ele>794.20000000000005</ele>
        <time>2024-11-26T09:45:03Z</time>
      </trkpt>
      <trkpt lat="-22.844733847305179" lon="15.455350270494819">
        <ele>794.39999999999998</ele>
        <time>2024-11-26T09:45:18Z</time>
      </trkpt>
      <trkpt lat="-22.844703504815698" lon="15.455299559980631">
        <ele>794.39999999999998</ele>
        <time>2024-11-26T09:45:33Z</time>
      </trkpt>
      <trkpt lat="-22.844669474288821" lon="15.455251447856426">
        <ele>794.39999999999998</ele>
        <time>2024-11-26T09:45:48Z</time>
      </trkpt>
      <trkpt lat="-22.844620440155268" lon="15.455213394016027">
        <ele>794.20000000000005</ele>
        <time>2024-11-26T09:46:03Z</time>
      </trkpt>
      <trkpt lat="-22.844498483464122" lon="15.45517148450017">
        <ele>793.60000000000002</ele>
        <time>2024-11-26T09:46:17Z</time>
      </trkpt>
      <trkpt lat="-22.844435116276145" lon="15.455147176980972">
        <ele>793.20000000000005</ele>
        <time>2024-11-26T09:46:32Z</time>
      </trkpt>
      <trkpt lat="-22.844373760744929" lon="15.455111470073462">
        <ele>793</ele>
        <time>2024-11-26T09:46:47Z</time>
      </trkpt>
      <trkpt lat="-22.844288181513548" lon="15.455011138692498">
        <ele>792.60000000000002</ele>
        <time>2024-11-26T09:47:02Z</time>
      </trkpt>
      <trkpt lat="-22.844260856509209" lon="15.454950537532568">
        <ele>792.60000000000002</ele>
        <time>2024-11-26T09:47:17Z</time>
      </trkpt>
      <trkpt lat="-22.844228586181998" lon="15.454901419579983">
        <ele>792.39999999999998</ele>
        <time>2024-11-26T09:47:32Z</time>
      </trkpt>
      <trkpt lat="-22.844188772141933" lon="15.454870574176311">
        <ele>792.20000000000005</ele>
        <time>2024-11-26T09:47:47Z</time>
      </trkpt>
      <trkpt lat="-22.844154071062803" lon="15.454854900017381">
        <ele>792</ele>
        <time>2024-11-26T09:48:01Z</time>
      </trkpt>
      <trkpt lat="-22.844122722744942" lon="15.454844171181321">
        <ele>792.20000000000005</ele>
        <time>2024-11-26T09:48:16Z</time>
      </trkpt>
      <trkpt lat="-22.844089698046446" lon="15.454837130382657">
        <ele>792.20000000000005</ele>
        <time>2024-11-26T09:48:31Z</time>
      </trkpt>
      <trkpt lat="-22.84405080601573" lon="15.454823384061456">
        <ele>792.39999999999998</ele>
        <time>2024-11-26T09:48:46Z</time>
      </trkpt>
      <trkpt lat="-22.844013255089521" lon="15.454795220866799">
        <ele>792.79999999999995</ele>
        <time>2024-11-26T09:49:01Z</time>
      </trkpt>
      <trkpt lat="-22.843987606465816" lon="15.45475859194994">
        <ele>793.20000000000005</ele>
        <time>2024-11-26T09:49:16Z</time>
      </trkpt>
      <trkpt lat="-22.843965059146285" lon="15.454718107357621">
        <ele>793.20000000000005</ele>
        <time>2024-11-26T09:49:31Z</time>
      </trkpt>
      <trkpt lat="-22.843942008912563" lon="15.454686172306538">
        <ele>793.20000000000005</ele>
        <time>2024-11-26T09:49:45Z</time>
      </trkpt>
      <trkpt lat="-22.843923317268491" lon="15.454658176749945">
        <ele>793.20000000000005</ele>
        <time>2024-11-26T09:50:00Z</time>
      </trkpt>
      <trkpt lat="-22.843904122710228" lon="15.45463252812624">
        <ele>792.79999999999995</ele>
        <time>2024-11-26T09:50:15Z</time>
      </trkpt>
      <trkpt lat="-22.843883587047458" lon="15.454611321911216">
        <ele>792.60000000000002</ele>
        <time>2024-11-26T09:50:30Z</time>
      </trkpt>
      <trkpt lat="-22.843864308670163" lon="15.454589193686843">
        <ele>792.39999999999998</ele>
        <time>2024-11-26T09:50:45Z</time>
      </trkpt>
      <trkpt lat="-22.843844359740615" lon="15.45456463471055">
        <ele>792.39999999999998</ele>
        <time>2024-11-26T09:51:00Z</time>
      </trkpt>
      <trkpt lat="-22.843824159353971" lon="15.454540075734258">
        <ele>792.39999999999998</ele>
        <time>2024-11-26T09:51:15Z</time>
      </trkpt>
      <trkpt lat="-22.84370630979538" lon="15.454442175105214">
        <ele>792.79999999999995</ele>
        <time>2024-11-26T09:51:29Z</time>
      </trkpt>
      <trkpt lat="-22.843650067225099" lon="15.454350057989359">
        <ele>793.20000000000005</ele>
        <time>2024-11-26T09:51:44Z</time>
      </trkpt>
      <trkpt lat="-22.843585442751646" lon="15.454228855669498">
        <ele>793.39999999999998</ele>
        <time>2024-11-26T09:51:59Z</time>
      </trkpt>
      <trkpt lat="-22.843560548499227" lon="15.454147383570671">
        <ele>793.79999999999995</ele>
        <time>2024-11-26T09:52:14Z</time>
      </trkpt>
      <trkpt lat="-22.843533810228109" lon="15.453973207622766">
        <ele>794</ele>
        <time>2024-11-26T09:52:29Z</time>
      </trkpt>
      <trkpt lat="-22.843506652861834" lon="15.453831218183041">
        <ele>794</ele>
        <time>2024-11-26T09:52:44Z</time>
      </trkpt>
      <trkpt lat="-22.843493660911918" lon="15.453770868480206">
        <ele>794</ele>
        <time>2024-11-26T09:52:59Z</time>
      </trkpt>
      <trkpt lat="-22.843483602628112" lon="15.453711776062846">
        <ele>793.60000000000002</ele>
        <time>2024-11-26T09:53:14Z</time>
      </trkpt>
      <trkpt lat="-22.843478489667177" lon="15.453649163246155">
        <ele>793.39999999999998</ele>
        <time>2024-11-26T09:53:28Z</time>
      </trkpt>
      <trkpt lat="-22.843472789973021" lon="15.45358152128756">
        <ele>793.20000000000005</ele>
        <time>2024-11-26T09:53:43Z</time>
      </trkpt>
      <trkpt lat="-22.843441944569349" lon="15.453382451087236">
        <ele>792.79999999999995</ele>
        <time>2024-11-26T09:53:58Z</time>
      </trkpt>
      <trkpt lat="-22.843423169106245" lon="15.453319754451513">
        <ele>792.39999999999998</ele>
        <time>2024-11-26T09:54:13Z</time>
      </trkpt>
      <trkpt lat="-22.843397269025445" lon="15.453260075300932">
        <ele>792</ele>
        <time>2024-11-26T09:54:28Z</time>
      </trkpt>
      <trkpt lat="-22.843336667865515" lon="15.453141639009118">
        <ele>791.39999999999998</ele>
        <time>2024-11-26T09:54:43Z</time>
      </trkpt>
      <trkpt lat="-22.843307498842478" lon="15.453087240457535">
        <ele>791.20000000000005</ele>
        <time>2024-11-26T09:54:58Z</time>
      </trkpt>
      <trkpt lat="-22.843283107504249" lon="15.453046672046185">
        <ele>790.79999999999995</ele>
        <time>2024-11-26T09:55:12Z</time>
      </trkpt>
      <trkpt lat="-22.843252345919609" lon="15.453009204939008">
        <ele>790.60000000000002</ele>
        <time>2024-11-26T09:55:27Z</time>
      </trkpt>
      <trkpt lat="-22.843221416696906" lon="15.452969642356038">
        <ele>790</ele>
        <time>2024-11-26T09:55:42Z</time>
      </trkpt>
      <trkpt lat="-22.843194426968694" lon="15.452923290431499">
        <ele>790</ele>
        <time>2024-11-26T09:55:57Z</time>
      </trkpt>
      <trkpt lat="-22.843135669827461" lon="15.45283243060112">
        <ele>789.60000000000002</ele>
        <time>2024-11-26T09:56:12Z</time>
      </trkpt>
      <trkpt lat="-22.843084037303925" lon="15.452722711488605">
        <ele>789</ele>
        <time>2024-11-26T09:56:27Z</time>
      </trkpt>
      <trkpt lat="-22.842992842197418" lon="15.45253437012434">
        <ele>788.39999999999998</ele>
        <time>2024-11-26T09:56:42Z</time>
      </trkpt>
      <trkpt lat="-22.842916566878557" lon="15.452414425089955">
        <ele>787.60000000000002</ele>
        <time>2024-11-26T09:56:57Z</time>
      </trkpt>
      <trkpt lat="-22.842824282124639" lon="15.452281823381782">
        <ele>787.20000000000005</ele>
        <time>2024-11-26T09:57:11Z</time>
      </trkpt>
      <trkpt lat="-22.842596964910626" lon="15.451953755691648">
        <ele>786.39999999999998</ele>
        <time>2024-11-26T09:57:26Z</time>
      </trkpt>
      <trkpt lat="-22.842567209154367" lon="15.451893908903003">
        <ele>786.20000000000005</ele>
        <time>2024-11-26T09:57:41Z</time>
      </trkpt>
      <trkpt lat="-22.842543991282582" lon="15.451845796778798">
        <ele>786</ele>
        <time>2024-11-26T09:57:56Z</time>
      </trkpt>
      <trkpt lat="-22.842519097030163" lon="15.451811263337731">
        <ele>785.39999999999998</ele>
        <time>2024-11-26T09:58:11Z</time>
      </trkpt>
      <trkpt lat="-22.842496130615473" lon="15.451777735725045">
        <ele>785.20000000000005</ele>
        <time>2024-11-26T09:58:26Z</time>
      </trkpt>
      <trkpt lat="-22.842474086210132" lon="15.451746974140406">
        <ele>785.20000000000005</ele>
        <time>2024-11-26T09:58:41Z</time>
      </trkpt>
      <trkpt lat="-22.842449191957712" lon="15.45172325335443">
        <ele>785</ele>
        <time>2024-11-26T09:58:56Z</time>
      </trkpt>
      <trkpt lat="-22.842425303533673" lon="15.451699616387486">
        <ele>785</ele>
        <time>2024-11-26T09:59:11Z</time>
      </trkpt>
      <trkpt lat="-22.842403762042522" lon="15.451671201735735">
        <ele>785.20000000000005</ele>
        <time>2024-11-26T09:59:25Z</time>
      </trkpt>
      <trkpt lat="-22.84225364215672" lon="15.451519321650267">
        <ele>785.60000000000002</ele>
        <time>2024-11-26T09:59:40Z</time>
      </trkpt>
      <trkpt lat="-22.842009142041206" lon="15.451309606432915">
        <ele>785.60000000000002</ele>
        <time>2024-11-26T09:59:55Z</time>
      </trkpt>
      <trkpt lat="-22.841761959716678" lon="15.451104585081339">
        <ele>784.79999999999995</ele>
        <time>2024-11-26T10:00:10Z</time>
      </trkpt>
      <trkpt lat="-22.841711333021522" lon="15.451053455471992">
        <ele>784.60000000000002</ele>
        <time>2024-11-26T10:00:25Z</time>
      </trkpt>
      <trkpt lat="-22.841661041602492" lon="15.451002912595868">
        <ele>784.60000000000002</ele>
        <time>2024-11-26T10:00:40Z</time>
      </trkpt>
      <trkpt lat="-22.841610834002495" lon="15.450953207910061">
        <ele>784.60000000000002</ele>
        <time>2024-11-26T10:00:55Z</time>
      </trkpt>
      <trkpt lat="-22.841560458764434" lon="15.450904844328761">
        <ele>784.60000000000002</ele>
        <time>2024-11-26T10:01:10Z</time>
      </trkpt>
      <trkpt lat="-22.841508155688643" lon="15.45085346326232">
        <ele>784.60000000000002</ele>
        <time>2024-11-26T10:01:25Z</time>
      </trkpt>
      <trkpt lat="-22.841309672221541" lon="15.450620949268341">
        <ele>784.60000000000002</ele>
        <time>2024-11-26T10:01:39Z</time>
      </trkpt>
      <trkpt lat="-22.841267427429557" lon="15.450560264289379">
        <ele>784.60000000000002</ele>
        <time>2024-11-26T10:01:54Z</time>
      </trkpt>
      <trkpt lat="-22.84122065640986" lon="15.450517684221268">
        <ele>784.39999999999998</ele>
        <time>2024-11-26T10:02:09Z</time>
      </trkpt>
      <trkpt lat="-22.841179920360446" lon="15.450486252084374">
        <ele>784.20000000000005</ele>
        <time>2024-11-26T10:02:24Z</time>
      </trkpt>
      <trkpt lat="-22.841142620891333" lon="15.450454736128449">
        <ele>783.60000000000002</ele>
        <time>2024-11-26T10:02:39Z</time>
      </trkpt>
      <trkpt lat="-22.841103980317712" lon="15.450427914038301">
        <ele>783.60000000000002</ele>
        <time>2024-11-26T10:02:54Z</time>
      </trkpt>
      <trkpt lat="-22.841070536524057" lon="15.450402433052659">
        <ele>783.60000000000002</ele>
        <time>2024-11-26T10:03:09Z</time>
      </trkpt>
      <trkpt lat="-22.840922847390175" lon="15.45029011555016">
        <ele>783.60000000000002</ele>
        <time>2024-11-26T10:03:24Z</time>
      </trkpt>
      <trkpt lat="-22.840642221271992" lon="15.450011333450675">
        <ele>783</ele>
        <time>2024-11-26T10:03:39Z</time>
      </trkpt>
      <trkpt lat="-22.840535938739777" lon="15.449880911037326">
        <ele>782.60000000000002</ele>
        <time>2024-11-26T10:03:53Z</time>
      </trkpt>
      <trkpt lat="-22.840288756415248" lon="15.449577905237675">
        <ele>782</ele>
        <time>2024-11-26T10:04:08Z</time>
      </trkpt>
      <trkpt lat="-22.839949876070023" lon="15.44912570156157">
        <ele>782</ele>
        <time>2024-11-26T10:04:23Z</time>
      </trkpt>
      <trkpt lat="-22.839873600751162" lon="15.449031069874763">
        <ele>782</ele>
        <time>2024-11-26T10:04:38Z</time>
      </trkpt>
      <trkpt lat="-22.83972155302763" lon="15.448848344385624">
        <ele>781.60000000000002</ele>
        <time>2024-11-26T10:04:53Z</time>
      </trkpt>
      <trkpt lat="-22.839578641578555" lon="15.448655895888805">
        <ele>781.20000000000005</ele>
        <time>2024-11-26T10:05:08Z</time>
      </trkpt>
      <trkpt lat="-22.839522399008274" lon="15.448545422405005">
        <ele>781</ele>
        <time>2024-11-26T10:05:23Z</time>
      </trkpt>
      <trkpt lat="-22.839457858353853" lon="15.448301006108522">
        <ele>780.39999999999998</ele>
        <time>2024-11-26T10:05:38Z</time>
      </trkpt>
      <trkpt lat="-22.839442519471049" lon="15.448171338066459">
        <ele>780</ele>
        <time>2024-11-26T10:05:53Z</time>
      </trkpt>
      <trkpt lat="-22.839427515864372" lon="15.448038736358285">
        <ele>779.79999999999995</ele>
        <time>2024-11-26T10:06:08Z</time>
      </trkpt>
      <trkpt lat="-22.839413098990917" lon="15.447905380278826">
        <ele>779.60000000000002</ele>
        <time>2024-11-26T10:06:23Z</time>
      </trkpt>
      <trkpt lat="-22.839400777593255" lon="15.44777562841773">
        <ele>779.20000000000005</ele>
        <time>2024-11-26T10:06:37Z</time>
      </trkpt>
      <trkpt lat="-22.839370099827647" lon="15.447519225999713">
        <ele>778.60000000000002</ele>
        <time>2024-11-26T10:06:52Z</time>
      </trkpt>
      <trkpt lat="-22.839349815621972" lon="15.447391318157315">
        <ele>778.20000000000005</ele>
        <time>2024-11-26T10:07:07Z</time>
      </trkpt>
      <trkpt lat="-22.839328022673726" lon="15.447265841066837">
        <ele>777.79999999999995</ele>
        <time>2024-11-26T10:07:22Z</time>
      </trkpt>
      <trkpt lat="-22.839304385706782" lon="15.447146482765675">
        <ele>777.39999999999998</ele>
        <time>2024-11-26T10:07:37Z</time>
      </trkpt>
      <trkpt lat="-22.839282341301441" lon="15.447039697319269">
        <ele>776.79999999999995</ele>
        <time>2024-11-26T10:07:52Z</time>
      </trkpt>
      <trkpt lat="-22.839269014075398" lon="15.446939785033464">
        <ele>776.60000000000002</ele>
        <time>2024-11-26T10:08:07Z</time>
      </trkpt>
      <trkpt lat="-22.839260548353195" lon="15.446842890232801">
        <ele>776.39999999999998</ele>
        <time>2024-11-26T10:08:22Z</time>
      </trkpt>
      <trkpt lat="-22.83924956806004" lon="15.446748342365026">
        <ele>776.20000000000005</ele>
        <time>2024-11-26T10:08:37Z</time>
      </trkpt>
      <trkpt lat="-22.839231546968222" lon="15.446655889973044">
        <ele>776.20000000000005</ele>
        <time>2024-11-26T10:08:52Z</time>
      </trkpt>
      <trkpt lat="-22.839207071810961" lon="15.446564359590411">
        <ele>776</ele>
        <time>2024-11-26T10:09:07Z</time>
      </trkpt>
      <trkpt lat="-22.839184021577239" lon="15.446473332121968">
        <ele>775.79999999999995</ele>
        <time>2024-11-26T10:09:22Z</time>
      </trkpt>
      <trkpt lat="-22.8391635697335" lon="15.446378532797098">
        <ele>775.60000000000002</ele>
        <time>2024-11-26T10:09:37Z</time>
      </trkpt>
      <trkpt lat="-22.83915133215487" lon="15.446287086233497">
        <ele>775.39999999999998</ele>
        <time>2024-11-26T10:09:51Z</time>
      </trkpt>
      <trkpt lat="-22.839144039899111" lon="15.446218689903617">
        <ele>775.20000000000005</ele>
        <time>2024-11-26T10:10:06Z</time>
      </trkpt>
      <trkpt lat="-22.839137250557542" lon="15.446159094572067">
        <ele>774.79999999999995</ele>
        <time>2024-11-26T10:10:21Z</time>
      </trkpt>
      <trkpt lat="-22.839125096797943" lon="15.446101678535342">
        <ele>774.39999999999998</ele>
        <time>2024-11-26T10:10:36Z</time>
      </trkpt>
      <trkpt lat="-22.839106824249029" lon="15.446041245013475">
        <ele>774.39999999999998</ele>
        <time>2024-11-26T10:10:51Z</time>
      </trkpt>
      <trkpt lat="-22.839033398777246" lon="15.445801857858896">
        <ele>774.20000000000005</ele>
        <time>2024-11-26T10:11:06Z</time>
      </trkpt>
      <trkpt lat="-22.839019987732172" lon="15.445764390751719">
        <ele>774</ele>
        <time>2024-11-26T10:11:21Z</time>
      </trkpt>
      <trkpt lat="-22.839006911963224" lon="15.445731282234192">
        <ele>774</ele>
        <time>2024-11-26T10:11:36Z</time>
      </trkpt>
      <trkpt lat="-22.838997188955545" lon="15.445694904774427">
        <ele>774</ele>
        <time>2024-11-26T10:11:51Z</time>
      </trkpt>
      <trkpt lat="-22.838986041024327" lon="15.445651235058904">
        <ele>774</ele>
        <time>2024-11-26T10:12:06Z</time>
      </trkpt>
      <trkpt lat="-22.838973132893443" lon="15.445596165955067">
        <ele>774.39999999999998</ele>
        <time>2024-11-26T10:12:21Z</time>
      </trkpt>
      <trkpt lat="-22.838902389630675" lon="15.445276815444231">
        <ele>774.79999999999995</ele>
        <time>2024-11-26T10:12:36Z</time>
      </trkpt>
      <trkpt lat="-22.83885863609612" lon="15.444994261488318">
        <ele>774.60000000000002</ele>
        <time>2024-11-26T10:12:51Z</time>
      </trkpt>
      <trkpt lat="-22.838888056576252" lon="15.444781444966793">
        <ele>774.39999999999998</ele>
        <time>2024-11-26T10:13:05Z</time>
      </trkpt>
      <trkpt lat="-22.838918482884765" lon="15.444323709234595">
        <ele>773.39999999999998</ele>
        <time>2024-11-26T10:13:20Z</time>
      </trkpt>
      <trkpt lat="-22.838892331346869" lon="15.444217259064317">
        <ele>773</ele>
        <time>2024-11-26T10:13:35Z</time>
      </trkpt>
      <trkpt lat="-22.838856372982264" lon="15.444116340950131">
        <ele>772.79999999999995</ele>
        <time>2024-11-26T10:13:50Z</time>
      </trkpt>
      <trkpt lat="-22.838816810399294" lon="15.444020787253976">
        <ele>772.39999999999998</ele>
        <time>2024-11-26T10:14:05Z</time>
      </trkpt>
      <trkpt lat="-22.838780516758561" lon="15.443927580490708">
        <ele>772.20000000000005</ele>
        <time>2024-11-26T10:14:20Z</time>
      </trkpt>
      <trkpt lat="-22.83875067718327" lon="15.443832445889711">
        <ele>772</ele>
        <time>2024-11-26T10:14:35Z</time>
      </trkpt>
      <trkpt lat="-22.838728548958898" lon="15.443736221641302">
        <ele>771.60000000000002</ele>
        <time>2024-11-26T10:14:50Z</time>
      </trkpt>
      <trkpt lat="-22.83871061168611" lon="15.443638572469354">
        <ele>771.39999999999998</ele>
        <time>2024-11-26T10:15:05Z</time>
      </trkpt>
      <trkpt lat="-22.838690746575594" lon="15.443539833649993">
        <ele>771.20000000000005</ele>
        <time>2024-11-26T10:15:20Z</time>
      </trkpt>
      <trkpt lat="-22.838530484586954" lon="15.443155523389578">
        <ele>771</ele>
        <time>2024-11-26T10:15:35Z</time>
      </trkpt>
      <trkpt lat="-22.838423866778612" lon="15.442957542836666">
        <ele>770.79999999999995</ele>
        <time>2024-11-26T10:15:50Z</time>
      </trkpt>
      <trkpt lat="-22.838304843753576" lon="15.442642383277416">
        <ele>770.60000000000002</ele>
        <time>2024-11-26T10:16:05Z</time>
      </trkpt>
      <trkpt lat="-22.838251870125532" lon="15.442547667771578">
        <ele>770.39999999999998</ele>
        <time>2024-11-26T10:16:20Z</time>
      </trkpt>
      <trkpt lat="-22.838185485452414" lon="15.442463513463736">
        <ele>770.39999999999998</ele>
        <time>2024-11-26T10:16:35Z</time>
      </trkpt>
      <trkpt lat="-22.838114574551582" lon="15.442385226488113">
        <ele>770.20000000000005</ele>
        <time>2024-11-26T10:16:50Z</time>
      </trkpt>
      <trkpt lat="-22.837968058884144" lon="15.442233514040709">
        <ele>769.60000000000002</ele>
        <time>2024-11-26T10:17:05Z</time>
      </trkpt>
      <trkpt lat="-22.837896812707186" lon="15.442155729979277">
        <ele>769.20000000000005</ele>
        <time>2024-11-26T10:17:20Z</time>
      </trkpt>
      <trkpt lat="-22.83768986351788" lon="15.441899076104164">
        <ele>768.79999999999995</ele>
        <time>2024-11-26T10:17:35Z</time>
      </trkpt>
      <trkpt lat="-22.837615767493844" lon="15.441817352548242">
        <ele>768.60000000000002</ele>
        <time>2024-11-26T10:17:49Z</time>
      </trkpt>
      <trkpt lat="-22.83745089545846" lon="15.441665388643742">
        <ele>767.39999999999998</ele>
        <time>2024-11-26T10:18:04Z</time>
      </trkpt>
      <trkpt lat="-22.837292309850454" lon="15.441507808864117">
        <ele>766.79999999999995</ele>
        <time>2024-11-26T10:18:19Z</time>
      </trkpt>
      <trkpt lat="-22.837220057845116" lon="15.441424828022718">
        <ele>766.20000000000005</ele>
        <time>2024-11-26T10:18:34Z</time>
      </trkpt>
      <trkpt lat="-22.837156187742949" lon="15.441337069496512">
        <ele>766</ele>
        <time>2024-11-26T10:18:49Z</time>
      </trkpt>
      <trkpt lat="-22.837106985971332" lon="15.441242353990674">
        <ele>765.79999999999995</ele>
        <time>2024-11-26T10:19:04Z</time>
      </trkpt>
      <trkpt lat="-22.837071781978011" lon="15.441141184419394">
        <ele>765.79999999999995</ele>
        <time>2024-11-26T10:19:19Z</time>
      </trkpt>
      <trkpt lat="-22.837038086727262" lon="15.441037667915225">
        <ele>765.60000000000002</ele>
        <time>2024-11-26T10:19:34Z</time>
      </trkpt>
      <trkpt lat="-22.837004475295544" lon="15.440934486687183">
        <ele>765.60000000000002</ele>
        <time>2024-11-26T10:19:49Z</time>
      </trkpt>
      <trkpt lat="-22.836972707882524" lon="15.440836837515235">
        <ele>765.39999999999998</ele>
        <time>2024-11-26T10:20:04Z</time>
      </trkpt>
      <trkpt lat="-22.836948651820421" lon="15.440752012655139">
        <ele>765.20000000000005</ele>
        <time>2024-11-26T10:20:19Z</time>
      </trkpt>
      <trkpt lat="-22.836945131421089" lon="15.440696189180017">
        <ele>764.79999999999995</ele>
        <time>2024-11-26T10:20:34Z</time>
      </trkpt>
      <trkpt lat="-22.836958291009068" lon="15.44065285474062">
        <ele>764.60000000000002</ele>
        <time>2024-11-26T10:20:49Z</time>
      </trkpt>
      <trkpt lat="-22.836969941854477" lon="15.440608849748969">
        <ele>764</ele>
        <time>2024-11-26T10:21:04Z</time>
      </trkpt>
      <trkpt lat="-22.836974551901221" lon="15.440562330186367">
        <ele>763.79999999999995</ele>
        <time>2024-11-26T10:21:19Z</time>
      </trkpt>
      <trkpt lat="-22.83696960657835" lon="15.440514804795384">
        <ele>763.60000000000002</ele>
        <time>2024-11-26T10:21:34Z</time>
      </trkpt>
      <trkpt lat="-22.8369583748281" lon="15.440466860309243">
        <ele>763.60000000000002</ele>
        <time>2024-11-26T10:21:49Z</time>
      </trkpt>
      <trkpt lat="-22.836941108107567" lon="15.440424783155322">
        <ele>763.60000000000002</ele>
        <time>2024-11-26T10:22:04Z</time>
      </trkpt>
      <trkpt lat="-22.836922835558653" lon="15.440378515049815">
        <ele>763.60000000000002</ele>
        <time>2024-11-26T10:22:19Z</time>
      </trkpt>
      <trkpt lat="-22.836903808638453" lon="15.440329480916262">
        <ele>763.60000000000002</ele>
        <time>2024-11-26T10:22:34Z</time>
      </trkpt>
      <trkpt lat="-22.836806662380695" lon="15.440096631646156">
        <ele>763.39999999999998</ele>
        <time>2024-11-26T10:22:49Z</time>
      </trkpt>
      <trkpt lat="-22.836768943816423" lon="15.440037790685892">
        <ele>763.20000000000005</ele>
        <time>2024-11-26T10:23:04Z</time>
      </trkpt>
      <trkpt lat="-22.836723681539297" lon="15.43998540379107">
        <ele>763</ele>
        <time>2024-11-26T10:23:19Z</time>
      </trkpt>
      <trkpt lat="-22.836673641577363" lon="15.439935615286231">
        <ele>763</ele>
        <time>2024-11-26T10:23:34Z</time>
      </trkpt>
      <trkpt lat="-22.836572052910924" lon="15.439853137359023">
        <ele>763</ele>
        <time>2024-11-26T10:23:49Z</time>
      </trkpt>
      <trkpt lat="-22.836353955790401" lon="15.439700251445174">
        <ele>763</ele>
        <time>2024-11-26T10:24:04Z</time>
      </trkpt>
      <trkpt lat="-22.836317410692573" lon="15.439643003046513">
        <ele>763</ele>
        <time>2024-11-26T10:24:19Z</time>
      </trkpt>
      <trkpt lat="-22.836295869201422" lon="15.439586006104946">
        <ele>763</ele>
        <time>2024-11-26T10:24:34Z</time>
      </trkpt>
      <trkpt lat="-22.83627231605351" lon="15.439529092982411">
        <ele>763.20000000000005</ele>
        <time>2024-11-26T10:24:48Z</time>
      </trkpt>
      <trkpt lat="-22.836248762905598" lon="15.439471593126655">
        <ele>763</ele>
        <time>2024-11-26T10:25:03Z</time>
      </trkpt>
      <trkpt lat="-22.836212636902928" lon="15.43940638191998">
        <ele>763</ele>
        <time>2024-11-26T10:25:18Z</time>
      </trkpt>
      <trkpt lat="-22.83602898940444" lon="15.439126845449209">
        <ele>762.60000000000002</ele>
        <time>2024-11-26T10:25:33Z</time>
      </trkpt>
      <trkpt lat="-22.835839055478573" lon="15.438807075843215">
        <ele>762.60000000000002</ele>
        <time>2024-11-26T10:25:48Z</time>
      </trkpt>
      <trkpt lat="-22.835761103779078" lon="15.438632648438215">
        <ele>762.60000000000002</ele>
        <time>2024-11-26T10:26:03Z</time>
      </trkpt>
      <trkpt lat="-22.835697820410132" lon="15.438453527167439">
        <ele>762.39999999999998</ele>
        <time>2024-11-26T10:26:18Z</time>
      </trkpt>
      <trkpt lat="-22.835615761578083" lon="15.43815010227263">
        <ele>762</ele>
        <time>2024-11-26T10:26:33Z</time>
      </trkpt>
      <trkpt lat="-22.835586676374078" lon="15.438052788376808">
        <ele>761.79999999999995</ele>
        <time>2024-11-26T10:26:48Z</time>
      </trkpt>
      <trkpt lat="-22.835555830970407" lon="15.437959833070636">
        <ele>761.79999999999995</ele>
        <time>2024-11-26T10:27:03Z</time>
      </trkpt>
      <trkpt lat="-22.835525739938021" lon="15.43787308037281">
        <ele>761.79999999999995</ele>
        <time>2024-11-26T10:27:18Z</time>
      </trkpt>
      <trkpt lat="-22.835519285872579" lon="15.437786160036922">
        <ele>761.79999999999995</ele>
        <time>2024-11-26T10:27:33Z</time>
      </trkpt>
      <trkpt lat="-22.835534708574414" lon="15.437707034870982">
        <ele>761.79999999999995</ele>
        <time>2024-11-26T10:27:48Z</time>
      </trkpt>
      <trkpt lat="-22.835563290864229" lon="15.437634782865644">
        <ele>761.60000000000002</ele>
        <time>2024-11-26T10:28:03Z</time>
      </trkpt>
      <trkpt lat="-22.835583910346031" lon="15.437560016289353">
        <ele>761.60000000000002</ele>
        <time>2024-11-26T10:28:18Z</time>
      </trkpt>
      <trkpt lat="-22.83557946793735" lon="15.437486339360476">
        <ele>761.60000000000002</ele>
        <time>2024-11-26T10:28:33Z</time>
      </trkpt>
      <trkpt lat="-22.835549879819155" lon="15.437421295791864">
        <ele>761.20000000000005</ele>
        <time>2024-11-26T10:28:48Z</time>
      </trkpt>
      <trkpt lat="-22.835526159033179" lon="15.437379302456975">
        <ele>761</ele>
        <time>2024-11-26T10:29:03Z</time>
      </trkpt>
      <trkpt lat="-22.835517274215817" lon="15.437339656054974">
        <ele>761</ele>
        <time>2024-11-26T10:29:18Z</time>
      </trkpt>
      <trkpt lat="-22.835520626977086" lon="15.437301686033607">
        <ele>760.79999999999995</ele>
        <time>2024-11-26T10:29:33Z</time>
      </trkpt>
      <trkpt lat="-22.835535630583763" lon="15.437256926670671">
        <ele>760.79999999999995</ele>
        <time>2024-11-26T10:29:48Z</time>
      </trkpt>
      <trkpt lat="-22.83557016402483" lon="15.437139580026269">
        <ele>760.79999999999995</ele>
        <time>2024-11-26T10:30:03Z</time>
      </trkpt>
      <trkpt lat="-22.835652558133006" lon="15.436787456274033">
        <ele>761.20000000000005</ele>
        <time>2024-11-26T10:30:18Z</time>
      </trkpt>
      <trkpt lat="-22.83583058975637" lon="15.436154119670391">
        <ele>761</ele>
        <time>2024-11-26T10:30:33Z</time>
      </trkpt>
      <trkpt lat="-22.835886161774397" lon="15.436058649793267">
        <ele>760.79999999999995</ele>
        <time>2024-11-26T10:30:48Z</time>
      </trkpt>
      <trkpt lat="-22.835941147059202" lon="15.435965359210968">
        <ele>760.79999999999995</ele>
        <time>2024-11-26T10:31:03Z</time>
      </trkpt>
      <trkpt lat="-22.835986074060202" lon="15.435866620391607">
        <ele>760.39999999999998</ele>
        <time>2024-11-26T10:31:18Z</time>
      </trkpt>
      <trkpt lat="-22.836017673835158" lon="15.435766205191612">
        <ele>760</ele>
        <time>2024-11-26T10:31:33Z</time>
      </trkpt>
      <trkpt lat="-22.836049944162369" lon="15.435677524656057">
        <ele>759.60000000000002</ele>
        <time>2024-11-26T10:31:48Z</time>
      </trkpt>
      <trkpt lat="-22.836080705747008" lon="15.435604434460402">
        <ele>759.20000000000005</ele>
        <time>2024-11-26T10:32:03Z</time>
      </trkpt>
      <trkpt lat="-22.836107360199094" lon="15.43555011972785">
        <ele>758.79999999999995</ele>
        <time>2024-11-26T10:32:18Z</time>
      </trkpt>
      <trkpt lat="-22.836130326613784" lon="15.435503851622343">
        <ele>758.60000000000002</ele>
        <time>2024-11-26T10:32:33Z</time>
      </trkpt>
      <trkpt lat="-22.836149102076888" lon="15.435457834973931">
        <ele>758.20000000000005</ele>
        <time>2024-11-26T10:32:48Z</time>
      </trkpt>
      <trkpt lat="-22.836167709901929" lon="15.435407795011997">
        <ele>758.20000000000005</ele>
        <time>2024-11-26T10:33:03Z</time>
      </trkpt>
      <trkpt lat="-22.836217917501926" lon="15.435284245759249">
        <ele>758</ele>
        <time>2024-11-26T10:33:18Z</time>
      </trkpt>
      <trkpt lat="-22.836407013237476" lon="15.434882836416364">
        <ele>757.79999999999995</ele>
        <time>2024-11-26T10:33:33Z</time>
      </trkpt>
      <trkpt lat="-22.836482701823115" lon="15.434673121199012">
        <ele>757.60000000000002</ele>
        <time>2024-11-26T10:33:48Z</time>
      </trkpt>
      <trkpt lat="-22.83652201294899" lon="15.43456407263875">
        <ele>757.39999999999998</ele>
        <time>2024-11-26T10:34:03Z</time>
      </trkpt>
      <trkpt lat="-22.83655914478004" lon="15.434452006593347">
        <ele>757.39999999999998</ele>
        <time>2024-11-26T10:34:18Z</time>
      </trkpt>
      <trkpt lat="-22.836583452299237" lon="15.434345137327909">
        <ele>757.20000000000005</ele>
        <time>2024-11-26T10:34:33Z</time>
      </trkpt>
      <trkpt lat="-22.836589654907584" lon="15.43425134383142">
        <ele>757</ele>
        <time>2024-11-26T10:34:48Z</time>
      </trkpt>
      <trkpt lat="-22.836595606058836" lon="15.434166016057134">
        <ele>756</ele>
        <time>2024-11-26T10:35:03Z</time>
      </trkpt>
      <trkpt lat="-22.836600802838802" lon="15.434080269187689">
        <ele>755.79999999999995</ele>
        <time>2024-11-26T10:35:18Z</time>
      </trkpt>
      <trkpt lat="-22.836607173085213" lon="15.433991085737944">
        <ele>755.39999999999998</ele>
        <time>2024-11-26T10:35:33Z</time>
      </trkpt>
      <trkpt lat="-22.836615554988384" lon="15.433913469314575">
        <ele>754.79999999999995</ele>
        <time>2024-11-26T10:35:48Z</time>
      </trkpt>
      <trkpt lat="-22.836616896092892" lon="15.433857562020421">
        <ele>754.39999999999998</ele>
        <time>2024-11-26T10:36:03Z</time>
      </trkpt>
      <trkpt lat="-22.836621422320604" lon="15.433815149590373">
        <ele>753.79999999999995</ele>
        <time>2024-11-26T10:36:18Z</time>
      </trkpt>
      <trkpt lat="-22.836626954376698" lon="15.433779275044799">
        <ele>752.79999999999995</ele>
        <time>2024-11-26T10:36:33Z</time>
      </trkpt>
      <trkpt lat="-22.836630893871188" lon="15.433750273659825">
        <ele>752.60000000000002</ele>
        <time>2024-11-26T10:36:48Z</time>
      </trkpt>
      <trkpt lat="-22.836634162813425" lon="15.433726804330945">
        <ele>752.39999999999998</ele>
        <time>2024-11-26T10:37:03Z</time>
      </trkpt>
      <trkpt lat="-22.836629636585712" lon="15.433712722733617">
        <ele>752.20000000000005</ele>
        <time>2024-11-26T10:37:18Z</time>
      </trkpt>
      <trkpt lat="-22.836625026538968" lon="15.433696880936623">
        <ele>752.20000000000005</ele>
        <time>2024-11-26T10:37:33Z</time>
      </trkpt>
      <trkpt lat="-22.836621087044477" lon="15.433679781854153">
        <ele>752.20000000000005</ele>
        <time>2024-11-26T10:37:48Z</time>
      </trkpt>
      <trkpt lat="-22.836617901921272" lon="15.43366159312427">
        <ele>752</ele>
        <time>2024-11-26T10:38:03Z</time>
      </trkpt>
      <trkpt lat="-22.836622511968017" lon="15.433572325855494">
        <ele>751.79999999999995</ele>
        <time>2024-11-26T10:38:18Z</time>
      </trkpt>
      <trkpt lat="-22.836560485884547" lon="15.433438215404749">
        <ele>751.60000000000002</ele>
        <time>2024-11-26T10:38:33Z</time>
      </trkpt>
      <trkpt lat="-22.836531065404415" lon="15.433387001976371">
        <ele>751.60000000000002</ele>
        <time>2024-11-26T10:38:48Z</time>
      </trkpt>
      <trkpt lat="-22.836498711258173" lon="15.433338219299912">
        <ele>751.60000000000002</ele>
        <time>2024-11-26T10:39:03Z</time>
      </trkpt>
      <trkpt lat="-22.836443306878209" lon="15.433221627026796">
        <ele>751.39999999999998</ele>
        <time>2024-11-26T10:39:18Z</time>
      </trkpt>
      <trkpt lat="-22.836421681568027" lon="15.433154823258519">
        <ele>751.39999999999998</ele>
        <time>2024-11-26T10:39:33Z</time>
      </trkpt>
      <trkpt lat="-22.836258905008435" lon="15.432637995108962">
        <ele>751</ele>
        <time>2024-11-26T10:39:48Z</time>
      </trkpt>
      <trkpt lat="-22.836241805925965" lon="15.432561887428164">
        <ele>751</ele>
        <time>2024-11-26T10:40:03Z</time>
      </trkpt>
      <trkpt lat="-22.836220767349005" lon="15.432492736726999">
        <ele>751</ele>
        <time>2024-11-26T10:40:18Z</time>
      </trkpt>
      <trkpt lat="-22.836197298020124" lon="15.432426938787103">
        <ele>750.79999999999995</ele>
        <time>2024-11-26T10:40:34Z</time>
      </trkpt>
      <trkpt lat="-22.836181791499257" lon="15.432364828884602">
        <ele>751</ele>
        <time>2024-11-26T10:40:49Z</time>
      </trkpt>
      <trkpt lat="-22.83616628497839" lon="15.432299869135022">
        <ele>751</ele>
        <time>2024-11-26T10:41:04Z</time>
      </trkpt>
      <trkpt lat="-22.83614968881011" lon="15.432233568280935">
        <ele>750.79999999999995</ele>
        <time>2024-11-26T10:41:19Z</time>
      </trkpt>
      <trkpt lat="-22.836051285266876" lon="15.431942548602819">
        <ele>750.60000000000002</ele>
        <time>2024-11-26T10:41:34Z</time>
      </trkpt>
      <trkpt lat="-22.83603242598474" lon="15.431858561933041">
        <ele>750.39999999999998</ele>
        <time>2024-11-26T10:41:49Z</time>
      </trkpt>
      <trkpt lat="-22.83600602298975" lon="15.431593861430883">
        <ele>750.20000000000005</ele>
        <time>2024-11-26T10:42:04Z</time>
      </trkpt>
      <trkpt lat="-22.83599428832531" lon="15.43150769546628">
        <ele>750</ele>
        <time>2024-11-26T10:42:19Z</time>
      </trkpt>
      <trkpt lat="-22.835989259183407" lon="15.431416248902678">
        <ele>750</ele>
        <time>2024-11-26T10:42:34Z</time>
      </trkpt>
      <trkpt lat="-22.83599722199142" lon="15.43132689781487">
        <ele>750</ele>
        <time>2024-11-26T10:42:49Z</time>
      </trkpt>
      <trkpt lat="-22.836000239476562" lon="15.431234780699015">
        <ele>749.79999999999995</ele>
        <time>2024-11-26T10:43:04Z</time>
      </trkpt>
      <trkpt lat="-22.835961347445846" lon="15.430956920608878">
        <ele>749.60000000000002</ele>
        <time>2024-11-26T10:43:19Z</time>
      </trkpt>
      <trkpt lat="-22.835975429043174" lon="15.430757431313396">
        <ele>749.39999999999998</ele>
        <time>2024-11-26T10:43:34Z</time>
      </trkpt>
      <trkpt lat="-22.835978446528316" lon="15.430476972833276">
        <ele>748.79999999999995</ele>
        <time>2024-11-26T10:43:49Z</time>
      </trkpt>
      <trkpt lat="-22.835984481498599" lon="15.430389465764165">
        <ele>748.39999999999998</ele>
        <time>2024-11-26T10:44:04Z</time>
      </trkpt>
      <trkpt lat="-22.835980039089918" lon="15.430309418588877">
        <ele>748.20000000000005</ele>
        <time>2024-11-26T10:44:19Z</time>
      </trkpt>
      <trkpt lat="-22.835969813168049" lon="15.430247224867344">
        <ele>747.79999999999995</ele>
        <time>2024-11-26T10:44:34Z</time>
      </trkpt>
      <trkpt lat="-22.835963610559702" lon="15.430200789123774">
        <ele>747.60000000000002</ele>
        <time>2024-11-26T10:44:49Z</time>
      </trkpt>
      <trkpt lat="-22.835970567539334" lon="15.43016055598855">
        <ele>747.60000000000002</ele>
        <time>2024-11-26T10:45:04Z</time>
      </trkpt>
      <trkpt lat="-22.835984146222472" lon="15.43012635782361">
        <ele>747.60000000000002</ele>
        <time>2024-11-26T10:45:19Z</time>
      </trkpt>
      <trkpt lat="-22.83600652590394" lon="15.430089896544814">
        <ele>747.39999999999998</ele>
        <time>2024-11-26T10:45:34Z</time>
      </trkpt>
      <trkpt lat="-22.836035108193755" lon="15.430047819390893">
        <ele>747.39999999999998</ele>
        <time>2024-11-26T10:45:49Z</time>
      </trkpt>
      <trkpt lat="-22.836065283045173" lon="15.430006328970194">
        <ele>747.39999999999998</ele>
        <time>2024-11-26T10:46:04Z</time>
      </trkpt>
      <trkpt lat="-22.836099397391081" lon="15.429969867691398">
        <ele>747.39999999999998</ele>
        <time>2024-11-26T10:46:19Z</time>
      </trkpt>
      <trkpt lat="-22.836131835356355" lon="15.429934160783887">
        <ele>747.60000000000002</ele>
        <time>2024-11-26T10:46:34Z</time>
      </trkpt>
      <trkpt lat="-22.836162010207772" lon="15.429886216297746">
        <ele>747.79999999999995</ele>
        <time>2024-11-26T10:46:49Z</time>
      </trkpt>
      <trkpt lat="-22.836245996877551" lon="15.429779514670372">
        <ele>748.20000000000005</ele>
        <time>2024-11-26T10:47:04Z</time>
      </trkpt>
      <trkpt lat="-22.836397876963019" lon="15.429588826373219">
        <ele>748.39999999999998</ele>
        <time>2024-11-26T10:47:19Z</time>
      </trkpt>
      <trkpt lat="-22.836411455646157" lon="15.429509785026312">
        <ele>748.20000000000005</ele>
        <time>2024-11-26T10:47:34Z</time>
      </trkpt>
      <trkpt lat="-22.836410198360682" lon="15.429424876347184">
        <ele>748</ele>
        <time>2024-11-26T10:47:49Z</time>
      </trkpt>
      <trkpt lat="-22.836407097056508" lon="15.42934063822031">
        <ele>747.79999999999995</ele>
        <time>2024-11-26T10:48:05Z</time>
      </trkpt>
      <trkpt lat="-22.836397206410766" lon="15.429255478084087">
        <ele>747.60000000000002</ele>
        <time>2024-11-26T10:48:20Z</time>
      </trkpt>
      <trkpt lat="-22.836384885013103" lon="15.42916176840663">
        <ele>747.60000000000002</ele>
        <time>2024-11-26T10:48:35Z</time>
      </trkpt>
      <trkpt lat="-22.836312549188733" lon="15.428774440661073">
        <ele>747.39999999999998</ele>
        <time>2024-11-26T10:48:50Z</time>
      </trkpt>
      <trkpt lat="-22.836282625794411" lon="15.42868291027844">
        <ele>747.39999999999998</ele>
        <time>2024-11-26T10:49:05Z</time>
      </trkpt>
      <trkpt lat="-22.836253792047501" lon="15.428600180894136">
        <ele>747</ele>
        <time>2024-11-26T10:49:20Z</time>
      </trkpt>
      <trkpt lat="-22.836234262213111" lon="15.428516026586294">
        <ele>746.60000000000002</ele>
        <time>2024-11-26T10:49:35Z</time>
      </trkpt>
      <trkpt lat="-22.836216744035482" lon="15.428429944440722">
        <ele>746.39999999999998</ele>
        <time>2024-11-26T10:49:50Z</time>
      </trkpt>
      <trkpt lat="-22.836191179230809" lon="15.428347047418356">
        <ele>746.20000000000005</ele>
        <time>2024-11-26T10:50:05Z</time>
      </trkpt>
      <trkpt lat="-22.836149940267205" lon="15.428271610289812">
        <ele>746.20000000000005</ele>
        <time>2024-11-26T10:50:20Z</time>
      </trkpt>
      <trkpt lat="-22.836096799001098" lon="15.428199358284473">
        <ele>746</ele>
        <time>2024-11-26T10:50:35Z</time>
      </trkpt>
      <trkpt lat="-22.835970483720303" lon="15.428061056882143">
        <ele>746</ele>
        <time>2024-11-26T10:50:50Z</time>
      </trkpt>
      <trkpt lat="-22.835904015228152" lon="15.427988469600677">
        <ele>746</ele>
        <time>2024-11-26T10:51:05Z</time>
      </trkpt>
      <trkpt lat="-22.835849616676569" lon="15.427905824035406">
        <ele>746.20000000000005</ele>
        <time>2024-11-26T10:51:20Z</time>
      </trkpt>
      <trkpt lat="-22.835778789594769" lon="15.427707005292177">
        <ele>746</ele>
        <time>2024-11-26T10:51:35Z</time>
      </trkpt>
      <trkpt lat="-22.835508389398456" lon="15.427213730290532">
        <ele>745.20000000000005</ele>
        <time>2024-11-26T10:51:50Z</time>
      </trkpt>
      <trkpt lat="-22.835279814898968" lon="15.426968475803733">
        <ele>744.39999999999998</ele>
        <time>2024-11-26T10:52:05Z</time>
      </trkpt>
      <trkpt lat="-22.835199264809489" lon="15.426900163292885">
        <ele>744.39999999999998</ele>
        <time>2024-11-26T10:52:20Z</time>
      </trkpt>
      <trkpt lat="-22.835114523768425" lon="15.42684962041676">
        <ele>744.20000000000005</ele>
        <time>2024-11-26T10:52:35Z</time>
      </trkpt>
      <trkpt lat="-22.835036907345057" lon="15.426815170794725">
        <ele>744</ele>
        <time>2024-11-26T10:52:50Z</time>
      </trkpt>
      <trkpt lat="-22.83496230840683" lon="15.42678901925683">
        <ele>743</ele>
        <time>2024-11-26T10:53:06Z</time>
      </trkpt>
      <trkpt lat="-22.834897264838219" lon="15.426755240187049">
        <ele>741.60000000000002</ele>
        <time>2024-11-26T10:53:21Z</time>
      </trkpt>
      <trkpt lat="-22.834846302866936" lon="15.426706876605749">
        <ele>741.39999999999998</ele>
        <time>2024-11-26T10:53:36Z</time>
      </trkpt>
      <trkpt lat="-22.834804896265268" lon="15.426651053130627">
        <ele>741.20000000000005</ele>
        <time>2024-11-26T10:53:51Z</time>
      </trkpt>
      <trkpt lat="-22.83476684242487" lon="15.426596906036139">
        <ele>740.79999999999995</ele>
        <time>2024-11-26T10:54:06Z</time>
      </trkpt>
      <trkpt lat="-22.83471898175776" lon="15.42655692435801">
        <ele>740.60000000000002</ele>
        <time>2024-11-26T10:54:21Z</time>
      </trkpt>
      <trkpt lat="-22.834664834663272" lon="15.426540495827794">
        <ele>740.39999999999998</ele>
        <time>2024-11-26T10:54:36Z</time>
      </trkpt>
      <trkpt lat="-22.834610687568784" lon="15.426538316532969">
        <ele>740.20000000000005</ele>
        <time>2024-11-26T10:54:51Z</time>
      </trkpt>
      <trkpt lat="-22.834559893235564" lon="15.426546949893236">
        <ele>740.20000000000005</ele>
        <time>2024-11-26T10:55:06Z</time>
      </trkpt>
      <trkpt lat="-22.834505159407854" lon="15.42654569260776">
        <ele>740</ele>
        <time>2024-11-26T10:55:21Z</time>
      </trkpt>
      <trkpt lat="-22.834447491914034" lon="15.426531359553337">
        <ele>740</ele>
        <time>2024-11-26T10:55:36Z</time>
      </trkpt>
      <trkpt lat="-22.834393596276641" lon="15.426502861082554">
        <ele>740</ele>
        <time>2024-11-26T10:55:51Z</time>
      </trkpt>
      <trkpt lat="-22.834283709526062" lon="15.426425496116281">
        <ele>740</ele>
        <time>2024-11-26T10:56:06Z</time>
      </trkpt>
      <trkpt lat="-22.834233585745096" lon="15.426381407305598">
        <ele>740</ele>
        <time>2024-11-26T10:56:21Z</time>
      </trkpt>
      <trkpt lat="-22.834181701764464" lon="15.426333546638489">
        <ele>739.79999999999995</ele>
        <time>2024-11-26T10:56:36Z</time>
      </trkpt>
      <trkpt lat="-22.833882300183177" lon="15.426109582185745">
        <ele>739.60000000000002</ele>
        <time>2024-11-26T10:56:52Z</time>
      </trkpt>
      <trkpt lat="-22.833817675709724" lon="15.426076473668218">
        <ele>739.39999999999998</ele>
        <time>2024-11-26T10:57:07Z</time>
      </trkpt>
      <trkpt lat="-22.833753637969494" lon="15.426048981025815">
        <ele>739.20000000000005</ele>
        <time>2024-11-26T10:57:22Z</time>
      </trkpt>
      <trkpt lat="-22.833688091486692" lon="15.426021153107285">
        <ele>739.20000000000005</ele>
        <time>2024-11-26T10:57:37Z</time>
      </trkpt>
      <trkpt lat="-22.833623802289367" lon="15.425994666293263">
        <ele>739</ele>
        <time>2024-11-26T10:57:52Z</time>
      </trkpt>
      <trkpt lat="-22.83356144092977" lon="15.42596910148859">
        <ele>739</ele>
        <time>2024-11-26T10:58:07Z</time>
      </trkpt>
      <trkpt lat="-22.833496481180191" lon="15.425944961607456">
        <ele>738.79999999999995</ele>
        <time>2024-11-26T10:58:22Z</time>
      </trkpt>
      <trkpt lat="-22.833431772887707" lon="15.42591973207891">
        <ele>738.79999999999995</ele>
        <time>2024-11-26T10:58:37Z</time>
      </trkpt>
      <trkpt lat="-22.833367651328444" lon="15.425898944959044">
        <ele>738.60000000000002</ele>
        <time>2024-11-26T10:58:52Z</time>
      </trkpt>
      <trkpt lat="-22.833301853388548" lon="15.425882013514638">
        <ele>738.60000000000002</ele>
        <time>2024-11-26T10:59:07Z</time>
      </trkpt>
      <trkpt lat="-22.833235720172524" lon="15.425863657146692">
        <ele>738.39999999999998</ele>
        <time>2024-11-26T10:59:22Z</time>
      </trkpt>
      <trkpt lat="-22.833117786794901" lon="15.425832225009799">
        <ele>738.39999999999998</ele>
        <time>2024-11-26T10:59:37Z</time>
      </trkpt>
      <trkpt lat="-22.833070009946823" lon="15.42580733075738">
        <ele>738.39999999999998</ele>
        <time>2024-11-26T10:59:52Z</time>
      </trkpt>
      <trkpt lat="-22.833022987470031" lon="15.425781849771738">
        <ele>738.39999999999998</ele>
        <time>2024-11-26T11:00:07Z</time>
      </trkpt>
      <trkpt lat="-22.832977473735809" lon="15.425755949690938">
        <ele>738.39999999999998</ele>
        <time>2024-11-26T11:00:23Z</time>
      </trkpt>
      <trkpt lat="-22.832934139296412" lon="15.425724014639854">
        <ele>738.39999999999998</ele>
        <time>2024-11-26T11:00:38Z</time>
      </trkpt>
      <trkpt lat="-22.832893067970872" lon="15.425689313560724">
        <ele>738.39999999999998</ele>
        <time>2024-11-26T11:00:53Z</time>
      </trkpt>
      <trkpt lat="-22.832797849550843" lon="15.425623683258891">
        <ele>738.39999999999998</ele>
        <time>2024-11-26T11:01:08Z</time>
      </trkpt>
      <trkpt lat="-22.832531472668052" lon="15.425498373806477">
        <ele>738.79999999999995</ele>
        <time>2024-11-26T11:01:23Z</time>
      </trkpt>
      <trkpt lat="-22.832306586205959" lon="15.425412878394127">
        <ele>739</ele>
        <time>2024-11-26T11:01:38Z</time>
      </trkpt>
      <trkpt lat="-22.832166189327836" lon="15.42531824670732">
        <ele>739</ele>
        <time>2024-11-26T11:01:53Z</time>
      </trkpt>
      <trkpt lat="-22.832083459943533" lon="15.425288323312998">
        <ele>738.79999999999995</ele>
        <time>2024-11-26T11:02:08Z</time>
      </trkpt>
      <trkpt lat="-22.831897716969252" lon="15.42524591088295">
        <ele>738.60000000000002</ele>
        <time>2024-11-26T11:02:23Z</time>
      </trkpt>
      <trkpt lat="-22.83149890601635" lon="15.425086570903659">
        <ele>738.20000000000005</ele>
        <time>2024-11-26T11:02:38Z</time>
      </trkpt>
      <trkpt lat="-22.830992303788662" lon="15.424781134352088">
        <ele>737.60000000000002</ele>
        <time>2024-11-26T11:02:53Z</time>
      </trkpt>
      <trkpt lat="-22.830899599939585" lon="15.424707289785147">
        <ele>737.39999999999998</ele>
        <time>2024-11-26T11:03:08Z</time>
      </trkpt>
      <trkpt lat="-22.830813433974981" lon="15.424633696675301">
        <ele>737.20000000000005</ele>
        <time>2024-11-26T11:03:24Z</time>
      </trkpt>
      <trkpt lat="-22.830728106200695" lon="15.424562953412533">
        <ele>737</ele>
        <time>2024-11-26T11:03:39Z</time>
      </trkpt>
      <trkpt lat="-22.830639677122235" lon="15.424499334767461">
        <ele>736.60000000000002</ele>
        <time>2024-11-26T11:03:54Z</time>
      </trkpt>
      <trkpt lat="-22.830547476187348" lon="15.424445020034909">
        <ele>736.39999999999998</ele>
        <time>2024-11-26T11:04:09Z</time>
      </trkpt>
      <trkpt lat="-22.830450246110559" lon="15.424396656453609">
        <ele>736</ele>
        <time>2024-11-26T11:04:24Z</time>
      </trkpt>
      <trkpt lat="-22.83025830052793" lon="15.42427645996213">
        <ele>735.79999999999995</ele>
        <time>2024-11-26T11:04:39Z</time>
      </trkpt>
      <trkpt lat="-22.830173308029771" lon="15.424200352281332">
        <ele>735.60000000000002</ele>
        <time>2024-11-26T11:04:54Z</time>
      </trkpt>
      <trkpt lat="-22.830096194520593" lon="15.424115778878331">
        <ele>735.39999999999998</ele>
        <time>2024-11-26T11:05:09Z</time>
      </trkpt>
      <trkpt lat="-22.830024445429444" lon="15.424030786380172">
        <ele>735.20000000000005</ele>
        <time>2024-11-26T11:05:24Z</time>
      </trkpt>
      <trkpt lat="-22.829955965280533" lon="15.423945877701044">
        <ele>734.60000000000002</ele>
        <time>2024-11-26T11:05:39Z</time>
      </trkpt>
      <trkpt lat="-22.82988790422678" lon="15.423865411430597">
        <ele>734</ele>
        <time>2024-11-26T11:05:55Z</time>
      </trkpt>
      <trkpt lat="-22.829825291410089" lon="15.423785699531436">
        <ele>733.79999999999995</ele>
        <time>2024-11-26T11:06:10Z</time>
      </trkpt>
      <trkpt lat="-22.82976821064949" lon="15.423703221604228">
        <ele>733.79999999999995</ele>
        <time>2024-11-26T11:06:25Z</time>
      </trkpt>
      <trkpt lat="-22.829714817926288" lon="15.423618480563164">
        <ele>733.79999999999995</ele>
        <time>2024-11-26T11:06:40Z</time>
      </trkpt>
      <trkpt lat="-22.82965530641377" lon="15.423531644046307">
        <ele>733.79999999999995</ele>
        <time>2024-11-26T11:06:55Z</time>
      </trkpt>
      <trkpt lat="-22.829592190682888" lon="15.423441370949149">
        <ele>734</ele>
        <time>2024-11-26T11:07:10Z</time>
      </trkpt>
      <trkpt lat="-22.829236462712288" lon="15.422948179766536">
        <ele>734.60000000000002</ele>
        <time>2024-11-26T11:07:25Z</time>
      </trkpt>
      <trkpt lat="-22.829043343663216" lon="15.422641821205616">
        <ele>734.60000000000002</ele>
        <time>2024-11-26T11:07:40Z</time>
      </trkpt>
      <trkpt lat="-22.828993555158377" lon="15.422537298873067">
        <ele>734.79999999999995</ele>
        <time>2024-11-26T11:07:55Z</time>
      </trkpt>
      <trkpt lat="-22.828950891271234" lon="15.42243286035955">
        <ele>735</ele>
        <time>2024-11-26T11:08:11Z</time>
      </trkpt>
      <trkpt lat="-22.828915100544691" lon="15.422324147075415">
        <ele>735.39999999999998</ele>
        <time>2024-11-26T11:08:26Z</time>
      </trkpt>
      <trkpt lat="-22.828833125531673" lon="15.421954924240708">
        <ele>736.20000000000005</ele>
        <time>2024-11-26T11:08:41Z</time>
      </trkpt>
      <trkpt lat="-22.828728854656219" lon="15.421578325331211">
        <ele>736.79999999999995</ele>
        <time>2024-11-26T11:08:56Z</time>
      </trkpt>
      <trkpt lat="-22.828688286244869" lon="15.421461062505841">
        <ele>736.79999999999995</ele>
        <time>2024-11-26T11:09:11Z</time>
      </trkpt>
      <trkpt lat="-22.828651489689946" lon="15.421349499374628">
        <ele>736.79999999999995</ele>
        <time>2024-11-26T11:09:26Z</time>
      </trkpt>
      <trkpt lat="-22.828477900475264" lon="15.42084239423275">
        <ele>737.20000000000005</ele>
        <time>2024-11-26T11:09:41Z</time>
      </trkpt>
      <trkpt lat="-22.828390141949058" lon="15.420594206079841">
        <ele>738</ele>
        <time>2024-11-26T11:09:56Z</time>
      </trkpt>
      <trkpt lat="-22.828349908813834" lon="15.420477194711566">
        <ele>738</ele>
        <time>2024-11-26T11:10:11Z</time>
      </trkpt>
      <trkpt lat="-22.828306658193469" lon="15.420365799218416">
        <ele>738</ele>
        <time>2024-11-26T11:10:27Z</time>
      </trkpt>
      <trkpt lat="-22.828253852203488" lon="15.420253900811076">
        <ele>738</ele>
        <time>2024-11-26T11:10:42Z</time>
      </trkpt>
      <trkpt lat="-22.828196519985795" lon="15.420150300487876">
        <ele>738</ele>
        <time>2024-11-26T11:10:57Z</time>
      </trkpt>
      <trkpt lat="-22.828133655712008" lon="15.420051058754325">
        <ele>737.79999999999995</ele>
        <time>2024-11-26T11:11:12Z</time>
      </trkpt>
      <trkpt lat="-22.828069953247905" lon="15.419959193095565">
        <ele>737.60000000000002</ele>
        <time>2024-11-26T11:11:27Z</time>
      </trkpt>
      <trkpt lat="-22.828012285754085" lon="15.419880822300911">
        <ele>737.20000000000005</ele>
        <time>2024-11-26T11:11:42Z</time>
      </trkpt>
      <trkpt lat="-22.827953612431884" lon="15.419805133715272">
        <ele>736.39999999999998</ele>
        <time>2024-11-26T11:11:57Z</time>
      </trkpt>
      <trkpt lat="-22.82789820805192" lon="15.419730199500918">
        <ele>736</ele>
        <time>2024-11-26T11:12:13Z</time>
      </trkpt>
      <trkpt lat="-22.827834924682975" lon="15.419656606391072">
        <ele>735.79999999999995</ele>
        <time>2024-11-26T11:12:28Z</time>
      </trkpt>
      <trkpt lat="-22.827698802575469" lon="15.419497936964035">
        <ele>735.39999999999998</ele>
        <time>2024-11-26T11:12:43Z</time>
      </trkpt>
      <trkpt lat="-22.827631495893002" lon="15.419411268085241">
        <ele>735.60000000000002</ele>
        <time>2024-11-26T11:12:58Z</time>
      </trkpt>
      <trkpt lat="-22.827558740973473" lon="15.41931102052331">
        <ele>735.60000000000002</ele>
        <time>2024-11-26T11:13:13Z</time>
      </trkpt>
      <trkpt lat="-22.827487494796515" lon="15.419210437685251">
        <ele>735.39999999999998</ele>
        <time>2024-11-26T11:13:28Z</time>
      </trkpt>
      <trkpt lat="-22.82735581509769" lon="15.419001141563058">
        <ele>734.79999999999995</ele>
        <time>2024-11-26T11:13:43Z</time>
      </trkpt>
      <trkpt lat="-22.827301165089011" lon="15.418899636715651">
        <ele>734.60000000000002</ele>
        <time>2024-11-26T11:13:58Z</time>
      </trkpt>
      <trkpt lat="-22.827258165925741" lon="15.418810034170747">
        <ele>734.39999999999998</ele>
        <time>2024-11-26T11:14:14Z</time>
      </trkpt>
      <trkpt lat="-22.827216926962137" lon="15.418725041672587">
        <ele>734.20000000000005</ele>
        <time>2024-11-26T11:14:29Z</time>
      </trkpt>
      <trkpt lat="-22.827169736847281" lon="15.418650191277266">
        <ele>733.79999999999995</ele>
        <time>2024-11-26T11:14:44Z</time>
      </trkpt>
      <trkpt lat="-22.827126234769821" lon="15.418572993949056">
        <ele>733.60000000000002</ele>
        <time>2024-11-26T11:14:59Z</time>
      </trkpt>
      <trkpt lat="-22.827096730470657" lon="15.418492527678609">
        <ele>733.39999999999998</ele>
        <time>2024-11-26T11:15:14Z</time>
      </trkpt>
      <trkpt lat="-22.827087761834264" lon="15.418410301208496">
        <ele>733.60000000000002</ele>
        <time>2024-11-26T11:15:29Z</time>
      </trkpt>
      <trkpt lat="-22.82710125669837" lon="15.418331008404493">
        <ele>733.60000000000002</ele>
        <time>2024-11-26T11:15:44Z</time>
      </trkpt>
      <trkpt lat="-22.827129000797868" lon="15.418250542134047">
        <ele>733.79999999999995</ele>
        <time>2024-11-26T11:16:00Z</time>
      </trkpt>
      <trkpt lat="-22.827166216447949" lon="15.418167393654585">
        <ele>733.79999999999995</ele>
        <time>2024-11-26T11:16:15Z</time>
      </trkpt>
      <trkpt lat="-22.827211897820234" lon="15.418078880757093">
        <ele>733.79999999999995</ele>
        <time>2024-11-26T11:16:30Z</time>
      </trkpt>
      <trkpt lat="-22.827261602506042" lon="15.417983662337065">
        <ele>734</ele>
        <time>2024-11-26T11:16:45Z</time>
      </trkpt>
      <trkpt lat="-22.827318515628576" lon="15.417884169146419">
        <ele>734.20000000000005</ele>
        <time>2024-11-26T11:17:00Z</time>
      </trkpt>
      <trkpt lat="-22.82737878151238" lon="15.41778308339417">
        <ele>734.39999999999998</ele>
        <time>2024-11-26T11:17:15Z</time>
      </trkpt>
      <trkpt lat="-22.827551113441586" lon="15.417507821694016">
        <ele>734.79999999999995</ele>
        <time>2024-11-26T11:17:30Z</time>
      </trkpt>
      <trkpt lat="-22.827617498114705" lon="15.417427187785506">
        <ele>735</ele>
        <time>2024-11-26T11:17:46Z</time>
      </trkpt>
      <trkpt lat="-22.827675165608525" lon="15.4173394292593">
        <ele>735.20000000000005</ele>
        <time>2024-11-26T11:18:01Z</time>
      </trkpt>
      <trkpt lat="-22.827721266075969" lon="15.41724756360054">
        <ele>735.20000000000005</ele>
        <time>2024-11-26T11:18:16Z</time>
      </trkpt>
      <trkpt lat="-22.827766695991158" lon="15.417155362665653">
        <ele>735.79999999999995</ele>
        <time>2024-11-26T11:18:31Z</time>
      </trkpt>
      <trkpt lat="-22.827813299372792" lon="15.41705846786499">
        <ele>736.79999999999995</ele>
        <time>2024-11-26T11:18:46Z</time>
      </trkpt>
      <trkpt lat="-22.827865015715361" lon="15.416962495073676">
        <ele>738</ele>
        <time>2024-11-26T11:19:01Z</time>
      </trkpt>
      <trkpt lat="-22.827922180294991" lon="15.416870294138789">
        <ele>739.39999999999998</ele>
        <time>2024-11-26T11:19:17Z</time>
      </trkpt>
      <trkpt lat="-22.827983032912016" lon="15.416779685765505">
        <ele>740.39999999999998</ele>
        <time>2024-11-26T11:19:32Z</time>
      </trkpt>
      <trkpt lat="-22.828095769509673" lon="15.416590506210923">
        <ele>741.79999999999995</ele>
        <time>2024-11-26T11:19:47Z</time>
      </trkpt>
      <trkpt lat="-22.828150922432542" lon="15.416501825675368">
        <ele>742.79999999999995</ele>
        <time>2024-11-26T11:20:02Z</time>
      </trkpt>
      <trkpt lat="-22.828203476965427" lon="15.416417839005589">
        <ele>744</ele>
        <time>2024-11-26T11:20:17Z</time>
      </trkpt>
      <trkpt lat="-22.828258043155074" lon="15.416338462382555">
        <ele>745</ele>
        <time>2024-11-26T11:20:32Z</time>
      </trkpt>
      <trkpt lat="-22.828305820003152" lon="15.416258163750172">
        <ele>745.39999999999998</ele>
        <time>2024-11-26T11:20:47Z</time>
      </trkpt>
      <trkpt lat="-22.828346136957407" lon="15.416177697479725">
        <ele>746.60000000000002</ele>
        <time>2024-11-26T11:21:03Z</time>
      </trkpt>
      <trkpt lat="-22.828381676226854" lon="15.416095722466707">
        <ele>747.79999999999995</ele>
        <time>2024-11-26T11:21:18Z</time>
      </trkpt>
      <trkpt lat="-22.828416796401143" lon="15.416017267853022">
        <ele>748.39999999999998</ele>
        <time>2024-11-26T11:21:33Z</time>
      </trkpt>
      <trkpt lat="-22.828454598784447" lon="15.41594342328608">
        <ele>749.20000000000005</ele>
        <time>2024-11-26T11:21:48Z</time>
      </trkpt>
      <trkpt lat="-22.828493490815163" lon="15.415873853489757">
        <ele>749.79999999999995</ele>
        <time>2024-11-26T11:22:03Z</time>
      </trkpt>
      <trkpt lat="-22.828529449179769" lon="15.415808139368892">
        <ele>750</ele>
        <time>2024-11-26T11:22:18Z</time>
      </trkpt>
      <trkpt lat="-22.828573286533356" lon="15.415745694190264">
        <ele>750</ele>
        <time>2024-11-26T11:22:34Z</time>
      </trkpt>
      <trkpt lat="-22.828632965683937" lon="15.415685176849365">
        <ele>750</ele>
        <time>2024-11-26T11:22:49Z</time>
      </trkpt>
      <trkpt lat="-22.82870345748961" lon="15.415633041411638">
        <ele>750</ele>
        <time>2024-11-26T11:23:04Z</time>
      </trkpt>
      <trkpt lat="-22.828788869082928" lon="15.415580403059721">
        <ele>749.79999999999995</ele>
        <time>2024-11-26T11:23:19Z</time>
      </trkpt>
      <trkpt lat="-22.828882746398449" lon="15.41552952490747">
        <ele>749.60000000000002</ele>
        <time>2024-11-26T11:23:34Z</time>
      </trkpt>
      <trkpt lat="-22.828974360600114" lon="15.415477976202965">
        <ele>749.20000000000005</ele>
        <time>2024-11-26T11:23:49Z</time>
      </trkpt>
      <trkpt lat="-22.829066729173064" lon="15.415432965382934">
        <ele>748.39999999999998</ele>
        <time>2024-11-26T11:24:05Z</time>
      </trkpt>
      <trkpt lat="-22.82916471362114" lon="15.415401281788945">
        <ele>748.20000000000005</ele>
        <time>2024-11-26T11:24:20Z</time>
      </trkpt>
      <trkpt lat="-22.829265128821135" lon="15.415374208241701">
        <ele>747.79999999999995</ele>
        <time>2024-11-26T11:24:35Z</time>
      </trkpt>
      <trkpt lat="-22.829363280907273" lon="15.415348056703806">
        <ele>747.60000000000002</ele>
        <time>2024-11-26T11:24:50Z</time>
      </trkpt>
      <trkpt lat="-22.829457074403763" lon="15.415318049490452">
        <ele>747.60000000000002</ele>
        <time>2024-11-26T11:25:05Z</time>
      </trkpt>
      <trkpt lat="-22.829547515138984" lon="15.415280414745212">
        <ele>747.39999999999998</ele>
        <time>2024-11-26T11:25:20Z</time>
      </trkpt>
      <trkpt lat="-22.829634351655841" lon="15.415235152468085">
        <ele>747.39999999999998</ele>
        <time>2024-11-26T11:25:36Z</time>
      </trkpt>
      <trkpt lat="-22.829712890088558" lon="15.415180251002312">
        <ele>747.39999999999998</ele>
        <time>2024-11-26T11:25:51Z</time>
      </trkpt>
      <trkpt lat="-22.829785142093897" lon="15.415122415870428">
        <ele>747.39999999999998</ele>
        <time>2024-11-26T11:26:06Z</time>
      </trkpt>
      <trkpt lat="-22.829859657213092" lon="15.415067933499813">
        <ele>747.20000000000005</ele>
        <time>2024-11-26T11:26:21Z</time>
      </trkpt>
      <trkpt lat="-22.829935345798731" lon="15.415024263784289">
        <ele>747</ele>
        <time>2024-11-26T11:26:36Z</time>
      </trkpt>
      <trkpt lat="-22.830003406852484" lon="15.414988389238715">
        <ele>746.79999999999995</ele>
        <time>2024-11-26T11:26:51Z</time>
      </trkpt>
      <trkpt lat="-22.830054620280862" lon="15.414953185245395">
        <ele>746.60000000000002</ele>
        <time>2024-11-26T11:27:07Z</time>
      </trkpt>
      <trkpt lat="-22.830094434320927" lon="15.414920998737216">
        <ele>745.60000000000002</ele>
        <time>2024-11-26T11:27:22Z</time>
      </trkpt>
      <trkpt lat="-22.830122597515583" lon="15.414889315143228">
        <ele>745.20000000000005</ele>
        <time>2024-11-26T11:27:37Z</time>
      </trkpt>
      <trkpt lat="-22.830148497596383" lon="15.414857631549239">
        <ele>744.79999999999995</ele>
        <time>2024-11-26T11:27:52Z</time>
      </trkpt>
      <trkpt lat="-22.830175487324595" lon="15.414824020117521">
        <ele>744.60000000000002</ele>
        <time>2024-11-26T11:28:07Z</time>
      </trkpt>
      <trkpt lat="-22.830197447910905" lon="15.41478437371552">
        <ele>744.39999999999998</ele>
        <time>2024-11-26T11:28:22Z</time>
      </trkpt>
      <trkpt lat="-22.830251175910234" lon="15.414701728150249">
        <ele>744</ele>
        <time>2024-11-26T11:28:38Z</time>
      </trkpt>
      <trkpt lat="-22.830381095409393" lon="15.414527133107185">
        <ele>743.60000000000002</ele>
        <time>2024-11-26T11:28:53Z</time>
      </trkpt>
      <trkpt lat="-22.830485533922911" lon="15.41435488499701">
        <ele>743.39999999999998</ele>
        <time>2024-11-26T11:29:08Z</time>
      </trkpt>
      <trkpt lat="-22.830497268587351" lon="15.414318758994341">
        <ele>743</ele>
        <time>2024-11-26T11:29:23Z</time>
      </trkpt>
      <trkpt lat="-22.830501962453127" lon="15.414282632991672">
        <ele>742.79999999999995</ele>
        <time>2024-11-26T11:29:38Z</time>
      </trkpt>
      <trkpt lat="-22.830499615520239" lon="15.414246926084161">
        <ele>742.60000000000002</ele>
        <time>2024-11-26T11:29:54Z</time>
      </trkpt>
      <trkpt lat="-22.830502381548285" lon="15.414203759282827">
        <ele>742.60000000000002</ele>
        <time>2024-11-26T11:30:09Z</time>
      </trkpt>
      <trkpt lat="-22.830500537529588" lon="15.414156401529908">
        <ele>742.60000000000002</ele>
        <time>2024-11-26T11:30:24Z</time>
      </trkpt>
      <trkpt lat="-22.830542614683509" lon="15.414029164239764">
        <ele>743</ele>
        <time>2024-11-26T11:30:39Z</time>
      </trkpt>
      <trkpt lat="-22.83058812841773" lon="15.413956996053457">
        <ele>743.60000000000002</ele>
        <time>2024-11-26T11:30:54Z</time>
      </trkpt>
      <trkpt lat="-22.830637749284506" lon="15.413876278325915">
        <ele>744</ele>
        <time>2024-11-26T11:31:09Z</time>
      </trkpt>
      <trkpt lat="-22.830692986026406" lon="15.413794973865151">
        <ele>744</ele>
        <time>2024-11-26T11:31:25Z</time>
      </trkpt>
      <trkpt lat="-22.830758113414049" lon="15.413713585585356">
        <ele>744.20000000000005</ele>
        <time>2024-11-26T11:31:40Z</time>
      </trkpt>
      <trkpt lat="-22.830832879990339" lon="15.413634795695543">
        <ele>744.60000000000002</ele>
        <time>2024-11-26T11:31:55Z</time>
      </trkpt>
      <trkpt lat="-22.830913597717881" lon="15.413565812632442">
        <ele>745</ele>
        <time>2024-11-26T11:32:10Z</time>
      </trkpt>
      <trkpt lat="-22.83099515363574" lon="15.413504792377353">
        <ele>745.20000000000005</ele>
        <time>2024-11-26T11:32:25Z</time>
      </trkpt>
      <trkpt lat="-22.831077128648758" lon="15.413448801264167">
        <ele>745.20000000000005</ele>
        <time>2024-11-26T11:32:41Z</time>
      </trkpt>
      <trkpt lat="-22.831153403967619" lon="15.413390966132283">
        <ele>745.20000000000005</ele>
        <time>2024-11-26T11:32:56Z</time>
      </trkpt>
      <trkpt lat="-22.831225572153926" lon="15.413333885371685">
        <ele>745.39999999999998</ele>
        <time>2024-11-26T11:33:11Z</time>
      </trkpt>
      <trkpt lat="-22.831309558823705" lon="15.413294825702906">
        <ele>745.39999999999998</ele>
        <time>2024-11-26T11:33:26Z</time>
      </trkpt>
      <trkpt lat="-22.831400251016021" lon="15.413275212049484">
        <ele>745.60000000000002</ele>
        <time>2024-11-26T11:33:41Z</time>
      </trkpt>
      <trkpt lat="-22.831498235464096" lon="15.413264483213425">
        <ele>746</ele>
        <time>2024-11-26T11:33:56Z</time>
      </trkpt>
      <trkpt lat="-22.831592112779617" lon="15.413249982520938">
        <ele>746.39999999999998</ele>
        <time>2024-11-26T11:34:12Z</time>
      </trkpt>
      <trkpt lat="-22.831680290400982" lon="15.413223998621106">
        <ele>746.39999999999998</ele>
        <time>2024-11-26T11:34:27Z</time>
      </trkpt>
      <trkpt lat="-22.83176670782268" lon="15.413190890103579">
        <ele>746.60000000000002</ele>
        <time>2024-11-26T11:34:42Z</time>
      </trkpt>
      <trkpt lat="-22.831848012283444" lon="15.413154345005751">
        <ele>746.79999999999995</ele>
        <time>2024-11-26T11:34:57Z</time>
      </trkpt>
      <trkpt lat="-22.83191129565239" lon="15.413112686946988">
        <ele>746.79999999999995</ele>
        <time>2024-11-26T11:35:12Z</time>
      </trkpt>
      <trkpt lat="-22.831954630091786" lon="15.41307371109724">
        <ele>746.79999999999995</ele>
        <time>2024-11-26T11:35:28Z</time>
      </trkpt>
      <trkpt lat="-22.831979272887111" lon="15.413035824894905">
        <ele>746.79999999999995</ele>
        <time>2024-11-26T11:35:43Z</time>
      </trkpt>
      <trkpt lat="-22.831976087763906" lon="15.41299307718873">
        <ele>747</ele>
        <time>2024-11-26T11:35:58Z</time>
      </trkpt>
      <trkpt lat="-22.831962844356894" lon="15.412944126874208">
        <ele>747</ele>
        <time>2024-11-26T11:36:13Z</time>
      </trkpt>
      <trkpt lat="-22.831953875720501" lon="15.412884950637817">
        <ele>747</ele>
        <time>2024-11-26T11:36:28Z</time>
      </trkpt>
      <trkpt lat="-22.831952618435025" lon="15.412830635905266">
        <ele>747</ele>
        <time>2024-11-26T11:36:44Z</time>
      </trkpt>
      <trkpt lat="-22.831952618435025" lon="15.412785289809108">
        <ele>747</ele>
        <time>2024-11-26T11:36:59Z</time>
      </trkpt>
      <trkpt lat="-22.831950606778264" lon="15.412747068330646">
        <ele>747</ele>
        <time>2024-11-26T11:37:14Z</time>
      </trkpt>
      <trkpt lat="-22.831943230703473" lon="15.412722090259194">
        <ele>747</ele>
        <time>2024-11-26T11:37:29Z</time>
      </trkpt>
      <trkpt lat="-22.831932501867414" lon="15.412701722234488">
        <ele>747.20000000000005</ele>
        <time>2024-11-26T11:37:44Z</time>
      </trkpt>
      <trkpt lat="-22.831928310915828" lon="15.4126837849617">
        <ele>747.39999999999998</ele>
        <time>2024-11-26T11:38:00Z</time>
      </trkpt>
      <trkpt lat="-22.831918001174927" lon="15.412661237642169">
        <ele>747.60000000000002</ele>
        <time>2024-11-26T11:38:15Z</time>
      </trkpt>
      <trkpt lat="-22.831905344501138" lon="15.412634499371052">
        <ele>748</ele>
        <time>2024-11-26T11:38:30Z</time>
      </trkpt>
      <trkpt lat="-22.831894615665078" lon="15.412609269842505">
        <ele>748.20000000000005</ele>
        <time>2024-11-26T11:38:45Z</time>
      </trkpt>
      <trkpt lat="-22.831882713362575" lon="15.412586387246847">
        <ele>749</ele>
        <time>2024-11-26T11:39:00Z</time>
      </trkpt>
      <trkpt lat="-22.831870643422008" lon="15.41255914606154">
        <ele>749.20000000000005</ele>
        <time>2024-11-26T11:39:15Z</time>
      </trkpt>
      <trkpt lat="-22.831858992576599" lon="15.412530982866883">
        <ele>749.39999999999998</ele>
        <time>2024-11-26T11:39:31Z</time>
      </trkpt>
      <trkpt lat="-22.831844491884112" lon="15.412504579871893">
        <ele>749.39999999999998</ele>
        <time>2024-11-26T11:39:46Z</time>
      </trkpt>
      <trkpt lat="-22.831826889887452" lon="15.412480272352695">
        <ele>749.60000000000002</ele>
        <time>2024-11-26T11:40:01Z</time>
      </trkpt>
      <trkpt lat="-22.831807192414999" lon="15.412456300109625">
        <ele>749.60000000000002</ele>
        <time>2024-11-26T11:40:16Z</time>
      </trkpt>
      <trkpt lat="-22.831786572933197" lon="15.412427801638842">
        <ele>749.79999999999995</ele>
        <time>2024-11-26T11:40:31Z</time>
      </trkpt>
      <trkpt lat="-22.831769390031695" lon="15.412392010912299">
        <ele>749.79999999999995</ele>
        <time>2024-11-26T11:40:47Z</time>
      </trkpt>
      <trkpt lat="-22.831759499385953" lon="15.412351107224822">
        <ele>749.79999999999995</ele>
        <time>2024-11-26T11:41:02Z</time>
      </trkpt>
      <trkpt lat="-22.831758745014668" lon="15.412298385053873">
        <ele>749.79999999999995</ele>
        <time>2024-11-26T11:41:17Z</time>
      </trkpt>
      <trkpt lat="-22.831749944016337" lon="15.412234850227833">
        <ele>749.79999999999995</ele>
        <time>2024-11-26T11:41:32Z</time>
      </trkpt>
      <trkpt lat="-22.831741143018007" lon="15.412159664556384">
        <ele>750</ele>
        <time>2024-11-26T11:41:47Z</time>
      </trkpt>
      <trkpt lat="-22.831725887954235" lon="15.412076599895954">
        <ele>750</ele>
        <time>2024-11-26T11:42:03Z</time>
      </trkpt>
      <trkpt lat="-22.831710297614336" lon="15.411987081170082">
        <ele>750</ele>
        <time>2024-11-26T11:42:18Z</time>
      </trkpt>
      <trkpt lat="-22.831690516322851" lon="15.411888929083943">
        <ele>750.20000000000005</ele>
        <time>2024-11-26T11:42:33Z</time>
      </trkpt>
      <trkpt lat="-22.831670483574271" lon="15.41178566403687">
        <ele>750.20000000000005</ele>
        <time>2024-11-26T11:42:48Z</time>
      </trkpt>
      <trkpt lat="-22.831656150519848" lon="15.411684578284621">
        <ele>750.20000000000005</ele>
        <time>2024-11-26T11:43:03Z</time>
      </trkpt>
      <trkpt lat="-22.831647684797645" lon="15.411587851122022">
        <ele>750.20000000000005</ele>
        <time>2024-11-26T11:43:19Z</time>
      </trkpt>
      <trkpt lat="-22.831653133034706" lon="15.411500427871943">
        <ele>750.39999999999998</ele>
        <time>2024-11-26T11:43:34Z</time>
      </trkpt>
      <trkpt lat="-22.831674758344889" lon="15.411424823105335">
        <ele>750.39999999999998</ele>
        <time>2024-11-26T11:43:49Z</time>
      </trkpt>
      <trkpt lat="-22.831701748073101" lon="15.411345949396491">
        <ele>750.60000000000002</ele>
        <time>2024-11-26T11:44:04Z</time>
      </trkpt>
      <trkpt lat="-22.831726055592299" lon="15.411262298002839">
        <ele>751</ele>
        <time>2024-11-26T11:44:19Z</time>
      </trkpt>
      <trkpt lat="-22.831745501607656" lon="15.411171689629555">
        <ele>751.20000000000005</ele>
        <time>2024-11-26T11:44:35Z</time>
      </trkpt>
      <trkpt lat="-22.831748435273767" lon="15.411074794828892">
        <ele>751.39999999999998</ele>
        <time>2024-11-26T11:44:50Z</time>
      </trkpt>
      <trkpt lat="-22.831730498000979" lon="15.410980749875307">
        <ele>751.39999999999998</ele>
        <time>2024-11-26T11:45:05Z</time>
      </trkpt>
      <trkpt lat="-22.831693701446056" lon="15.410894248634577">
        <ele>751.39999999999998</ele>
        <time>2024-11-26T11:45:20Z</time>
      </trkpt>
      <trkpt lat="-22.831662856042385" lon="15.410807579755783">
        <ele>751.39999999999998</ele>
        <time>2024-11-26T11:45:35Z</time>
      </trkpt>
      <trkpt lat="-22.831643912941217" lon="15.41072434745729">
        <ele>751.39999999999998</ele>
        <time>2024-11-26T11:45:51Z</time>
      </trkpt>
      <trkpt lat="-22.831628238782287" lon="15.410638265311718">
        <ele>751.39999999999998</ele>
        <time>2024-11-26T11:46:06Z</time>
      </trkpt>
      <trkpt lat="-22.831612648442388" lon="15.410557128489017">
        <ele>751</ele>
        <time>2024-11-26T11:46:21Z</time>
      </trkpt>
      <trkpt lat="-22.831593118607998" lon="15.41048638522625">
        <ele>750.79999999999995</ele>
        <time>2024-11-26T11:46:36Z</time>
      </trkpt>
      <trkpt lat="-22.831577360630035" lon="15.410430729389191">
        <ele>750.60000000000002</ele>
        <time>2024-11-26T11:46:52Z</time>
      </trkpt>
      <trkpt lat="-22.831565709784627" lon="15.410375576466322">
        <ele>750.39999999999998</ele>
        <time>2024-11-26T11:47:07Z</time>
      </trkpt>
      <trkpt lat="-22.83155171200633" lon="15.410313298925757">
        <ele>750.39999999999998</ele>
        <time>2024-11-26T11:47:22Z</time>
      </trkpt>
      <trkpt lat="-22.831529583781958" lon="15.410247668623924">
        <ele>750.20000000000005</ele>
        <time>2024-11-26T11:47:37Z</time>
      </trkpt>
      <trkpt lat="-22.831498654559255" lon="15.410184217616916">
        <ele>750.20000000000005</ele>
        <time>2024-11-26T11:47:52Z</time>
      </trkpt>
      <trkpt lat="-22.831463115289807" lon="15.410123029723763">
        <ele>750.20000000000005</ele>
        <time>2024-11-26T11:48:08Z</time>
      </trkpt>
      <trkpt lat="-22.83139681443572" lon="15.409912476316094">
        <ele>750.20000000000005</ele>
        <time>2024-11-26T11:48:23Z</time>
      </trkpt>
      <trkpt lat="-22.831398993730545" lon="15.409834776073694">
        <ele>750</ele>
        <time>2024-11-26T11:48:38Z</time>
      </trkpt>
      <trkpt lat="-22.831399496644735" lon="15.40975883603096">
        <ele>749.79999999999995</ele>
        <time>2024-11-26T11:48:53Z</time>
      </trkpt>
      <trkpt lat="-22.831391366198659" lon="15.409691780805588">
        <ele>749.79999999999995</ele>
        <time>2024-11-26T11:49:08Z</time>
      </trkpt>
      <trkpt lat="-22.831380302086473" lon="15.409644842147827">
        <ele>749.60000000000002</ele>
        <time>2024-11-26T11:49:24Z</time>
      </trkpt>
      <trkpt lat="-22.83136990852654" lon="15.409608045592904">
        <ele>749.60000000000002</ele>
        <time>2024-11-26T11:49:39Z</time>
      </trkpt>
      <trkpt lat="-22.831361275166273" lon="15.409575775265694">
        <ele>749.39999999999998</ele>
        <time>2024-11-26T11:49:54Z</time>
      </trkpt>
      <trkpt lat="-22.831355659291148" lon="15.409548534080386">
        <ele>749.39999999999998</ele>
        <time>2024-11-26T11:50:09Z</time>
      </trkpt>
      <trkpt lat="-22.831351049244404" lon="15.40952280163765">
        <ele>749.20000000000005</ele>
        <time>2024-11-26T11:50:24Z</time>
      </trkpt>
      <trkpt lat="-22.831346439197659" lon="15.409499080851674">
        <ele>749.20000000000005</ele>
        <time>2024-11-26T11:50:40Z</time>
      </trkpt>
      <trkpt lat="-22.831335542723536" lon="15.409469995647669">
        <ele>749.20000000000005</ele>
        <time>2024-11-26T11:50:55Z</time>
      </trkpt>
      <trkpt lat="-22.831326825544238" lon="15.409434204921126">
        <ele>749.20000000000005</ele>
        <time>2024-11-26T11:51:10Z</time>
      </trkpt>
      <trkpt lat="-22.83122967928648" lon="15.409166067838669">
        <ele>748.79999999999995</ele>
        <time>2024-11-26T11:51:25Z</time>
      </trkpt>
      <trkpt lat="-22.831160444766283" lon="15.408930284902453">
        <ele>748.60000000000002</ele>
        <time>2024-11-26T11:51:41Z</time>
      </trkpt>
      <trkpt lat="-22.831098167225718" lon="15.408584866672754">
        <ele>748.79999999999995</ele>
        <time>2024-11-26T11:51:56Z</time>
      </trkpt>
      <trkpt lat="-22.831088025122881" lon="15.408523427322507">
        <ele>748.79999999999995</ele>
        <time>2024-11-26T11:52:11Z</time>
      </trkpt>
      <trkpt lat="-22.831079978495836" lon="15.408463412895799">
        <ele>748.79999999999995</ele>
        <time>2024-11-26T11:52:26Z</time>
      </trkpt>
      <trkpt lat="-22.831077044829726" lon="15.408409014344215">
        <ele>748.79999999999995</ele>
        <time>2024-11-26T11:52:41Z</time>
      </trkpt>
      <trkpt lat="-22.831077380105853" lon="15.408354951068759">
        <ele>748.79999999999995</ele>
        <time>2024-11-26T11:52:57Z</time>
      </trkpt>
      <trkpt lat="-22.831078469753265" lon="15.40829636156559">
        <ele>748.79999999999995</ele>
        <time>2024-11-26T11:53:12Z</time>
      </trkpt>
      <trkpt lat="-22.831073356792331" lon="15.408241795375943">
        <ele>748.60000000000002</ele>
        <time>2024-11-26T11:53:27Z</time>
      </trkpt>
      <trkpt lat="-22.831062879413366" lon="15.408184882253408">
        <ele>748.60000000000002</ele>
        <time>2024-11-26T11:53:42Z</time>
      </trkpt>
      <trkpt lat="-22.831061370670795" lon="15.408038701862097">
        <ele>748.39999999999998</ele>
        <time>2024-11-26T11:53:58Z</time>
      </trkpt>
      <trkpt lat="-22.831070674583316" lon="15.407946333289146">
        <ele>748.20000000000005</ele>
        <time>2024-11-26T11:54:13Z</time>
      </trkpt>
      <trkpt lat="-22.831046115607023" lon="15.407559843733907">
        <ele>748.20000000000005</ele>
        <time>2024-11-26T11:54:28Z</time>
      </trkpt>
      <trkpt lat="-22.830986604094505" lon="15.40692332200706">
        <ele>748.20000000000005</ele>
        <time>2024-11-26T11:54:43Z</time>
      </trkpt>
      <trkpt lat="-22.830972606316209" lon="15.406768843531609">
        <ele>748</ele>
        <time>2024-11-26T11:54:58Z</time>
      </trkpt>
      <trkpt lat="-22.830960704013705" lon="15.406614784151316">
        <ele>747.79999999999995</ele>
        <time>2024-11-26T11:55:14Z</time>
      </trkpt>
      <trkpt lat="-22.830949304625392" lon="15.40646399371326">
        <ele>747.60000000000002</ele>
        <time>2024-11-26T11:55:29Z</time>
      </trkpt>
      <trkpt lat="-22.830934384837747" lon="15.406319238245487">
        <ele>747.20000000000005</ele>
        <time>2024-11-26T11:55:44Z</time>
      </trkpt>
      <trkpt lat="-22.830918207764626" lon="15.406179595738649">
        <ele>747</ele>
        <time>2024-11-26T11:55:59Z</time>
      </trkpt>
      <trkpt lat="-22.830910747870803" lon="15.406043641269207">
        <ele>746.79999999999995</ele>
        <time>2024-11-26T11:56:15Z</time>
      </trkpt>
      <trkpt lat="-22.830908987671137" lon="15.405915230512619">
        <ele>746.60000000000002</ele>
        <time>2024-11-26T11:56:30Z</time>
      </trkpt>
      <trkpt lat="-22.830909742042422" lon="15.405788496136665">
        <ele>746.60000000000002</ele>
        <time>2024-11-26T11:56:45Z</time>
      </trkpt>
      <trkpt lat="-22.830904796719551" lon="15.405668551102281">
        <ele>746.60000000000002</ele>
        <time>2024-11-26T11:57:00Z</time>
      </trkpt>
      <trkpt lat="-22.830892810598016" lon="15.405548103153706">
        <ele>746.60000000000002</ele>
        <time>2024-11-26T11:57:16Z</time>
      </trkpt>
      <trkpt lat="-22.830877974629402" lon="15.405422793701291">
        <ele>746.79999999999995</ele>
        <time>2024-11-26T11:57:31Z</time>
      </trkpt>
      <trkpt lat="-22.830862887203693" lon="15.405294885858893">
        <ele>746.79999999999995</ele>
        <time>2024-11-26T11:57:46Z</time>
      </trkpt>
      <trkpt lat="-22.830818966031075" lon="15.405044769868255">
        <ele>746.60000000000002</ele>
        <time>2024-11-26T11:58:01Z</time>
      </trkpt>
      <trkpt lat="-22.830791641026735" lon="15.404927339404821">
        <ele>746.60000000000002</ele>
        <time>2024-11-26T11:58:17Z</time>
      </trkpt>
      <trkpt lat="-22.830759454518557" lon="15.404805885627866">
        <ele>746.60000000000002</ele>
        <time>2024-11-26T11:58:32Z</time>
      </trkpt>
      <trkpt lat="-22.830698015168309" lon="15.404555015265942">
        <ele>746.39999999999998</ele>
        <time>2024-11-26T11:58:47Z</time>
      </trkpt>
      <trkpt lat="-22.830675216391683" lon="15.404423419386148">
        <ele>746.39999999999998</ele>
        <time>2024-11-26T11:59:02Z</time>
      </trkpt>
      <trkpt lat="-22.830613441765308" lon="15.404032068327069">
        <ele>746.20000000000005</ele>
        <time>2024-11-26T11:59:18Z</time>
      </trkpt>
      <trkpt lat="-22.830579914152622" lon="15.403756638988853">
        <ele>746</ele>
        <time>2024-11-26T11:59:33Z</time>
      </trkpt>
      <trkpt lat="-22.830557953566313" lon="15.403486490249634">
        <ele>745.60000000000002</ele>
        <time>2024-11-26T11:59:48Z</time>
      </trkpt>
      <trkpt lat="-22.830542949959636" lon="15.403356151655316">
        <ele>745.60000000000002</ele>
        <time>2024-11-26T12:00:03Z</time>
      </trkpt>
      <trkpt lat="-22.830513194203377" lon="15.403224723413587">
        <ele>745.39999999999998</ele>
        <time>2024-11-26T12:00:19Z</time>
      </trkpt>
      <trkpt lat="-22.830407582223415" lon="15.402973098680377">
        <ele>745</ele>
        <time>2024-11-26T12:00:34Z</time>
      </trkpt>
      <trkpt lat="-22.830346813425422" lon="15.402851644903421">
        <ele>745</ele>
        <time>2024-11-26T12:00:49Z</time>
      </trkpt>
      <trkpt lat="-22.830028217285872" lon="15.402230462059379">
        <ele>744.60000000000002</ele>
        <time>2024-11-26T12:01:04Z</time>
      </trkpt>
      <trkpt lat="-22.829972309991717" lon="15.402106745168567">
        <ele>744.39999999999998</ele>
        <time>2024-11-26T12:01:20Z</time>
      </trkpt>
      <trkpt lat="-22.829913217574358" lon="15.401988727971911">
        <ele>744.39999999999998</ele>
        <time>2024-11-26T12:01:35Z</time>
      </trkpt>
      <trkpt lat="-22.829843731597066" lon="15.401873979717493">
        <ele>744.39999999999998</ele>
        <time>2024-11-26T12:01:50Z</time>
      </trkpt>
      <trkpt lat="-22.829678859561682" lon="15.401652446016669">
        <ele>744</ele>
        <time>2024-11-26T12:02:05Z</time>
      </trkpt>
      <trkpt lat="-22.829590849578381" lon="15.401535267010331">
        <ele>744</ele>
        <time>2024-11-26T12:02:21Z</time>
      </trkpt>
      <trkpt lat="-22.829332938417792" lon="15.401181550696492">
        <ele>743.60000000000002</ele>
        <time>2024-11-26T12:02:36Z</time>
      </trkpt>
      <trkpt lat="-22.829252304509282" lon="15.401064958423376">
        <ele>743.39999999999998</ele>
        <time>2024-11-26T12:02:51Z</time>
      </trkpt>
      <trkpt lat="-22.829184662550688" lon="15.400945264846087">
        <ele>743.39999999999998</ele>
        <time>2024-11-26T12:03:07Z</time>
      </trkpt>
      <trkpt lat="-22.829126324504614" lon="15.400824984535575">
        <ele>743</ele>
        <time>2024-11-26T12:03:22Z</time>
      </trkpt>
      <trkpt lat="-22.829066729173064" lon="15.400707637891173">
        <ele>742.60000000000002</ele>
        <time>2024-11-26T12:03:37Z</time>
      </trkpt>
      <trkpt lat="-22.828991711139679" lon="15.400609401986003">
        <ele>742.39999999999998</ele>
        <time>2024-11-26T12:03:52Z</time>
      </trkpt>
      <trkpt lat="-22.828918369486928" lon="15.400509992614388">
        <ele>742.39999999999998</ele>
        <time>2024-11-26T12:04:08Z</time>
      </trkpt>
      <trkpt lat="-22.828840501606464" lon="15.400412930175662">
        <ele>742.20000000000005</ele>
        <time>2024-11-26T12:04:23Z</time>
      </trkpt>
      <trkpt lat="-22.828757939860225" lon="15.400323076173663">
        <ele>742</ele>
        <time>2024-11-26T12:04:38Z</time>
      </trkpt>
      <trkpt lat="-22.828680658712983" lon="15.400233389809728">
        <ele>741.79999999999995</ele>
        <time>2024-11-26T12:04:53Z</time>
      </trkpt>
      <trkpt lat="-22.828616704791784" lon="15.400135405361652">
        <ele>741.79999999999995</ele>
        <time>2024-11-26T12:05:09Z</time>
      </trkpt>
      <trkpt lat="-22.828576220199466" lon="15.400027614086866">
        <ele>741.60000000000002</ele>
        <time>2024-11-26T12:05:24Z</time>
      </trkpt>
      <trkpt lat="-22.828563563525677" lon="15.399921834468842">
        <ele>741.39999999999998</ele>
        <time>2024-11-26T12:05:39Z</time>
      </trkpt>
      <trkpt lat="-22.8285813331604" lon="15.399826113134623">
        <ele>741.39999999999998</ele>
        <time>2024-11-26T12:05:55Z</time>
      </trkpt>
      <trkpt lat="-22.828624080866575" lon="15.399742294102907">
        <ele>741.60000000000002</ele>
        <time>2024-11-26T12:06:10Z</time>
      </trkpt>
      <trkpt lat="-22.82868736423552" lon="15.399667527526617">
        <ele>741.60000000000002</ele>
        <time>2024-11-26T12:06:25Z</time>
      </trkpt>
      <trkpt lat="-22.828757604584098" lon="15.399595946073532">
        <ele>741.79999999999995</ele>
        <time>2024-11-26T12:06:40Z</time>
      </trkpt>
      <trkpt lat="-22.828834047541022" lon="15.399517994374037">
        <ele>741.79999999999995</ele>
        <time>2024-11-26T12:06:56Z</time>
      </trkpt>
      <trkpt lat="-22.828906048089266" lon="15.399436103180051">
        <ele>741.79999999999995</ele>
        <time>2024-11-26T12:07:11Z</time>
      </trkpt>
      <trkpt lat="-22.8289785515517" lon="15.399350859224796">
        <ele>742</ele>
        <time>2024-11-26T12:07:26Z</time>
      </trkpt>
      <trkpt lat="-22.829210394993424" lon="15.399105688557029">
        <ele>741.79999999999995</ele>
        <time>2024-11-26T12:07:42Z</time>
      </trkpt>
      <trkpt lat="-22.82929521985352" lon="15.399038465693593">
        <ele>741.79999999999995</ele>
        <time>2024-11-26T12:07:57Z</time>
      </trkpt>
      <trkpt lat="-22.829387253150344" lon="15.398980882018805">
        <ele>741.79999999999995</ele>
        <time>2024-11-26T12:08:12Z</time>
      </trkpt>
      <trkpt lat="-22.829878348857164" lon="15.398658430203795">
        <ele>742.20000000000005</ele>
        <time>2024-11-26T12:08:27Z</time>
      </trkpt>
      <trkpt lat="-22.830078927800059" lon="15.398502023890615">
        <ele>743</ele>
        <time>2024-11-26T12:08:43Z</time>
      </trkpt>
      <trkpt lat="-22.830388052389026" lon="15.398222068324685">
        <ele>743.39999999999998</ele>
        <time>2024-11-26T12:08:58Z</time>
      </trkpt>
      <trkpt lat="-22.830818966031075" lon="15.397810349240899">
        <ele>743.60000000000002</ele>
        <time>2024-11-26T12:09:13Z</time>
      </trkpt>
      <trkpt lat="-22.83104108646512" lon="15.397596107795835">
        <ele>743.60000000000002</ele>
        <time>2024-11-26T12:09:29Z</time>
      </trkpt>
      <trkpt lat="-22.83137870952487" lon="15.397266196087003">
        <ele>744</ele>
        <time>2024-11-26T12:09:44Z</time>
      </trkpt>
      <trkpt lat="-22.831821106374264" lon="15.396820530295372">
        <ele>744.20000000000005</ele>
        <time>2024-11-26T12:09:59Z</time>
      </trkpt>
      <trkpt lat="-22.831927891820669" lon="15.396709134802222">
        <ele>744.20000000000005</ele>
        <time>2024-11-26T12:10:15Z</time>
      </trkpt>
      <trkpt lat="-22.832033419981599" lon="15.39659614674747">
        <ele>744.20000000000005</ele>
        <time>2024-11-26T12:10:30Z</time>
      </trkpt>
      <trkpt lat="-22.832134841009974" lon="15.396480141207576">
        <ele>744.20000000000005</ele>
        <time>2024-11-26T12:10:45Z</time>
      </trkpt>
      <trkpt lat="-22.832534657791257" lon="15.395993990823627">
        <ele>743.79999999999995</ele>
        <time>2024-11-26T12:11:00Z</time>
      </trkpt>
      <trkpt lat="-22.832942437380552" lon="15.395503900945187">
        <ele>743.79999999999995</ele>
        <time>2024-11-26T12:11:16Z</time>
      </trkpt>
      <trkpt lat="-22.833330519497395" lon="15.394992353394628">
        <ele>743</ele>
        <time>2024-11-26T12:11:31Z</time>
      </trkpt>
      <trkpt lat="-22.833422385156155" lon="15.394860841333866">
        <ele>742.39999999999998</ele>
        <time>2024-11-26T12:11:46Z</time>
      </trkpt>
      <trkpt lat="-22.833715500310063" lon="15.394478961825371">
        <ele>742</ele>
        <time>2024-11-26T12:12:02Z</time>
      </trkpt>
      <trkpt lat="-22.833918510004878" lon="15.394226163625717">
        <ele>742</ele>
        <time>2024-11-26T12:12:17Z</time>
      </trkpt>
      <trkpt lat="-22.834367528557777" lon="15.393763901665807">
        <ele>742</ele>
        <time>2024-11-26T12:12:32Z</time>
      </trkpt>
      <trkpt lat="-22.83448881469667" lon="15.393654853105545">
        <ele>742</ele>
        <time>2024-11-26T12:12:48Z</time>
      </trkpt>
      <trkpt lat="-22.83496524207294" lon="15.393197285011411">
        <ele>742</ele>
        <time>2024-11-26T12:13:03Z</time>
      </trkpt>
      <trkpt lat="-22.835079403594136" lon="15.393083961680532">
        <ele>741.79999999999995</ele>
        <time>2024-11-26T12:13:18Z</time>
      </trkpt>
      <trkpt lat="-22.83518954180181" lon="15.392970973625779">
        <ele>741.79999999999995</ele>
        <time>2024-11-26T12:13:34Z</time>
      </trkpt>
      <trkpt lat="-22.83529850654304" lon="15.392854548990726">
        <ele>741.60000000000002</ele>
        <time>2024-11-26T12:13:49Z</time>
      </trkpt>
      <trkpt lat="-22.835401855409145" lon="15.392738962545991">
        <ele>741.20000000000005</ele>
        <time>2024-11-26T12:14:04Z</time>
      </trkpt>
      <trkpt lat="-22.835504952818155" lon="15.392629494890571">
        <ele>741</ele>
        <time>2024-11-26T12:14:20Z</time>
      </trkpt>
      <trkpt lat="-22.835609978064895" lon="15.392519859597087">
        <ele>740.60000000000002</ele>
        <time>2024-11-26T12:14:35Z</time>
      </trkpt>
      <trkpt lat="-22.835713746026158" lon="15.392410140484571">
        <ele>740.39999999999998</ele>
        <time>2024-11-26T12:14:51Z</time>
      </trkpt>
      <trkpt lat="-22.835812568664551" lon="15.392300337553024">
        <ele>740.20000000000005</ele>
        <time>2024-11-26T12:15:06Z</time>
      </trkpt>
      <trkpt lat="-22.835909379646182" lon="15.39219556376338">
        <ele>740</ele>
        <time>2024-11-26T12:15:21Z</time>
      </trkpt>
      <trkpt lat="-22.836005352437496" lon="15.392095986753702">
        <ele>740.20000000000005</ele>
        <time>2024-11-26T12:15:37Z</time>
      </trkpt>
      <trkpt lat="-22.836103672161698" lon="15.391998756676912">
        <ele>740</ele>
        <time>2024-11-26T12:15:52Z</time>
      </trkpt>
      <trkpt lat="-22.836202159523964" lon="15.391907645389438">
        <ele>740</ele>
        <time>2024-11-26T12:16:07Z</time>
      </trkpt>
      <trkpt lat="-22.836305005475879" lon="15.39182273671031">
        <ele>740.20000000000005</ele>
        <time>2024-11-26T12:16:23Z</time>
      </trkpt>
      <trkpt lat="-22.836414221674204" lon="15.391740342602134">
        <ele>740.20000000000005</ele>
        <time>2024-11-26T12:16:38Z</time>
      </trkpt>
      <trkpt lat="-22.836984023451805" lon="15.391344465315342">
        <ele>740.39999999999998</ele>
        <time>2024-11-26T12:16:53Z</time>
      </trkpt>
      <trkpt lat="-22.837105393409729" lon="15.391264837235212">
        <ele>740.39999999999998</ele>
        <time>2024-11-26T12:17:09Z</time>
      </trkpt>
      <trkpt lat="-22.837573103606701" lon="15.390956802293658">
        <ele>741.20000000000005</ele>
        <time>2024-11-26T12:17:24Z</time>
      </trkpt>
      <trkpt lat="-22.837692126631737" lon="15.390888908877969">
        <ele>741.39999999999998</ele>
        <time>2024-11-26T12:17:39Z</time>
      </trkpt>
      <trkpt lat="-22.837922461330891" lon="15.390740213915706">
        <ele>741.60000000000002</ele>
        <time>2024-11-26T12:17:55Z</time>
      </trkpt>
      <trkpt lat="-22.838420430198312" lon="15.3904486913234">
        <ele>742.39999999999998</ele>
        <time>2024-11-26T12:18:10Z</time>
      </trkpt>
      <trkpt lat="-22.838545572012663" lon="15.390380127355456">
        <ele>742.39999999999998</ele>
        <time>2024-11-26T12:18:26Z</time>
      </trkpt>
      <trkpt lat="-22.838917477056384" lon="15.390156665816903">
        <ele>742.79999999999995</ele>
        <time>2024-11-26T12:18:41Z</time>
      </trkpt>
      <trkpt lat="-22.839051755145192" lon="15.39009933359921">
        <ele>743</ele>
        <time>2024-11-26T12:18:56Z</time>
      </trkpt>
      <trkpt lat="-22.83933263272047" lon="15.390016688033938">
        <ele>743.39999999999998</ele>
        <time>2024-11-26T12:19:12Z</time>
      </trkpt>
      <trkpt lat="-22.839616192504764" lon="15.389943933114409">
        <ele>744</ele>
        <time>2024-11-26T12:19:27Z</time>
      </trkpt>
      <trkpt lat="-22.839760947972536" lon="15.389904538169503">
        <ele>744.20000000000005</ele>
        <time>2024-11-26T12:19:42Z</time>
      </trkpt>
      <trkpt lat="-22.839906373992562" lon="15.389861622825265">
        <ele>744.39999999999998</ele>
        <time>2024-11-26T12:19:58Z</time>
      </trkpt>
      <trkpt lat="-22.840050794184208" lon="15.389816109091043">
        <ele>744.39999999999998</ele>
        <time>2024-11-26T12:20:13Z</time>
      </trkpt>
      <trkpt lat="-22.840197142213583" lon="15.389770343899727">
        <ele>744.79999999999995</ele>
        <time>2024-11-26T12:20:29Z</time>
      </trkpt>
      <trkpt lat="-22.840348435565829" lon="15.389724746346474">
        <ele>744.79999999999995</ele>
        <time>2024-11-26T12:20:44Z</time>
      </trkpt>
      <trkpt lat="-22.840501656755805" lon="15.389676801860332">
        <ele>745.20000000000005</ele>
        <time>2024-11-26T12:20:59Z</time>
      </trkpt>
      <trkpt lat="-22.840654207393527" lon="15.389630449935794">
        <ele>745.20000000000005</ele>
        <time>2024-11-26T12:21:15Z</time>
      </trkpt>
      <trkpt lat="-22.840805165469646" lon="15.389580242335796">
        <ele>745.60000000000002</ele>
        <time>2024-11-26T12:21:30Z</time>
      </trkpt>
      <trkpt lat="-22.840952100232244" lon="15.389519389718771">
        <ele>745.60000000000002</ele>
        <time>2024-11-26T12:21:45Z</time>
      </trkpt>
      <trkpt lat="-22.841089898720384" lon="15.389443533495069">
        <ele>745.60000000000002</ele>
        <time>2024-11-26T12:22:01Z</time>
      </trkpt>
      <trkpt lat="-22.841221913695335" lon="15.389356110244989">
        <ele>745.79999999999995</ele>
        <time>2024-11-26T12:22:16Z</time>
      </trkpt>
      <trkpt lat="-22.841351833194494" lon="15.389258209615946">
        <ele>746</ele>
        <time>2024-11-26T12:22:32Z</time>
      </trkpt>
      <trkpt lat="-22.841482339426875" lon="15.389161817729473">
        <ele>746.20000000000005</ele>
        <time>2024-11-26T12:22:47Z</time>
      </trkpt>
      <trkpt lat="-22.841615863144398" lon="15.389073891565204">
        <ele>746.60000000000002</ele>
        <time>2024-11-26T12:23:02Z</time>
      </trkpt>
      <trkpt lat="-22.841748548671603" lon="15.388996358960867">
        <ele>746.79999999999995</ele>
        <time>2024-11-26T12:23:18Z</time>
      </trkpt>
      <trkpt lat="-22.841879390180111" lon="15.388929974287748">
        <ele>747</ele>
        <time>2024-11-26T12:23:33Z</time>
      </trkpt>
      <trkpt lat="-22.842006292194128" lon="15.388875072821975">
        <ele>747.39999999999998</ele>
        <time>2024-11-26T12:23:49Z</time>
      </trkpt>
      <trkpt lat="-22.842123471200466" lon="15.388828217983246">
        <ele>747.39999999999998</ele>
        <time>2024-11-26T12:24:04Z</time>
      </trkpt>
      <trkpt lat="-22.842230005189776" lon="15.388776836916804">
        <ele>747.39999999999998</ele>
        <time>2024-11-26T12:24:19Z</time>
      </trkpt>
      <trkpt lat="-22.842331090942025" lon="15.388707518577576">
        <ele>747.60000000000002</ele>
        <time>2024-11-26T12:24:35Z</time>
      </trkpt>
      <trkpt lat="-22.842422621324658" lon="15.388630740344524">
        <ele>747.60000000000002</ele>
        <time>2024-11-26T12:24:50Z</time>
      </trkpt>
      <trkpt lat="-22.842515157535672" lon="15.388549352064729">
        <ele>747.39999999999998</ele>
        <time>2024-11-26T12:25:06Z</time>
      </trkpt>
      <trkpt lat="-22.842611381784081" lon="15.38846637122333">
        <ele>747.39999999999998</ele>
        <time>2024-11-26T12:25:21Z</time>
      </trkpt>
      <trkpt lat="-22.842706348747015" lon="15.388384312391281">
        <ele>747.20000000000005</ele>
        <time>2024-11-26T12:25:36Z</time>
      </trkpt>
      <trkpt lat="-22.8428038302809" lon="15.388302337378263">
        <ele>746.79999999999995</ele>
        <time>2024-11-26T12:25:52Z</time>
      </trkpt>
      <trkpt lat="-22.842901982367039" lon="15.388220194727182">
        <ele>746.39999999999998</ele>
        <time>2024-11-26T12:26:07Z</time>
      </trkpt>
      <trkpt lat="-22.843007007613778" lon="15.388136375695467">
        <ele>746.20000000000005</ele>
        <time>2024-11-26T12:26:23Z</time>
      </trkpt>
      <trkpt lat="-22.843111529946327" lon="15.388050628826022">
        <ele>746</ele>
        <time>2024-11-26T12:26:38Z</time>
      </trkpt>
      <trkpt lat="-22.843214124441147" lon="15.387960355728865">
        <ele>745.79999999999995</ele>
        <time>2024-11-26T12:26:53Z</time>
      </trkpt>
      <trkpt lat="-22.843318060040474" lon="15.387861197814345">
        <ele>745.79999999999995</ele>
        <time>2024-11-26T12:27:09Z</time>
      </trkpt>
      <trkpt lat="-22.84341948106885" lon="15.387754580006003">
        <ele>745.79999999999995</ele>
        <time>2024-11-26T12:27:24Z</time>
      </trkpt>
      <trkpt lat="-22.843517046421766" lon="15.387640418484807">
        <ele>745.60000000000002</ele>
        <time>2024-11-26T12:27:40Z</time>
      </trkpt>
      <trkpt lat="-22.843613103032112" lon="15.387526759877801">
        <ele>745.39999999999998</ele>
        <time>2024-11-26T12:27:55Z</time>
      </trkpt>
      <trkpt lat="-22.843805467709899" lon="15.387299777939916">
        <ele>745.20000000000005</ele>
        <time>2024-11-26T12:28:11Z</time>
      </trkpt>
      <trkpt lat="-22.843900937587023" lon="15.387189220637083">
        <ele>745.20000000000005</ele>
        <time>2024-11-26T12:28:26Z</time>
      </trkpt>
      <trkpt lat="-22.843994982540607" lon="15.387077238410711">
        <ele>745</ele>
        <time>2024-11-26T12:28:41Z</time>
      </trkpt>
      <trkpt lat="-22.844085423275828" lon="15.386966178193688">
        <ele>745</ele>
        <time>2024-11-26T12:28:57Z</time>
      </trkpt>
      <trkpt lat="-22.844168152660131" lon="15.386855956166983">
        <ele>744.79999999999995</ele>
        <time>2024-11-26T12:29:12Z</time>
      </trkpt>
      <trkpt lat="-22.844233531504869" lon="15.386752439662814">
        <ele>744.60000000000002</ele>
        <time>2024-11-26T12:29:28Z</time>
      </trkpt>
      <trkpt lat="-22.844292875379324" lon="15.386660071089864">
        <ele>744.20000000000005</ele>
        <time>2024-11-26T12:29:43Z</time>
      </trkpt>
      <trkpt lat="-22.844363618642092" lon="15.386581784114242">
        <ele>744</ele>
        <time>2024-11-26T12:29:58Z</time>
      </trkpt>
      <trkpt lat="-22.844448024407029" lon="15.386523948982358">
        <ele>743.79999999999995</ele>
        <time>2024-11-26T12:30:14Z</time>
      </trkpt>
      <trkpt lat="-22.844536118209362" lon="15.386480698361993">
        <ele>743.79999999999995</ele>
        <time>2024-11-26T12:30:29Z</time>
      </trkpt>
      <trkpt lat="-22.844623541459441" lon="15.386433508247137">
        <ele>743.60000000000002</ele>
        <time>2024-11-26T12:30:45Z</time>
      </trkpt>
      <trkpt lat="-22.844709372147918" lon="15.386380450800061">
        <ele>743.60000000000002</ele>
        <time>2024-11-26T12:31:00Z</time>
      </trkpt>
      <trkpt lat="-22.844795370474458" lon="15.386325214058161">
        <ele>743.39999999999998</ele>
        <time>2024-11-26T12:31:16Z</time>
      </trkpt>
      <trkpt lat="-22.845270121470094" lon="15.386085659265518">
        <ele>743.60000000000002</ele>
        <time>2024-11-26T12:31:31Z</time>
      </trkpt>
      <trkpt lat="-22.845378499478102" lon="15.386061435565352">
        <ele>743.79999999999995</ele>
        <time>2024-11-26T12:31:46Z</time>
      </trkpt>
      <trkpt lat="-22.845612354576588" lon="15.386035619303584">
        <ele>744.39999999999998</ele>
        <time>2024-11-26T12:32:02Z</time>
      </trkpt>
      <trkpt lat="-22.845858782529831" lon="15.386024136096239">
        <ele>745.20000000000005</ele>
        <time>2024-11-26T12:32:17Z</time>
      </trkpt>
      <trkpt lat="-22.846236387267709" lon="15.386037966236472">
        <ele>745.79999999999995</ele>
        <time>2024-11-26T12:32:33Z</time>
      </trkpt>
      <trkpt lat="-22.846503350883722" lon="15.386051293462515">
        <ele>746.60000000000002</ele>
        <time>2024-11-26T12:32:48Z</time>
      </trkpt>
      <trkpt lat="-22.84692982211709" lon="15.386088090017438">
        <ele>748</ele>
        <time>2024-11-26T12:33:04Z</time>
      </trkpt>
      <trkpt lat="-22.847082372754812" lon="15.386103177443147">
        <ele>748.39999999999998</ele>
        <time>2024-11-26T12:33:19Z</time>
      </trkpt>
      <trkpt lat="-22.847391748800874" lon="15.386141231283545">
        <ele>749.20000000000005</ele>
        <time>2024-11-26T12:33:34Z</time>
      </trkpt>
      <trkpt lat="-22.847548490390182" lon="15.386161515489221">
        <ele>749.39999999999998</ele>
        <time>2024-11-26T12:33:50Z</time>
      </trkpt>
      <trkpt lat="-22.847710764035583" lon="15.386182637885213">
        <ele>749.60000000000002</ele>
        <time>2024-11-26T12:34:05Z</time>
      </trkpt>
      <trkpt lat="-22.847871193662286" lon="15.386203341186047">
        <ele>750.20000000000005</ele>
        <time>2024-11-26T12:34:21Z</time>
      </trkpt>
      <trkpt lat="-22.848030617460608" lon="15.386225217953324">
        <ele>750.60000000000002</ele>
        <time>2024-11-26T12:34:36Z</time>
      </trkpt>
      <trkpt lat="-22.848191885277629" lon="15.386247597634792">
        <ele>750.79999999999995</ele>
        <time>2024-11-26T12:34:52Z</time>
      </trkpt>
      <trkpt lat="-22.84835516475141" lon="15.386273581534624">
        <ele>750.79999999999995</ele>
        <time>2024-11-26T12:35:07Z</time>
      </trkpt>
      <trkpt lat="-22.84852028824389" lon="15.386302415281534">
        <ele>751.20000000000005</ele>
        <time>2024-11-26T12:35:23Z</time>
      </trkpt>
      <trkpt lat="-22.848687088117003" lon="15.386335691437125">
        <ele>751.60000000000002</ele>
        <time>2024-11-26T12:35:38Z</time>
      </trkpt>
      <trkpt lat="-22.848859587684274" lon="15.386370979249477">
        <ele>752</ele>
        <time>2024-11-26T12:35:53Z</time>
      </trkpt>
      <trkpt lat="-22.849032422527671" lon="15.38640970364213">
        <ele>752.39999999999998</ele>
        <time>2024-11-26T12:36:09Z</time>
      </trkpt>
      <trkpt lat="-22.849204419180751" lon="15.386445075273514">
        <ele>752.60000000000002</ele>
        <time>2024-11-26T12:36:24Z</time>
      </trkpt>
      <trkpt lat="-22.849376248195767" lon="15.386481452733278">
        <ele>752.60000000000002</ele>
        <time>2024-11-26T12:36:40Z</time>
      </trkpt>
      <trkpt lat="-22.849549083039165" lon="15.386518249288201">
        <ele>753</ele>
        <time>2024-11-26T12:36:55Z</time>
      </trkpt>
      <trkpt lat="-22.849720576778054" lon="15.386554291471839">
        <ele>753</ele>
        <time>2024-11-26T12:37:11Z</time>
      </trkpt>
      <trkpt lat="-22.849891316145658" lon="15.386591758579016">
        <ele>753.39999999999998</ele>
        <time>2024-11-26T12:37:26Z</time>
      </trkpt>
      <trkpt lat="-22.85006389953196" lon="15.386630231514573">
        <ele>753.79999999999995</ele>
        <time>2024-11-26T12:37:42Z</time>
      </trkpt>
      <trkpt lat="-22.850237237289548" lon="15.386669458821416">
        <ele>754.20000000000005</ele>
        <time>2024-11-26T12:37:57Z</time>
      </trkpt>
      <trkpt lat="-22.850412083789706" lon="15.386702986434102">
        <ele>754.60000000000002</ele>
        <time>2024-11-26T12:38:13Z</time>
      </trkpt>
      <trkpt lat="-22.850583577528596" lon="15.386726539582014">
        <ele>754.79999999999995</ele>
        <time>2024-11-26T12:38:28Z</time>
      </trkpt>
      <trkpt lat="-22.85075725056231" lon="15.386742297559977">
        <ele>755</ele>
        <time>2024-11-26T12:38:43Z</time>
      </trkpt>
      <trkpt lat="-22.850933605805039" lon="15.386749673634768">
        <ele>755.20000000000005</ele>
        <time>2024-11-26T12:38:59Z</time>
      </trkpt>
      <trkpt lat="-22.851112307980657" lon="15.386747913435102">
        <ele>755.60000000000002</ele>
        <time>2024-11-26T12:39:14Z</time>
      </trkpt>
      <trkpt lat="-22.851291261613369" lon="15.386735927313566">
        <ele>755.60000000000002</ele>
        <time>2024-11-26T12:39:30Z</time>
      </trkpt>
      <trkpt lat="-22.851468371227384" lon="15.386712206527591">
        <ele>756</ele>
        <time>2024-11-26T12:39:45Z</time>
      </trkpt>
      <trkpt lat="-22.85164263099432" lon="15.386679852381349">
        <ele>756.60000000000002</ele>
        <time>2024-11-26T12:40:01Z</time>
      </trkpt>
      <trkpt lat="-22.851818734779954" lon="15.386638529598713">
        <ele>756.79999999999995</ele>
        <time>2024-11-26T12:40:16Z</time>
      </trkpt>
      <trkpt lat="-22.851996850222349" lon="15.386587986722589">
        <ele>756.79999999999995</ele>
        <time>2024-11-26T12:40:32Z</time>
      </trkpt>
      <trkpt lat="-22.852174546569586" lon="15.386531911790371">
        <ele>757</ele>
        <time>2024-11-26T12:40:47Z</time>
      </trkpt>
      <trkpt lat="-22.852351740002632" lon="15.386478854343295">
        <ele>757.20000000000005</ele>
        <time>2024-11-26T12:41:03Z</time>
      </trkpt>
      <trkpt lat="-22.85253144800663" lon="15.386428227648139">
        <ele>757.60000000000002</ele>
        <time>2024-11-26T12:41:18Z</time>
      </trkpt>
      <trkpt lat="-22.852710150182247" lon="15.386374667286873">
        <ele>757.79999999999995</ele>
        <time>2024-11-26T12:41:34Z</time>
      </trkpt>
      <trkpt lat="-22.852890947833657" lon="15.386322699487209">
        <ele>758.20000000000005</ele>
        <time>2024-11-26T12:41:49Z</time>
      </trkpt>
      <trkpt lat="-22.85306990146637" lon="15.386271737515926">
        <ele>758.39999999999998</ele>
        <time>2024-11-26T12:42:05Z</time>
      </trkpt>
      <trkpt lat="-22.85324877128005" lon="15.386219182983041">
        <ele>758.60000000000002</ele>
        <time>2024-11-26T12:42:20Z</time>
      </trkpt>
      <trkpt lat="-22.853427976369858" lon="15.386164616793394">
        <ele>758.79999999999995</ele>
        <time>2024-11-26T12:42:36Z</time>
      </trkpt>
      <trkpt lat="-22.853604415431619" lon="15.386110218241811">
        <ele>759</ele>
        <time>2024-11-26T12:42:51Z</time>
      </trkpt>
      <trkpt lat="-22.853778842836618" lon="15.386058501899242">
        <ele>759.39999999999998</ele>
        <time>2024-11-26T12:43:07Z</time>
      </trkpt>
      <trkpt lat="-22.853951258584857" lon="15.386012066155672">
        <ele>759.79999999999995</ele>
        <time>2024-11-26T12:43:22Z</time>
      </trkpt>
      <trkpt lat="-22.854126943275332" lon="15.385976107791066">
        <ele>760.39999999999998</ele>
        <time>2024-11-26T12:43:37Z</time>
      </trkpt>
      <trkpt lat="-22.854302208870649" lon="15.385947190225124">
        <ele>760.79999999999995</ele>
        <time>2024-11-26T12:43:53Z</time>
      </trkpt>
      <trkpt lat="-22.85448107868433" lon="15.385923888534307">
        <ele>761.20000000000005</ele>
        <time>2024-11-26T12:44:08Z</time>
      </trkpt>
      <trkpt lat="-22.854663385078311" lon="15.385909723117948">
        <ele>762</ele>
        <time>2024-11-26T12:44:24Z</time>
      </trkpt>
      <trkpt lat="-22.85484217107296" lon="15.385904023423791">
        <ele>762.20000000000005</ele>
        <time>2024-11-26T12:44:39Z</time>
      </trkpt>
      <trkpt lat="-22.855019364506006" lon="15.385908801108599">
        <ele>762.60000000000002</ele>
        <time>2024-11-26T12:44:55Z</time>
      </trkpt>
      <trkpt lat="-22.855197731405497" lon="15.385921206325293">
        <ele>763</ele>
        <time>2024-11-26T12:45:10Z</time>
      </trkpt>
      <trkpt lat="-22.85537769086659" lon="15.385938724502921">
        <ele>763.39999999999998</ele>
        <time>2024-11-26T12:45:26Z</time>
      </trkpt>
      <trkpt lat="-22.855559075251222" lon="15.385959343984723">
        <ele>763.60000000000002</ele>
        <time>2024-11-26T12:45:41Z</time>
      </trkpt>
      <trkpt lat="-22.855739872902632" lon="15.385983064770699">
        <ele>764.20000000000005</ele>
        <time>2024-11-26T12:45:57Z</time>
      </trkpt>
      <trkpt lat="-22.855921592563391" lon="15.386008294299245">
        <ele>764.39999999999998</ele>
        <time>2024-11-26T12:46:12Z</time>
      </trkpt>
      <trkpt lat="-22.856103144586086" lon="15.386030003428459">
        <ele>765.20000000000005</ele>
        <time>2024-11-26T12:46:28Z</time>
      </trkpt>
      <trkpt lat="-22.856286959722638" lon="15.386041905730963">
        <ele>765.20000000000005</ele>
        <time>2024-11-26T12:46:43Z</time>
      </trkpt>
      <trkpt lat="-22.856469936668873" lon="15.386048778891563">
        <ele>765.39999999999998</ele>
        <time>2024-11-26T12:46:59Z</time>
      </trkpt>
      <trkpt lat="-22.856651907786727" lon="15.386050622910261">
        <ele>765.60000000000002</ele>
        <time>2024-11-26T12:47:14Z</time>
      </trkpt>
      <trkpt lat="-22.856831699609756" lon="15.386048695072532">
        <ele>765.79999999999995</ele>
        <time>2024-11-26T12:47:30Z</time>
      </trkpt>
      <trkpt lat="-22.857011994346976" lon="15.386044839397073">
        <ele>766</ele>
        <time>2024-11-26T12:47:45Z</time>
      </trkpt>
      <trkpt lat="-22.857194384559989" lon="15.386041067540646">
        <ele>766.20000000000005</ele>
        <time>2024-11-26T12:48:01Z</time>
      </trkpt>
      <trkpt lat="-22.857378451153636" lon="15.386040229350328">
        <ele>766.60000000000002</ele>
        <time>2024-11-26T12:48:16Z</time>
      </trkpt>
      <trkpt lat="-22.857565535232425" lon="15.386042911559343">
        <ele>767</ele>
        <time>2024-11-26T12:48:32Z</time>
      </trkpt>
      <trkpt lat="-22.857751864939928" lon="15.386047940701246">
        <ele>767.60000000000002</ele>
        <time>2024-11-26T12:48:47Z</time>
      </trkpt>
      <trkpt lat="-22.857936853542924" lon="15.386052550747991">
        <ele>768</ele>
        <time>2024-11-26T12:49:03Z</time>
      </trkpt>
      <trkpt lat="-22.85811647772789" lon="15.386055819690228">
        <ele>768.20000000000005</ele>
        <time>2024-11-26T12:49:19Z</time>
      </trkpt>
      <trkpt lat="-22.858298113569617" lon="15.386061351746321">
        <ele>769</ele>
        <time>2024-11-26T12:49:34Z</time>
      </trkpt>
      <trkpt lat="-22.858478827401996" lon="15.386066045612097">
        <ele>769.39999999999998</ele>
        <time>2024-11-26T12:49:50Z</time>
      </trkpt>
      <trkpt lat="-22.858662055805326" lon="15.38606864400208">
        <ele>769.60000000000002</ele>
        <time>2024-11-26T12:50:05Z</time>
      </trkpt>
      <trkpt lat="-22.858847379684448" lon="15.38606864400208">
        <ele>769.79999999999995</ele>
        <time>2024-11-26T12:50:21Z</time>
      </trkpt>
      <trkpt lat="-22.859035301953554" lon="15.386063698679209">
        <ele>770</ele>
        <time>2024-11-26T12:50:36Z</time>
      </trkpt>
      <trkpt lat="-22.859225906431675" lon="15.386055819690228">
        <ele>770</ele>
        <time>2024-11-26T12:50:52Z</time>
      </trkpt>
      <trkpt lat="-22.859412990510464" lon="15.386051628738642">
        <ele>770</ele>
        <time>2024-11-26T12:51:07Z</time>
      </trkpt>
      <trkpt lat="-22.859598649665713" lon="15.386048275977373">
        <ele>770.20000000000005</ele>
        <time>2024-11-26T12:51:23Z</time>
      </trkpt>
      <trkpt lat="-22.859783219173551" lon="15.386047102510929">
        <ele>770.20000000000005</ele>
        <time>2024-11-26T12:51:38Z</time>
      </trkpt>
      <trkpt lat="-22.859966363757849" lon="15.386043414473534">
        <ele>770.39999999999998</ele>
        <time>2024-11-26T12:51:54Z</time>
      </trkpt>
      <trkpt lat="-22.860147412866354" lon="15.386032601818442">
        <ele>770.39999999999998</ele>
        <time>2024-11-26T12:52:09Z</time>
      </trkpt>
      <trkpt lat="-22.860331228002906" lon="15.386015921831131">
        <ele>770.79999999999995</ele>
        <time>2024-11-26T12:52:25Z</time>
      </trkpt>
      <trkpt lat="-22.860521832481027" lon="15.385995386168361">
        <ele>771</ele>
        <time>2024-11-26T12:52:40Z</time>
      </trkpt>
      <trkpt lat="-22.860713191330433" lon="15.38597141392529">
        <ele>771.20000000000005</ele>
        <time>2024-11-26T12:52:56Z</time>
      </trkpt>
      <trkpt lat="-22.860902035608888" lon="15.385945262387395">
        <ele>771.60000000000002</ele>
        <time>2024-11-26T12:53:11Z</time>
      </trkpt>
      <trkpt lat="-22.861094567924738" lon="15.385918356478214">
        <ele>771.79999999999995</ele>
        <time>2024-11-26T12:53:27Z</time>
      </trkpt>
      <trkpt lat="-22.861290536820889" lon="15.385890528559685">
        <ele>772.20000000000005</ele>
        <time>2024-11-26T12:53:42Z</time>
      </trkpt>
      <trkpt lat="-22.861485164612532" lon="15.385866556316614">
        <ele>772.39999999999998</ele>
        <time>2024-11-26T12:53:58Z</time>
      </trkpt>
      <trkpt lat="-22.861674260348082" lon="15.38584778085351">
        <ele>772.60000000000002</ele>
        <time>2024-11-26T12:54:14Z</time>
      </trkpt>
      <trkpt lat="-22.86186620593071" lon="15.385832525789738">
        <ele>772.79999999999995</ele>
        <time>2024-11-26T12:54:29Z</time>
      </trkpt>
      <trkpt lat="-22.8620635997504" lon="15.385820120573044">
        <ele>772.79999999999995</ele>
        <time>2024-11-26T12:54:45Z</time>
      </trkpt>
      <trkpt lat="-22.862260658293962" lon="15.385814169421792">
        <ele>772.79999999999995</ele>
        <time>2024-11-26T12:55:00Z</time>
      </trkpt>
      <trkpt lat="-22.862456794828176" lon="15.38581844419241">
        <ele>773.20000000000005</ele>
        <time>2024-11-26T12:55:16Z</time>
      </trkpt>
      <trkpt lat="-22.862645387649536" lon="15.385831436142325">
        <ele>773.39999999999998</ele>
        <time>2024-11-26T12:55:31Z</time>
      </trkpt>
      <trkpt lat="-22.862834567204118" lon="15.385851133614779">
        <ele>773.60000000000002</ele>
        <time>2024-11-26T12:55:47Z</time>
      </trkpt>
      <trkpt lat="-22.863027183339" lon="15.385877452790737">
        <ele>773.79999999999995</ele>
        <time>2024-11-26T12:56:02Z</time>
      </trkpt>
      <trkpt lat="-22.863218374550343" lon="15.385906035080552">
        <ele>774.20000000000005</ele>
        <time>2024-11-26T12:56:18Z</time>
      </trkpt>
      <trkpt lat="-22.863414008170366" lon="15.385930929332972">
        <ele>774.39999999999998</ele>
        <time>2024-11-26T12:56:33Z</time>
      </trkpt>
      <trkpt lat="-22.863608887419105" lon="15.385958924889565">
        <ele>774.60000000000002</ele>
        <time>2024-11-26T12:56:49Z</time>
      </trkpt>
      <trkpt lat="-22.86380217410624" lon="15.385985914617777">
        <ele>774.79999999999995</ele>
        <time>2024-11-26T12:57:05Z</time>
      </trkpt>
      <trkpt lat="-22.863999148830771" lon="15.386011144146323">
        <ele>775.20000000000005</ele>
        <time>2024-11-26T12:57:20Z</time>
      </trkpt>
      <trkpt lat="-22.864201320335269" lon="15.386037044227123">
        <ele>775.39999999999998</ele>
        <time>2024-11-26T12:57:36Z</time>
      </trkpt>
      <trkpt lat="-22.864405000582337" lon="15.386057160794735">
        <ele>776</ele>
        <time>2024-11-26T12:57:51Z</time>
      </trkpt>
      <trkpt lat="-22.86461278796196" lon="15.386070823296905">
        <ele>776.39999999999998</ele>
        <time>2024-11-26T12:58:07Z</time>
      </trkpt>
      <trkpt lat="-22.864823089912534" lon="15.386078283190727">
        <ele>776.60000000000002</ele>
        <time>2024-11-26T12:58:22Z</time>
      </trkpt>
      <trkpt lat="-22.865035403519869" lon="15.386082893237472">
        <ele>777.20000000000005</ele>
        <time>2024-11-26T12:58:38Z</time>
      </trkpt>
      <trkpt lat="-22.865248136222363" lon="15.386084988713264">
        <ele>777.60000000000002</ele>
        <time>2024-11-26T12:58:53Z</time>
      </trkpt>
      <trkpt lat="-22.865459276363254" lon="15.386087922379375">
        <ele>778</ele>
        <time>2024-11-26T12:59:09Z</time>
      </trkpt>
      <trkpt lat="-22.865668488666415" lon="15.386094879359007">
        <ele>778.20000000000005</ele>
        <time>2024-11-26T12:59:25Z</time>
      </trkpt>
      <trkpt lat="-22.865878874436021" lon="15.38611164316535">
        <ele>778.20000000000005</ele>
        <time>2024-11-26T12:59:40Z</time>
      </trkpt>
      <trkpt lat="-22.866090098395944" lon="15.386135280132294">
        <ele>778.60000000000002</ele>
        <time>2024-11-26T12:59:56Z</time>
      </trkpt>
      <trkpt lat="-22.866302579641342" lon="15.386164700612426">
        <ele>778.79999999999995</ele>
        <time>2024-11-26T13:00:11Z</time>
      </trkpt>
      <trkpt lat="-22.866515563800931" lon="15.386195629835129">
        <ele>779.20000000000005</ele>
        <time>2024-11-26T13:00:27Z</time>
      </trkpt>
      <trkpt lat="-22.866730643436313" lon="15.38622404448688">
        <ele>779.20000000000005</ele>
        <time>2024-11-26T13:00:42Z</time>
      </trkpt>
      <trkpt lat="-22.866943459957838" lon="15.386250447481871">
        <ele>779.39999999999998</ele>
        <time>2024-11-26T13:00:58Z</time>
      </trkpt>
      <trkpt lat="-22.867158288136125" lon="15.386275760829449">
        <ele>779.60000000000002</ele>
        <time>2024-11-26T13:01:14Z</time>
      </trkpt>
      <trkpt lat="-22.867370769381523" lon="15.386295290663838">
        <ele>780.20000000000005</ele>
        <time>2024-11-26T13:01:29Z</time>
      </trkpt>
      <trkpt lat="-22.867585178464651" lon="15.386305600404739">
        <ele>781</ele>
        <time>2024-11-26T13:01:45Z</time>
      </trkpt>
      <trkpt lat="-22.867801180109382" lon="15.386309791356325">
        <ele>781.20000000000005</ele>
        <time>2024-11-26T13:02:00Z</time>
      </trkpt>
      <trkpt lat="-22.868013074621558" lon="15.386311383917928">
        <ele>781.39999999999998</ele>
        <time>2024-11-26T13:02:16Z</time>
      </trkpt>
      <trkpt lat="-22.868221029639244" lon="15.386316329240799">
        <ele>781.60000000000002</ele>
        <time>2024-11-26T13:02:31Z</time>
      </trkpt>
      <trkpt lat="-22.868431583046913" lon="15.386325800791383">
        <ele>781.60000000000002</ele>
        <time>2024-11-26T13:02:47Z</time>
      </trkpt>
      <trkpt lat="-22.868636604398489" lon="15.386347845196724">
        <ele>782</ele>
        <time>2024-11-26T13:03:03Z</time>
      </trkpt>
      <trkpt lat="-22.868837015703321" lon="15.386379361152649">
        <ele>782</ele>
        <time>2024-11-26T13:03:18Z</time>
      </trkpt>
      <trkpt lat="-22.869031559675932" lon="15.386423449963331">
        <ele>782</ele>
        <time>2024-11-26T13:03:34Z</time>
      </trkpt>
      <trkpt lat="-22.869225265458226" lon="15.386484637856483">
        <ele>782.20000000000005</ele>
        <time>2024-11-26T13:03:49Z</time>
      </trkpt>
      <trkpt lat="-22.869413858279586" lon="15.386557644233108">
        <ele>782.20000000000005</ele>
        <time>2024-11-26T13:04:05Z</time>
      </trkpt>
      <trkpt lat="-22.869599014520645" lon="15.386646073311567">
        <ele>782.39999999999998</ele>
        <time>2024-11-26T13:04:21Z</time>
      </trkpt>
      <trkpt lat="-22.869777381420135" lon="15.386752272024751">
        <ele>782.79999999999995</ele>
        <time>2024-11-26T13:04:36Z</time>
      </trkpt>
      <trkpt lat="-22.86994225345552" lon="15.386875486001372">
        <ele>783</ele>
        <time>2024-11-26T13:04:52Z</time>
      </trkpt>
      <trkpt lat="-22.870099665597081" lon="15.387007333338261">
        <ele>783.39999999999998</ele>
        <time>2024-11-26T13:05:07Z</time>
      </trkpt>
      <trkpt lat="-22.870258837938309" lon="15.387146640568972">
        <ele>783.60000000000002</ele>
        <time>2024-11-26T13:05:23Z</time>
      </trkpt>
      <trkpt lat="-22.870418010279536" lon="15.387288210913539">
        <ele>783.60000000000002</ele>
        <time>2024-11-26T13:05:39Z</time>
      </trkpt>
      <trkpt lat="-22.870574584230781" lon="15.387434894219041">
        <ele>783.79999999999995</ele>
        <time>2024-11-26T13:05:54Z</time>
      </trkpt>
      <trkpt lat="-22.87073333747685" lon="15.387576464563608">
        <ele>784</ele>
        <time>2024-11-26T13:06:10Z</time>
      </trkpt>
      <trkpt lat="-22.870895359665155" lon="15.387718454003334">
        <ele>784</ele>
        <time>2024-11-26T13:06:25Z</time>
      </trkpt>
      <trkpt lat="-22.871059058234096" lon="15.38785851560533">
        <ele>784.60000000000002</ele>
        <time>2024-11-26T13:06:41Z</time>
      </trkpt>
      <trkpt lat="-22.871226361021399" lon="15.387997906655073">
        <ele>785.20000000000005</ele>
        <time>2024-11-26T13:06:57Z</time>
      </trkpt>
      <trkpt lat="-22.871398609131575" lon="15.388133944943547">
        <ele>785.79999999999995</ele>
        <time>2024-11-26T13:07:12Z</time>
      </trkpt>
      <trkpt lat="-22.871573204174638" lon="15.388266546651721">
        <ele>786.20000000000005</ele>
        <time>2024-11-26T13:07:28Z</time>
      </trkpt>
      <trkpt lat="-22.871746458113194" lon="15.388397304341197">
        <ele>786.39999999999998</ele>
        <time>2024-11-26T13:07:43Z</time>
      </trkpt>
      <trkpt lat="-22.871921136975288" lon="15.388528229668736">
        <ele>786.60000000000002</ele>
        <time>2024-11-26T13:07:59Z</time>
      </trkpt>
      <trkpt lat="-22.872102186083794" lon="15.388662340119481">
        <ele>787</ele>
        <time>2024-11-26T13:08:15Z</time>
      </trkpt>
      <trkpt lat="-22.872280720621347" lon="15.388798546046019">
        <ele>787.20000000000005</ele>
        <time>2024-11-26T13:08:30Z</time>
      </trkpt>
      <trkpt lat="-22.872463362291455" lon="15.388933410868049">
        <ele>787.60000000000002</ele>
        <time>2024-11-26T13:08:46Z</time>
      </trkpt>
      <trkpt lat="-22.872647931799293" lon="15.389067269861698">
        <ele>787.79999999999995</ele>
        <time>2024-11-26T13:09:01Z</time>
      </trkpt>
      <trkpt lat="-22.872833339497447" lon="15.389196770265698">
        <ele>788</ele>
        <time>2024-11-26T13:09:17Z</time>
      </trkpt>
      <trkpt lat="-22.873021680861712" lon="15.38932291790843">
        <ele>788.20000000000005</ele>
        <time>2024-11-26T13:09:33Z</time>
      </trkpt>
      <trkpt lat="-22.873209519311786" lon="15.38944847881794">
        <ele>788.60000000000002</ele>
        <time>2024-11-26T13:09:48Z</time>
      </trkpt>
      <trkpt lat="-22.873395513743162" lon="15.389571441337466">
        <ele>789</ele>
        <time>2024-11-26T13:10:04Z</time>
      </trkpt>
      <trkpt lat="-22.873573796823621" lon="15.389696583151817">
        <ele>789.20000000000005</ele>
        <time>2024-11-26T13:10:20Z</time>
      </trkpt>
      <trkpt lat="-22.873746883124113" lon="15.389826167374849">
        <ele>789.39999999999998</ele>
        <time>2024-11-26T13:10:35Z</time>
      </trkpt>
      <trkpt lat="-22.873909240588546" lon="15.389957930892706">
        <ele>789.60000000000002</ele>
        <time>2024-11-26T13:10:51Z</time>
      </trkpt>
      <trkpt lat="-22.874066485092044" lon="15.39008617401123">
        <ele>790</ele>
        <time>2024-11-26T13:11:06Z</time>
      </trkpt>
      <trkpt lat="-22.874225825071335" lon="15.390201508998871">
        <ele>790.20000000000005</ele>
        <time>2024-11-26T13:11:22Z</time>
      </trkpt>
      <trkpt lat="-22.874395810067654" lon="15.390297481790185">
        <ele>790.20000000000005</ele>
        <time>2024-11-26T13:11:38Z</time>
      </trkpt>
      <trkpt lat="-22.874575098976493" lon="15.390378618612885">
        <ele>790.20000000000005</ele>
        <time>2024-11-26T13:11:53Z</time>
      </trkpt>
      <trkpt lat="-22.874763859435916" lon="15.390440309420228">
        <ele>790.20000000000005</ele>
        <time>2024-11-26T13:12:09Z</time>
      </trkpt>
      <trkpt lat="-22.874958990141749" lon="15.390482973307371">
        <ele>790.39999999999998</ele>
        <time>2024-11-26T13:12:25Z</time>
      </trkpt>
      <trkpt lat="-22.875156467780471" lon="15.39051515981555">
        <ele>790.39999999999998</ele>
        <time>2024-11-26T13:12:40Z</time>
      </trkpt>
      <trkpt lat="-22.875351682305336" lon="15.390545753762126">
        <ele>790.79999999999995</ele>
        <time>2024-11-26T13:12:56Z</time>
      </trkpt>
      <trkpt lat="-22.875548070296645" lon="15.390586908906698">
        <ele>791.20000000000005</ele>
        <time>2024-11-26T13:13:12Z</time>
      </trkpt>
      <trkpt lat="-22.875746302306652" lon="15.390640050172806">
        <ele>792.20000000000005</ele>
        <time>2024-11-26T13:13:27Z</time>
      </trkpt>
      <trkpt lat="-22.875939253717661" lon="15.390697466209531">
        <ele>792.60000000000002</ele>
        <time>2024-11-26T13:13:43Z</time>
      </trkpt>
      <trkpt lat="-22.876133294776082" lon="15.390759659931064">
        <ele>792.79999999999995</ele>
        <time>2024-11-26T13:13:58Z</time>
      </trkpt>
      <trkpt lat="-22.876327922567725" lon="15.390827972441912">
        <ele>793</ele>
        <time>2024-11-26T13:14:14Z</time>
      </trkpt>
      <trkpt lat="-22.876525735482574" lon="15.390901984646916">
        <ele>793.20000000000005</ele>
        <time>2024-11-26T13:14:30Z</time>
      </trkpt>
      <trkpt lat="-22.876726482063532" lon="15.390983540564775">
        <ele>793</ele>
        <time>2024-11-26T13:14:45Z</time>
      </trkpt>
      <trkpt lat="-22.876922534778714" lon="15.391068113967776">
        <ele>792.79999999999995</ele>
        <time>2024-11-26T13:15:01Z</time>
      </trkpt>
      <trkpt lat="-22.877118838950992" lon="15.391156123951077">
        <ele>792.79999999999995</ele>
        <time>2024-11-26T13:15:17Z</time>
      </trkpt>
      <trkpt lat="-22.877314975485206" lon="15.391244050115347">
        <ele>792.79999999999995</ele>
        <time>2024-11-26T13:15:32Z</time>
      </trkpt>
      <trkpt lat="-22.877511782571673" lon="15.391336753964424">
        <ele>792.79999999999995</ele>
        <time>2024-11-26T13:15:48Z</time>
      </trkpt>
      <trkpt lat="-22.877707416191697" lon="15.391428284347057">
        <ele>792.79999999999995</ele>
        <time>2024-11-26T13:16:04Z</time>
      </trkpt>
      <trkpt lat="-22.877906402572989" lon="15.391522329300642">
        <ele>793</ele>
        <time>2024-11-26T13:16:19Z</time>
      </trkpt>
      <trkpt lat="-22.878103461116552" lon="15.391615871340036">
        <ele>793.60000000000002</ele>
        <time>2024-11-26T13:16:35Z</time>
      </trkpt>
      <trkpt lat="-22.878294568508863" lon="15.391709748655558">
        <ele>794</ele>
        <time>2024-11-26T13:16:51Z</time>
      </trkpt>
      <trkpt lat="-22.878484250977635" lon="15.391805050894618">
        <ele>794.60000000000002</ele>
        <time>2024-11-26T13:17:06Z</time>
      </trkpt>
      <trkpt lat="-22.878672676160932" lon="15.391903538256884">
        <ele>794.60000000000002</ele>
        <time>2024-11-26T13:17:22Z</time>
      </trkpt>
      <trkpt lat="-22.878852803260088" lon="15.39200009778142">
        <ele>794.60000000000002</ele>
        <time>2024-11-26T13:17:38Z</time>
      </trkpt>
      <trkpt lat="-22.879030331969261" lon="15.392093975096941">
        <ele>794.79999999999995</ele>
        <time>2024-11-26T13:17:53Z</time>
      </trkpt>
      <trkpt lat="-22.879204256460071" lon="15.392184751108289">
        <ele>794.60000000000002</ele>
        <time>2024-11-26T13:18:09Z</time>
      </trkpt>
      <trkpt lat="-22.879378264769912" lon="15.392262367531657">
        <ele>794.60000000000002</ele>
        <time>2024-11-26T13:18:25Z</time>
      </trkpt>
      <trkpt lat="-22.879559062421322" lon="15.392326824367046">
        <ele>794.39999999999998</ele>
        <time>2024-11-26T13:18:40Z</time>
      </trkpt>
      <trkpt lat="-22.879742290824652" lon="15.392373176291585">
        <ele>794.39999999999998</ele>
        <time>2024-11-26T13:18:56Z</time>
      </trkpt>
      <trkpt lat="-22.879925519227982" lon="15.392397986724973">
        <ele>794.39999999999998</ele>
        <time>2024-11-26T13:19:12Z</time>
      </trkpt>
      <trkpt lat="-22.880108077079058" lon="15.392398573458195">
        <ele>794</ele>
        <time>2024-11-26T13:19:27Z</time>
      </trkpt>
      <trkpt lat="-22.88029189221561" lon="15.392380887642503">
        <ele>794</ele>
        <time>2024-11-26T13:19:43Z</time>
      </trkpt>
      <trkpt lat="-22.880474114790559" lon="15.392342079430819">
        <ele>794</ele>
        <time>2024-11-26T13:19:59Z</time>
      </trkpt>
      <trkpt lat="-22.88065742701292" lon="15.392295643687248">
        <ele>794</ele>
        <time>2024-11-26T13:20:14Z</time>
      </trkpt>
      <trkpt lat="-22.88084551692009" lon="15.392242753878236">
        <ele>794</ele>
        <time>2024-11-26T13:20:30Z</time>
      </trkpt>
      <trkpt lat="-22.881033020094037" lon="15.392188103869557">
        <ele>793.79999999999995</ele>
        <time>2024-11-26T13:20:46Z</time>
      </trkpt>
      <trkpt lat="-22.881216080859303" lon="15.392140410840511">
        <ele>793.79999999999995</ele>
        <time>2024-11-26T13:21:01Z</time>
      </trkpt>
      <trkpt lat="-22.881397381424904" lon="15.392094980925322">
        <ele>793.79999999999995</ele>
        <time>2024-11-26T13:21:17Z</time>
      </trkpt>
      <trkpt lat="-22.881577340885997" lon="15.392050305381417">
        <ele>793.79999999999995</ele>
        <time>2024-11-26T13:21:33Z</time>
      </trkpt>
      <trkpt lat="-22.881941115483642" lon="15.391989285126328">
        <ele>793.20000000000005</ele>
        <time>2024-11-26T13:21:48Z</time>
      </trkpt>
      <trkpt lat="-22.882114285603166" lon="15.391967575997114">
        <ele>793.20000000000005</ele>
        <time>2024-11-26T13:22:04Z</time>
      </trkpt>
      <trkpt lat="-22.882281923666596" lon="15.39195517078042">
        <ele>793.20000000000005</ele>
        <time>2024-11-26T13:22:20Z</time>
      </trkpt>
      <trkpt lat="-22.882450651377439" lon="15.391945447772741">
        <ele>793.39999999999998</ele>
        <time>2024-11-26T13:22:36Z</time>
      </trkpt>
      <trkpt lat="-22.882627341896296" lon="15.391940418630838">
        <ele>793.79999999999995</ele>
        <time>2024-11-26T13:22:51Z</time>
      </trkpt>
      <trkpt lat="-22.882810235023499" lon="15.39193706586957">
        <ele>794</ele>
        <time>2024-11-26T13:23:07Z</time>
      </trkpt>
      <trkpt lat="-22.883170070126653" lon="15.391938406974077">
        <ele>795</ele>
        <time>2024-11-26T13:23:23Z</time>
      </trkpt>
      <trkpt lat="-22.8833575733006" lon="15.391942681744695">
        <ele>795.20000000000005</ele>
        <time>2024-11-26T13:23:38Z</time>
      </trkpt>
      <trkpt lat="-22.883933410048485" lon="15.391976209357381">
        <ele>795.60000000000002</ele>
        <time>2024-11-26T13:23:54Z</time>
      </trkpt>
      <trkpt lat="-22.884512012824416" lon="15.392029015347362">
        <ele>796</ele>
        <time>2024-11-26T13:24:10Z</time>
      </trkpt>
      <trkpt lat="-22.884707562625408" lon="15.392045276239514">
        <ele>796.20000000000005</ele>
        <time>2024-11-26T13:24:25Z</time>
      </trkpt>
      <trkpt lat="-22.885280633345246" lon="15.392081905156374">
        <ele>796.39999999999998</ele>
        <time>2024-11-26T13:24:41Z</time>
      </trkpt>
      <trkpt lat="-22.885468890890479" lon="15.392089616507292">
        <ele>796.79999999999995</ele>
        <time>2024-11-26T13:24:57Z</time>
      </trkpt>
      <trkpt lat="-22.885646503418684" lon="15.392090789973736">
        <ele>796.79999999999995</ele>
        <time>2024-11-26T13:25:13Z</time>
      </trkpt>
      <trkpt lat="-22.885816656053066" lon="15.392096489667892">
        <ele>797</ele>
        <time>2024-11-26T13:25:28Z</time>
      </trkpt>
      <trkpt lat="-22.885975325480103" lon="15.392102357000113">
        <ele>797</ele>
        <time>2024-11-26T13:25:44Z</time>
      </trkpt>
      <trkpt lat="-22.886116644367576" lon="15.392108056694269">
        <ele>797.20000000000005</ele>
        <time>2024-11-26T13:26:00Z</time>
      </trkpt>
      <trkpt lat="-22.886245306581259" lon="15.392115516588092">
        <ele>797.20000000000005</ele>
        <time>2024-11-26T13:26:15Z</time>
      </trkpt>
      <trkpt lat="-22.88635971955955" lon="15.392124569043517">
        <ele>797</ele>
        <time>2024-11-26T13:26:31Z</time>
      </trkpt>
      <trkpt lat="-22.886458123102784" lon="15.39212909527123">
        <ele>796.79999999999995</ele>
        <time>2024-11-26T13:26:47Z</time>
      </trkpt>
      <trkpt lat="-22.886547055095434" lon="15.392119958996773">
        <ele>796.39999999999998</ele>
        <time>2024-11-26T13:27:03Z</time>
      </trkpt>
      <trkpt lat="-22.886608662083745" lon="15.392088526859879">
        <ele>796.20000000000005</ele>
        <time>2024-11-26T13:27:18Z</time>
      </trkpt>
      <trkpt lat="-22.886646213009953" lon="15.392033038660884">
        <ele>796</ele>
        <time>2024-11-26T13:27:34Z</time>
      </trkpt>
      <trkpt lat="-22.886664401739836" lon="15.391958020627499">
        <ele>796</ele>
        <time>2024-11-26T13:27:50Z</time>
      </trkpt>
      <trkpt lat="-22.886677058413625" lon="15.391865819692612">
        <ele>796.20000000000005</ele>
        <time>2024-11-26T13:28:05Z</time>
      </trkpt>
      <trkpt lat="-22.886714693158865" lon="15.391639759764075">
        <ele>796.79999999999995</ele>
        <time>2024-11-26T13:28:21Z</time>
      </trkpt>
      <trkpt lat="-22.886738162487745" lon="15.391508331522346">
        <ele>797.39999999999998</ele>
        <time>2024-11-26T13:28:37Z</time>
      </trkpt>
      <trkpt lat="-22.886825921013951" lon="15.391063084825873">
        <ele>797.60000000000002</ele>
        <time>2024-11-26T13:28:53Z</time>
      </trkpt>
      <trkpt lat="-22.886956511065364" lon="15.390365375205874">
        <ele>797.79999999999995</ele>
        <time>2024-11-26T13:29:08Z</time>
      </trkpt>
      <trkpt lat="-22.887009652331471" lon="15.390029009431601">
        <ele>797.20000000000005</ele>
        <time>2024-11-26T13:29:24Z</time>
      </trkpt>
      <trkpt lat="-22.887026416137815" lon="15.389862796291709">
        <ele>797</ele>
        <time>2024-11-26T13:29:40Z</time>
      </trkpt>
      <trkpt lat="-22.887039240449667" lon="15.389697840437293">
        <ele>796.79999999999995</ele>
        <time>2024-11-26T13:29:56Z</time>
      </trkpt>
      <trkpt lat="-22.887048879638314" lon="15.38953841663897">
        <ele>796.79999999999995</ele>
        <time>2024-11-26T13:30:11Z</time>
      </trkpt>
      <trkpt lat="-22.887061787769198" lon="15.389374801889062">
        <ele>796.79999999999995</ele>
        <time>2024-11-26T13:30:27Z</time>
      </trkpt>
      <trkpt lat="-22.887148037552834" lon="15.38887775503099">
        <ele>797</ele>
        <time>2024-11-26T13:30:43Z</time>
      </trkpt>
      <trkpt lat="-22.887311987578869" lon="15.388168478384614">
        <ele>796.79999999999995</ele>
        <time>2024-11-26T13:30:58Z</time>
      </trkpt>
      <trkpt lat="-22.887356579303741" lon="15.387980304658413">
        <ele>796.79999999999995</ele>
        <time>2024-11-26T13:31:14Z</time>
      </trkpt>
      <trkpt lat="-22.887490270659328" lon="15.387405306100845">
        <ele>797</ele>
        <time>2024-11-26T13:31:30Z</time>
      </trkpt>
      <trkpt lat="-22.887598900124431" lon="15.386993419378996">
        <ele>797</ele>
        <time>2024-11-26T13:31:46Z</time>
      </trkpt>
      <trkpt lat="-22.887802496552467" lon="15.386334015056491">
        <ele>797.20000000000005</ele>
        <time>2024-11-26T13:32:01Z</time>
      </trkpt>
      <trkpt lat="-22.887882543727756" lon="15.386108877137303">
        <ele>797.20000000000005</ele>
        <time>2024-11-26T13:32:17Z</time>
      </trkpt>
      <trkpt lat="-22.888105669990182" lon="15.385446958243847">
        <ele>797.20000000000005</ele>
        <time>2024-11-26T13:32:33Z</time>
      </trkpt>
      <trkpt lat="-22.88817054592073" lon="15.385234979912639">
        <ele>797</ele>
        <time>2024-11-26T13:32:49Z</time>
      </trkpt>
      <trkpt lat="-22.888230895623565" lon="15.385032976046205">
        <ele>796.79999999999995</ele>
        <time>2024-11-26T13:33:05Z</time>
      </trkpt>
      <trkpt lat="-22.888288227841258" lon="15.384844299405813">
        <ele>796.79999999999995</ele>
        <time>2024-11-26T13:33:20Z</time>
      </trkpt>
      <trkpt lat="-22.888351008296013" lon="15.384666519239545">
        <ele>796</ele>
        <time>2024-11-26T13:33:36Z</time>
      </trkpt>
      <trkpt lat="-22.888418398797512" lon="15.384497959166765">
        <ele>795.60000000000002</ele>
        <time>2024-11-26T13:33:52Z</time>
      </trkpt>
      <trkpt lat="-22.888495596125722" lon="15.384336272254586">
        <ele>795.20000000000005</ele>
        <time>2024-11-26T13:34:08Z</time>
      </trkpt>
      <trkpt lat="-22.888585198670626" lon="15.384179698303342">
        <ele>794.79999999999995</ele>
        <time>2024-11-26T13:34:23Z</time>
      </trkpt>
      <trkpt lat="-22.888682261109352" lon="15.38402421399951">
        <ele>794.79999999999995</ele>
        <time>2024-11-26T13:34:39Z</time>
      </trkpt>
      <trkpt lat="-22.888995241373777" lon="15.383528340607882">
        <ele>794.60000000000002</ele>
        <time>2024-11-26T13:34:55Z</time>
      </trkpt>
      <trkpt lat="-22.889213338494301" lon="15.383170181885362">
        <ele>794.20000000000005</ele>
        <time>2024-11-26T13:35:11Z</time>
      </trkpt>
      <trkpt lat="-22.889447528868914" lon="15.382810179144144">
        <ele>793.79999999999995</ele>
        <time>2024-11-26T13:35:26Z</time>
      </trkpt>
      <trkpt lat="-22.889810130000114" lon="15.382268875837326">
        <ele>793.39999999999998</ele>
        <time>2024-11-26T13:35:42Z</time>
      </trkpt>
      <trkpt lat="-22.889929488301277" lon="15.382082043215632">
        <ele>793.39999999999998</ele>
        <time>2024-11-26T13:35:58Z</time>
      </trkpt>
      <trkpt lat="-22.890282282605767" lon="15.3815155941993">
        <ele>792.79999999999995</ele>
        <time>2024-11-26T13:36:14Z</time>
      </trkpt>
      <trkpt lat="-22.890650918707252" lon="15.380943277850747">
        <ele>791.39999999999998</ele>
        <time>2024-11-26T13:36:30Z</time>
      </trkpt>
      <trkpt lat="-22.890893155708909" lon="15.380559219047427">
        <ele>791</ele>
        <time>2024-11-26T13:36:45Z</time>
      </trkpt>
      <trkpt lat="-22.891130531206727" lon="15.380171975120902">
        <ele>790.39999999999998</ele>
        <time>2024-11-26T13:37:01Z</time>
      </trkpt>
      <trkpt lat="-22.891492126509547" lon="15.379593204706907">
        <ele>789.79999999999995</ele>
        <time>2024-11-26T13:37:17Z</time>
      </trkpt>
      <trkpt lat="-22.891741404309869" lon="15.379207134246826">
        <ele>789.39999999999998</ele>
        <time>2024-11-26T13:37:33Z</time>
      </trkpt>
      <trkpt lat="-22.891994286328554" lon="15.378815867006779">
        <ele>788.79999999999995</ele>
        <time>2024-11-26T13:37:49Z</time>
      </trkpt>
      <trkpt lat="-22.892239205539227" lon="15.378420408815145">
        <ele>788.20000000000005</ele>
        <time>2024-11-26T13:38:04Z</time>
      </trkpt>
      <trkpt lat="-22.892601974308491" lon="15.377820935100317">
        <ele>787.39999999999998</ele>
        <time>2024-11-26T13:38:20Z</time>
      </trkpt>
      <trkpt lat="-22.892716890200973" lon="15.377624882385135">
        <ele>787.20000000000005</ele>
        <time>2024-11-26T13:38:36Z</time>
      </trkpt>
      <trkpt lat="-22.892831722274423" lon="15.377427823841572">
        <ele>786.79999999999995</ele>
        <time>2024-11-26T13:38:52Z</time>
      </trkpt>
      <trkpt lat="-22.893176805227995" lon="15.37683161906898">
        <ele>786.20000000000005</ele>
        <time>2024-11-26T13:39:08Z</time>
      </trkpt>
      <trkpt lat="-22.893287027254701" lon="15.376628190279007">
        <ele>786</ele>
        <time>2024-11-26T13:39:24Z</time>
      </trkpt>
      <trkpt lat="-22.893510404974222" lon="15.376228708773851">
        <ele>785.60000000000002</ele>
        <time>2024-11-26T13:39:39Z</time>
      </trkpt>
      <trkpt lat="-22.893619202077389" lon="15.376037433743477">
        <ele>785.39999999999998</ele>
        <time>2024-11-26T13:39:55Z</time>
      </trkpt>
      <trkpt lat="-22.893725400790572" lon="15.375846577808261">
        <ele>785.20000000000005</ele>
        <time>2024-11-26T13:40:11Z</time>
      </trkpt>
      <trkpt lat="-22.893830509856343" lon="15.375657230615616">
        <ele>784.60000000000002</ele>
        <time>2024-11-26T13:40:27Z</time>
      </trkpt>
      <trkpt lat="-22.893933691084385" lon="15.375470062717795">
        <ele>784.20000000000005</ele>
        <time>2024-11-26T13:40:43Z</time>
      </trkpt>
      <trkpt lat="-22.894049109891057" lon="15.375291528180242">
        <ele>784</ele>
        <time>2024-11-26T13:40:59Z</time>
      </trkpt>
      <trkpt lat="-22.894176850095391" lon="15.37512774579227">
        <ele>783.79999999999995</ele>
        <time>2024-11-26T13:41:14Z</time>
      </trkpt>
      <trkpt lat="-22.894314397126436" lon="15.374972177669406">
        <ele>783.39999999999998</ele>
        <time>2024-11-26T13:41:30Z</time>
      </trkpt>
      <trkpt lat="-22.89445772767067" lon="15.374821722507477">
        <ele>783.39999999999998</ele>
        <time>2024-11-26T13:41:46Z</time>
      </trkpt>
      <trkpt lat="-22.894905991852283" lon="15.374385276809335">
        <ele>782.60000000000002</ele>
        <time>2024-11-26T13:42:02Z</time>
      </trkpt>
      <trkpt lat="-22.8950553573668" lon="15.37423113361001">
        <ele>782.20000000000005</ele>
        <time>2024-11-26T13:42:18Z</time>
      </trkpt>
      <trkpt lat="-22.895205058157444" lon="15.374074978753924">
        <ele>782.20000000000005</ele>
        <time>2024-11-26T13:42:34Z</time>
      </trkpt>
      <trkpt lat="-22.895644269883633" lon="15.373593522235751">
        <ele>781.60000000000002</ele>
        <time>2024-11-26T13:42:49Z</time>
      </trkpt>
      <trkpt lat="-22.896065879613161" lon="15.373087925836444">
        <ele>781.39999999999998</ele>
        <time>2024-11-26T13:43:05Z</time>
      </trkpt>
      <trkpt lat="-22.896195212379098" lon="15.372918862849474">
        <ele>781.20000000000005</ele>
        <time>2024-11-26T13:43:21Z</time>
      </trkpt>
      <trkpt lat="-22.896321443840861" lon="15.372750386595726">
        <ele>781.20000000000005</ele>
        <time>2024-11-26T13:43:37Z</time>
      </trkpt>
      <trkpt lat="-22.896448345854878" lon="15.3725824970752">
        <ele>781</ele>
        <time>2024-11-26T13:43:53Z</time>
      </trkpt>
      <trkpt lat="-22.896576086059213" lon="15.372414523735642">
        <ele>780.20000000000005</ele>
        <time>2024-11-26T13:44:09Z</time>
      </trkpt>
      <trkpt lat="-22.896704580634832" lon="15.372249567881227">
        <ele>780</ele>
        <time>2024-11-26T13:44:25Z</time>
      </trkpt>
      <trkpt lat="-22.896844726055861" lon="15.372097436338663">
        <ele>780</ele>
        <time>2024-11-26T13:44:41Z</time>
      </trkpt>
      <trkpt lat="-22.897123759612441" lon="15.371801303699613">
        <ele>779.79999999999995</ele>
        <time>2024-11-26T13:44:56Z</time>
      </trkpt>
      <trkpt lat="-22.89725954644382" lon="15.371655039489269">
        <ele>779.60000000000002</ele>
        <time>2024-11-26T13:45:12Z</time>
      </trkpt>
      <trkpt lat="-22.897386532276869" lon="15.371507601812482">
        <ele>779.20000000000005</ele>
        <time>2024-11-26T13:45:28Z</time>
      </trkpt>
      <trkpt lat="-22.897497843950987" lon="15.371352201327682">
        <ele>779</ele>
        <time>2024-11-26T13:45:44Z</time>
      </trkpt>
      <trkpt lat="-22.897597923874855" lon="15.371189173310995">
        <ele>778.60000000000002</ele>
        <time>2024-11-26T13:46:00Z</time>
      </trkpt>
      <trkpt lat="-22.897680653259158" lon="15.371016003191471">
        <ele>778.39999999999998</ele>
        <time>2024-11-26T13:46:16Z</time>
      </trkpt>
      <trkpt lat="-22.897748798131943" lon="15.370835792273283">
        <ele>778.20000000000005</ele>
        <time>2024-11-26T13:46:32Z</time>
      </trkpt>
      <trkpt lat="-22.897826246917248" lon="15.370656168088317">
        <ele>777.79999999999995</ele>
        <time>2024-11-26T13:46:47Z</time>
      </trkpt>
      <trkpt lat="-22.898123217746615" lon="15.370126850903034">
        <ele>777.39999999999998</ele>
        <time>2024-11-26T13:47:03Z</time>
      </trkpt>
      <trkpt lat="-22.898441646248102" lon="15.369588481262326">
        <ele>777.20000000000005</ele>
        <time>2024-11-26T13:47:19Z</time>
      </trkpt>
      <trkpt lat="-22.898534601554275" lon="15.369414137676358">
        <ele>777</ele>
        <time>2024-11-26T13:47:35Z</time>
      </trkpt>
      <trkpt lat="-22.898615151643753" lon="15.369234010577202">
        <ele>776.60000000000002</ele>
        <time>2024-11-26T13:47:51Z</time>
      </trkpt>
      <trkpt lat="-22.89868195541203" lon="15.369047513231635">
        <ele>776.60000000000002</ele>
        <time>2024-11-26T13:48:07Z</time>
      </trkpt>
      <trkpt lat="-22.89873274974525" lon="15.368858333677053">
        <ele>776.39999999999998</ele>
        <time>2024-11-26T13:48:23Z</time>
      </trkpt>
      <trkpt lat="-22.89877382107079" lon="15.368666723370552">
        <ele>775.20000000000005</ele>
        <time>2024-11-26T13:48:39Z</time>
      </trkpt>
      <trkpt lat="-22.898806091398001" lon="15.368470083922148">
        <ele>774.79999999999995</ele>
        <time>2024-11-26T13:48:55Z</time>
      </trkpt>
      <trkpt lat="-22.898866022005677" lon="15.367865497246385">
        <ele>774.39999999999998</ele>
        <time>2024-11-26T13:49:10Z</time>
      </trkpt>
      <trkpt lat="-22.898882869631052" lon="15.367248170077801">
        <ele>774.20000000000005</ele>
        <time>2024-11-26T13:49:26Z</time>
      </trkpt>
      <trkpt lat="-22.89891455322504" lon="15.366844497621059">
        <ele>773.60000000000002</ele>
        <time>2024-11-26T13:49:42Z</time>
      </trkpt>
      <trkpt lat="-22.898948835209012" lon="15.366651881486177">
        <ele>773.39999999999998</ele>
        <time>2024-11-26T13:49:58Z</time>
      </trkpt>
      <trkpt lat="-22.898989655077457" lon="15.366462282836437">
        <ele>773</ele>
        <time>2024-11-26T13:50:14Z</time>
      </trkpt>
      <trkpt lat="-22.899040449410677" lon="15.366279892623425">
        <ele>772.79999999999995</ele>
        <time>2024-11-26T13:50:30Z</time>
      </trkpt>
      <trkpt lat="-22.899106414988637" lon="15.3660998493433">
        <ele>772.60000000000002</ele>
        <time>2024-11-26T13:50:46Z</time>
      </trkpt>
      <trkpt lat="-22.899182690307498" lon="15.365932798013091">
        <ele>772.20000000000005</ele>
        <time>2024-11-26T13:51:02Z</time>
      </trkpt>
      <trkpt lat="-22.899277657270432" lon="15.365775721147656">
        <ele>771.79999999999995</ele>
        <time>2024-11-26T13:51:18Z</time>
      </trkpt>
      <trkpt lat="-22.899372791871428" lon="15.365625768899918">
        <ele>771.60000000000002</ele>
        <time>2024-11-26T13:51:34Z</time>
      </trkpt>
      <trkpt lat="-22.899454683065414" lon="15.365471206605434">
        <ele>771.20000000000005</ele>
        <time>2024-11-26T13:51:50Z</time>
      </trkpt>
      <trkpt lat="-22.899522073566914" lon="15.365310693159699">
        <ele>770.60000000000002</ele>
        <time>2024-11-26T13:52:05Z</time>
      </trkpt>
      <trkpt lat="-22.899572951719165" lon="15.365138361230493">
        <ele>770.20000000000005</ele>
        <time>2024-11-26T13:52:21Z</time>
      </trkpt>
      <trkpt lat="-22.899604300037026" lon="15.364963598549366">
        <ele>770</ele>
        <time>2024-11-26T13:52:37Z</time>
      </trkpt>
      <trkpt lat="-22.899649646133184" lon="15.36459437571466">
        <ele>769.60000000000002</ele>
        <time>2024-11-26T13:52:53Z</time>
      </trkpt>
      <trkpt lat="-22.899704463779926" lon="15.363856265321374">
        <ele>768.79999999999995</ele>
        <time>2024-11-26T13:53:09Z</time>
      </trkpt>
      <trkpt lat="-22.899721981957555" lon="15.363676892593503">
        <ele>768.60000000000002</ele>
        <time>2024-11-26T13:53:25Z</time>
      </trkpt>
      <trkpt lat="-22.899760035797954" lon="15.363503135740757">
        <ele>768.20000000000005</ele>
        <time>2024-11-26T13:53:41Z</time>
      </trkpt>
      <trkpt lat="-22.899813512340188" lon="15.363335916772485">
        <ele>768</ele>
        <time>2024-11-26T13:53:57Z</time>
      </trkpt>
      <trkpt lat="-22.899878807365894" lon="15.363168278709054">
        <ele>767.79999999999995</ele>
        <time>2024-11-26T13:54:13Z</time>
      </trkpt>
      <trkpt lat="-22.89994896389544" lon="15.363000389188528">
        <ele>767.39999999999998</ele>
        <time>2024-11-26T13:54:29Z</time>
      </trkpt>
      <trkpt lat="-22.90022648870945" lon="15.362319862470031">
        <ele>766.60000000000002</ele>
        <time>2024-11-26T13:54:45Z</time>
      </trkpt>
      <trkpt lat="-22.900301339104772" lon="15.362152056768537">
        <ele>766.39999999999998</ele>
        <time>2024-11-26T13:55:01Z</time>
      </trkpt>
      <trkpt lat="-22.900539133697748" lon="15.361635982990265">
        <ele>765.79999999999995</ele>
        <time>2024-11-26T13:55:17Z</time>
      </trkpt>
      <trkpt lat="-22.90069461800158" lon="15.361290900036693">
        <ele>765.20000000000005</ele>
        <time>2024-11-26T13:55:32Z</time>
      </trkpt>
      <trkpt lat="-22.90076301433146" lon="15.3611178137362">
        <ele>764.79999999999995</ele>
        <time>2024-11-26T13:55:48Z</time>
      </trkpt>
      <trkpt lat="-22.900834679603577" lon="15.360949924215674">
        <ele>764.39999999999998</ele>
        <time>2024-11-26T13:56:04Z</time>
      </trkpt>
      <trkpt lat="-22.900913050398231" lon="15.36078505218029">
        <ele>764.20000000000005</ele>
        <time>2024-11-26T13:56:20Z</time>
      </trkpt>
      <trkpt lat="-22.90099167264998" lon="15.360620347782969">
        <ele>764</ele>
        <time>2024-11-26T13:56:36Z</time>
      </trkpt>
      <trkpt lat="-22.901172554120421" lon="15.360113913193345">
        <ele>763.60000000000002</ele>
        <time>2024-11-26T13:56:52Z</time>
      </trkpt>
      <trkpt lat="-22.901217648759484" lon="15.359946694225073">
        <ele>763</ele>
        <time>2024-11-26T13:57:08Z</time>
      </trkpt>
      <trkpt lat="-22.901264503598213" lon="15.359782073646784">
        <ele>762.60000000000002</ele>
        <time>2024-11-26T13:57:24Z</time>
      </trkpt>
      <trkpt lat="-22.901316806674004" lon="15.359625332057476">
        <ele>762.60000000000002</ele>
        <time>2024-11-26T13:57:40Z</time>
      </trkpt>
      <trkpt lat="-22.901381431147456" lon="15.359473116695881">
        <ele>762.20000000000005</ele>
        <time>2024-11-26T13:57:56Z</time>
      </trkpt>
      <trkpt lat="-22.901457706466317" lon="15.359325846657157">
        <ele>761.60000000000002</ele>
        <time>2024-11-26T13:58:12Z</time>
      </trkpt>
      <trkpt lat="-22.901548147201538" lon="15.359187126159668">
        <ele>761.39999999999998</ele>
        <time>2024-11-26T13:58:28Z</time>
      </trkpt>
      <trkpt lat="-22.90173439309001" lon="15.35892041400075">
        <ele>761</ele>
        <time>2024-11-26T13:58:44Z</time>
      </trkpt>
      <trkpt lat="-22.901884177699685" lon="15.358623946085572">
        <ele>760.60000000000002</ele>
        <time>2024-11-26T13:59:00Z</time>
      </trkpt>
      <trkpt lat="-22.902014935389161" lon="15.358321107923985">
        <ele>760</ele>
        <time>2024-11-26T13:59:16Z</time>
      </trkpt>
      <trkpt lat="-22.902074949815869" lon="15.358179705217481">
        <ele>759.60000000000002</ele>
        <time>2024-11-26T13:59:32Z</time>
      </trkpt>
      <trkpt lat="-22.902127671986818" lon="15.358041655272245">
        <ele>759.20000000000005</ele>
        <time>2024-11-26T13:59:48Z</time>
      </trkpt>
      <trkpt lat="-22.902169078588486" lon="15.357903353869915">
        <ele>759</ele>
        <time>2024-11-26T14:00:04Z</time>
      </trkpt>
      <trkpt lat="-22.902206797152758" lon="15.357767399400473">
        <ele>758.20000000000005</ele>
        <time>2024-11-26T14:00:20Z</time>
      </trkpt>
      <trkpt lat="-22.90224451571703" lon="15.35763924010098">
        <ele>758</ele>
        <time>2024-11-26T14:00:36Z</time>
      </trkpt>
      <trkpt lat="-22.902287766337395" lon="15.357523402199149">
        <ele>758</ele>
        <time>2024-11-26T14:00:52Z</time>
      </trkpt>
      <trkpt lat="-22.902342081069946" lon="15.357424998655915">
        <ele>757.79999999999995</ele>
        <time>2024-11-26T14:01:08Z</time>
      </trkpt>
      <trkpt lat="-22.902405699715018" lon="15.35735241137445">
        <ele>757.20000000000005</ele>
        <time>2024-11-26T14:01:23Z</time>
      </trkpt>
      <trkpt lat="-22.902480885386467" lon="15.357305388897657">
        <ele>757.20000000000005</ele>
        <time>2024-11-26T14:01:39Z</time>
      </trkpt>
      <trkpt lat="-22.902565039694309" lon="15.357274292036891">
        <ele>757</ele>
        <time>2024-11-26T14:01:55Z</time>
      </trkpt>
      <trkpt lat="-22.902657072991133" lon="15.35724394954741">
        <ele>757</ele>
        <time>2024-11-26T14:02:11Z</time>
      </trkpt>
      <trkpt lat="-22.902754303067923" lon="15.357217295095325">
        <ele>757</ele>
        <time>2024-11-26T14:02:27Z</time>
      </trkpt>
      <trkpt lat="-22.902854885905981" lon="15.357175720855594">
        <ele>756.79999999999995</ele>
        <time>2024-11-26T14:02:43Z</time>
      </trkpt>
      <trkpt lat="-22.902957983314991" lon="15.357124339789152">
        <ele>756.79999999999995</ele>
        <time>2024-11-26T14:02:59Z</time>
      </trkpt>
      <trkpt lat="-22.903428208082914" lon="15.356864416971803">
        <ele>756.60000000000002</ele>
        <time>2024-11-26T14:03:15Z</time>
      </trkpt>
      <trkpt lat="-22.903906311839819" lon="15.356607427820563">
        <ele>756.20000000000005</ele>
        <time>2024-11-26T14:03:31Z</time>
      </trkpt>
      <trkpt lat="-22.90400798432529" lon="15.356531487777829">
        <ele>756</ele>
        <time>2024-11-26T14:03:47Z</time>
      </trkpt>
      <trkpt lat="-22.904103202745318" lon="15.356459487229586">
        <ele>755.39999999999998</ele>
        <time>2024-11-26T14:04:03Z</time>
      </trkpt>
      <trkpt lat="-22.904190709814429" lon="15.356392851099372">
        <ele>755</ele>
        <time>2024-11-26T14:04:19Z</time>
      </trkpt>
      <trkpt lat="-22.904266566038132" lon="15.356337446719408">
        <ele>755</ele>
        <time>2024-11-26T14:04:35Z</time>
      </trkpt>
      <trkpt lat="-22.904334124177694" lon="15.356291430070996">
        <ele>754.60000000000002</ele>
        <time>2024-11-26T14:04:51Z</time>
      </trkpt>
      <trkpt lat="-22.904394222423434" lon="15.356248850002885">
        <ele>754</ele>
        <time>2024-11-26T14:05:07Z</time>
      </trkpt>
      <trkpt lat="-22.904450129717588" lon="15.356211299076676">
        <ele>753.60000000000002</ele>
        <time>2024-11-26T14:05:23Z</time>
      </trkpt>
      <trkpt lat="-22.904508551582694" lon="15.356181291863322">
        <ele>753.39999999999998</ele>
        <time>2024-11-26T14:05:39Z</time>
      </trkpt>
      <trkpt lat="-22.904568566009402" lon="15.356146842241287">
        <ele>753.39999999999998</ele>
        <time>2024-11-26T14:05:55Z</time>
      </trkpt>
      <trkpt lat="-22.9046222101897" lon="15.356099233031273">
        <ele>753.39999999999998</ele>
        <time>2024-11-26T14:06:11Z</time>
      </trkpt>
      <trkpt lat="-22.904713489115238" lon="15.355973253026605">
        <ele>753.60000000000002</ele>
        <time>2024-11-26T14:06:27Z</time>
      </trkpt>
      <trkpt lat="-22.904757829383016" lon="15.355895217508078">
        <ele>754</ele>
        <time>2024-11-26T14:06:43Z</time>
      </trkpt>
      <trkpt lat="-22.904865201562643" lon="15.355625320225954">
        <ele>754.20000000000005</ele>
        <time>2024-11-26T14:06:59Z</time>
      </trkpt>
      <trkpt lat="-22.904946422204375" lon="15.35545801743865">
        <ele>754.20000000000005</ele>
        <time>2024-11-26T14:07:15Z</time>
      </trkpt>
      <trkpt lat="-22.905005095526576" lon="15.355393392965198">
        <ele>754.20000000000005</ele>
        <time>2024-11-26T14:07:31Z</time>
      </trkpt>
      <trkpt lat="-22.905073156580329" lon="15.355338491499424">
        <ele>754</ele>
        <time>2024-11-26T14:07:47Z</time>
      </trkpt>
      <trkpt lat="-22.905146246775985" lon="15.355291217565536">
        <ele>754</ele>
        <time>2024-11-26T14:08:03Z</time>
      </trkpt>
      <trkpt lat="-22.905222270637751" lon="15.355241093784571">
        <ele>753.79999999999995</ele>
        <time>2024-11-26T14:08:19Z</time>
      </trkpt>
      <trkpt lat="-22.905294606462121" lon="15.355173535645008">
        <ele>753.20000000000005</ele>
        <time>2024-11-26T14:08:35Z</time>
      </trkpt>
      <trkpt lat="-22.905348921194673" lon="15.355094829574227">
        <ele>753.20000000000005</ele>
        <time>2024-11-26T14:08:51Z</time>
      </trkpt>
      <trkpt lat="-22.905385214835405" lon="15.355001874268055">
        <ele>753.20000000000005</ele>
        <time>2024-11-26T14:09:07Z</time>
      </trkpt>
      <trkpt lat="-22.905403152108192" lon="15.354896513745189">
        <ele>753.20000000000005</ele>
        <time>2024-11-26T14:09:23Z</time>
      </trkpt>
      <trkpt lat="-22.905408432707191" lon="15.354782687500119">
        <ele>753.20000000000005</ele>
        <time>2024-11-26T14:09:39Z</time>
      </trkpt>
      <trkpt lat="-22.905407343059778" lon="15.354658719152212">
        <ele>753.20000000000005</ele>
        <time>2024-11-26T14:09:55Z</time>
      </trkpt>
      <trkpt lat="-22.905405079945922" lon="15.35453257150948">
        <ele>753.39999999999998</ele>
        <time>2024-11-26T14:10:11Z</time>
      </trkpt>
      <trkpt lat="-22.905402481555939" lon="15.354400891810656">
        <ele>753.39999999999998</ele>
        <time>2024-11-26T14:10:27Z</time>
      </trkpt>
      <trkpt lat="-22.905394770205021" lon="15.354265356436372">
        <ele>753.39999999999998</ele>
        <time>2024-11-26T14:10:43Z</time>
      </trkpt>
      <trkpt lat="-22.905350681394339" lon="15.353717766702175">
        <ele>753.20000000000005</ele>
        <time>2024-11-26T14:10:59Z</time>
      </trkpt>
      <trkpt lat="-22.905363338068128" lon="15.353591535240412">
        <ele>752.79999999999995</ele>
        <time>2024-11-26T14:11:15Z</time>
      </trkpt>
      <trkpt lat="-22.905393512919545" lon="15.353470668196678">
        <ele>752.60000000000002</ele>
        <time>2024-11-26T14:11:31Z</time>
      </trkpt>
      <trkpt lat="-22.905437014997005" lon="15.353356003761292">
        <ele>752</ele>
        <time>2024-11-26T14:11:47Z</time>
      </trkpt>
      <trkpt lat="-22.905478589236736" lon="15.353236980736256">
        <ele>751.60000000000002</ele>
        <time>2024-11-26T14:12:03Z</time>
      </trkpt>
      <trkpt lat="-22.905508680269122" lon="15.353112258017063">
        <ele>751.39999999999998</ele>
        <time>2024-11-26T14:12:19Z</time>
      </trkpt>
      <trkpt lat="-22.905526449903846" lon="15.352980326861143">
        <ele>751.20000000000005</ele>
        <time>2024-11-26T14:12:35Z</time>
      </trkpt>
      <trkpt lat="-22.905601803213358" lon="15.352562824264169">
        <ele>751.20000000000005</ele>
        <time>2024-11-26T14:12:51Z</time>
      </trkpt>
      <trkpt lat="-22.905665840953588" lon="15.352258644998074">
        <ele>751.20000000000005</ele>
        <time>2024-11-26T14:13:07Z</time>
      </trkpt>
      <trkpt lat="-22.905800957232714" lon="15.351602593436837">
        <ele>751.20000000000005</ele>
        <time>2024-11-26T14:13:23Z</time>
      </trkpt>
      <trkpt lat="-22.905832137912512" lon="15.351426741108298">
        <ele>751</ele>
        <time>2024-11-26T14:13:39Z</time>
      </trkpt>
      <trkpt lat="-22.905911933630705" lon="15.35089859738946">
        <ele>750.39999999999998</ele>
        <time>2024-11-26T14:13:55Z</time>
      </trkpt>
      <trkpt lat="-22.9059898853302" lon="15.350392498075962">
        <ele>750</ele>
        <time>2024-11-26T14:14:11Z</time>
      </trkpt>
      <trkpt lat="-22.906012935563922" lon="15.350226368755102">
        <ele>749.79999999999995</ele>
        <time>2024-11-26T14:14:27Z</time>
      </trkpt>
      <trkpt lat="-22.906033974140882" lon="15.35005864687264">
        <ele>749.39999999999998</ele>
        <time>2024-11-26T14:14:43Z</time>
      </trkpt>
      <trkpt lat="-22.906055934727192" lon="15.34989251755178">
        <ele>749.20000000000005</ele>
        <time>2024-11-26T14:14:59Z</time>
      </trkpt>
      <trkpt lat="-22.906154086813331" lon="15.349402846768498">
        <ele>748.60000000000002</ele>
        <time>2024-11-26T14:15:15Z</time>
      </trkpt>
      <trkpt lat="-22.906195325776935" lon="15.349234957247972">
        <ele>748.39999999999998</ele>
        <time>2024-11-26T14:15:31Z</time>
      </trkpt>
      <trkpt lat="-22.906239666044712" lon="15.349069917574525">
        <ele>748.20000000000005</ele>
        <time>2024-11-26T14:15:47Z</time>
      </trkpt>
      <trkpt lat="-22.906382158398628" lon="15.348594496026635">
        <ele>747.79999999999995</ele>
        <time>2024-11-26T14:16:03Z</time>
      </trkpt>
      <trkpt lat="-22.906429432332516" lon="15.34844177775085">
        <ele>747.60000000000002</ele>
        <time>2024-11-26T14:16:19Z</time>
      </trkpt>
      <trkpt lat="-22.906480981037021" lon="15.348292831331491">
        <ele>747.20000000000005</ele>
        <time>2024-11-26T14:16:35Z</time>
      </trkpt>
      <trkpt lat="-22.906539151445031" lon="15.348145142197609">
        <ele>746.79999999999995</ele>
        <time>2024-11-26T14:16:51Z</time>
      </trkpt>
      <trkpt lat="-22.906607212498784" lon="15.348004158586264">
        <ele>746.39999999999998</ele>
        <time>2024-11-26T14:17:07Z</time>
      </trkpt>
      <trkpt lat="-22.906682230532169" lon="15.347868790850043">
        <ele>746.20000000000005</ele>
        <time>2024-11-26T14:17:23Z</time>
      </trkpt>
      <trkpt lat="-22.906770072877407" lon="15.347752617672086">
        <ele>745.79999999999995</ele>
        <time>2024-11-26T14:17:39Z</time>
      </trkpt>
      <trkpt lat="-22.906870320439339" lon="15.347660835832357">
        <ele>745.39999999999998</ele>
        <time>2024-11-26T14:17:56Z</time>
      </trkpt>
      <trkpt lat="-22.906983224675059" lon="15.347587410360575">
        <ele>745.39999999999998</ele>
        <time>2024-11-26T14:18:12Z</time>
      </trkpt>
      <trkpt lat="-22.907100403681397" lon="15.347519014030695">
        <ele>745.20000000000005</ele>
        <time>2024-11-26T14:18:28Z</time>
      </trkpt>
      <trkpt lat="-22.907216409221292" lon="15.347455311566591">
        <ele>745</ele>
        <time>2024-11-26T14:18:44Z</time>
      </trkpt>
      <trkpt lat="-22.907326715067029" lon="15.347387669607997">
        <ele>744.79999999999995</ele>
        <time>2024-11-26T14:19:00Z</time>
      </trkpt>
      <trkpt lat="-22.907429477199912" lon="15.347319692373276">
        <ele>744.60000000000002</ele>
        <time>2024-11-26T14:19:16Z</time>
      </trkpt>
      <trkpt lat="-22.90752612054348" lon="15.347259761765599">
        <ele>744.20000000000005</ele>
        <time>2024-11-26T14:19:32Z</time>
      </trkpt>
      <trkpt lat="-22.907618405297399" lon="15.34722413867712">
        <ele>743.79999999999995</ele>
        <time>2024-11-26T14:19:48Z</time>
      </trkpt>
      <trkpt lat="-22.907709684222937" lon="15.347213409841061">
        <ele>743.60000000000002</ele>
        <time>2024-11-26T14:20:04Z</time>
      </trkpt>
      <trkpt lat="-22.907793084159493" lon="15.347225563600659">
        <ele>743.39999999999998</ele>
        <time>2024-11-26T14:20:20Z</time>
      </trkpt>
      <trkpt lat="-22.907868940383196" lon="15.347254732623696">
        <ele>743</ele>
        <time>2024-11-26T14:20:36Z</time>
      </trkpt>
      <trkpt lat="-22.907935157418251" lon="15.34730376675725">
        <ele>742.79999999999995</ele>
        <time>2024-11-26T14:20:52Z</time>
      </trkpt>
      <trkpt lat="-22.908013444393873" lon="15.34736093133688">
        <ele>742.60000000000002</ele>
        <time>2024-11-26T14:21:08Z</time>
      </trkpt>
      <trkpt lat="-22.908101119101048" lon="15.34740979783237">
        <ele>742.20000000000005</ele>
        <time>2024-11-26T14:21:24Z</time>
      </trkpt>
      <trkpt lat="-22.908188290894032" lon="15.347460005432367">
        <ele>742</ele>
        <time>2024-11-26T14:21:40Z</time>
      </trkpt>
      <trkpt lat="-22.908372357487679" lon="15.347573244944215">
        <ele>742</ele>
        <time>2024-11-26T14:21:56Z</time>
      </trkpt>
      <trkpt lat="-22.908550724387169" lon="15.347678270190954">
        <ele>742.20000000000005</ele>
        <time>2024-11-26T14:22:12Z</time>
      </trkpt>
      <trkpt lat="-22.90864460170269" lon="15.347711211070418">
        <ele>742.39999999999998</ele>
        <time>2024-11-26T14:22:28Z</time>
      </trkpt>
      <trkpt lat="-22.908738646656275" lon="15.347725125029683">
        <ele>742.60000000000002</ele>
        <time>2024-11-26T14:22:44Z</time>
      </trkpt>
      <trkpt lat="-22.908830512315035" lon="15.347710624337196">
        <ele>742.39999999999998</ele>
        <time>2024-11-26T14:23:00Z</time>
      </trkpt>
      <trkpt lat="-22.908916594460607" lon="15.347682042047381">
        <ele>742.39999999999998</ele>
        <time>2024-11-26T14:23:16Z</time>
      </trkpt>
      <trkpt lat="-22.909006951376796" lon="15.347660165280104">
        <ele>742.20000000000005</ele>
        <time>2024-11-26T14:23:33Z</time>
      </trkpt>
      <trkpt lat="-22.90910242125392" lon="15.347644742578268">
        <ele>742</ele>
        <time>2024-11-26T14:23:49Z</time>
      </trkpt>
      <trkpt lat="-22.909365026280284" lon="15.347566790878773">
        <ele>741.60000000000002</ele>
        <time>2024-11-26T14:24:05Z</time>
      </trkpt>
      <trkpt lat="-22.909489665180445" lon="15.347425052896142">
        <ele>741.60000000000002</ele>
        <time>2024-11-26T14:24:21Z</time>
      </trkpt>
      <trkpt lat="-22.90952118113637" lon="15.347329415380955">
        <ele>741.60000000000002</ele>
        <time>2024-11-26T14:24:37Z</time>
      </trkpt>
      <trkpt lat="-22.909523695707321" lon="15.347218355163932">
        <ele>741.79999999999995</ele>
        <time>2024-11-26T14:24:53Z</time>
      </trkpt>
      <trkpt lat="-22.90953048504889" lon="15.346965389326215">
        <ele>742.39999999999998</ele>
        <time>2024-11-26T14:25:09Z</time>
      </trkpt>
      <trkpt lat="-22.909550853073597" lon="15.346831195056438">
        <ele>742.39999999999998</ele>
        <time>2024-11-26T14:25:25Z</time>
      </trkpt>
      <trkpt lat="-22.909588990733027" lon="15.346697336062789">
        <ele>742.39999999999998</ele>
        <time>2024-11-26T14:25:41Z</time>
      </trkpt>
      <trkpt lat="-22.909685298800468" lon="15.346423080191016">
        <ele>742.39999999999998</ele>
        <time>2024-11-26T14:25:57Z</time>
      </trkpt>
      <trkpt lat="-22.909712204709649" lon="15.346272708848119">
        <ele>742.39999999999998</ele>
        <time>2024-11-26T14:26:13Z</time>
      </trkpt>
      <trkpt lat="-22.909725867211819" lon="15.345946568995714">
        <ele>742.39999999999998</ele>
        <time>2024-11-26T14:26:29Z</time>
      </trkpt>
      <trkpt lat="-22.909758053719997" lon="15.345222959294915">
        <ele>742.39999999999998</ele>
        <time>2024-11-26T14:26:45Z</time>
      </trkpt>
      <trkpt lat="-22.909826785326004" lon="15.344457356259227">
        <ele>742</ele>
        <time>2024-11-26T14:27:01Z</time>
      </trkpt>
      <trkpt lat="-22.909890990704298" lon="15.34409349784255">
        <ele>741.79999999999995</ele>
        <time>2024-11-26T14:27:17Z</time>
      </trkpt>
      <trkpt lat="-22.909933738410473" lon="15.343921165913343">
        <ele>741.60000000000002</ele>
        <time>2024-11-26T14:27:34Z</time>
      </trkpt>
      <trkpt lat="-22.909983191639185" lon="15.343759562820196">
        <ele>741.60000000000002</ele>
        <time>2024-11-26T14:27:50Z</time>
      </trkpt>
      <trkpt lat="-22.910041194409132" lon="15.343606509268284">
        <ele>741.20000000000005</ele>
        <time>2024-11-26T14:28:06Z</time>
      </trkpt>
      <trkpt lat="-22.910114116966724" lon="15.343467202037573">
        <ele>741</ele>
        <time>2024-11-26T14:28:22Z</time>
      </trkpt>
      <trkpt lat="-22.910202713683248" lon="15.343339964747429">
        <ele>740.60000000000002</ele>
        <time>2024-11-26T14:28:38Z</time>
      </trkpt>
      <trkpt lat="-22.910301955416799" lon="15.343213733285666">
        <ele>740.60000000000002</ele>
        <time>2024-11-26T14:28:54Z</time>
      </trkpt>
      <trkpt lat="-22.910704454407096" lon="15.342677626758814">
        <ele>740.20000000000005</ele>
        <time>2024-11-26T14:29:10Z</time>
      </trkpt>
      <trkpt lat="-22.910913079977036" lon="15.342168174684048">
        <ele>740</ele>
        <time>2024-11-26T14:29:26Z</time>
      </trkpt>
      <trkpt lat="-22.911098906770349" lon="15.341608766466379">
        <ele>740.20000000000005</ele>
        <time>2024-11-26T14:29:42Z</time>
      </trkpt>
      <trkpt lat="-22.911196388304234" lon="15.341223115101457">
        <ele>739.79999999999995</ele>
        <time>2024-11-26T14:29:58Z</time>
      </trkpt>
      <trkpt lat="-22.911230251193047" lon="15.341023793444037">
        <ele>739.39999999999998</ele>
        <time>2024-11-26T14:30:14Z</time>
      </trkpt>
      <trkpt lat="-22.911318596452475" lon="15.340418536216021">
        <ele>738.60000000000002</ele>
        <time>2024-11-26T14:30:31Z</time>
      </trkpt>
      <trkpt lat="-22.911352124065161" lon="15.340216783806682">
        <ele>738.39999999999998</ele>
        <time>2024-11-26T14:30:47Z</time>
      </trkpt>
      <trkpt lat="-22.911482881754637" lon="15.339610101655126">
        <ele>737.60000000000002</ele>
        <time>2024-11-26T14:31:03Z</time>
      </trkpt>
      <trkpt lat="-22.91153778322041" lon="15.339405834674835">
        <ele>737.39999999999998</ele>
        <time>2024-11-26T14:31:19Z</time>
      </trkpt>
      <trkpt lat="-22.911657895892859" lon="15.338999563828111">
        <ele>737.20000000000005</ele>
        <time>2024-11-26T14:31:35Z</time>
      </trkpt>
      <trkpt lat="-22.911848165094852" lon="15.338388020172715">
        <ele>736.79999999999995</ele>
        <time>2024-11-26T14:31:51Z</time>
      </trkpt>
      <trkpt lat="-22.91191253811121" lon="15.33818744122982">
        <ele>736.60000000000002</ele>
        <time>2024-11-26T14:32:07Z</time>
      </trkpt>
      <trkpt lat="-22.912036087363958" lon="15.33779458142817">
        <ele>736</ele>
        <time>2024-11-26T14:32:23Z</time>
      </trkpt>
      <trkpt lat="-22.912094090133905" lon="15.337603222578764">
        <ele>735.20000000000005</ele>
        <time>2024-11-26T14:32:40Z</time>
      </trkpt>
      <trkpt lat="-22.912157708778977" lon="15.337419491261244">
        <ele>735</ele>
        <time>2024-11-26T14:32:56Z</time>
      </trkpt>
      <trkpt lat="-22.912230966612697" lon="15.337242046371102">
        <ele>734.79999999999995</ele>
        <time>2024-11-26T14:33:12Z</time>
      </trkpt>
      <trkpt lat="-22.912303050979972" lon="15.337067116051912">
        <ele>734.60000000000002</ele>
        <time>2024-11-26T14:33:28Z</time>
      </trkpt>
      <trkpt lat="-22.91237773373723" lon="15.336889252066612">
        <ele>734.20000000000005</ele>
        <time>2024-11-26T14:33:44Z</time>
      </trkpt>
      <trkpt lat="-22.912531038746238" lon="15.336539559066296">
        <ele>733.79999999999995</ele>
        <time>2024-11-26T14:34:00Z</time>
      </trkpt>
      <trkpt lat="-22.912685936316848" lon="15.336200762540102">
        <ele>733.39999999999998</ele>
        <time>2024-11-26T14:34:16Z</time>
      </trkpt>
      <trkpt lat="-22.91275005787611" lon="15.336027760058641">
        <ele>733</ele>
        <time>2024-11-26T14:34:32Z</time>
      </trkpt>
      <trkpt lat="-22.912805210798979" lon="15.33584838733077">
        <ele>732.20000000000005</ele>
        <time>2024-11-26T14:34:49Z</time>
      </trkpt>
      <trkpt lat="-22.912896741181612" lon="15.335474722087383">
        <ele>731.79999999999995</ele>
        <time>2024-11-26T14:35:05Z</time>
      </trkpt>
      <trkpt lat="-22.913035629317164" lon="15.334896957501769">
        <ele>731.39999999999998</ele>
        <time>2024-11-26T14:35:21Z</time>
      </trkpt>
      <trkpt lat="-22.913083154708147" lon="15.334704928100109">
        <ele>731.20000000000005</ele>
        <time>2024-11-26T14:35:37Z</time>
      </trkpt>
      <trkpt lat="-22.913226736709476" lon="15.334146190434694">
        <ele>730.39999999999998</ele>
        <time>2024-11-26T14:35:53Z</time>
      </trkpt>
      <trkpt lat="-22.913266383111477" lon="15.333963967859745">
        <ele>730.20000000000005</ele>
        <time>2024-11-26T14:36:09Z</time>
      </trkpt>
      <trkpt lat="-22.91329538449645" lon="15.333779649809003">
        <ele>729.79999999999995</ele>
        <time>2024-11-26T14:36:25Z</time>
      </trkpt>
      <trkpt lat="-22.913309969007969" lon="15.333595499396324">
        <ele>729.39999999999998</ele>
        <time>2024-11-26T14:36:42Z</time>
      </trkpt>
      <trkpt lat="-22.913315249606967" lon="15.333412354812026">
        <ele>729.20000000000005</ele>
        <time>2024-11-26T14:36:58Z</time>
      </trkpt>
      <trkpt lat="-22.913316423073411" lon="15.333226779475808">
        <ele>729</ele>
        <time>2024-11-26T14:37:14Z</time>
      </trkpt>
      <trkpt lat="-22.913330169394612" lon="15.332463271915913">
        <ele>728.39999999999998</ele>
        <time>2024-11-26T14:37:30Z</time>
      </trkpt>
      <trkpt lat="-22.913341987878084" lon="15.332273254171014">
        <ele>728.39999999999998</ele>
        <time>2024-11-26T14:37:46Z</time>
      </trkpt>
      <trkpt lat="-22.913372749462724" lon="15.331895397976041">
        <ele>727.79999999999995</ele>
        <time>2024-11-26T14:38:02Z</time>
      </trkpt>
      <trkpt lat="-22.913397056981921" lon="15.33153036609292">
        <ele>727.60000000000002</ele>
        <time>2024-11-26T14:38:19Z</time>
      </trkpt>
      <trkpt lat="-22.913397140800953" lon="15.331352585926652">
        <ele>727.20000000000005</ele>
        <time>2024-11-26T14:38:35Z</time>
      </trkpt>
      <trkpt lat="-22.913385322317481" lon="15.331173129379749">
        <ele>727</ele>
        <time>2024-11-26T14:38:51Z</time>
      </trkpt>
      <trkpt lat="-22.913355985656381" lon="15.330997528508306">
        <ele>726.60000000000002</ele>
        <time>2024-11-26T14:39:07Z</time>
      </trkpt>
      <trkpt lat="-22.913266299292445" lon="15.330647248774767">
        <ele>726.20000000000005</ele>
        <time>2024-11-26T14:39:23Z</time>
      </trkpt>
      <trkpt lat="-22.913166303187609" lon="15.330297220498323">
        <ele>725.79999999999995</ele>
        <time>2024-11-26T14:39:39Z</time>
      </trkpt>
      <trkpt lat="-22.912997994571924" lon="15.329775111749768">
        <ele>725.39999999999998</ele>
        <time>2024-11-26T14:39:56Z</time>
      </trkpt>
      <trkpt lat="-22.912933537736535" lon="15.329600349068642">
        <ele>725.20000000000005</ele>
        <time>2024-11-26T14:40:12Z</time>
      </trkpt>
      <trkpt lat="-22.912757433950901" lon="15.329044293612242">
        <ele>724.60000000000002</ele>
        <time>2024-11-26T14:40:28Z</time>
      </trkpt>
      <trkpt lat="-22.912703957408667" lon="15.328851761296391">
        <ele>724.20000000000005</ele>
        <time>2024-11-26T14:40:44Z</time>
      </trkpt>
      <trkpt lat="-22.912649642676115" lon="15.32865671440959">
        <ele>724</ele>
        <time>2024-11-26T14:41:00Z</time>
      </trkpt>
      <trkpt lat="-22.912489548325539" lon="15.328065790235996">
        <ele>723.39999999999998</ele>
        <time>2024-11-26T14:41:17Z</time>
      </trkpt>
      <trkpt lat="-22.912434479221702" lon="15.327871832996607">
        <ele>723</ele>
        <time>2024-11-26T14:41:33Z</time>
      </trkpt>
      <trkpt lat="-22.912381421774626" lon="15.327681982889771">
        <ele>722.60000000000002</ele>
        <time>2024-11-26T14:41:49Z</time>
      </trkpt>
      <trkpt lat="-22.912335740402341" lon="15.327508058398962">
        <ele>722</ele>
        <time>2024-11-26T14:42:05Z</time>
      </trkpt>
      <trkpt lat="-22.91230590082705" lon="15.327354418113828">
        <ele>722</ele>
        <time>2024-11-26T14:42:21Z</time>
      </trkpt>
      <trkpt lat="-22.912295171990991" lon="15.327213183045387">
        <ele>721</ele>
        <time>2024-11-26T14:42:38Z</time>
      </trkpt>
      <trkpt lat="-22.912309421226382" lon="15.327078066766262">
        <ele>720.60000000000002</ele>
        <time>2024-11-26T14:42:54Z</time>
      </trkpt>
      <trkpt lat="-22.912347391247749" lon="15.32694261521101">
        <ele>720.39999999999998</ele>
        <time>2024-11-26T14:43:10Z</time>
      </trkpt>
      <trkpt lat="-22.912398101761937" lon="15.326806576922536">
        <ele>720</ele>
        <time>2024-11-26T14:43:26Z</time>
      </trkpt>
      <trkpt lat="-22.912457277998328" lon="15.326663162559271">
        <ele>720</ele>
        <time>2024-11-26T14:43:42Z</time>
      </trkpt>
      <trkpt lat="-22.912524249404669" lon="15.326513294130564">
        <ele>720</ele>
        <time>2024-11-26T14:43:58Z</time>
      </trkpt>
      <trkpt lat="-22.912859274074435" lon="15.32587056979537">
        <ele>719.79999999999995</ele>
        <time>2024-11-26T14:44:15Z</time>
      </trkpt>
      <trkpt lat="-22.913098325952888" lon="15.325336894020438">
        <ele>719.79999999999995</ele>
        <time>2024-11-26T14:44:31Z</time>
      </trkpt>
      <trkpt lat="-22.913159010931849" lon="15.325151905417442">
        <ele>719.60000000000002</ele>
        <time>2024-11-26T14:44:47Z</time>
      </trkpt>
      <trkpt lat="-22.913212571293116" lon="15.324954930692911">
        <ele>719.60000000000002</ele>
        <time>2024-11-26T14:45:03Z</time>
      </trkpt>
      <trkpt lat="-22.913359422236681" lon="15.324400886893272">
        <ele>719.39999999999998</ele>
        <time>2024-11-26T14:45:20Z</time>
      </trkpt>
      <trkpt lat="-22.913393201306462" lon="15.324228219687939">
        <ele>719</ele>
        <time>2024-11-26T14:45:36Z</time>
      </trkpt>
      <trkpt lat="-22.913407115265727" lon="15.324055468663573">
        <ele>718</ele>
        <time>2024-11-26T14:45:52Z</time>
      </trkpt>
      <trkpt lat="-22.913393788039684" lon="15.323881292715669">
        <ele>718</ele>
        <time>2024-11-26T14:46:08Z</time>
      </trkpt>
      <trkpt lat="-22.91336135007441" lon="15.32370594330132">
        <ele>717.60000000000002</ele>
        <time>2024-11-26T14:46:24Z</time>
      </trkpt>
      <trkpt lat="-22.91327535174787" lon="15.32334485091269">
        <ele>717.39999999999998</ele>
        <time>2024-11-26T14:46:41Z</time>
      </trkpt>
      <trkpt lat="-22.913143001496792" lon="15.322773456573486">
        <ele>717.20000000000005</ele>
        <time>2024-11-26T14:46:57Z</time>
      </trkpt>
      <trkpt lat="-22.913105450570583" lon="15.322583019733429">
        <ele>717.20000000000005</ele>
        <time>2024-11-26T14:47:13Z</time>
      </trkpt>
      <trkpt lat="-22.9130803886801" lon="15.322395851835608">
        <ele>717</ele>
        <time>2024-11-26T14:47:29Z</time>
      </trkpt>
      <trkpt lat="-22.913074269890785" lon="15.322214215993881">
        <ele>716.39999999999998</ele>
        <time>2024-11-26T14:47:46Z</time>
      </trkpt>
      <trkpt lat="-22.913089105859399" lon="15.32204020768404">
        <ele>716.20000000000005</ele>
        <time>2024-11-26T14:48:02Z</time>
      </trkpt>
      <trkpt lat="-22.91313461959362" lon="15.321877095848322">
        <ele>716</ele>
        <time>2024-11-26T14:48:18Z</time>
      </trkpt>
      <trkpt lat="-22.913200166076422" lon="15.321719264611602">
        <ele>715.60000000000002</ele>
        <time>2024-11-26T14:48:34Z</time>
      </trkpt>
      <trkpt lat="-22.913272334262729" lon="15.321557577699423">
        <ele>715.20000000000005</ele>
        <time>2024-11-26T14:48:50Z</time>
      </trkpt>
      <trkpt lat="-22.913342071697116" lon="15.321389185264707">
        <ele>715</ele>
        <time>2024-11-26T14:49:07Z</time>
      </trkpt>
      <trkpt lat="-22.913487749174237" lon="15.3210424259305">
        <ele>715</ele>
        <time>2024-11-26T14:49:23Z</time>
      </trkpt>
      <trkpt lat="-22.913720682263374" lon="15.320495255291462">
        <ele>714.60000000000002</ele>
        <time>2024-11-26T14:49:39Z</time>
      </trkpt>
      <trkpt lat="-22.913966355845332" lon="15.319933583959937">
        <ele>714.39999999999998</ele>
        <time>2024-11-26T14:49:55Z</time>
      </trkpt>
      <trkpt lat="-22.914045732468367" lon="15.319742476567626">
        <ele>714.39999999999998</ele>
        <time>2024-11-26T14:50:12Z</time>
      </trkpt>
      <trkpt lat="-22.914186883717775" lon="15.319347018375993">
        <ele>714</ele>
        <time>2024-11-26T14:50:28Z</time>
      </trkpt>
      <trkpt lat="-22.914244718849659" lon="15.31914409250021">
        <ele>713.60000000000002</ele>
        <time>2024-11-26T14:50:44Z</time>
      </trkpt>
      <trkpt lat="-22.914403975009918" lon="15.318544115871191">
        <ele>712.79999999999995</ele>
        <time>2024-11-26T14:51:00Z</time>
      </trkpt>
      <trkpt lat="-22.914463737979531" lon="15.318367592990398">
        <ele>712.20000000000005</ele>
        <time>2024-11-26T14:51:17Z</time>
      </trkpt>
      <trkpt lat="-22.914542108774185" lon="15.318203391507268">
        <ele>712</ele>
        <time>2024-11-26T14:51:33Z</time>
      </trkpt>
      <trkpt lat="-22.914635902270675" lon="15.318059977144003">
        <ele>711</ele>
        <time>2024-11-26T14:51:49Z</time>
      </trkpt>
      <trkpt lat="-22.914751321077347" lon="15.317935002967715">
        <ele>711</ele>
        <time>2024-11-26T14:52:05Z</time>
      </trkpt>
      <trkpt lat="-22.914877384901047" lon="15.317817321047187">
        <ele>710.79999999999995</ele>
        <time>2024-11-26T14:52:22Z</time>
      </trkpt>
      <trkpt lat="-22.915006717666984" lon="15.31769729219377">
        <ele>710.79999999999995</ele>
        <time>2024-11-26T14:52:38Z</time>
      </trkpt>
      <trkpt lat="-22.915361355990171" lon="15.317266462370753">
        <ele>710</ele>
        <time>2024-11-26T14:52:54Z</time>
      </trkpt>
      <trkpt lat="-22.915662182494998" lon="15.316759860143065">
        <ele>709.39999999999998</ele>
        <time>2024-11-26T14:53:10Z</time>
      </trkpt>
      <trkpt lat="-22.915752371773124" lon="15.316586690023541">
        <ele>709.39999999999998</ele>
        <time>2024-11-26T14:53:27Z</time>
      </trkpt>
      <trkpt lat="-22.915952783077955" lon="15.316272033378482">
        <ele>709.20000000000005</ele>
        <time>2024-11-26T14:53:43Z</time>
      </trkpt>
      <trkpt lat="-22.916072476655245" lon="15.316135156899691">
        <ele>709</ele>
        <time>2024-11-26T14:53:59Z</time>
      </trkpt>
      <trkpt lat="-22.916205497458577" lon="15.316004231572151">
        <ele>709</ele>
        <time>2024-11-26T14:54:16Z</time>
      </trkpt>
      <trkpt lat="-22.916572540998459" lon="15.315599888563156">
        <ele>708</ele>
        <time>2024-11-26T14:54:32Z</time>
      </trkpt>
      <trkpt lat="-22.916852412745357" lon="15.315076606348157">
        <ele>707.20000000000005</ele>
        <time>2024-11-26T14:54:48Z</time>
      </trkpt>
      <trkpt lat="-22.917151311412454" lon="15.314520467072725">
        <ele>707.39999999999998</ele>
        <time>2024-11-26T14:55:04Z</time>
      </trkpt>
      <trkpt lat="-22.917354740202427" lon="15.314139844849706">
        <ele>707.39999999999998</ele>
        <time>2024-11-26T14:55:21Z</time>
      </trkpt>
      <trkpt lat="-22.917554313316941" lon="15.313750086352229">
        <ele>706.79999999999995</ele>
        <time>2024-11-26T14:55:37Z</time>
      </trkpt>
      <trkpt lat="-22.917821779847145" lon="15.313143907114863">
        <ele>706</ele>
        <time>2024-11-26T14:55:53Z</time>
      </trkpt>
      <trkpt lat="-22.917912723496556" lon="15.312940897420049">
        <ele>705.79999999999995</ele>
        <time>2024-11-26T14:56:10Z</time>
      </trkpt>
      <trkpt lat="-22.91800525970757" lon="15.312740569934249">
        <ele>705.60000000000002</ele>
        <time>2024-11-26T14:56:26Z</time>
      </trkpt>
      <trkpt lat="-22.918313713744283" lon="15.312136234715581">
        <ele>704.39999999999998</ele>
        <time>2024-11-26T14:56:42Z</time>
      </trkpt>
      <trkpt lat="-22.918422762304544" lon="15.311934482306242">
        <ele>704.20000000000005</ele>
        <time>2024-11-26T14:56:58Z</time>
      </trkpt>
      <trkpt lat="-22.918634489178658" lon="15.311540951952338">
        <ele>703.39999999999998</ele>
        <time>2024-11-26T14:57:15Z</time>
      </trkpt>
      <trkpt lat="-22.918736664578319" lon="15.311347497627139">
        <ele>703.20000000000005</ele>
        <time>2024-11-26T14:57:31Z</time>
      </trkpt>
      <trkpt lat="-22.918836995959282" lon="15.311149936169386">
        <ele>702.60000000000002</ele>
        <time>2024-11-26T14:57:47Z</time>
      </trkpt>
      <trkpt lat="-22.918938919901848" lon="15.310950027778745">
        <ele>702.20000000000005</ele>
        <time>2024-11-26T14:58:04Z</time>
      </trkpt>
      <trkpt lat="-22.91915844194591" lon="15.310552138835192">
        <ele>701.79999999999995</ele>
        <time>2024-11-26T14:58:20Z</time>
      </trkpt>
      <trkpt lat="-22.919530179351568" lon="15.309968842193484">
        <ele>701.20000000000005</ele>
        <time>2024-11-26T14:58:36Z</time>
      </trkpt>
      <trkpt lat="-22.919660517945886" lon="15.309776477515697">
        <ele>701</ele>
        <time>2024-11-26T14:58:53Z</time>
      </trkpt>
      <trkpt lat="-22.919790269806981" lon="15.309580927714705">
        <ele>700.79999999999995</ele>
        <time>2024-11-26T14:59:09Z</time>
      </trkpt>
      <trkpt lat="-22.920179106295109" lon="15.309006348252296">
        <ele>700</ele>
        <time>2024-11-26T14:59:25Z</time>
      </trkpt>
      <trkpt lat="-22.920591747388244" lon="15.308428416028619">
        <ele>699.20000000000005</ele>
        <time>2024-11-26T14:59:42Z</time>
      </trkpt>
      <trkpt lat="-22.920733820647001" lon="15.308235045522451">
        <ele>699</ele>
        <time>2024-11-26T14:59:58Z</time>
      </trkpt>
      <trkpt lat="-22.921148054301739" lon="15.307650659233332">
        <ele>698.20000000000005</ele>
        <time>2024-11-26T15:00:14Z</time>
      </trkpt>
      <trkpt lat="-22.9212795663625" lon="15.30745904892683">
        <ele>698</ele>
        <time>2024-11-26T15:00:31Z</time>
      </trkpt>
      <trkpt lat="-22.921402612701058" lon="15.307269282639027">
        <ele>697.79999999999995</ele>
        <time>2024-11-26T15:00:47Z</time>
      </trkpt>
      <trkpt lat="-22.921516355127096" lon="15.307075660675764">
        <ele>697.39999999999998</ele>
        <time>2024-11-26T15:01:03Z</time>
      </trkpt>
      <trkpt lat="-22.921616351231933" lon="15.306879859417677">
        <ele>696.79999999999995</ele>
        <time>2024-11-26T15:01:20Z</time>
      </trkpt>
      <trkpt lat="-22.921700589358807" lon="15.306675340980291">
        <ele>696.60000000000002</ele>
        <time>2024-11-26T15:01:36Z</time>
      </trkpt>
      <trkpt lat="-22.92177552357316" lon="15.306468559429049">
        <ele>696</ele>
        <time>2024-11-26T15:01:52Z</time>
      </trkpt>
      <trkpt lat="-22.921911394223571" lon="15.30603957362473">
        <ele>695.60000000000002</ele>
        <time>2024-11-26T15:02:09Z</time>
      </trkpt>
      <trkpt lat="-22.922114236280322" lon="15.30539215542376">
        <ele>694.60000000000002</ele>
        <time>2024-11-26T15:02:25Z</time>
      </trkpt>
      <trkpt lat="-22.922179363667965" lon="15.305192414671183">
        <ele>694</ele>
        <time>2024-11-26T15:02:41Z</time>
      </trkpt>
      <trkpt lat="-22.922238120809197" lon="15.30500516295433">
        <ele>693.39999999999998</ele>
        <time>2024-11-26T15:02:58Z</time>
      </trkpt>
      <trkpt lat="-22.922291262075305" lon="15.304832579568028">
        <ele>693</ele>
        <time>2024-11-26T15:03:14Z</time>
      </trkpt>
      <trkpt lat="-22.922337865456939" lon="15.304678184911609">
        <ele>692.20000000000005</ele>
        <time>2024-11-26T15:03:30Z</time>
      </trkpt>
      <trkpt lat="-22.922371812164783" lon="15.304544074460864">
        <ele>691.39999999999998</ele>
        <time>2024-11-26T15:03:47Z</time>
      </trkpt>
      <trkpt lat="-22.922389665618539" lon="15.304427901282907">
        <ele>690.60000000000002</ele>
        <time>2024-11-26T15:04:03Z</time>
      </trkpt>
      <trkpt lat="-22.922394694760442" lon="15.304327569901943">
        <ele>689.39999999999998</ele>
        <time>2024-11-26T15:04:19Z</time>
      </trkpt>
      <trkpt lat="-22.92240877635777" lon="15.304250875487924">
        <ele>689</ele>
        <time>2024-11-26T15:04:36Z</time>
      </trkpt>
      <trkpt lat="-22.922435766085982" lon="15.304190358147025">
        <ele>688.39999999999998</ele>
        <time>2024-11-26T15:04:52Z</time>
      </trkpt>
      <trkpt lat="-22.922472897917032" lon="15.304161440581083">
        <ele>687.60000000000002</ele>
        <time>2024-11-26T15:05:09Z</time>
      </trkpt>
      <trkpt lat="-22.92251237668097" lon="15.304155321791768">
        <ele>687.20000000000005</ele>
        <time>2024-11-26T15:05:25Z</time>
      </trkpt>
      <trkpt lat="-22.922548670321703" lon="15.304172839969397">
        <ele>687.20000000000005</ele>
        <time>2024-11-26T15:05:41Z</time>
      </trkpt>
      <trkpt lat="-22.922576246783137" lon="15.304205529391766">
        <ele>687.20000000000005</ele>
        <time>2024-11-26T15:05:58Z</time>
      </trkpt>
      <trkpt lat="-22.922602398321033" lon="15.304244924336672">
        <ele>687.39999999999998</ele>
        <time>2024-11-26T15:06:14Z</time>
      </trkpt>
      <trkpt lat="-22.922683786600828" lon="15.304331593215466">
        <ele>687.79999999999995</ele>
        <time>2024-11-26T15:06:30Z</time>
      </trkpt>
      <trkpt lat="-22.922739777714014" lon="15.304384734481573">
        <ele>687.79999999999995</ele>
        <time>2024-11-26T15:06:47Z</time>
      </trkpt>
      <trkpt lat="-22.92280113324523" lon="15.304440557956696">
        <ele>688</ele>
        <time>2024-11-26T15:07:03Z</time>
      </trkpt>
      <trkpt lat="-22.922943457961082" lon="15.304569890722632">
        <ele>688.39999999999998</ele>
        <time>2024-11-26T15:07:19Z</time>
      </trkpt>
      <trkpt lat="-22.923099445179105" lon="15.304704504087567">
        <ele>689</ele>
        <time>2024-11-26T15:07:36Z</time>
      </trkpt>
      <trkpt lat="-22.92326389811933" lon="15.304843140766025">
        <ele>689.20000000000005</ele>
        <time>2024-11-26T15:07:52Z</time>
      </trkpt>
      <trkpt lat="-22.923346795141697" lon="15.304917069151998">
        <ele>689.39999999999998</ele>
        <time>2024-11-26T15:08:09Z</time>
      </trkpt>
      <trkpt lat="-22.923697829246521" lon="15.305234240368009">
        <ele>689.79999999999995</ele>
        <time>2024-11-26T15:08:25Z</time>
      </trkpt>
      <trkpt lat="-22.923792544752359" lon="15.305318227037787">
        <ele>689.79999999999995</ele>
        <time>2024-11-26T15:08:41Z</time>
      </trkpt>
      <trkpt lat="-22.923892373219132" lon="15.305400537326932">
        <ele>690</ele>
        <time>2024-11-26T15:08:58Z</time>
      </trkpt>
      <trkpt lat="-22.92399731464684" lon="15.305482177063823">
        <ele>690</ele>
        <time>2024-11-26T15:09:14Z</time>
      </trkpt>
      <trkpt lat="-22.924297135323286" lon="15.305708320811391">
        <ele>690.20000000000005</ele>
        <time>2024-11-26T15:09:30Z</time>
      </trkpt>
      <trkpt lat="-22.924393946304917" lon="15.305778561159968">
        <ele>690.20000000000005</ele>
        <time>2024-11-26T15:09:47Z</time>
      </trkpt>
      <trkpt lat="-22.924492014572024" lon="15.305848801508546">
        <ele>690.20000000000005</ele>
        <time>2024-11-26T15:10:03Z</time>
      </trkpt>
      <trkpt lat="-22.924796026200056" lon="15.306034041568637">
        <ele>690</ele>
        <time>2024-11-26T15:10:20Z</time>
      </trkpt>
      <trkpt lat="-22.924904823303223" lon="15.306069161742926">
        <ele>690</ele>
        <time>2024-11-26T15:10:36Z</time>
      </trkpt>
      <trkpt lat="-22.925015883520246" lon="15.306094642728567">
        <ele>690</ele>
        <time>2024-11-26T15:10:52Z</time>
      </trkpt>
      <trkpt lat="-22.925357529893517" lon="15.306131271645427">
        <ele>690.39999999999998</ele>
        <time>2024-11-26T15:11:09Z</time>
      </trkpt>
      <trkpt lat="-22.925474122166634" lon="15.306151555851102">
        <ele>690.39999999999998</ele>
        <time>2024-11-26T15:11:25Z</time>
      </trkpt>
      <trkpt lat="-22.925586858764291" lon="15.306189190596342">
        <ele>690.60000000000002</ele>
        <time>2024-11-26T15:11:41Z</time>
      </trkpt>
      <trkpt lat="-22.925805542618036" lon="15.306313242763281">
        <ele>690.79999999999995</ele>
        <time>2024-11-26T15:11:58Z</time>
      </trkpt>
      <trkpt lat="-22.926248274743557" lon="15.306658325716853">
        <ele>691.20000000000005</ele>
        <time>2024-11-26T15:12:14Z</time>
      </trkpt>
      <trkpt lat="-22.926480704918504" lon="15.30683359131217">
        <ele>691.39999999999998</ele>
        <time>2024-11-26T15:12:31Z</time>
      </trkpt>
      <trkpt lat="-22.926969118416309" lon="15.307212872430682">
        <ele>692</ele>
        <time>2024-11-26T15:12:47Z</time>
      </trkpt>
      <trkpt lat="-22.927086716517806" lon="15.307297026738524">
        <ele>692</ele>
        <time>2024-11-26T15:13:03Z</time>
      </trkpt>
      <trkpt lat="-22.927204146981239" lon="15.30735838226974">
        <ele>692</ele>
        <time>2024-11-26T15:13:20Z</time>
      </trkpt>
      <trkpt lat="-22.927323589101434" lon="15.307383863255382">
        <ele>692.20000000000005</ele>
        <time>2024-11-26T15:13:36Z</time>
      </trkpt>
      <trkpt lat="-22.92744361795485" lon="15.307376068085432">
        <ele>692.20000000000005</ele>
        <time>2024-11-26T15:13:53Z</time>
      </trkpt>
      <trkpt lat="-22.927559288218617" lon="15.307348910719156">
        <ele>692.20000000000005</ele>
        <time>2024-11-26T15:14:09Z</time>
      </trkpt>
      <trkpt lat="-22.92767470702529" lon="15.307337176054716">
        <ele>692.39999999999998</ele>
        <time>2024-11-26T15:14:25Z</time>
      </trkpt>
      <trkpt lat="-22.927790628746152" lon="15.307352095842361">
        <ele>692.39999999999998</ele>
        <time>2024-11-26T15:14:42Z</time>
      </trkpt>
      <trkpt lat="-22.927905796095729" lon="15.307393586263061">
        <ele>692.60000000000002</ele>
        <time>2024-11-26T15:14:58Z</time>
      </trkpt>
      <trkpt lat="-22.928020795807242" lon="15.307456199079752">
        <ele>692.60000000000002</ele>
        <time>2024-11-26T15:15:15Z</time>
      </trkpt>
      <trkpt lat="-22.928136801347136" lon="15.307536162436008">
        <ele>692.60000000000002</ele>
        <time>2024-11-26T15:15:31Z</time>
      </trkpt>
      <trkpt lat="-22.92825523763895" lon="15.307615036144853">
        <ele>692.39999999999998</ele>
        <time>2024-11-26T15:15:47Z</time>
      </trkpt>
      <trkpt lat="-22.928381469100714" lon="15.307684522122145">
        <ele>692.60000000000002</ele>
        <time>2024-11-26T15:16:04Z</time>
      </trkpt>
      <trkpt lat="-22.928759073838592" lon="15.307873450219631">
        <ele>692.39999999999998</ele>
        <time>2024-11-26T15:16:20Z</time>
      </trkpt>
      <trkpt lat="-22.929020589217544" lon="15.307981409132481">
        <ele>692.60000000000002</ele>
        <time>2024-11-26T15:16:37Z</time>
      </trkpt>
      <trkpt lat="-22.929150843992829" lon="15.308018708601594">
        <ele>692.60000000000002</ele>
        <time>2024-11-26T15:16:53Z</time>
      </trkpt>
      <trkpt lat="-22.92927791364491" lon="15.308049973100424">
        <ele>692.60000000000002</ele>
        <time>2024-11-26T15:17:09Z</time>
      </trkpt>
      <trkpt lat="-22.929398780688643" lon="15.308080650866032">
        <ele>692.60000000000002</ele>
        <time>2024-11-26T15:17:26Z</time>
      </trkpt>
      <trkpt lat="-22.92951294220984" lon="15.308127254247665">
        <ele>692.60000000000002</ele>
        <time>2024-11-26T15:17:42Z</time>
      </trkpt>
      <trkpt lat="-22.929609417915344" lon="15.308193303644657">
        <ele>692.79999999999995</ele>
        <time>2024-11-26T15:17:59Z</time>
      </trkpt>
      <trkpt lat="-22.929694326594472" lon="15.308285588398576">
        <ele>693</ele>
        <time>2024-11-26T15:18:15Z</time>
      </trkpt>
      <trkpt lat="-22.929768422618508" lon="15.308391619473696">
        <ele>693.20000000000005</ele>
        <time>2024-11-26T15:18:32Z</time>
      </trkpt>
      <trkpt lat="-22.92984033934772" lon="15.308510893955827">
        <ele>693.20000000000005</ele>
        <time>2024-11-26T15:18:48Z</time>
      </trkpt>
      <trkpt lat="-22.929915608838201" lon="15.308636790141463">
        <ele>693.39999999999998</ele>
        <time>2024-11-26T15:19:04Z</time>
      </trkpt>
      <trkpt lat="-22.929987777024508" lon="15.308770900592208">
        <ele>693.39999999999998</ele>
        <time>2024-11-26T15:19:21Z</time>
      </trkpt>
      <trkpt lat="-22.930191792547703" lon="15.309163173660636">
        <ele>693.60000000000002</ele>
        <time>2024-11-26T15:19:37Z</time>
      </trkpt>
      <trkpt lat="-22.930259518325329" lon="15.309285968542099">
        <ele>693.79999999999995</ele>
        <time>2024-11-26T15:19:54Z</time>
      </trkpt>
      <trkpt lat="-22.930336631834507" lon="15.309392251074314">
        <ele>693.79999999999995</ele>
        <time>2024-11-26T15:20:10Z</time>
      </trkpt>
      <trkpt lat="-22.930426234379411" lon="15.309481685981154">
        <ele>693.79999999999995</ele>
        <time>2024-11-26T15:20:26Z</time>
      </trkpt>
      <trkpt lat="-22.930523464456201" lon="15.30955377034843">
        <ele>693.79999999999995</ele>
        <time>2024-11-26T15:20:43Z</time>
      </trkpt>
      <trkpt lat="-22.930609714239836" lon="15.309599954634905">
        <ele>693.79999999999995</ele>
        <time>2024-11-26T15:20:59Z</time>
      </trkpt>
      <trkpt lat="-22.930663945153356" lon="15.309630045667291">
        <ele>693.79999999999995</ele>
        <time>2024-11-26T15:21:16Z</time>
      </trkpt>
      <trkpt lat="-22.930686995387077" lon="15.309659969061613">
        <ele>693.79999999999995</ele>
        <time>2024-11-26T15:21:32Z</time>
      </trkpt>
      <trkpt lat="-22.930696634575725" lon="15.309684695675969">
        <ele>693.79999999999995</ele>
        <time>2024-11-26T15:21:49Z</time>
      </trkpt>
      <trkpt lat="-22.930710380896926" lon="15.309707410633564">
        <ele>693.60000000000002</ele>
        <time>2024-11-26T15:22:05Z</time>
      </trkpt>
      <trkpt lat="-22.93073209002614" lon="15.309724844992161">
        <ele>693.60000000000002</ele>
        <time>2024-11-26T15:22:21Z</time>
      </trkpt>
      <trkpt lat="-22.930765952914953" lon="15.309730460867286">
        <ele>693.60000000000002</ele>
        <time>2024-11-26T15:22:38Z</time>
      </trkpt>
      <trkpt lat="-22.93079218827188" lon="15.309717888012528">
        <ele>693.79999999999995</ele>
        <time>2024-11-26T15:22:54Z</time>
      </trkpt>
      <trkpt lat="-22.930808532983065" lon="15.30970280058682">
        <ele>693.79999999999995</ele>
        <time>2024-11-26T15:23:11Z</time>
      </trkpt>
      <trkpt lat="-22.93081465177238" lon="15.309683606028557">
        <ele>694</ele>
        <time>2024-11-26T15:23:27Z</time>
      </trkpt>
      <trkpt lat="-22.930820854380727" lon="15.309661729261279">
        <ele>693.79999999999995</ele>
        <time>2024-11-26T15:23:44Z</time>
      </trkpt>
      </trkseg></trk></gpx>